Id	Type	Price	DiscountPrice	SellPrice	Quality	BuffType	CharacterId[1]	CharacterId[2]	Name	IconRes	Info	Desc	DescDigit[1]	DescDigit[2]	DescDigit[3]	DescDigit[4]	EvolveDescDigit[1]	EvolveDescDigit[2]	EvolveDescDigit[3]	EvolveDescDigit[4]	AddDesc	AddDigit[1]	AddDigit[2]	AddDigit[3]	AddDigit[4]	Tags[1]	Tags[2]	Keywords[1]	Keywords[2]	IsShow	Order
10001	1				1		3		Charkra Strike	Assets/Product/Texture/Image/UiTheatre5/UiTheatre5SkillIcon001.png		Charges and draws the gun to fire, dealing {0}% <color=#f2c870>Holy</color> DMG to the target. Meanwhile, summons a drone, dealing {1}% <color=#f2c870>Holy</color> DMG every second for {2}s.	130	100	3											3				true	1
10002	1				1		3		Delayed Blast	Assets/Product/Texture/Image/UiTheatre5/UiTheatre5SkillIcon002.png		Rushes to the target and fires, dealing {0}% <color=#f2c870>Holy</color> DMG. After {1}s, summons a drone that deals {3}% <color=#f2c870>Holy</color> DMG to the target {2} times.	70	2	2	135										3				true	2
10003	1				1		3		Radiant Fusillade	Assets/Product/Texture/Image/UiTheatre5/UiTheatre5SkillIcon003.png		Throws explosives at the target and fires, dealing {0}% <color=#f2c870>Holy</color> DMG. Summons a drone, dealing {1}% <color=#f2c870>Holy</color> DMG every second for {2}s.	120	80	3											3				true	3
10004	1				1		3		Blinding Oblivion	Assets/Product/Texture/Image/UiTheatre5/UiTheatre5SkillIcon004.png		Fires a powerful bullet at the target, dealing {0}% <color=#77baf0>Spirit</color> DMG.	275													2				true	4
10005	1				1		3		Storm Firing	Assets/Product/Texture/Image/UiTheatre5/UiTheatre5SkillIcon005.png		Fires rapidly at the target, dealing {0}% <color=#77baf0>Spirit</color> DMG.	480													2				true	5
10006	1				1		3		Spirit Blast	Assets/Product/Texture/Image/UiTheatre5/UiTheatre5SkillIcon006.png		Throws explosives at the target and detonates, dealing {0}% <color=#77baf0>Spirit</color> DMG.	300													2				true	6
10007	1				1		3		Lightbreak Shield	Assets/Product/Texture/Image/UiTheatre5/UiTheatre5SkillIcon007.png		Throws out the pistol and gains Shield equal to {0}% of <color=#ecd7bd>Max HP</color>.	9.6													4		4		true	7
10008	1				1		3		Assault Defense	Assets/Product/Texture/Image/UiTheatre5/UiTheatre5SkillIcon008.png		Sprints forward and deals {0}% <color=#ecd7bd>Physical</color> DMG to the target. During the next {1}s, gains Shield equal to {2}% of <color=#ecd7bd>Max HP</color> every second.	120	5	2.2											4		4		true	8
10009	1				1		3		Assault Reform	Assets/Product/Texture/Image/UiTheatre5/UiTheatre5SkillIcon009.png		Sprints forward and gains Shield equal to {0}% of <color=#ecd7bd>Max HP</color>. Meanwhile, summons a drone, dealing {2}% <color=#ecd7bd>Physical</color> DMG {1} time.	8.5	1	75											4		4		true	9
10010	1				1		3		Dodge Snipe	Assets/Product/Texture/Image/UiTheatre5/UiTheatre5SkillIcon010.png		Steps back and summons a clone to fire at the target, dealing {0}% <color=#ecd7bd>Physical</color> DMG. During the next {1}s, restores {2}% of <color=#ecd7bd>Max HP</color> every second.	70	3	2.8											5		5		true	10
10011	1				1		3		Dash Snipe	Assets/Product/Texture/Image/UiTheatre5/UiTheatre5SkillIcon011.png		Sprints forward and summons a clone to fire at the target, dealing {0}% <color=#ecd7bd>Physical</color> DMG and restoring {1}% of <color=#ecd7bd>Max HP</color>.	72	8.5												5		5		true	11
10012	1				1		3		Soul Cleansing	Assets/Product/Texture/Image/UiTheatre5/UiTheatre5SkillIcon012.png		Charges and fires once, dealing {0}% <color=#ecd7bd>Physical</color> DMG and restoring HP equal to {1}% of <color=#ecd7bd>Max HP</color>.	145	12												5		5		true	12
10013	1				1		3		Basic Attack	Assets/Product/Texture/Image/IconSkill/luxiyapugong1.png																					13
10101	1				1		1		Cremating Pursuit	Assets/Product/Texture/Image/UiTheatre5/UiTheatre5SkillIcon101.png		Rushes to the target, dealing {0}% <color=#f15265>Blood</color> DMG. And summons Blood Rain, dealing {1}% <color=#f15265>Blood</color> DMG every second for {2}s.	35	125	3											1				true	14
10102	1				1		1		Cremating Dodge	Assets/Product/Texture/Image/UiTheatre5/UiTheatre5SkillIcon102.png		Dodges to the side and rushes to the target, dealing {0}% <color=#f15265>Blood</color> DMG. And summons Blood Rain, dealing {1}% <color=#f15265>Blood</color> DMG every second for {2}s.	35	125	3											1				true	15
10103	1				1		1		Cremating Collapse	Assets/Product/Texture/Image/UiTheatre5/UiTheatre5SkillIcon103.png		Leaps to the target, dealing {0}% <color=#f15265>Blood</color> DMG. Then, smashes the ground, dealing {1}% <color=#f15265>Blood</color> DMG, and summons Blood Rain, dealing {2}% <color=#f15265>Blood</color> DMG once every second for {3}s.	14	14	125	3										1				true	16
10104	1				1		1		Fallback Firing	Assets/Product/Texture/Image/UiTheatre5/UiTheatre5SkillIcon104.png		Dodges to the side and fires at the target, dealing {0}% <color=#f2c870>Holy</color> DMG.	380													3				true	17
10105	1				1		1		Pull-in Firing	Assets/Product/Texture/Image/UiTheatre5/UiTheatre5SkillIcon105.png		Leaps up and throws out a grappling hook to quickly pull the target close, dealing {0}% <color=#f2c870>Holy</color> DMG.	420													3				true	18
10106	1				1		1		Holy Barrage	Assets/Product/Texture/Image/UiTheatre5/UiTheatre5SkillIcon106.png		Fires a powerful shot at the target, dealing {0}% <color=#f2c870>Holy</color> DMG. Then, fires once at the target every second, dealing {1}% <color=#f2c870>Holy</color> DMG for {2}s.	155	40	3											3				true	19
10107	1				1		1		Rush Pursuit	Assets/Product/Texture/Image/UiTheatre5/UiTheatre5SkillIcon107.png		Triggers this when attacked. Rushes to the enemy, dealing {0}% <color=#ecd7bd>Physical</color> DMG and gaining Shield equal to {1}% of <color=#ecd7bd>Max HP</color>.	35	10												4		4		true	20
10108	1				1		1		Bullet Pursuit	Assets/Product/Texture/Image/UiTheatre5/UiTheatre5SkillIcon108.png		Triggers this when attacked. Launches {0} counterattacks against the enemy, each dealing {1}% <color=#ecd7bd>Physical</color> DMG. Gains Shield equal to {2}% of <color=#ecd7bd>Max HP</color>.	3	20	9											4		4		true	21
10109	1				1		1		Scalding Storm	Assets/Product/Texture/Image/UiTheatre5/UiTheatre5SkillIcon109.png		Deals {0}% <color=#ecd7bd>Physical</color> DMG to the surroundings and gains Shield equal to {1}% of <color=#ecd7bd>Max HP</color>.	55	9.5												4		4		true	22
10110	1				1		1		Flame Siphon	Assets/Product/Texture/Image/UiTheatre5/UiTheatre5SkillIcon110.png		Rushes to the enemy and performs {0} quick attacks, each dealing {1}% <color=#ecd7bd>Physical</color> DMG and restoring HP equal to {2}% of <color=#ecd7bd>Max HP</color> on hit.	2	45	4.5											5		5		true	23
10111	1				1		1		Blast Strike	Assets/Product/Texture/Image/UiTheatre5/UiTheatre5SkillIcon111.png		Rushes to the enemy and performs multiple slashes, dealing {0}% <color=#ecd7bd>Physical</color> DMG and restoring HP equal to {1}% of <color=#ecd7bd>Max HP</color> on hit.	160	12												5		5		true	24
10112	1				1		1		Hyper Purge	Assets/Product/Texture/Image/UiTheatre5/UiTheatre5SkillIcon112.png		Leaps to the target and smashes, dealing {0}% <color=#ecd7bd>Physical</color> DMG. During the next {1}s, restores HP equal to {2}% of <color=#ecd7bd>Max HP</color> every second.	165	5	2.5											5		5		true	25
10113	1				1		1		Basic Attack	Assets/Product/Texture/Image/IconSkill/luxiyapugong1.png																					26
10201	1				1		2		Thunder Cleave	Assets/Product/Texture/Image/UiTheatre5/UiTheatre5SkillIcon201.png		Leaps to the target, dealing {0}% <color=#77baf0>Spirit</color> DMG and inflicting {1} stacks of [Spiritual Wound] on the target.	320	2												2		1		true	27
10202	1				1		2		Lightning Assault	Assets/Product/Texture/Image/UiTheatre5/UiTheatre5SkillIcon202.png		Launches a rapid attack on the target, dealing {0}% <color=#77baf0>Spirit</color> DMG and inflicting {1} stacks of [Spiritual Wound] on the target.	270	3												2		1		true	28
10203	1				1		2		Scorching Thunderbolt	Assets/Product/Texture/Image/UiTheatre5/UiTheatre5SkillIcon203.png		Deals {0}% <color=#77baf0>Spirit</color> DMG to the surroundings and inflicts {1} stacks of [Spiritual Wound] on the target.	120	5												2		1		true	29
10204	1				1		2		Blazing Slash	Assets/Product/Texture/Image/UiTheatre5/UiTheatre5SkillIcon204.png		Leaps to the target, dealing {0}% <color=#f15265>Blood</color> DMG. Then, smashes the ground, dealing {1}% <color=#f15265>Blood</color> DMG to the target again and inflicting {2} stacks of [Bleed].	56	56	3											1		2		true	30
10205	1				1		2		Flame Burst	Assets/Product/Texture/Image/UiTheatre5/UiTheatre5SkillIcon205.png		Attacks the target, dealing {0}% <color=#f15265>Blood</color> DMG, turning the next {1} attacks into <color=#f15265>Blood</color> Attacks, and inflicting {2} stacks of [Bleed] on the target for each Basic Attack.	256	4	1											1		2		true	31
10206	1				1		2		Incinerating Current	Assets/Product/Texture/Image/UiTheatre5/UiTheatre5SkillIcon206.png		Launches an attack, dealing {0}% <color=#f15265>Blood</color> DMG. If the target has [Bleed], deals extra {1}% <color=#f15265>Blood</color> DMG. Otherwise, inflicts {2} stacks of [Bleed].	238	220	1											1		2		true	32
10207	1				1		2		Radiant Protection	Assets/Product/Texture/Image/UiTheatre5/UiTheatre5SkillIcon207.png		Takes a defensive stance with the dual blades, gaining a Shield equal to {0}% of <color=#ecd7bd>Max HP</color> and dealing {1}% <color=#ecd7bd>Physical</color> DMG.	9	96												4		4		true	33
10208	1				1		2		Dazzling Hammer	Assets/Product/Texture/Image/UiTheatre5/UiTheatre5SkillIcon208.png		Deals {0}% <color=#ecd7bd>Physical</color> DMG and gains Shield equal to {1}% of <color=#ecd7bd>Max HP</color>.	68	9.5												4		4		true	34
10209	1				1		2		Abyssal Penalty	Assets/Product/Texture/Image/UiTheatre5/UiTheatre5SkillIcon209.png		Taunts the target and generates a Shield equal to {0}% of <color=#ecd7bd>Max HP</color>.	11													4		4		true	35
10210	1				1		2		Crimson Unsheathed	Assets/Product/Texture/Image/UiTheatre5/UiTheatre5SkillIcon210.png		Launches consecutive attacks on the target, dealing {0}% <color=#ecd7bd>Physical</color> DMG and restoring HP equal to {1}% of <color=#ecd7bd>Max HP</color> for {2}s.	80	6	3											5		5		true	36
10211	1				1		2		Judgmental Strike	Assets/Product/Texture/Image/UiTheatre5/UiTheatre5SkillIcon211.png		Spins and attacks the target, dealing {0}% <color=#ecd7bd>Physical</color> DMG. If the attack hits the target upon landing, restores HP equal to {1}% of <color=#ecd7bd>Max HP</color>.	90	18												5		5		true	37
10212	1				1		2		Blinding Meteorite	Assets/Product/Texture/Image/UiTheatre5/UiTheatre5SkillIcon212.png		Launches an attack to deal {0}% Physical DMG. Also restores HP equal to {1}% of <color=#ecd7bd>Max HP</color>.	80	20												5		5		true	38
10213	1				1		2		Basic Attack	Assets/Product/Texture/Image/IconSkill/luxiyapugong1.png																					
10301	1				1		4		Sacred Flash	Assets/Product/Texture/Image/UiTheatre5/UiTheatre5SkillIcon213.png		Performs a combo attack, dealing a total of {0}% <color=#f2c870>Holy</color> DMG. Upon first casting this skill, generates a Shadow Card. The Shadow Card will attack enemies when Lilith casts this skill again, dealing {1}% <color=#f2c870>Holy</color> DMG.	491	270												3				true	1
10302	1				1		4		Phantom Formation	Assets/Product/Texture/Image/UiTheatre5/UiTheatre5SkillIcon214.png		Throws a card, dealing {0}% <color=#f2c870>Holy</color> DMG, then rushes to the target and deals {1}% <color=#f2c870>Holy</color> DMG. Upon first casting this skill, generates a Shadow Card. The Shadow Card will attack enemies when Lilith casts this skill again, dealing {2}% <color=#f2c870>Holy</color> DMG.	20	100	270											3				true	2
10303	1				1		4		Crystal Sanctum	Assets/Product/Texture/Image/UiTheatre5/UiTheatre5SkillIcon215.png		Teleports behind the target and performs {0} consecutive slashes, each dealing {1}% <color=#f2c870>Holy</color> DMG. Upon first casting this skill, generates a Shadow Card. The Shadow Card will attack enemies when Lilith casts this skill again, dealing {2}% <color=#f2c870>Holy</color> DMG.	4	30	270											3				true	3
10304	1				1		4		Luminous Crown	Assets/Product/Texture/Image/UiTheatre5/UiTheatre5SkillIcon218.png		Throws a spinning hat that lasts for {0}s, dealing {1}% <color=#77baf0>Spirit</color> DMG per second and generating a Spirit Field at the corresponding location (Spirit Field: Deals {2}% <color=#77baf0>Spirit</color> DMG per second to enemies within for {3}s).	3	50	30	3										2				true	4
10305	1				1		4		Spirit Flash	Assets/Product/Texture/Image/UiTheatre5/UiTheatre5SkillIcon217.png		Launches consecutive attacks, dealing {0}% <color=#77baf0>Spirit</color> DMG, and generates a Spirit Field beneath the target during the final strike (Spirit Field: Deals {1}% <color=#77baf0>Spirit</color> DMG per second to enemies within for {2}s).	560	30	3											2				true	5
10306	1				1		4		Spirit Bind	Assets/Product/Texture/Image/UiTheatre5/UiTheatre5SkillIcon216.png		Deals {0}% <color=#77baf0>Spirit</color> DMG, then generates a Spirit Field beneath the target (Spirit Field: Deals {1}% <color=#77baf0>Spirit</color> DMG per second to enemies within for {2}s).	325	30	3											2				true	6
10307	1				1		4		Umbrella Sanctuary	Assets/Product/Texture/Image/UiTheatre5/UiTheatre5SkillIcon219.png		Raises umbrella to defend for {0}s, gaining a Shield equal to {1}% <color=#ecd7bd>Max HP</color>. When taking hits during the defense, performs a counterattack dealing {2}% <color=#ecd7bd>Physical</color> DMG and gains an additional Shield equal to {3}% <color=#ecd7bd>Max HP</color>.	1	9	30	1										4		4		true	7
10308	1				1		4		Blast Card	Assets/Product/Texture/Image/UiTheatre5/UiTheatre5SkillIcon221.png		Throws a card at the enemy, dealing {0}% <color=#ecd7bd>Physical</color> DMG and gaining Shield equal to {1}% of <color=#ecd7bd>Max HP</color>.	50	10												4		4		true	8
10309	1				1		4		Phantom Arts	Assets/Product/Texture/Image/UiTheatre5/UiTheatre5SkillIcon220.png		Attacks the enemy, dealing {0}% <color=#ecd7bd>Physical</color> DMG and gaining Shield equal to {1}% of <color=#ecd7bd>Max HP</color>.	45	9.5												4		4		true	9
10310	1				1		4		Hell's Revival	Assets/Product/Texture/Image/UiTheatre5/UiTheatre5SkillIcon222.png		Launches a multi-hit attack on the enemy, dealing {0}% <color=#ecd7bd>Physical</color> DMG, then restoring HP equal to {1}% of <color=#ecd7bd>Max HP</color> every second for {2}s.	90	3.5	3											5		5		true	10
10311	1				1		4		Crimson Forge	Assets/Product/Texture/Image/UiTheatre5/UiTheatre5SkillIcon224.png		Throws a hat at the enemy, dealing {0}% <color=#ecd7bd>Physical</color> DMG and instantly restoring HP equal to {1}% of <color=#ecd7bd>Max HP</color>.	60	9.5												5		5		true	11
10312	1				1		4		Phoenix Rising	Assets/Product/Texture/Image/UiTheatre5/UiTheatre5SkillIcon223.png		Cannot move for 3s and restores HP equal to {0}% of <color=#ecd7bd>Max HP</color> every second. When the duration ends, triggers an explosion that deals {1}% <color=#ecd7bd>Physical</color> DMG to surrounding enemies.	6	90												5		5		true	12
10313	1				1		4		Basic Attack	Assets/Product/Texture/Image/IconSkill/luxiyapugong1.png																					26
10901	1						7		Basic Attack	Assets/Product/Texture/Image/IconSkill/luxiyapugong1.png		Hetero-Consciousness Basic Attack																			
10902	1						9		Basic Attack	Assets/Product/Texture/Image/IconSkill/luxiyapugong1.png		Ballard Basic Attack																			
10903	1						10		Basic Attack	Assets/Product/Texture/Image/IconSkill/luxiyapugong1.png		Mechanoid Moon Eater Basic Attack																			
10904	1						11		Basic Attack	Assets/Product/Texture/Image/IconSkill/luxiyapugong1.png		Cognitive Grimace Basic Attack																			
10905	1						12		Basic Attack	Assets/Product/Texture/Image/IconSkill/luxiyapugong1.png		Sanctuary Guard Basic Attack																			
10906	1						13		Basic Attack	Assets/Product/Texture/Image/IconSkill/luxiyapugong1.png		Risen Basic Attack																			
10907	1						14		Basic Attack	Assets/Product/Texture/Image/IconSkill/luxiyapugong1.png		Retribution Angel Basic Attack																			
10908	1						15		Basic Attack	Assets/Product/Texture/Image/IconSkill/luxiyapugong1.png		Decayed Basic Attack																			
10909	1						16		Basic Attack	Assets/Product/Texture/Image/IconSkill/luxiyapugong1.png		Ruin Iron Guard Basic Attack																			
10910	1						17		Basic Attack	Assets/Product/Texture/Image/IconSkill/luxiyapugong1.png		Mammon Basic Attack																			
10911	1						18		Basic Attack	Assets/Product/Texture/Image/IconSkill/luxiyapugong1.png		Archangel Basic Attack																			
10912	1						19		Basic Attack	Assets/Product/Texture/Image/IconSkill/luxiyapugong1.png		Madam Raphael Basic Attack																			
10913	1						20		Basic Attack	Assets/Product/Texture/Image/IconSkill/luxiyapugong1.png		Lord of Evernight Basic Attack																			
20010	2	2	1	1	1	20010			Triphase Domain [Blood DMG] I	Assets/Product/Texture/Image/UiTheatre5/UiTheatre5RuneAttackRed.png	Duplicate effects do not stack. Only the highest rarity applies.	After a <color=#f15265>Blood</color> Attack hits the enemy, generates a {0}-second area under the enemy's feet. And gains a {1}% <color=#f15265>Blood DMG</color> boost in the area.	5	5												1					45
20016	2	2	1	1	1	20016			Zero Distance [Blood Distance] I	Assets/Product/Texture/Image/UiTheatre5/UiTheatre5RuneAttackRed.png	Duplicate effects do not stack. Only the highest rarity applies.	Deals more <color=#f15265>Blood DMG</color> when closer to the target. Max: +{0}%. Min: +{1}%.	5.5	0.55												1				true	46
20018	2	2	1	1	1	20018			Optimal Distance [Blood DMG] I	Assets/Product/Texture/Image/UiTheatre5/UiTheatre5RuneAttackRed.png	Duplicate effects do not stack. Only the highest rarity applies.	Gains a {1}% <color=#f15265>Blood DMG</color> boost every second when the target is {0}m around. Max {2} boosts. Removes the bonus when there is no enemy around.	1	2.75	2											1				true	47
20024	2	2	1	1	1	20024			Elemental Convergence [Blood DMG] I	Assets/Product/Texture/Image/UiTheatre5/UiTheatre5RuneAttackRed.png	Duplicate effects do not stack. Only the highest rarity applies.	Gains a {0}% <color=#f15265>Blood DMG</color> boost every time when dealing Blood DMG to the enemy. Max {1} boosts. Lasts {2}s.	2.5	4	10											1				true	48
20028	2	16	12	12	4	20028			Elemental Conversion [Blood DMG] - [Shield]	Assets/Product/Texture/Image/UiTheatre5/UiTheatre5RuneWhite.png	Duplicate effects do not stack. Only the highest rarity applies.	Gains {1}% <color=#fe8f7fc>Shield Strength</color> for every {0}% <color=#f15265>Blood DMG</color>. (Max Boost: {2}%)	2	1	120		1	1	240							1	4			true	500
20030	2	16	12	12	4	20030			Elemental Conversion [Blood DMG] - [Recovery]	Assets/Product/Texture/Image/UiTheatre5/UiTheatre5RuneGreen.png	Duplicate effects do not stack. Only the highest rarity applies.	Gains {1}% <color=#6ad29b>Recovery Efficiency</color> for every {0}% <color=#f15265>Blood DMG</color>. (Max Boost: {2}%)	2	1	120		1	1	240							1	5			true	501
20040	2	4	3	3	2	20010			Triphase Domain [Blood DMG] II	Assets/Product/Texture/Image/UiTheatre5/UiTheatre5RuneAttackRed.png	Duplicate effects do not stack. Only the highest rarity applies.	After a <color=#f15265>Blood</color> Attack hits the enemy, generates a {0}-second area under the enemy's feet. And gains a {1}% <color=#f15265>Blood DMG</color> boost in the area.	5	10												1					51
20042	2	8	6	6	3	20010			Triphase Domain [Blood DMG] III	Assets/Product/Texture/Image/UiTheatre5/UiTheatre5RuneAttackRed.png	Duplicate effects do not stack. Only the highest rarity applies.	After a <color=#f15265>Blood</color> Attack hits the enemy, generates a {0}-second area under the enemy's feet. And gains a {1}% <color=#f15265>Blood DMG</color> boost in the area.	5	15												1					52
20044	2	16	12	12	4	20010			Triphase Domain [Blood DMG] IV	Assets/Product/Texture/Image/UiTheatre5/UiTheatre5RuneAttackRed.png	Duplicate effects do not stack. Only the highest rarity applies.	After a <color=#f15265>Blood</color> Attack hits the enemy, generates a {0}-second area under the enemy's feet. And gains a {1}% <color=#f15265>Blood DMG</color> boost in the area.	5	20			5	40								1					53
20046	2	4	3	3	2	20018			Optimal Distance [Blood DMG] II	Assets/Product/Texture/Image/UiTheatre5/UiTheatre5RuneAttackRed.png	Duplicate effects do not stack. Only the highest rarity applies.	Gains a {1}% <color=#f15265>Blood DMG</color> boost every second when the target is {0}m around. Max {2} boosts. Removes the bonus when there is no enemy around.	1	5.5	2											1				true	54
20048	2	8	6	6	3	20018			Optimal Distance [Blood DMG] III	Assets/Product/Texture/Image/UiTheatre5/UiTheatre5RuneAttackRed.png	Duplicate effects do not stack. Only the highest rarity applies.	Gains a {1}% <color=#f15265>Blood DMG</color> boost every second when the target is {0}m around. Max {2} boosts. Removes the bonus when there is no enemy around.	1	8.25	2											1				true	55
20050	2	16	12	12	4	20018			Optimal Distance [Blood DMG] IV	Assets/Product/Texture/Image/UiTheatre5/UiTheatre5RuneAttackRed.png	Duplicate effects do not stack. Only the highest rarity applies.	Gains a {1}% <color=#f15265>Blood DMG</color> boost every second when the target is {0}m around. Max {2} boosts. Removes the bonus when there is no enemy around.	1	11	2		1	22	2							1				true	56
20052	2	4	3	3	2	20016			Zero Distance [Blood Distance] II	Assets/Product/Texture/Image/UiTheatre5/UiTheatre5RuneAttackRed.png	Duplicate effects do not stack. Only the highest rarity applies.	Deals more <color=#f15265>Blood DMG</color> when closer to the target. Max: +{0}%. Min: +{1}%.	11	1.1												1				true	57
20054	2	8	6	6	3	20016			Zero Distance [Blood Distance] III	Assets/Product/Texture/Image/UiTheatre5/UiTheatre5RuneAttackRed.png	Duplicate effects do not stack. Only the highest rarity applies.	Deals more <color=#f15265>Blood DMG</color> when closer to the target. Max: +{0}%. Min: +{1}%.	16.5	1.65												1				true	58
20056	2	16	12	12	4	20016			Zero Distance [Blood Distance] IV	Assets/Product/Texture/Image/UiTheatre5/UiTheatre5RuneAttackRed.png	Duplicate effects do not stack. Only the highest rarity applies.	Deals more <color=#f15265>Blood DMG</color> when closer to the target. Max: +{0}%. Min: +{1}%.	22	2.2			44	4.4								1				true	59
20058	2	4	3	3	2	20024			Elemental Convergence [Blood DMG] II	Assets/Product/Texture/Image/UiTheatre5/UiTheatre5RuneAttackRed.png	Duplicate effects do not stack. Only the highest rarity applies.	Gains a {0}% <color=#f15265>Blood DMG</color> boost every time when launching a <color=#f15265>Blood</color> Attack on the enemy. Max {1} boosts. Lasts {2}s.	5	4	10											1				true	60
20060	2	8	6	6	3	20024			Elemental Convergence [Blood DMG] III	Assets/Product/Texture/Image/UiTheatre5/UiTheatre5RuneAttackRed.png	Duplicate effects do not stack. Only the highest rarity applies.	Gains a {0}% <color=#f15265>Blood DMG</color> boost every time when launching a <color=#f15265>Blood</color> Attack on the enemy. Max {1} boosts. Lasts {2}s.	7.5	4	10											1				true	61
20062	2	16	12	12	4	20024			Elemental Convergence [Blood DMG] IV	Assets/Product/Texture/Image/UiTheatre5/UiTheatre5RuneAttackRed.png	Duplicate effects do not stack. Only the highest rarity applies.	Gains a {0}% <color=#f15265>Blood DMG</color> boost every time when launching a <color=#f15265>Blood</color> Attack on the enemy. Max {1} boosts. Lasts {2}s.	10	4	10		20	4	10							1				true	62
20106	2	2	1	1	1	20106			Blade of Curse [Spirit DMG] I	Assets/Product/Texture/Image/UiTheatre5/UiTheatre5RuneAttackBlue.png	Duplicate effects do not stack. Only the highest rarity applies.	Gains a {0}% <color=#77baf0>Spirit DMG</color> boost every time when casting a skill. Max {1} boosts.	2.5	4												2				true	63
20110	2	2	1	1	1	20110			Intact [Spirit DMG] I	Assets/Product/Texture/Image/UiTheatre5/UiTheatre5RuneAttackBlue.png	Duplicate effects do not stack. Only the highest rarity applies.	Gains a {1}% <color=#77baf0>Spirit DMG</color> boost when not attacked for {0}s.	0.5	7.5												2				true	64
20112	2	2	1	1	1	20112			Triphase Domain [Spirit DMG] I	Assets/Product/Texture/Image/UiTheatre5/UiTheatre5RuneAttackBlue.png	Duplicate effects do not stack. Only the highest rarity applies.	At the beginning of the battle, generates an area with a {0}-meter radius around the character. Character gains a {1}% <color=#77baf0>Spirit DMG</color> boost (effective only for the character) in the area.	3	5.5												2					65
20128	2	2	1	1	1	20128			Strike Practice [Spirit DMG] I	Assets/Product/Texture/Image/UiTheatre5/UiTheatre5RuneAttackBlue.png	Duplicate effects do not stack. Only the highest rarity applies.	Gains a {0}% <color=#77baf0>Spirit DMG</color> boost every time when hitting an enemy with Basic Attack. Max {1} boosts.	1.25	4												2				true	66
20130	2	16	12	12	4	20130			Elemental Conversion [Spirit DMG] - [Shield]	Assets/Product/Texture/Image/UiTheatre5/UiTheatre5RuneWhite.png	Duplicate effects do not stack. Only the highest rarity applies.	Gains {1}% <color=#fe8f7fc>Shield Strength</color> for every {0}% <color=#77baf0>Spirit DMG</color>. (Max Boost: {2}%)	2	1	120		1	1	240							2	4			true	502
20132	2	16	12	12	4	20132			Elemental Conversion [Spirit DMG] - [Recovery]	Assets/Product/Texture/Image/UiTheatre5/UiTheatre5RuneGreen.png	Duplicate effects do not stack. Only the highest rarity applies.	Gains {1}% <color=#6ad29b>Recovery Efficiency</color> for every {0}% <color=#77baf0>Spirit DMG</color>. (Max Boost: {2}%)	2	1	120		1	1	240							2	5			true	503
20142	2	4	3	3	2	20110			Intact [Spirit DMG] II	Assets/Product/Texture/Image/UiTheatre5/UiTheatre5RuneAttackBlue.png	Duplicate effects do not stack. Only the highest rarity applies.	Gains a {1}% <color=#77baf0>Spirit DMG</color> boost when not attacked for {0}s.	0.5	15												2				true	69
20144	2	8	6	6	3	20110			Intact [Spirit DMG] III	Assets/Product/Texture/Image/UiTheatre5/UiTheatre5RuneAttackBlue.png	Duplicate effects do not stack. Only the highest rarity applies.	Gains a {1}% <color=#77baf0>Spirit DMG</color> boost when not attacked for {0}s.	0.5	22.5												2				true	70
20146	2	16	12	12	4	20110			Intact [Spirit DMG] IV	Assets/Product/Texture/Image/UiTheatre5/UiTheatre5RuneAttackBlue.png	Duplicate effects do not stack. Only the highest rarity applies.	Gains a {1}% <color=#77baf0>Spirit DMG</color> boost when not attacked for {0}s.	0.5	30			0.5	60								2				true	71
20148	2	4	3	3	2	20112			Triphase Domain [Spirit DMG] II	Assets/Product/Texture/Image/UiTheatre5/UiTheatre5RuneAttackBlue.png	Duplicate effects do not stack. Only the highest rarity applies.	At the beginning of the battle, generates an area with a {0}-meter radius around the character. Character gains a {1}% <color=#77baf0>Spirit DMG</color> boost (effective only for the character) in the area.	3	11												2					72
20150	2	8	6	6	3	20112			Triphase Domain [Spirit DMG] III	Assets/Product/Texture/Image/UiTheatre5/UiTheatre5RuneAttackBlue.png	Duplicate effects do not stack. Only the highest rarity applies.	At the beginning of the battle, generates an area with a {0}-meter radius around the character. Character gains a {1}% <color=#77baf0>Spirit DMG</color> boost (effective only for the character) in the area.	3	16.5												2					73
20152	2	16	12	12	4	20112			Triphase Domain [Spirit DMG] IV	Assets/Product/Texture/Image/UiTheatre5/UiTheatre5RuneAttackBlue.png	Duplicate effects do not stack. Only the highest rarity applies.	At the beginning of the battle, generates an area with a {0}-meter radius around the character. Character gains a {1}% <color=#77baf0>Spirit DMG</color> boost (effective only for the character) in the area.	3	22			3	44								2					74
20154	2	4	3	3	2	20128			Strike Practice [Spirit DMG] II	Assets/Product/Texture/Image/UiTheatre5/UiTheatre5RuneAttackBlue.png	Duplicate effects do not stack. Only the highest rarity applies.	Gains a {0}% <color=#77baf0>Spirit DMG</color> boost every time when hitting an enemy with Basic Attack. Max {1} boosts.	2.5	4												2				true	75
20156	2	8	6	6	3	20128			Strike Practice [Spirit DMG] III	Assets/Product/Texture/Image/UiTheatre5/UiTheatre5RuneAttackBlue.png	Duplicate effects do not stack. Only the highest rarity applies.	Gains a {0}% <color=#77baf0>Spirit DMG</color> boost every time when hitting an enemy with Basic Attack. Max {1} boosts.	3.75	4												2				true	76
20158	2	16	12	12	4	20128			Strike Practice [Spirit DMG] IV	Assets/Product/Texture/Image/UiTheatre5/UiTheatre5RuneAttackBlue.png	Duplicate effects do not stack. Only the highest rarity applies.	Gains a {0}% <color=#77baf0>Spirit DMG</color> boost every time when hitting an enemy with Basic Attack. Max {1} boosts.	5	4			10	4								2				true	77
20160	2	4	3	3	2	20106			Blade of Curse [Spirit DMG] II	Assets/Product/Texture/Image/UiTheatre5/UiTheatre5RuneAttackBlue.png	Duplicate effects do not stack. Only the highest rarity applies.	Gains a {0}% <color=#77baf0>Spirit DMG</color> boost every time when casting a skill. Max {1} boosts.	5	4												2				true	78
20162	2	8	6	6	3	20106			Blade of Curse [Spirit DMG] III	Assets/Product/Texture/Image/UiTheatre5/UiTheatre5RuneAttackBlue.png	Duplicate effects do not stack. Only the highest rarity applies.	Gains a {0}% <color=#77baf0>Spirit DMG</color> boost every time when casting a skill. Max {1} boosts.	7.5	4												2				true	79
20164	2	16	12	12	4	20106			Blade of Curse [Spirit DMG] IV	Assets/Product/Texture/Image/UiTheatre5/UiTheatre5RuneAttackBlue.png	Duplicate effects do not stack. Only the highest rarity applies.	Gains a {0}% <color=#77baf0>Spirit DMG</color> boost every time when casting a skill. Max {1} boosts.	10	4			20	4								2				true	80
20200	2	2	1	1	1	20200			Thorn [Shield] I	Assets/Product/Texture/Image/UiTheatre5/UiTheatre5RuneWhite.png	Duplicate effects do not stack. Only the highest rarity applies.	Gains a {0}% <color=#fe8f7fc>Shield Strength</color> boost when attacked. Max {1} boosts. Trigger Interval: {2}s.	1.25	4	3											4		4		true	81
20214	2	2	1	1	1	20214			Fulfillment [Shield] I	Assets/Product/Texture/Image/UiTheatre5/UiTheatre5RuneWhite.png	Duplicate effects do not stack. Only the highest rarity applies.	Gains a {1}-second {0}% boost in <color=#f15265>Blood</color> DMG, <color=#77baf0>Spirit</color> DMG, and <color=#f2c870>Holy</color> DMG upon gaining a Shield.	5	8												4		4		true	82
20218	2	2	1	1	1	20218			Blade of Curse [Shield] I	Assets/Product/Texture/Image/UiTheatre5/UiTheatre5RuneWhite.png	Duplicate effects do not stack. Only the highest rarity applies.	Gains a {0}% <color=#fe8f7fc>Shield Strength</color> boost when casting a skill. Max {1} boosts.	5	2												4		4		true	83
20224	2	2	1	1	1	20224			Strike Practice [Shield] I	Assets/Product/Texture/Image/UiTheatre5/UiTheatre5RuneWhite.png	Duplicate effects do not stack. Only the highest rarity applies.	Gains a {0}% <color=#fe8f7fc>Shield Strength</color> boost when launching a Basic Attack. Max {1} boosts.	1.25	4												4		4		true	84
20226	2	16	12	12	4	20226			Elemental Conversion [Shield] - [Blood DMG]	Assets/Product/Texture/Image/UiTheatre5/UiTheatre5RuneAttackRed.png	Duplicate effects do not stack. Only the highest rarity applies.	Gains a {1}% <color=#f15265>Blood DMG</color> boost for every {0}% <color=#fe8f7fc>Shield Strength</color> obtained, up to {2}% more <color=#f15265>Blood DMG</color>.	2.5	1	160		1.25	1	320							4	1	4		true	504
20228	2	16	12	12	4	20228			Elemental Conversion [Shield] - [Spirit DMG]	Assets/Product/Texture/Image/UiTheatre5/UiTheatre5RuneAttackBlue.png	Duplicate effects do not stack. Only the highest rarity applies.	Gains a {1}% <color=#77baf0>Spirit DMG</color> boost for every {0}% <color=#fe8f7fc>Shield Strength</color> obtained, up to {2}% more <color=#77baf0>Spirit DMG</color>.	2.5	1	160		1.25	1	320							4	2	4		true	505
20230	2	16	12	12	4	20230			Elemental Conversion [Shield] - [Holy DMG]	Assets/Product/Texture/Image/UiTheatre5/UiTheatre5RuneAttackYellow.png	Duplicate effects do not stack. Only the highest rarity applies.	Gains a {1}% <color=#f2c870>Holy DMG</color> boost for every {0}% <color=#fe8f7fc>Shield Strength</color> obtained, up to {2}% more <color=#f2c870>Holy DMG</color>.	2.5	1	160		1.25	1	320							4	3	4		true	506
20243	2	4	3	3	2	20224			Strike Practice [Shield] II	Assets/Product/Texture/Image/UiTheatre5/UiTheatre5RuneWhite.png	Duplicate effects do not stack. Only the highest rarity applies.	Gains a {0}% <color=#fe8f7fc>Shield Strength</color> boost when launching a Basic Attack. Max {1} boosts.	2.5	4												4		4		true	88
20245	2	8	6	6	3	20224			Strike Practice [Shield] III	Assets/Product/Texture/Image/UiTheatre5/UiTheatre5RuneWhite.png	Duplicate effects do not stack. Only the highest rarity applies.	Gains a {0}% <color=#fe8f7fc>Shield Strength</color> boost when launching a Basic Attack. Max {1} boosts.	3.75	4												4		4		true	89
20247	2	16	12	12	4	20224			Strike Practice [Shield] IV	Assets/Product/Texture/Image/UiTheatre5/UiTheatre5RuneWhite.png	Duplicate effects do not stack. Only the highest rarity applies.	Gains a {0}% <color=#fe8f7fc>Shield Strength</color> boost when launching a Basic Attack. Max {1} boosts.	5	4			10	4								4		4		true	90
20249	2	4	3	3	2	20218			Blade of Curse [Shield] II	Assets/Product/Texture/Image/UiTheatre5/UiTheatre5RuneWhite.png	Duplicate effects do not stack. Only the highest rarity applies.	Gains a {0}% <color=#fe8f7fc>Shield Strength</color> boost when casting a skill. Max {1} boosts.	10	2												4		4		true	91
20251	2	8	6	6	3	20218			Blade of Curse [Shield] III	Assets/Product/Texture/Image/UiTheatre5/UiTheatre5RuneWhite.png	Duplicate effects do not stack. Only the highest rarity applies.	Gains a {0}% <color=#fe8f7fc>Shield Strength</color> boost when casting a skill. Max {1} boosts.	15	2												4		4		true	92
20253	2	16	12	12	4	20218			Blade of Curse [Shield] IV	Assets/Product/Texture/Image/UiTheatre5/UiTheatre5RuneWhite.png	Duplicate effects do not stack. Only the highest rarity applies.	Gains a {0}% <color=#fe8f7fc>Shield Strength</color> boost when casting a skill. Max {1} boosts.	20	2			40	2								4		4		true	93
20255	2	4	3	3	2	20200			Thorn [Shield] II	Assets/Product/Texture/Image/UiTheatre5/UiTheatre5RuneWhite.png	Duplicate effects do not stack. Only the highest rarity applies.	Gains a {0}% <color=#fe8f7fc>Shield Strength</color> boost when attacked. Max {1} boosts. Trigger Interval: {2}s.	2.5	4	3											4		4		true	94
20257	2	8	6	6	3	20200			Thorn [Shield] III	Assets/Product/Texture/Image/UiTheatre5/UiTheatre5RuneWhite.png	Duplicate effects do not stack. Only the highest rarity applies.	Gains a {0}% <color=#fe8f7fc>Shield Strength</color> boost when attacked. Max {1} boosts. Trigger Interval: {2}s.	3.75	4	3											4		4		true	95
20259	2	16	12	12	4	20200			Thorn [Shield] IV	Assets/Product/Texture/Image/UiTheatre5/UiTheatre5RuneWhite.png	Duplicate effects do not stack. Only the highest rarity applies.	Gains a {0}% <color=#fe8f7fc>Shield Strength</color> boost when attacked. Max {1} boosts. Trigger Interval: {2}s.	5	4	3		10	4	3							4		4		true	96
20261	2	4	3	3	2	20214			Fulfillment [Shield] II	Assets/Product/Texture/Image/UiTheatre5/UiTheatre5RuneWhite.png	Duplicate effects do not stack. Only the highest rarity applies.	Gains a {1}-second {0}% boost in <color=#f15265>Blood</color> DMG, <color=#77baf0>Spirit</color> DMG, and <color=#f2c870>Holy</color> DMG upon gaining a Shield.	10	8												4		4		true	97
20265	2	8	6	6	3	20214			Fulfillment [Shield] III	Assets/Product/Texture/Image/UiTheatre5/UiTheatre5RuneWhite.png	Duplicate effects do not stack. Only the highest rarity applies.	Gains a {1}-second {0}% boost in <color=#f15265>Blood</color> DMG, <color=#77baf0>Spirit</color> DMG, and <color=#f2c870>Holy</color> DMG upon gaining a Shield.	15	8												4		4		true	98
20269	2	16	12	12	4	20214			Fulfillment [Shield] IV	Assets/Product/Texture/Image/UiTheatre5/UiTheatre5RuneWhite.png	Duplicate effects do not stack. Only the highest rarity applies.	Gains a {1}-second {0}% boost in <color=#f15265>Blood</color> DMG, <color=#77baf0>Spirit</color> DMG, and <color=#f2c870>Holy</color> DMG upon gaining a Shield.	20	8			40	8								4		4		true	99
20304	2	2	1	1	1	20304			Thorn [Recovery] I	Assets/Product/Texture/Image/UiTheatre5/UiTheatre5RuneGreen.png	Duplicate effects do not stack. Only the highest rarity applies.	Gains a {1}% <color=#6ad29b>Recovery Efficiency</color> boost for every {0} attacks received. Max {2} boosts.	5	5	2											5		5		true	100
20308	2	2	1	1	1	20308			Abundance [Recovery] I	Assets/Product/Texture/Image/UiTheatre5/UiTheatre5RuneGreen.png	Duplicate effects do not stack. Only the highest rarity applies.	Gains a {1}% <color=#6ad29b>Recovery Efficiency</color> boost for every {0}s of being alive. Max {2} boosts.	10	6	2											5		5		true	101
20316	2	16	12	12	4	20316			Immortal	Assets/Product/Texture/Image/UiTheatre5/UiTheatre5RuneSpecial.png	Duplicate effects do not stack. Only the highest rarity applies.	Becomes immune to all damage for {1}s after HP drops below {0}% for the first time. Only effective {2} time(s) per battle.	20	3	1		20	3	1		When a [Suicidal Maniac] Rune is triggered, increases ATK by {0}%; at the same time, burns enemies to deal {1}% <color=#ecd7bd>Physical</color> DMG. Damage increases by {2}% every second, up to {3}%. This is stackable.	30	40	10	80	6		5		true	102
20318	2	2	1	1	1	20318			Torment [Recovery] I	Assets/Product/Texture/Image/UiTheatre5/UiTheatre5RuneGreen.png	Duplicate effects do not stack. Only the highest rarity applies.	Gains a {0}% <color=#6ad29b>Recovery Efficiency</color> boost when HP is lower than the opponent's.	10													5		5		true	103
20326	2	2	1	1	1	20326			Fulfillment [Recovery] I	Assets/Product/Texture/Image/UiTheatre5/UiTheatre5RuneGreen.png	Duplicate effects do not stack. Only the highest rarity applies.	Gains a {0}% boost in <color=#f15265>Blood</color> DMG, <color=#77baf0>Spirit</color> DMG, and <color=#f2c870>Holy</color> DMG every time when restoring HP. Max {1} boosts.	5	2												5		5		true	104
20334	2	16	12	12	4	20334			Elemental Conversion [Recovery] - [Blood DMG]	Assets/Product/Texture/Image/UiTheatre5/UiTheatre5RuneAttackRed.png	Duplicate effects do not stack. Only the highest rarity applies.	Gains a {1}% <color=#f15265>Blood DMG</color> boost for every {0}% <color=#6ad29b>Recovery Efficiency</color> obtained, up to {2}% more <color=#f15265>Blood DMG</color>.	2.5	1	160		1.25	1	320							5	1	5		true	507
20336	2	16	12	12	4	20336			Elemental Conversion [Recovery] - [Spirit DMG]	Assets/Product/Texture/Image/UiTheatre5/UiTheatre5RuneAttackBlue.png	Duplicate effects do not stack. Only the highest rarity applies.	Gains a {1}% <color=#77baf0>Spirit DMG</color> boost for every {0}% <color=#6ad29b>Recovery Efficiency</color> obtained, up to {2}% more <color=#77baf0>Spirit DMG</color>.	2.5	1	160		1.25	1	320							5	2	5		true	508
20338	2	16	12	12	4	20338			Elemental Conversion [Recovery] - [Holy DMG]	Assets/Product/Texture/Image/UiTheatre5/UiTheatre5RuneAttackYellow.png	Duplicate effects do not stack. Only the highest rarity applies.	Gains a {1}% <color=#f2c870>Holy DMG</color> boost for every {0}% <color=#6ad29b>Recovery Efficiency</color> obtained, up to {2}% more <color=#f2c870>Holy DMG</color>.	2.5	1	160		1.25	1	320							5	3	5		true	509
20347	2	4	3	3	2	20304			Thorn [Recovery] II	Assets/Product/Texture/Image/UiTheatre5/UiTheatre5RuneGreen.png	Duplicate effects do not stack. Only the highest rarity applies.	Gains a {1}% <color=#6ad29b>Recovery Efficiency</color> boost for every {0} attacks received. Max {2} boosts.	5	10	2											5		5		true	108
20349	2	8	6	6	3	20304			Thorn [Recovery] III	Assets/Product/Texture/Image/UiTheatre5/UiTheatre5RuneGreen.png	Duplicate effects do not stack. Only the highest rarity applies.	Gains a {1}% <color=#6ad29b>Recovery Efficiency</color> boost for every {0} attacks received. Max {2} boosts.	5	15	2											5		5		true	109
20351	2	16	12	12	4	20304			Thorn [Recovery] IV	Assets/Product/Texture/Image/UiTheatre5/UiTheatre5RuneGreen.png	Duplicate effects do not stack. Only the highest rarity applies.	Gains a {1}% <color=#6ad29b>Recovery Efficiency</color> boost for every {0} attacks received. Max {2} boosts.	5	20	2		5	40	2							5		5		true	110
20353	2	4	3	3	2	20308			Abundance [Recovery] II	Assets/Product/Texture/Image/UiTheatre5/UiTheatre5RuneGreen.png	Duplicate effects do not stack. Only the highest rarity applies.	Gains a {1}% <color=#6ad29b>Recovery Efficiency</color> boost for every {0}s of being alive. Max {2} boosts.	10	12	2											5		5		true	111
20355	2	8	6	6	3	20308			Abundance [Recovery] III	Assets/Product/Texture/Image/UiTheatre5/UiTheatre5RuneGreen.png	Duplicate effects do not stack. Only the highest rarity applies.	Gains a {1}% <color=#6ad29b>Recovery Efficiency</color> boost for every {0}s of being alive. Max {2} boosts.	10	18	2											5		5		true	112
20357	2	16	12	12	4	20308			Abundance [Recovery] IV	Assets/Product/Texture/Image/UiTheatre5/UiTheatre5RuneGreen.png	Duplicate effects do not stack. Only the highest rarity applies.	Gains a {1}% <color=#6ad29b>Recovery Efficiency</color> boost for every {0}s of being alive. Max {2} boosts.	10	24	2		10	48	2							5		5		true	113
20359	2	4	3	3	2	20318			Torment [Recovery] II	Assets/Product/Texture/Image/UiTheatre5/UiTheatre5RuneGreen.png	Duplicate effects do not stack. Only the highest rarity applies.	Gains a {0}% <color=#6ad29b>Recovery Efficiency</color> boost when HP is lower than the opponent's.	20													5		5		true	114
20361	2	8	6	6	3	20318			Torment [Recovery] III	Assets/Product/Texture/Image/UiTheatre5/UiTheatre5RuneGreen.png	Duplicate effects do not stack. Only the highest rarity applies.	Gains a {0}% <color=#6ad29b>Recovery Efficiency</color> boost when HP is lower than the opponent's.	30													5		5		true	115
20363	2	16	12	12	4	20318			Torment [Recovery] IV	Assets/Product/Texture/Image/UiTheatre5/UiTheatre5RuneGreen.png	Duplicate effects do not stack. Only the highest rarity applies.	Gains a {0}% <color=#6ad29b>Recovery Efficiency</color> boost when HP is lower than the opponent's.	40				80									5		5		true	116
20365	2	4	3	3	2	20326			Fulfillment [Recovery] II	Assets/Product/Texture/Image/UiTheatre5/UiTheatre5RuneGreen.png	Duplicate effects do not stack. Only the highest rarity applies.	Gains a {0}% boost in <color=#f15265>Blood</color> DMG, <color=#77baf0>Spirit</color> DMG, and <color=#f2c870>Holy</color> DMG every time when restoring HP. Max {1} boosts.	10	2												5		5		true	117
20369	2	8	6	6	3	20326			Fulfillment [Recovery] III	Assets/Product/Texture/Image/UiTheatre5/UiTheatre5RuneGreen.png	Duplicate effects do not stack. Only the highest rarity applies.	Gains a {0}% boost in <color=#f15265>Blood</color> DMG, <color=#77baf0>Spirit</color> DMG, and <color=#f2c870>Holy</color> DMG every time when restoring HP. Max {1} boosts.	15	2												5		5		true	118
20373	2	16	12	12	4	20326			Fulfillment [Recovery] IV	Assets/Product/Texture/Image/UiTheatre5/UiTheatre5RuneGreen.png	Duplicate effects do not stack. Only the highest rarity applies.	Gains a {0}% boost in <color=#f15265>Blood</color> DMG, <color=#77baf0>Spirit</color> DMG, and <color=#f2c870>Holy</color> DMG every time when restoring HP. Max {1} boosts.	20	2			40	2								5		5		true	119
20400	2	2	1	1	1	20400			Elemental Convergence [Holy DMG] I	Assets/Product/Texture/Image/UiTheatre5/UiTheatre5RuneAttackYellow.png	Duplicate effects do not stack. Only the highest rarity applies.	After launching a <color=#f2c870>Holy</color> Attack, makes the next Holy DMG deal {0}% more damage. Effective Interval: {1}s.	5	1												3				true	120
20412	2	2	1	1	1	20412			Triphase Domain [Holy DMG] I	Assets/Product/Texture/Image/UiTheatre5/UiTheatre5RuneAttackYellow.png	Duplicate effects do not stack. Only the highest rarity applies.	Generates a Sacred Path under the enemy hit by a <color=#f2c870>Holy</color> Attack. Gains a {0}% <color=#f2c870>Holy DMG</color> boost on the path. The Sacred Path lasts {1}s.	5	5												3					121
20416	2	2	1	1	1	20416			Torment [Holy DMG] I	Assets/Product/Texture/Image/UiTheatre5/UiTheatre5RuneAttackYellow.png	Duplicate effects do not stack. Only the highest rarity applies.	Gains a <color=#f2c870>Holy DMG</color> boost when dealing <color=#f2c870>Holy DMG</color> to a target with lower HP. Receives a {1}% boost for every {0}% HP the target has lost.	20	2												3				true	122
20422	2	2	1	1	1	20422			Gale Step [Holy DMG] I	Assets/Product/Texture/Image/UiTheatre5/UiTheatre5RuneAttackYellow.png	Duplicate effects do not stack. Only the highest rarity applies.	For every {0} meters moved, the next <color=#f2c870>Holy DMG</color> is boosted by {1}%	10	5												3				true	123
20432	2	16	12	12	4	20432			Elemental Conversion [Holy DMG] - [Shield]	Assets/Product/Texture/Image/UiTheatre5/UiTheatre5RuneWhite.png	Duplicate effects do not stack. Only the highest rarity applies.	Gains {1}% <color=#fe8f7fc>Shield Strength</color> for every {0}% <color=#f2c870>Holy DMG</color>. (Max Boost: {2}%)	2	1	120		1	1	240							3	4			true	510
20434	2	16	12	12	4	20434			Elemental Conversion [Holy DMG] - [Recovery]	Assets/Product/Texture/Image/UiTheatre5/UiTheatre5RuneGreen.png	Duplicate effects do not stack. Only the highest rarity applies.	Gains {1}% <color=#6ad29b>Recovery Efficiency</color> for every {0}% <color=#f2c870>Holy DMG</color>. (Max Boost: {2}%)	2	1	120		1	1	240							3	5			true	511
20436	2	4	3	3	2	20412			Triphase Domain [Holy DMG] II	Assets/Product/Texture/Image/UiTheatre5/UiTheatre5RuneAttackYellow.png	Duplicate effects do not stack. Only the highest rarity applies.	Generates a Sacred Path under the enemy hit by a <color=#f2c870>Holy DMG</color>. Gains a {0}% <color=#f2c870>Holy DMG</color> boost on the path. The Sacred Path lasts {1}s.	10	5												3					126
20438	2	8	6	6	3	20412			Triphase Domain [Holy DMG] III	Assets/Product/Texture/Image/UiTheatre5/UiTheatre5RuneAttackYellow.png	Duplicate effects do not stack. Only the highest rarity applies.	Generates a Sacred Path under the enemy hit by a <color=#f2c870>Holy DMG</color>. Gains a {0}% <color=#f2c870>Holy DMG</color> boost on the path. The Sacred Path lasts {1}s.	15	5												3					127
20440	2	16	12	12	4	20412			Triphase Domain [Holy DMG] IV	Assets/Product/Texture/Image/UiTheatre5/UiTheatre5RuneAttackYellow.png	Duplicate effects do not stack. Only the highest rarity applies.	Generates a Sacred Path under the enemy hit by a <color=#f2c870>Holy DMG</color>. Gains a {0}% <color=#f2c870>Holy DMG</color> boost on the path. The Sacred Path lasts {1}s.	20	5			40	5								3					128
20442	2	4	3	3	2	20422			Gale Step [Holy DMG] II	Assets/Product/Texture/Image/UiTheatre5/UiTheatre5RuneAttackYellow.png	Duplicate effects do not stack. Only the highest rarity applies.	For every {0} meters moved, the next <color=#f2c870>Holy DMG</color> is boosted by {1}%	10	10												3				true	129
20444	2	8	6	6	3	20422			Gale Step [Holy DMG] III	Assets/Product/Texture/Image/UiTheatre5/UiTheatre5RuneAttackYellow.png	Duplicate effects do not stack. Only the highest rarity applies.	For every {0} meters moved, the next <color=#f2c870>Holy DMG</color> is boosted by {1}%	10	15												3				true	130
20446	2	16	12	12	4	20422			Gale Step [Holy DMG] IV	Assets/Product/Texture/Image/UiTheatre5/UiTheatre5RuneAttackYellow.png	Duplicate effects do not stack. Only the highest rarity applies.	For every {0} meters moved, the next <color=#f2c870>Holy DMG</color> is boosted by {1}%	10	20			10	40								3				true	131
20448	2	4	3	3	2	20400			Elemental Convergence [Holy DMG] II	Assets/Product/Texture/Image/UiTheatre5/UiTheatre5RuneAttackYellow.png	Duplicate effects do not stack. Only the highest rarity applies.	After launching a <color=#f2c870>Holy</color> Attack, makes the next <color=#f2c870>Holy DMG</color> deal {0}% more damage. Effective Interval: {1}s.	10	1												3				true	132
20450	2	8	6	6	3	20400			Elemental Convergence [Holy DMG] III	Assets/Product/Texture/Image/UiTheatre5/UiTheatre5RuneAttackYellow.png	Duplicate effects do not stack. Only the highest rarity applies.	After launching a <color=#f2c870>Holy</color> Attack, makes the next <color=#f2c870>Holy DMG</color> deal {0}% more damage. Effective Interval: {1}s.	15	1												3				true	133
20452	2	16	12	12	4	20400			Elemental Convergence [Holy DMG] IV	Assets/Product/Texture/Image/UiTheatre5/UiTheatre5RuneAttackYellow.png	Duplicate effects do not stack. Only the highest rarity applies.	After launching a <color=#f2c870>Holy</color> Attack, makes the next <color=#f2c870>Holy DMG</color> deal {0}% more damage. Effective Interval: {1}s.	20	1			40	1								3				true	134
20454	2	4	3	3	2	20416			Torment [Holy DMG] II	Assets/Product/Texture/Image/UiTheatre5/UiTheatre5RuneAttackYellow.png	Duplicate effects do not stack. Only the highest rarity applies.	Gains a <color=#f2c870>Holy DMG</color> boost when dealing <color=#f2c870>Holy DMG</color> to a target with lower HP. Receives a {1}% boost for every {0}% HP the target has lost.	20	4												3				true	135
20456	2	8	6	6	3	20416			Torment [Holy DMG] III	Assets/Product/Texture/Image/UiTheatre5/UiTheatre5RuneAttackYellow.png	Duplicate effects do not stack. Only the highest rarity applies.	Gains a <color=#f2c870>Holy DMG</color> boost when dealing <color=#f2c870>Holy DMG</color> to a target with lower HP. Receives a {1}% boost for every {0}% HP the target has lost.	20	6												3				true	136
20458	2	16	12	12	4	20416			Torment [Holy DMG] IV	Assets/Product/Texture/Image/UiTheatre5/UiTheatre5RuneAttackYellow.png	Duplicate effects do not stack. Only the highest rarity applies.	Gains a <color=#f2c870>Holy DMG</color> boost when dealing <color=#f2c870>Holy DMG</color> to a target with lower HP. Receives a {1}% boost for every {0}% HP the target has lost.	20	8			20	16								3				true	137
20500	2	2	1	1	1	20500			Indomitable [Blood DMG] I	Assets/Product/Texture/Image/UiTheatre5/UiTheatre5RuneAttackRed.png	Duplicate effects do not stack. Only the highest rarity applies.	Gains a {1}% <color=#f15265>Blood DMG</color> boost when HP is below {0}%.	20	14.4												1	6			true	512
20502	2	4	3	3	2	20500			Indomitable [Blood DMG] II	Assets/Product/Texture/Image/UiTheatre5/UiTheatre5RuneAttackRed.png	Duplicate effects do not stack. Only the highest rarity applies.	Gains a {1}% <color=#f15265>Blood DMG</color> boost when HP is below {0}%.	20	28.8												1	6			true	513
20504	2	8	6	6	3	20500			Indomitable [Blood DMG] III	Assets/Product/Texture/Image/UiTheatre5/UiTheatre5RuneAttackRed.png	Duplicate effects do not stack. Only the highest rarity applies.	Gains a {1}% <color=#f15265>Blood DMG</color> boost when HP is below {0}%.	20	43.2												1	6			true	514
20506	2	16	12	12	4	20500			Indomitable [Blood DMG] IV	Assets/Product/Texture/Image/UiTheatre5/UiTheatre5RuneAttackRed.png	Duplicate effects do not stack. Only the highest rarity applies.	Gains a {1}% <color=#f15265>Blood DMG</color> boost when HP is below {0}%.	20	57.6			24	115.2								1	6			true	515
20508	2	2	1	1	1	20508			Indomitable [Spirit DMG] I	Assets/Product/Texture/Image/UiTheatre5/UiTheatre5RuneAttackBlue.png	Duplicate effects do not stack. Only the highest rarity applies.	Gains a {1}% <color=#77baf0>Spirit DMG</color> boost when HP is below {0}%.	20	14.4												2	6			true	516
20510	2	4	3	3	2	20508			Indomitable [Spirit DMG] II	Assets/Product/Texture/Image/UiTheatre5/UiTheatre5RuneAttackBlue.png	Duplicate effects do not stack. Only the highest rarity applies.	Gains a {1}% <color=#77baf0>Spirit DMG</color> boost when HP is below {0}%.	20	28.8												2	6			true	517
20512	2	8	6	6	3	20508			Indomitable [Spirit DMG] III	Assets/Product/Texture/Image/UiTheatre5/UiTheatre5RuneAttackBlue.png	Duplicate effects do not stack. Only the highest rarity applies.	Gains a {1}% <color=#77baf0>Spirit DMG</color> boost when HP is below {0}%.	20	43.2												2	6			true	518
20514	2	16	12	12	4	20508			Indomitable [Spirit DMG] IV	Assets/Product/Texture/Image/UiTheatre5/UiTheatre5RuneAttackBlue.png	Duplicate effects do not stack. Only the highest rarity applies.	Gains a {1}% <color=#77baf0>Spirit DMG</color> boost when HP is below {0}%.	20	57.6			24	115.2								2	6			true	519
20516	2	2	1	1	1	20516			Indomitable [Holy DMG] I	Assets/Product/Texture/Image/UiTheatre5/UiTheatre5RuneAttackYellow.png	Duplicate effects do not stack. Only the highest rarity applies.	Gains a {1}% <color=#f2c870>Holy DMG</color> boost when HP is below {0}%.	20	14.4												3	6			true	520
20518	2	4	3	3	2	20516			Indomitable [Holy DMG] II	Assets/Product/Texture/Image/UiTheatre5/UiTheatre5RuneAttackYellow.png	Duplicate effects do not stack. Only the highest rarity applies.	Gains a {1}% <color=#f2c870>Holy DMG</color> boost when HP is below {0}%.	20	28.8												3	6			true	521
20520	2	8	6	6	3	20516			Indomitable [Holy DMG] III	Assets/Product/Texture/Image/UiTheatre5/UiTheatre5RuneAttackYellow.png	Duplicate effects do not stack. Only the highest rarity applies.	Gains a {1}% <color=#f2c870>Holy DMG</color> boost when HP is below {0}%.	20	43.2												3	6			true	522
20522	2	16	12	12	4	20516			Indomitable [Holy DMG] IV	Assets/Product/Texture/Image/UiTheatre5/UiTheatre5RuneAttackYellow.png	Duplicate effects do not stack. Only the highest rarity applies.	Gains a {1}% <color=#f2c870>Holy DMG</color> boost when HP is below {0}%.	20	57.6			24	115.2								3	6			true	523
20524	2	2	1	1	1	20524			Indomitable [Shield] I	Assets/Product/Texture/Image/UiTheatre5/UiTheatre5RuneWhite.png	Duplicate effects do not stack. Only the highest rarity applies.	Gains a {1}% <color=#fe8f7fc>Shield Strength</color> boost when HP is below {0}%.	20	10.8												4	6	4		true	524
20526	2	4	3	3	2	20524			Indomitable [Shield] II	Assets/Product/Texture/Image/UiTheatre5/UiTheatre5RuneWhite.png	Duplicate effects do not stack. Only the highest rarity applies.	Gains a {1}% <color=#fe8f7fc>Shield Strength</color> boost when HP is below {0}%.	20	21.6												4	6	4		true	525
20528	2	8	6	6	3	20524			Indomitable [Shield] III	Assets/Product/Texture/Image/UiTheatre5/UiTheatre5RuneWhite.png	Duplicate effects do not stack. Only the highest rarity applies.	Gains a {1}% <color=#fe8f7fc>Shield Strength</color> boost when HP is below {0}%.	20	32.4												4	6	4		true	526
20530	2	16	12	12	4	20524			Indomitable [Shield] IV	Assets/Product/Texture/Image/UiTheatre5/UiTheatre5RuneWhite.png	Duplicate effects do not stack. Only the highest rarity applies.	Gains a {1}% <color=#fe8f7fc>Shield Strength</color> boost when HP is below {0}%.	20	43.2			24	86.4								4	6	4		true	527
20532	2	2	1	1	1	20532			Indomitable [Recovery] I	Assets/Product/Texture/Image/UiTheatre5/UiTheatre5RuneGreen.png	Duplicate effects do not stack. Only the highest rarity applies.	Gains a {1}% <color=#6ad29b>Recovery Efficiency</color> boost when HP is below {0}%.	20	10.8												5	6	5		true	528
20534	2	4	3	3	2	20532			Indomitable [Recovery] II	Assets/Product/Texture/Image/UiTheatre5/UiTheatre5RuneGreen.png	Duplicate effects do not stack. Only the highest rarity applies.	Gains a {1}% <color=#6ad29b>Recovery Efficiency</color> boost when HP is below {0}%.	20	21.6												5	6	5		true	529
20536	2	8	6	6	3	20532			Indomitable [Recovery] III	Assets/Product/Texture/Image/UiTheatre5/UiTheatre5RuneGreen.png	Duplicate effects do not stack. Only the highest rarity applies.	Gains a {1}% <color=#6ad29b>Recovery Efficiency</color> boost when HP is below {0}%.	20	32.4												5	6	5		true	530
20538	2	16	12	12	4	20532			Indomitable [Recovery] IV	Assets/Product/Texture/Image/UiTheatre5/UiTheatre5RuneGreen.png	Duplicate effects do not stack. Only the highest rarity applies.	Gains a {1}% <color=#6ad29b>Recovery Efficiency</color> boost when HP is below {0}%.	20	43.2			24	86.4								5	6	5		true	531
20540	2	16	12	12	4	20540			Steadfast	Assets/Product/Texture/Image/UiTheatre5/UiTheatre5RuneSpecial.png	Duplicate effects do not stack. Only the highest rarity applies.	Immediately restores {0}% of <color=#ecd7bd>Max HP</color> upon entering the dying status. Effective only {1} time during battle.	20	1							When a [Suicidal Maniac] Rune is triggered, increases ATK by {0}%; at the same time, burns enemies to deal {1}% <color=#ecd7bd>Physical</color> DMG. Damage increases by {2}% every second, up to {3}%. This is stackable.	30	40	10	80	6				true	158
20542	2	16	12	12	4	20542			Last Stand	Assets/Product/Texture/Image/UiTheatre5/UiTheatre5RuneSpecial.png	Duplicate effects do not stack. Only the highest rarity applies.	Takes {1}% less damage when HP is below {0}%.	20	30.17							When a [Suicidal Maniac] Rune is triggered, increases ATK by {0}%; at the same time, burns enemies to deal {1}% <color=#ecd7bd>Physical</color> DMG. Damage increases by {2}% every second, up to {3}%. This is stackable.	30	40	10	80	6				true	159
20544	2	16	12	12	4	20544			Sacrifice	Assets/Product/Texture/Image/UiTheatre5/UiTheatre5RuneSpecial.png	Duplicate effects do not stack. Only the highest rarity applies.	At the beginning of the battle, converts {0}% <color=#ecd7bd>Max HP</color> to the same amount of Shield with Shield Strength.	40								At the start of battle, summons a demon to perform a powerful attack, dealing {0}% <color=#ecd7bd>Physical</color> DMG, then increases the character's ATK by {1}% and DMG Reduction by {2}% until [Speed Prologue] Rune effects end. This is stackable.	150	20	20		11				true	160
20550	2	2	1	1	1	20550			Rhythmic Amplifier [Blood DMG] I	Assets/Product/Texture/Image/UiTheatre5/UiTheatre5RuneAttackRed.png	Duplicate effects do not stack. Only the highest rarity applies.	Gains a {2}-second {1}% <color=#f15265>Blood DMG</color> boost every {0}s.	5	14	2											1	7			true	532
20552	2	4	3	3	2	20550			Rhythmic Amplifier [Blood DMG] II	Assets/Product/Texture/Image/UiTheatre5/UiTheatre5RuneAttackRed.png	Duplicate effects do not stack. Only the highest rarity applies.	Gains a {2}-second {1}% <color=#f15265>Blood DMG</color> boost every {0}s.	5	28	2											1	7			true	533
20554	2	8	6	6	3	20550			Rhythmic Amplifier [Blood DMG] III	Assets/Product/Texture/Image/UiTheatre5/UiTheatre5RuneAttackRed.png	Duplicate effects do not stack. Only the highest rarity applies.	Gains a {2}-second {1}% <color=#f15265>Blood DMG</color> boost every {0}s.	5	42	2											1	7			true	534
20556	2	16	12	12	4	20550			Rhythmic Amplifier [Blood DMG] IV	Assets/Product/Texture/Image/UiTheatre5/UiTheatre5RuneAttackRed.png	Duplicate effects do not stack. Only the highest rarity applies.	Gains a {2}-second {1}% <color=#f15265>Blood DMG</color> boost every {0}s.	5	56	2		5	112	2							1	7			true	535
20558	2	2	1	1	1	20558			Rhythmic Amplifier [Spirit DMG] I	Assets/Product/Texture/Image/UiTheatre5/UiTheatre5RuneAttackBlue.png	Duplicate effects do not stack. Only the highest rarity applies.	Gains a {2}-second {1}% <color=#77baf0>Spirit DMG</color> boost every {0}s.	5	14	2											2	7			true	536
20560	2	4	3	3	2	20558			Rhythmic Amplifier [Spirit DMG] II	Assets/Product/Texture/Image/UiTheatre5/UiTheatre5RuneAttackBlue.png	Duplicate effects do not stack. Only the highest rarity applies.	Gains a {2}-second {1}% <color=#77baf0>Spirit DMG</color> boost every {0}s.	5	28	2											2	7			true	537
20562	2	8	6	6	3	20558			Rhythmic Amplifier [Spirit DMG] III	Assets/Product/Texture/Image/UiTheatre5/UiTheatre5RuneAttackBlue.png	Duplicate effects do not stack. Only the highest rarity applies.	Gains a {2}-second {1}% <color=#77baf0>Spirit DMG</color> boost every {0}s.	5	42	2											2	7			true	538
20564	2	16	12	12	4	20558			Rhythmic Amplifier [Spirit DMG] IV	Assets/Product/Texture/Image/UiTheatre5/UiTheatre5RuneAttackBlue.png	Duplicate effects do not stack. Only the highest rarity applies.	Gains a {2}-second {1}% <color=#77baf0>Spirit DMG</color> boost every {0}s.	5	56	2		5	112	2							2	7			true	539
20566	2	2	1	1	1	20566			Rhythmic Amplifier [Holy DMG] I	Assets/Product/Texture/Image/UiTheatre5/UiTheatre5RuneAttackYellow.png	Duplicate effects do not stack. Only the highest rarity applies.	Gains a {2}-second {1}% <color=#f2c870>Holy DMG</color> boost every {0}s.	5	14	2											3	7			true	540
20568	2	4	3	3	2	20566			Rhythmic Amplifier [Holy DMG] II	Assets/Product/Texture/Image/UiTheatre5/UiTheatre5RuneAttackYellow.png	Duplicate effects do not stack. Only the highest rarity applies.	Gains a {2}-second {1}% <color=#f2c870>Holy DMG</color> boost every {0}s.	5	28	2											3	7			true	541
20570	2	8	6	6	3	20566			Rhythmic Amplifier [Holy DMG] III	Assets/Product/Texture/Image/UiTheatre5/UiTheatre5RuneAttackYellow.png	Duplicate effects do not stack. Only the highest rarity applies.	Gains a {2}-second {1}% <color=#f2c870>Holy DMG</color> boost every {0}s.	5	42	2											3	7			true	542
20572	2	16	12	12	4	20566			Rhythmic Amplifier [Holy DMG] IV	Assets/Product/Texture/Image/UiTheatre5/UiTheatre5RuneAttackYellow.png	Duplicate effects do not stack. Only the highest rarity applies.	Gains a {2}-second {1}% <color=#f2c870>Holy DMG</color> boost every {0}s.	5	56	2		5	112	2							3	7			true	543
20574	2	2	1	1	1	20574			Rhythmic Amplifier [Shield] I	Assets/Product/Texture/Image/UiTheatre5/UiTheatre5RuneWhite.png	Duplicate effects do not stack. Only the highest rarity applies.	Gains a {2}-second {1}% <color=#fe8f7fc>Shield Strength</color> boost every {0}s.	5	24	2											4	7	4		true	544
20576	2	4	3	3	2	20574			Rhythmic Amplifier [Shield] II	Assets/Product/Texture/Image/UiTheatre5/UiTheatre5RuneWhite.png	Duplicate effects do not stack. Only the highest rarity applies.	Gains a {2}-second {1}% <color=#fe8f7fc>Shield Strength</color> boost every {0}s.	5	48	2											4	7	4		true	545
20578	2	8	6	6	3	20574			Rhythmic Amplifier [Shield] III	Assets/Product/Texture/Image/UiTheatre5/UiTheatre5RuneWhite.png	Duplicate effects do not stack. Only the highest rarity applies.	Gains a {2}-second {1}% <color=#fe8f7fc>Shield Strength</color> boost every {0}s.	5	72	2											4	7	4		true	546
20580	2	16	12	12	4	20574			Rhythmic Amplifier [Shield] IV	Assets/Product/Texture/Image/UiTheatre5/UiTheatre5RuneWhite.png	Duplicate effects do not stack. Only the highest rarity applies.	Gains a {2}-second {1}% <color=#fe8f7fc>Shield Strength</color> boost every {0}s.	5	96	2		5	192	2							4	7	4		true	547
20582	2	2	1	1	1	20582			Rhythmic Amplifier [Recovery] I	Assets/Product/Texture/Image/UiTheatre5/UiTheatre5RuneGreen.png	Duplicate effects do not stack. Only the highest rarity applies.	Gains a {2}-second {1}% <color=#6ad29b>Recovery Efficiency</color> boost every {0}s.	5	24	2											5	7	5		true	548
20584	2	4	3	3	2	20582			Rhythmic Amplifier [Recovery] II	Assets/Product/Texture/Image/UiTheatre5/UiTheatre5RuneGreen.png	Duplicate effects do not stack. Only the highest rarity applies.	Gains a {2}-second {1}% <color=#6ad29b>Recovery Efficiency</color> boost every {0}s.	5	48	2											5	7	5		true	549
20586	2	8	6	6	3	20582			Rhythmic Amplifier [Recovery] III	Assets/Product/Texture/Image/UiTheatre5/UiTheatre5RuneGreen.png	Duplicate effects do not stack. Only the highest rarity applies.	Gains a {2}-second {1}% <color=#6ad29b>Recovery Efficiency</color> boost every {0}s.	5	72	2											5	7	5		true	550
20588	2	16	12	12	4	20582			Rhythmic Amplifier [Recovery] IV	Assets/Product/Texture/Image/UiTheatre5/UiTheatre5RuneGreen.png	Duplicate effects do not stack. Only the highest rarity applies.	Gains a {2}-second {1}% <color=#6ad29b>Recovery Efficiency</color> boost every {0}s.	5	96	2		5	192	2							5	7	5		true	551
20590	2	16	12	12	4	20590			Crescendo	Assets/Product/Texture/Image/UiTheatre5/UiTheatre5RuneSpecial.png	Duplicate effects do not stack. Only the highest rarity applies.	Rhythmic Suffering Runes' effects increase by {0}%.	100								After [Rhythmic Suffering] Runes trigger {0} times, summons fireballs to attack enemies, dealing {1}% <color=#ecd7bd>Physical</color> DMG. After each summon, fireball damage increases by {2}%, up to {3}%. This is stackable.	3	50	10	80	7				true	552
20592	2	16	12	12	4	20592			Early Entry	Assets/Product/Texture/Image/UiTheatre5/UiTheatre5RuneSpecial.png	Duplicate effects do not stack. Only the highest rarity applies.	Rhythmic Suffering Runes' trigger interval is reduced by {0}s.	2								After [Rhythmic Suffering] Runes trigger {0} times, summons fireballs to attack enemies, dealing {1}% <color=#ecd7bd>Physical</color> DMG. After each summon, fireball damage increases by {2}%, up to {3}%. This is stackable.	3	50	10	80	7				true	553
20594	2	16	12	12	4	20594			Fortitude	Assets/Product/Texture/Image/UiTheatre5/UiTheatre5RuneSpecial.png	Duplicate effects do not stack. Only the highest rarity applies.	Takes {1}% less damage for {0}s upon triggering Rhythmic Suffering or Life-Risking Trick Runes.	2	7.41							After [Rhythmic Suffering] Runes trigger {0} times, summons fireballs to attack enemies, dealing {1}% <color=#ecd7bd>Physical</color> DMG. After each summon, fireball damage increases by {2}%, up to {3}%. This is stackable.	3	50	10	80	7	10			true	554
20600	2	2	1	1	1	20600			Perfectionism [Blood DMG] I	Assets/Product/Texture/Image/UiTheatre5/UiTheatre5RuneAttackRed.png	Duplicate effects do not stack. Only the highest rarity applies.	Gains a {1}% <color=#f15265>Blood DMG</color> boost when HP is above {0}%.	80	9.38												1	8			true	555
20602	2	4	3	3	2	20600			Perfectionism [Blood DMG] II	Assets/Product/Texture/Image/UiTheatre5/UiTheatre5RuneAttackRed.png	Duplicate effects do not stack. Only the highest rarity applies.	Gains a {1}% <color=#f15265>Blood DMG</color> boost when HP is above {0}%.	80	18.75												1	8			true	556
20604	2	8	6	6	3	20600			Perfectionism [Blood DMG] III	Assets/Product/Texture/Image/UiTheatre5/UiTheatre5RuneAttackRed.png	Duplicate effects do not stack. Only the highest rarity applies.	Gains a {1}% <color=#f15265>Blood DMG</color> boost when HP is above {0}%.	80	28.13												1	8			true	557
20606	2	16	12	12	4	20600			Perfectionism [Blood DMG] IV	Assets/Product/Texture/Image/UiTheatre5/UiTheatre5RuneAttackRed.png	Duplicate effects do not stack. Only the highest rarity applies.	Gains a {1}% <color=#f15265>Blood DMG</color> boost when HP is above {0}%.	80	37.5			80	75								1	8			true	558
20608	2	2	1	1	1	20608			Perfectionism [Spirit DMG] I	Assets/Product/Texture/Image/UiTheatre5/UiTheatre5RuneAttackBlue.png	Duplicate effects do not stack. Only the highest rarity applies.	Gains a {1}% <color=#77baf0>Spirit DMG</color> boost when HP is above {0}%.	80	9.38												2	8			true	559
20610	2	4	3	3	2	20608			Perfectionism [Spirit DMG] II	Assets/Product/Texture/Image/UiTheatre5/UiTheatre5RuneAttackBlue.png	Duplicate effects do not stack. Only the highest rarity applies.	Gains a {1}% <color=#77baf0>Spirit DMG</color> boost when HP is above {0}%.	80	18.75												2	8			true	560
20612	2	8	6	6	3	20608			Perfectionism [Spirit DMG] III	Assets/Product/Texture/Image/UiTheatre5/UiTheatre5RuneAttackBlue.png	Duplicate effects do not stack. Only the highest rarity applies.	Gains a {1}% <color=#77baf0>Spirit DMG</color> boost when HP is above {0}%.	80	28.13												2	8			true	561
20614	2	16	12	12	4	20608			Perfectionism [Spirit DMG] IV	Assets/Product/Texture/Image/UiTheatre5/UiTheatre5RuneAttackBlue.png	Duplicate effects do not stack. Only the highest rarity applies.	Gains a {1}% <color=#77baf0>Spirit DMG</color> boost when HP is above {0}%.	80	37.5			80	75								2	8			true	562
20616	2	2	1	1	1	20616			Perfectionism [Holy DMG] I	Assets/Product/Texture/Image/UiTheatre5/UiTheatre5RuneAttackYellow.png	Duplicate effects do not stack. Only the highest rarity applies.	Gains a {1}% <color=#f2c870>Holy DMG</color> boost when HP is above {0}%.	80	9.38												3	8			true	563
20618	2	4	3	3	2	20616			Perfectionism [Holy DMG] II	Assets/Product/Texture/Image/UiTheatre5/UiTheatre5RuneAttackYellow.png	Duplicate effects do not stack. Only the highest rarity applies.	Gains a {1}% <color=#f2c870>Holy DMG</color> boost when HP is above {0}%.	80	18.75												3	8			true	564
20620	2	8	6	6	3	20616			Perfectionism [Holy DMG] III	Assets/Product/Texture/Image/UiTheatre5/UiTheatre5RuneAttackYellow.png	Duplicate effects do not stack. Only the highest rarity applies.	Gains a {1}% <color=#f2c870>Holy DMG</color> boost when HP is above {0}%.	80	28.13												3	8			true	565
20622	2	16	12	12	4	20616			Perfectionism [Holy DMG] IV	Assets/Product/Texture/Image/UiTheatre5/UiTheatre5RuneAttackYellow.png	Duplicate effects do not stack. Only the highest rarity applies.	Gains a {1}% <color=#f2c870>Holy DMG</color> boost when HP is above {0}%.	80	37.5			80	75								3	8			true	566
20624	2	2	1	1	1	20624			Perfectionism [Shield] I	Assets/Product/Texture/Image/UiTheatre5/UiTheatre5RuneWhite.png	Duplicate effects do not stack. Only the highest rarity applies.	Gains a {1}% <color=#fe8f7fc>Shield Strength</color> boost when HP is above {0}%.	80	14.06												4	8	4		true	567
20626	2	4	3	3	2	20624			Perfectionism [Shield] II	Assets/Product/Texture/Image/UiTheatre5/UiTheatre5RuneWhite.png	Duplicate effects do not stack. Only the highest rarity applies.	Gains a {1}% <color=#fe8f7fc>Shield Strength</color> boost when HP is above {0}%.	80	28.13												4	8	4		true	568
20628	2	8	6	6	3	20624			Perfectionism [Shield] III	Assets/Product/Texture/Image/UiTheatre5/UiTheatre5RuneWhite.png	Duplicate effects do not stack. Only the highest rarity applies.	Gains a {1}% <color=#fe8f7fc>Shield Strength</color> boost when HP is above {0}%.	80	42.19												4	8	4		true	569
20630	2	16	12	12	4	20624			Perfectionism [Shield] IV	Assets/Product/Texture/Image/UiTheatre5/UiTheatre5RuneWhite.png	Duplicate effects do not stack. Only the highest rarity applies.	Gains a {1}% <color=#fe8f7fc>Shield Strength</color> boost when HP is above {0}%.	80	56.25			80	112.5								4	8	4		true	570
20632	2	2	1	1	1	20632			Perfectionism [Recovery] I	Assets/Product/Texture/Image/UiTheatre5/UiTheatre5RuneGreen.png	Duplicate effects do not stack. Only the highest rarity applies.	Gains a {1}% <color=#6ad29b>Recovery Efficiency</color> boost when HP is above {0}%.	80	14.06												5	8	5		true	571
20634	2	4	3	3	2	20632			Perfectionism [Recovery] II	Assets/Product/Texture/Image/UiTheatre5/UiTheatre5RuneGreen.png	Duplicate effects do not stack. Only the highest rarity applies.	Gains a {1}% <color=#6ad29b>Recovery Efficiency</color> boost when HP is above {0}%.	80	28.13												5	8	5		true	572
20636	2	8	6	6	3	20632			Perfectionism [Recovery] III	Assets/Product/Texture/Image/UiTheatre5/UiTheatre5RuneGreen.png	Duplicate effects do not stack. Only the highest rarity applies.	Gains a {1}% <color=#6ad29b>Recovery Efficiency</color> boost when HP is above {0}%.	80	42.19												5	8	5		true	573
20638	2	16	12	12	4	20632			Perfectionism [Recovery] IV	Assets/Product/Texture/Image/UiTheatre5/UiTheatre5RuneGreen.png	Duplicate effects do not stack. Only the highest rarity applies.	Gains a {1}% <color=#6ad29b>Recovery Efficiency</color> boost when HP is above {0}%.	80	56.25			80	112.5								5	8	5		true	574
20640	2	16	12	12	4	20640			Iron Wall	Assets/Product/Texture/Image/UiTheatre5/UiTheatre5RuneSpecial.png	Duplicate effects do not stack. Only the highest rarity applies.	Takes {1}% less damage when HP is above {0}%.	80	27.27							When a [No Time to Bleed] Rune is triggered, lightning randomly strikes both parties every second. When hitting enemies, directly deals {0}% <color=#ecd7bd>Physical</color> DMG. When hitting the user, increases ATK by {1}%, up to {2}%. The damage boost ends when [No Time to Bleed] Rune effects end. This is stackable.	30	10	50		8				true	204
20642	2	16	12	12	4	20642			Boiling Blood	Assets/Product/Texture/Image/UiTheatre5/UiTheatre5RuneSpecial.png	Duplicate effects do not stack. Only the highest rarity applies.	Deals {1}% more damage when HP is above {0}%.	80	56.25							When a [No Time to Bleed] Rune is triggered, lightning randomly strikes both parties every second. When hitting enemies, directly deals {0}% <color=#ecd7bd>Physical</color> DMG. When hitting the user, increases ATK by {1}%, up to {2}%. The damage boost ends when [No Time to Bleed] Rune effects end. This is stackable.	30	10	50		8				true	205
20648	2	16	12	12	4	20648			Burst of Potential	Assets/Product/Texture/Image/UiTheatre5/UiTheatre5RuneSpecial.png	Duplicate effects do not stack. Only the highest rarity applies.	No Time to Bleed Runes can be triggered when HP is above {0}%.	40								When a [No Time to Bleed] Rune is triggered, lightning randomly strikes both parties every second. When hitting enemies, directly deals {0}% <color=#ecd7bd>Physical</color> DMG. When hitting the user, increases ATK by {1}%, up to {2}%. The damage boost ends when [No Time to Bleed] Rune effects end. This is stackable.	30	10	50		8				true	206
20650	2	2	1	1	1	20650			Fierce Battle [Blood DMG] I	Assets/Product/Texture/Image/UiTheatre5/UiTheatre5RuneAttackRed.png	Duplicate effects do not stack. Only the highest rarity applies.	Deals {0}% more <color=#f15265>Blood DMG</color> during the Death Speed phase.	33.33													1	9			true	575
20652	2	4	3	3	2	20650			Fierce Battle [Blood DMG] II	Assets/Product/Texture/Image/UiTheatre5/UiTheatre5RuneAttackRed.png	Duplicate effects do not stack. Only the highest rarity applies.	Deals {0}% more <color=#f15265>Blood DMG</color> during the Death Speed phase.	66.67													1	9			true	576
20654	2	8	6	6	3	20650			Fierce Battle [Blood DMG] III	Assets/Product/Texture/Image/UiTheatre5/UiTheatre5RuneAttackRed.png	Duplicate effects do not stack. Only the highest rarity applies.	Deals {0}% more <color=#f15265>Blood DMG</color> during the Death Speed phase.	100													1	9			true	577
20656	2	16	12	12	4	20650			Fierce Battle [Blood DMG] IV	Assets/Product/Texture/Image/UiTheatre5/UiTheatre5RuneAttackRed.png	Duplicate effects do not stack. Only the highest rarity applies.	Deals {0}% more <color=#f15265>Blood DMG</color> during the Death Speed phase.	133.33				266.67									1	9			true	578
20658	2	2	1	1	1	20658			Fierce Battle [Spirit DMG] I	Assets/Product/Texture/Image/UiTheatre5/UiTheatre5RuneAttackBlue.png	Duplicate effects do not stack. Only the highest rarity applies.	Deals {0}% more <color=#77baf0>Spirit DMG</color> during the Death Speed phase.	33.33													2	9			true	579
20660	2	4	3	3	2	20658			Fierce Battle [Spirit DMG] II	Assets/Product/Texture/Image/UiTheatre5/UiTheatre5RuneAttackBlue.png	Duplicate effects do not stack. Only the highest rarity applies.	Deals {0}% more <color=#77baf0>Spirit DMG</color> during the Death Speed phase.	66.67													2	9			true	580
20662	2	8	6	6	3	20658			Fierce Battle [Spirit DMG] III	Assets/Product/Texture/Image/UiTheatre5/UiTheatre5RuneAttackBlue.png	Duplicate effects do not stack. Only the highest rarity applies.	Deals {0}% more <color=#77baf0>Spirit DMG</color> during the Death Speed phase.	100													2	9			true	581
20664	2	16	12	12	4	20658			Fierce Battle [Spirit DMG] IV	Assets/Product/Texture/Image/UiTheatre5/UiTheatre5RuneAttackBlue.png	Duplicate effects do not stack. Only the highest rarity applies.	Deals {0}% more <color=#77baf0>Spirit DMG</color> during the Death Speed phase.	133.33				266.67									2	9			true	582
20666	2	2	1	1	1	20666			Fierce Battle [Holy DMG] I	Assets/Product/Texture/Image/UiTheatre5/UiTheatre5RuneAttackYellow.png	Duplicate effects do not stack. Only the highest rarity applies.	Deals {0}% more <color=#f2c870>Holy DMG</color> during the Death Speed phase.	33.33													3	9			true	583
20668	2	4	3	3	2	20666			Fierce Battle [Holy DMG] II	Assets/Product/Texture/Image/UiTheatre5/UiTheatre5RuneAttackYellow.png	Duplicate effects do not stack. Only the highest rarity applies.	Deals {0}% more <color=#f2c870>Holy DMG</color> during the Death Speed phase.	66.67													3	9			true	584
20670	2	8	6	6	3	20666			Fierce Battle [Holy DMG] III	Assets/Product/Texture/Image/UiTheatre5/UiTheatre5RuneAttackYellow.png	Duplicate effects do not stack. Only the highest rarity applies.	Deals {0}% more <color=#f2c870>Holy DMG</color> during the Death Speed phase.	100													3	9			true	585
20672	2	16	12	12	4	20666			Fierce Battle [Holy DMG] IV	Assets/Product/Texture/Image/UiTheatre5/UiTheatre5RuneAttackYellow.png	Duplicate effects do not stack. Only the highest rarity applies.	Deals {0}% more <color=#f2c870>Holy DMG</color> during the Death Speed phase.	133.33				266.67									3	9			true	586
20674	2	2	1	1	1	20674			Fierce Battle [Shield] I	Assets/Product/Texture/Image/UiTheatre5/UiTheatre5RuneWhite.png	Duplicate effects do not stack. Only the highest rarity applies.	<color=#fe8f7fc>Shield Strength</color> increases by {0}% during the Death Speed phase.	33.33													4	9	4		true	587
20676	2	4	3	3	2	20674			Fierce Battle [Shield] II	Assets/Product/Texture/Image/UiTheatre5/UiTheatre5RuneWhite.png	Duplicate effects do not stack. Only the highest rarity applies.	<color=#fe8f7fc>Shield Strength</color> increases by {0}% during the Death Speed phase.	66.67													4	9	4		true	588
20678	2	8	6	6	3	20674			Fierce Battle [Shield] III	Assets/Product/Texture/Image/UiTheatre5/UiTheatre5RuneWhite.png	Duplicate effects do not stack. Only the highest rarity applies.	<color=#fe8f7fc>Shield Strength</color> increases by {0}% during the Death Speed phase.	100													4	9	4		true	589
20680	2	16	12	12	4	20674			Fierce Battle [Shield] IV	Assets/Product/Texture/Image/UiTheatre5/UiTheatre5RuneWhite.png	Duplicate effects do not stack. Only the highest rarity applies.	<color=#fe8f7fc>Shield Strength</color> increases by {0}% during the Death Speed phase.	133.33				266.67									4	9	4		true	590
20682	2	2	1	1	1	20682			Fierce Battle [Recovery] I	Assets/Product/Texture/Image/UiTheatre5/UiTheatre5RuneGreen.png	Duplicate effects do not stack. Only the highest rarity applies.	<color=#6ad29b>Recovery Efficiency</color> increases by {0}% during the Death Speed phase.	33.33													5	9	5		true	591
20684	2	4	3	3	2	20682			Fierce Battle [Recovery] II	Assets/Product/Texture/Image/UiTheatre5/UiTheatre5RuneGreen.png	Duplicate effects do not stack. Only the highest rarity applies.	<color=#6ad29b>Recovery Efficiency</color> increases by {0}% during the Death Speed phase.	66.67													5	9	5		true	592
20686	2	8	6	6	3	20682			Fierce Battle [Recovery] III	Assets/Product/Texture/Image/UiTheatre5/UiTheatre5RuneGreen.png	Duplicate effects do not stack. Only the highest rarity applies.	<color=#6ad29b>Recovery Efficiency</color> increases by {0}% during the Death Speed phase.	100													5	9	5		true	593
20688	2	16	12	12	4	20682			Fierce Battle [Recovery] IV	Assets/Product/Texture/Image/UiTheatre5/UiTheatre5RuneGreen.png	Duplicate effects do not stack. Only the highest rarity applies.	<color=#6ad29b>Recovery Efficiency</color> increases by {0}% during the Death Speed phase.	133.33				266.67									5	9	5		true	594
20690	2	16	12	12	4	20690			Rally Racing	Assets/Product/Texture/Image/UiTheatre5/UiTheatre5RuneSpecial.png	Duplicate effects do not stack. Only the highest rarity applies.	Both parties have {0}% less ATK when not in the Death Speed phase.	20								When a [Beyond Death] Rune is triggered, summons a demon every {0}s to attack enemies, dealing {1}% <color=#ecd7bd>Physical</color> DMG. This is stackable.	5	350			9				true	227
20694	2	16	12	12	4	20694			Strategic Patience	Assets/Product/Texture/Image/UiTheatre5/UiTheatre5RuneSpecial.png	Duplicate effects do not stack. Only the highest rarity applies.	Takes {0}% less damage when not in the Death Speed phase.	22.22								When a [Beyond Death] Rune is triggered, summons a demon every {0}s to attack enemies, dealing {1}% <color=#ecd7bd>Physical</color> DMG. This is stackable.	5	350			9				true	228
20696	2	16	12	12	4	20696			Dangerous Situation	Assets/Product/Texture/Image/UiTheatre5/UiTheatre5RuneSpecial.png	Duplicate effects do not stack. Only the highest rarity applies.	Death Speed starts when the battle timer reaches {0}s.	20								When a [Beyond Death] Rune is triggered, summons a demon every {0}s to attack enemies, dealing {1}% <color=#ecd7bd>Physical</color> DMG. This is stackable.	5	350			9				true	229
20700	2	2	1	1	1	20700			Lucky Wheel [Blood DMG] I	Assets/Product/Texture/Image/UiTheatre5/UiTheatre5RuneAttackRed.png	Duplicate effects do not stack. Only the highest rarity applies.	Has a {1}% chance to gain a {2}% <color=#f15265>Blood DMG</color> boost every {0}s, stacking up to {3} times.	5	40	9.38	4										1	10			true	595
20702	2	4	3	3	2	20700			Lucky Wheel [Blood DMG] II	Assets/Product/Texture/Image/UiTheatre5/UiTheatre5RuneAttackRed.png	Duplicate effects do not stack. Only the highest rarity applies.	Has a {1}% chance to gain a {2}% <color=#f15265>Blood DMG</color> boost every {0}s, stacking up to {3} times.	5	40	18.75	4										1	10			true	596
20704	2	8	6	6	3	20700			Lucky Wheel [Blood DMG] III	Assets/Product/Texture/Image/UiTheatre5/UiTheatre5RuneAttackRed.png	Duplicate effects do not stack. Only the highest rarity applies.	Has a {1}% chance to gain a {2}% <color=#f15265>Blood DMG</color> boost every {0}s, stacking up to {3} times.	5	40	28.13	4										1	10			true	597
20706	2	16	12	12	4	20700			Lucky Wheel [Blood DMG] IV	Assets/Product/Texture/Image/UiTheatre5/UiTheatre5RuneAttackRed.png	Duplicate effects do not stack. Only the highest rarity applies.	Has a {1}% chance to gain a {2}% <color=#f15265>Blood DMG</color> boost every {0}s, stacking up to {3} times.	5	40	37.5	4	5	40	75	4						1	10			true	598
20708	2	2	1	1	1	20708			Lucky Wheel [Spirit DMG] I	Assets/Product/Texture/Image/UiTheatre5/UiTheatre5RuneAttackBlue.png	Duplicate effects do not stack. Only the highest rarity applies.	Has a {1}% chance to gain a {2}% <color=#77baf0>Spirit DMG</color> boost every {0}s, stacking up to {3} times.	5	40	9.38	4										2	10			true	599
20710	2	4	3	3	2	20708			Lucky Wheel [Spirit DMG] II	Assets/Product/Texture/Image/UiTheatre5/UiTheatre5RuneAttackBlue.png	Duplicate effects do not stack. Only the highest rarity applies.	Has a {1}% chance to gain a {2}% <color=#77baf0>Spirit DMG</color> boost every {0}s, stacking up to {3} times.	5	40	18.75	4										2	10			true	600
20712	2	8	6	6	3	20708			Lucky Wheel [Spirit DMG] III	Assets/Product/Texture/Image/UiTheatre5/UiTheatre5RuneAttackBlue.png	Duplicate effects do not stack. Only the highest rarity applies.	Has a {1}% chance to gain a {2}% <color=#77baf0>Spirit DMG</color> boost every {0}s, stacking up to {3} times.	5	40	28.13	4										2	10			true	601
20714	2	16	12	12	4	20708			Lucky Wheel [Spirit DMG] IV	Assets/Product/Texture/Image/UiTheatre5/UiTheatre5RuneAttackBlue.png	Duplicate effects do not stack. Only the highest rarity applies.	Has a {1}% chance to gain a {2}% <color=#77baf0>Spirit DMG</color> boost every {0}s, stacking up to {3} times.	5	40	37.5	4	5	40	75	4						2	10			true	602
20716	2	2	1	1	1	20716			Lucky Wheel [Holy DMG] I	Assets/Product/Texture/Image/UiTheatre5/UiTheatre5RuneAttackYellow.png	Duplicate effects do not stack. Only the highest rarity applies.	Has a {1}% chance to gain a {2}% <color=#f2c870>Holy DMG</color> boost every {0}s, stacking up to {3} times.	5	40	9.38	4										3	10			true	603
20718	2	4	3	3	2	20716			Lucky Wheel [Holy DMG] II	Assets/Product/Texture/Image/UiTheatre5/UiTheatre5RuneAttackYellow.png	Duplicate effects do not stack. Only the highest rarity applies.	Has a {1}% chance to gain a {2}% <color=#f2c870>Holy DMG</color> boost every {0}s, stacking up to {3} times.	5	40	18.75	4										3	10			true	604
20720	2	8	6	6	3	20716			Lucky Wheel [Holy DMG] III	Assets/Product/Texture/Image/UiTheatre5/UiTheatre5RuneAttackYellow.png	Duplicate effects do not stack. Only the highest rarity applies.	Has a {1}% chance to gain a {2}% <color=#f2c870>Holy DMG</color> boost every {0}s, stacking up to {3} times.	5	40	28.13	4										3	10			true	605
20722	2	16	12	12	4	20716			Lucky Wheel [Holy DMG] IV	Assets/Product/Texture/Image/UiTheatre5/UiTheatre5RuneAttackYellow.png	Duplicate effects do not stack. Only the highest rarity applies.	Has a {1}% chance to gain a {2}% <color=#f2c870>Holy DMG</color> boost every {0}s, stacking up to {3} times.	5	40	37.5	4	5	40	75	4						3	10			true	606
20724	2	2	1	1	1	20724			Lucky Wheel [Shield] I	Assets/Product/Texture/Image/UiTheatre5/UiTheatre5RuneWhite.png	Duplicate effects do not stack. Only the highest rarity applies.	Has a {1}% chance to gain a {2}% <color=#fe8f7fc>Shield Strength</color> boost every {0}s, stacking up to {3} times.	5	40	6.25	4										4	10	4		true	607
20726	2	4	3	3	2	20724			Lucky Wheel [Shield] II	Assets/Product/Texture/Image/UiTheatre5/UiTheatre5RuneWhite.png	Duplicate effects do not stack. Only the highest rarity applies.	Has a {1}% chance to gain a {2}% <color=#fe8f7fc>Shield Strength</color> boost every {0}s, stacking up to {3} times.	5	40	12.5	4										4	10	4		true	608
20728	2	8	6	6	3	20724			Lucky Wheel [Shield] III	Assets/Product/Texture/Image/UiTheatre5/UiTheatre5RuneWhite.png	Duplicate effects do not stack. Only the highest rarity applies.	Has a {1}% chance to gain a {2}% <color=#fe8f7fc>Shield Strength</color> boost every {0}s, stacking up to {3} times.	5	40	18.75	4										4	10	4		true	609
20730	2	16	12	12	4	20724			Lucky Wheel [Shield] IV	Assets/Product/Texture/Image/UiTheatre5/UiTheatre5RuneWhite.png	Duplicate effects do not stack. Only the highest rarity applies.	Has a {1}% chance to gain a {2}% <color=#fe8f7fc>Shield Strength</color> boost every {0}s, stacking up to {3} times.	5	40	25	4	5	40	50	4						4	10	4		true	610
20732	2	2	1	1	1	20732			Lucky Wheel [Recovery] I	Assets/Product/Texture/Image/UiTheatre5/UiTheatre5RuneGreen.png	Duplicate effects do not stack. Only the highest rarity applies.	Has a {1}% chance to gain a {2}% <color=#6ad29b>Recovery Efficiency</color> boost every {0}s, stacking up to {3} times.	5	40	6.25	4										5	10	5		true	611
20734	2	4	3	3	2	20732			Lucky Wheel [Recovery] II	Assets/Product/Texture/Image/UiTheatre5/UiTheatre5RuneGreen.png	Duplicate effects do not stack. Only the highest rarity applies.	Has a {1}% chance to gain a {2}% <color=#6ad29b>Recovery Efficiency</color> boost every {0}s, stacking up to {3} times.	5	40	12.5	4										5	10	5		true	612
20736	2	8	6	6	3	20732			Lucky Wheel [Recovery] III	Assets/Product/Texture/Image/UiTheatre5/UiTheatre5RuneGreen.png	Duplicate effects do not stack. Only the highest rarity applies.	Has a {1}% chance to gain a {2}% <color=#6ad29b>Recovery Efficiency</color> boost every {0}s, stacking up to {3} times.	5	40	18.75	4										5	10	5		true	613
20738	2	16	12	12	4	20732			Lucky Wheel [Recovery] IV	Assets/Product/Texture/Image/UiTheatre5/UiTheatre5RuneGreen.png	Duplicate effects do not stack. Only the highest rarity applies.	Has a {1}% chance to gain a {2}% <color=#6ad29b>Recovery Efficiency</color> boost every {0}s, stacking up to {3} times.	5	40	25	4	5	40	50	4						5	10	5		true	614
20740	2	16	12	12	4	20740			Jackpot	Assets/Product/Texture/Image/UiTheatre5/UiTheatre5RuneSpecial.png	Duplicate effects do not stack. Only the highest rarity applies.	When Life-Risking Trick Runes trigger, deals {0}% more damage for {1}s.	20	4							After [Life-Risking Trick] Runes trigger {0} times, summons a demon to attack enemies, dealing {1}% <color=#ecd7bd>Physical</color> DMG. This is stackable.	3	60			10				true	250
20741	2	16	12	12	4	20741			Second Chance	Assets/Product/Texture/Image/UiTheatre5/UiTheatre5RuneSpecial.png	Duplicate effects do not stack. Only the highest rarity applies.	Stat boost effects from Life-Risking Trick Runes trigger {0} additional time. This effect is stackable.	1								After [Life-Risking Trick] Runes trigger {0} times, summons a demon to attack enemies, dealing {1}% <color=#ecd7bd>Physical</color> DMG. This is stackable.	3	60			10				true	251
20742	2	16	12	12	4	20742			Lucky One	Assets/Product/Texture/Image/UiTheatre5/UiTheatre5RuneSpecial.png	Duplicate effects do not stack. Only the highest rarity applies.	Life-Risking Trick Rune triggering chances are doubled.									After [Life-Risking Trick] Runes trigger {0} times, summons a demon to attack enemies, dealing {1}% <color=#ecd7bd>Physical</color> DMG. This is stackable.	3	60			10				true	252
20750	2	2	1	1	1	20750			First-Player Advantage [Blood DMG] I	Assets/Product/Texture/Image/UiTheatre5/UiTheatre5RuneAttackRed.png	Duplicate effects do not stack. Only the highest rarity applies.	Deals {1}% more <color=#f15265>Blood DMG</color> during the first {0}s of the battle.	12	14.25												1	11			true	615
20752	2	4	3	3	2	20750			First-Player Advantage [Blood DMG] II	Assets/Product/Texture/Image/UiTheatre5/UiTheatre5RuneAttackRed.png	Duplicate effects do not stack. Only the highest rarity applies.	Deals {1}% more <color=#f15265>Blood DMG</color> during the first {0}s of the battle.	12	28.5												1	11			true	616
20754	2	8	6	6	3	20750			First-Player Advantage [Blood DMG] III	Assets/Product/Texture/Image/UiTheatre5/UiTheatre5RuneAttackRed.png	Duplicate effects do not stack. Only the highest rarity applies.	Deals {1}% more <color=#f15265>Blood DMG</color> during the first {0}s of the battle.	12	42.75												1	11			true	617
20756	2	16	12	12	4	20750			First-Player Advantage [Blood DMG] IV	Assets/Product/Texture/Image/UiTheatre5/UiTheatre5RuneAttackRed.png	Duplicate effects do not stack. Only the highest rarity applies.	Deals {1}% more <color=#f15265>Blood DMG</color> during the first {0}s of the battle.	12	57			12	114								1	11			true	618
20758	2	2	1	1	1	20758			First-Player Advantage [Spirit DMG] I	Assets/Product/Texture/Image/UiTheatre5/UiTheatre5RuneAttackBlue.png	Duplicate effects do not stack. Only the highest rarity applies.	Deals {1}% more <color=#77baf0>Spirit DMG</color> during the first {0}s of the battle.	12	14.25												2	11			true	619
20760	2	4	3	3	2	20758			First-Player Advantage [Spirit DMG] II	Assets/Product/Texture/Image/UiTheatre5/UiTheatre5RuneAttackBlue.png	Duplicate effects do not stack. Only the highest rarity applies.	Deals {1}% more <color=#77baf0>Spirit DMG</color> during the first {0}s of the battle.	12	28.5												2	11			true	620
20762	2	8	6	6	3	20758			First-Player Advantage [Spirit DMG] III	Assets/Product/Texture/Image/UiTheatre5/UiTheatre5RuneAttackBlue.png	Duplicate effects do not stack. Only the highest rarity applies.	Deals {1}% more <color=#77baf0>Spirit DMG</color> during the first {0}s of the battle.	12	42.75												2	11			true	621
20764	2	16	12	12	4	20758			First-Player Advantage [Spirit DMG] IV	Assets/Product/Texture/Image/UiTheatre5/UiTheatre5RuneAttackBlue.png	Duplicate effects do not stack. Only the highest rarity applies.	Deals {1}% more <color=#77baf0>Spirit DMG</color> during the first {0}s of the battle.	12	57			12	114								2	11			true	622
20766	2	2	1	1	1	20766			First-Player Advantage [Holy DMG] I	Assets/Product/Texture/Image/UiTheatre5/UiTheatre5RuneAttackYellow.png	Duplicate effects do not stack. Only the highest rarity applies.	Deals {1}% more <color=#f2c870>Holy DMG</color> during the first {0}s of the battle.	12	14.25												3	11			true	623
20768	2	4	3	3	2	20766			First-Player Advantage [Holy DMG] II	Assets/Product/Texture/Image/UiTheatre5/UiTheatre5RuneAttackYellow.png	Duplicate effects do not stack. Only the highest rarity applies.	Deals {1}% more <color=#f2c870>Holy DMG</color> during the first {0}s of the battle.	12	28.5												3	11			true	624
20770	2	8	6	6	3	20766			First-Player Advantage [Holy DMG] III	Assets/Product/Texture/Image/UiTheatre5/UiTheatre5RuneAttackYellow.png	Duplicate effects do not stack. Only the highest rarity applies.	Deals {1}% more <color=#f2c870>Holy DMG</color> during the first {0}s of the battle.	12	42.75												3	11			true	625
20772	2	16	12	12	4	20766			First-Player Advantage [Holy DMG] IV	Assets/Product/Texture/Image/UiTheatre5/UiTheatre5RuneAttackYellow.png	Duplicate effects do not stack. Only the highest rarity applies.	Deals {1}% more <color=#f2c870>Holy DMG</color> during the first {0}s of the battle.	12	57			12	114								3	11			true	626
20774	2	2	1	1	1	20774			First-Player Advantage [Shield] I	Assets/Product/Texture/Image/UiTheatre5/UiTheatre5RuneWhite.png	Duplicate effects do not stack. Only the highest rarity applies.	Gains a {1}% <color=#fe8f7fc>Shield Strength</color> boost during the first {0}s of the battle.	12	14.25												4	11	4		true	627
20776	2	4	3	3	2	20774			First-Player Advantage [Shield] II	Assets/Product/Texture/Image/UiTheatre5/UiTheatre5RuneWhite.png	Duplicate effects do not stack. Only the highest rarity applies.	Gains a {1}% <color=#fe8f7fc>Shield Strength</color> boost during the first {0}s of the battle.	12	28.5												4	11	4		true	628
20778	2	8	6	6	3	20774			First-Player Advantage [Shield] III	Assets/Product/Texture/Image/UiTheatre5/UiTheatre5RuneWhite.png	Duplicate effects do not stack. Only the highest rarity applies.	Gains a {1}% <color=#fe8f7fc>Shield Strength</color> boost during the first {0}s of the battle.	12	42.75												4	11	4		true	629
20780	2	16	12	12	4	20774			First-Player Advantage [Shield] IV	Assets/Product/Texture/Image/UiTheatre5/UiTheatre5RuneWhite.png	Duplicate effects do not stack. Only the highest rarity applies.	Gains a {1}% <color=#fe8f7fc>Shield Strength</color> boost during the first {0}s of the battle.	12	57			12	114								4	11	4		true	630
20782	2	2	1	1	1	20782			First-Player Advantage [Recovery] I	Assets/Product/Texture/Image/UiTheatre5/UiTheatre5RuneGreen.png	Duplicate effects do not stack. Only the highest rarity applies.	Gains a {1}% <color=#6ad29b>Recovery Efficiency</color> boost during the first {0}s of the battle.	12	14.25												5	11	5		true	631
20784	2	4	3	3	2	20782			First-Player Advantage [Recovery] II	Assets/Product/Texture/Image/UiTheatre5/UiTheatre5RuneGreen.png	Duplicate effects do not stack. Only the highest rarity applies.	Gains a {1}% <color=#6ad29b>Recovery Efficiency</color> boost during the first {0}s of the battle.	12	28.5												5	11	5		true	632
20786	2	8	6	6	3	20782			First-Player Advantage [Recovery] III	Assets/Product/Texture/Image/UiTheatre5/UiTheatre5RuneGreen.png	Duplicate effects do not stack. Only the highest rarity applies.	Gains a {1}% <color=#6ad29b>Recovery Efficiency</color> boost during the first {0}s of the battle.	12	42.75												5	11	5		true	633
20788	2	16	12	12	4	20782			First-Player Advantage [Recovery] IV	Assets/Product/Texture/Image/UiTheatre5/UiTheatre5RuneGreen.png	Duplicate effects do not stack. Only the highest rarity applies.	Gains a {1}% <color=#6ad29b>Recovery Efficiency</color> boost during the first {0}s of the battle.	12	57			12	114								5	11	5		true	634
20790	2	16	12	12	4	20790			Blistering	Assets/Product/Texture/Image/UiTheatre5/UiTheatre5RuneSpecial.png	Duplicate effects do not stack. Only the highest rarity applies.	Speed Prologue Rune effects are doubled.									At the start of battle, summons a demon to perform a powerful attack, dealing {0}% <color=#ecd7bd>Physical</color> DMG, then increases the character's ATK by {1}% and DMG Reduction by {2}% until [Speed Prologue] Rune effects end. This is stackable.	150	20	20		11				true	273
20792	2	16	12	12	4	20792			Foresight	Assets/Product/Texture/Image/UiTheatre5/UiTheatre5RuneSpecial.png	Duplicate effects do not stack. Only the highest rarity applies.	Speed Prologue Rune's duration increases by {0}s.	4								At the start of battle, summons a demon to perform a powerful attack, dealing {0}% <color=#ecd7bd>Physical</color> DMG, then increases the character's ATK by {1}% and DMG Reduction by {2}% until [Speed Prologue] Rune effects end. This is stackable.	150	20	20		11				true	274
20794	2	16	12	12	4	20794			Preemptive Advantage	Assets/Product/Texture/Image/UiTheatre5/UiTheatre5RuneSpecial.png	Duplicate effects do not stack. Only the highest rarity applies.	Deals {1}% more DMG during the first {0}s of the battle.	12	40							At the start of battle, summons a demon to perform a powerful attack, dealing {0}% <color=#ecd7bd>Physical</color> DMG, then increases the character's ATK by {1}% and DMG Reduction by {2}% until [Speed Prologue] Rune effects end. This is stackable.	150	20	20		11				true	275
20800	2	2	1	1	1	20800			Obliterate [Blood DMG] I	Assets/Product/Texture/Image/UiTheatre5/UiTheatre5RuneAttackRed.png	Duplicate effects do not stack. Only the highest rarity applies.	Gains a {1}% <color=#f15265>Blood DMG</color> boost when the enemy's HP is below {0}%.	40	28.88												1	12			true	635
20802	2	4	3	3	2	20800			Obliterate [Blood DMG] II	Assets/Product/Texture/Image/UiTheatre5/UiTheatre5RuneAttackRed.png	Duplicate effects do not stack. Only the highest rarity applies.	Gains a {1}% <color=#f15265>Blood DMG</color> boost when the enemy's HP is below {0}%.	40	57.75												1	12			true	636
20804	2	8	6	6	3	20800			Obliterate [Blood DMG] III	Assets/Product/Texture/Image/UiTheatre5/UiTheatre5RuneAttackRed.png	Duplicate effects do not stack. Only the highest rarity applies.	Gains a {1}% <color=#f15265>Blood DMG</color> boost when the enemy's HP is below {0}%.	40	86.63												1	12			true	637
20806	2	16	12	12	4	20800			Obliterate [Blood DMG] IV	Assets/Product/Texture/Image/UiTheatre5/UiTheatre5RuneAttackRed.png	Duplicate effects do not stack. Only the highest rarity applies.	Gains a {1}% <color=#f15265>Blood DMG</color> boost when the enemy's HP is below {0}%.	40	115.5			40	231								1	12			true	638
20808	2	2	1	1	1	20808			Obliterate [Spirit DMG] I	Assets/Product/Texture/Image/UiTheatre5/UiTheatre5RuneAttackBlue.png	Duplicate effects do not stack. Only the highest rarity applies.	Gains a {1}% <color=#77baf0>Spirit DMG</color> boost when the enemy's HP is below {0}%.	40	28.88												2	12			true	639
20810	2	4	3	3	2	20808			Obliterate [Spirit DMG] II	Assets/Product/Texture/Image/UiTheatre5/UiTheatre5RuneAttackBlue.png	Duplicate effects do not stack. Only the highest rarity applies.	Gains a {1}% <color=#77baf0>Spirit DMG</color> boost when the enemy's HP is below {0}%.	40	57.75												2	12			true	640
20812	2	8	6	6	3	20808			Obliterate [Spirit DMG] III	Assets/Product/Texture/Image/UiTheatre5/UiTheatre5RuneAttackBlue.png	Duplicate effects do not stack. Only the highest rarity applies.	Gains a {1}% <color=#77baf0>Spirit DMG</color> boost when the enemy's HP is below {0}%.	40	86.63												2	12			true	641
20814	2	16	12	12	4	20808			Obliterate [Spirit DMG] IV	Assets/Product/Texture/Image/UiTheatre5/UiTheatre5RuneAttackBlue.png	Duplicate effects do not stack. Only the highest rarity applies.	Gains a {1}% <color=#77baf0>Spirit DMG</color> boost when the enemy's HP is below {0}%.	40	115.5			40	231								2	12			true	642
20816	2	2	1	1	1	20816			Obliterate [Holy DMG] I	Assets/Product/Texture/Image/UiTheatre5/UiTheatre5RuneAttackYellow.png	Duplicate effects do not stack. Only the highest rarity applies.	Gains a {1}% <color=#f2c870>Holy DMG</color> boost when the enemy's HP is below {0}%.	40	28.88												3	12			true	643
20818	2	4	3	3	2	20816			Obliterate [Holy DMG] II	Assets/Product/Texture/Image/UiTheatre5/UiTheatre5RuneAttackYellow.png	Duplicate effects do not stack. Only the highest rarity applies.	Gains a {1}% <color=#f2c870>Holy DMG</color> boost when the enemy's HP is below {0}%.	40	57.75												3	12			true	644
20820	2	8	6	6	3	20816			Obliterate [Holy DMG] III	Assets/Product/Texture/Image/UiTheatre5/UiTheatre5RuneAttackYellow.png	Duplicate effects do not stack. Only the highest rarity applies.	Gains a {1}% <color=#f2c870>Holy DMG</color> boost when the enemy's HP is below {0}%.	40	86.63												3	12			true	645
20822	2	16	12	12	4	20816			Obliterate [Holy DMG] IV	Assets/Product/Texture/Image/UiTheatre5/UiTheatre5RuneAttackYellow.png	Duplicate effects do not stack. Only the highest rarity applies.	Gains a {1}% <color=#f2c870>Holy DMG</color> boost when the enemy's HP is below {0}%.	40	115.5			40	231								3	12			true	646
20824	2	2	1	1	1	20824			Obliterate [Shield] I	Assets/Product/Texture/Image/UiTheatre5/UiTheatre5RuneWhite.png	Duplicate effects do not stack. Only the highest rarity applies.	Gains a {1}% <color=#fe8f7fc>Shield Strength</color> boost when the enemy's HP is below {0}%.	40	12.38												4	12	4		true	647
20826	2	4	3	3	2	20824			Obliterate [Shield] II	Assets/Product/Texture/Image/UiTheatre5/UiTheatre5RuneWhite.png	Duplicate effects do not stack. Only the highest rarity applies.	Gains a {1}% <color=#fe8f7fc>Shield Strength</color> boost when the enemy's HP is below {0}%.	40	24.75												4	12	4		true	648
20828	2	8	6	6	3	20824			Obliterate [Shield] III	Assets/Product/Texture/Image/UiTheatre5/UiTheatre5RuneWhite.png	Duplicate effects do not stack. Only the highest rarity applies.	Gains a {1}% <color=#fe8f7fc>Shield Strength</color> boost when the enemy's HP is below {0}%.	40	37.13												4	12	4		true	649
20830	2	16	12	12	4	20824			Obliterate [Shield] IV	Assets/Product/Texture/Image/UiTheatre5/UiTheatre5RuneWhite.png	Duplicate effects do not stack. Only the highest rarity applies.	Gains a {1}% <color=#fe8f7fc>Shield Strength</color> boost when the enemy's HP is below {0}%.	40	49.5			40	99								4	12	4		true	650
20832	2	2	1	1	1	20832			Obliterate [Recovery] I	Assets/Product/Texture/Image/UiTheatre5/UiTheatre5RuneGreen.png	Duplicate effects do not stack. Only the highest rarity applies.	Gains a {1}% <color=#6ad29b>Recovery Efficiency</color> boost when the enemy's HP is below {0}%.	40	12.38												5	12	5		true	651
20834	2	4	3	3	2	20832			Obliterate [Recovery] II	Assets/Product/Texture/Image/UiTheatre5/UiTheatre5RuneGreen.png	Duplicate effects do not stack. Only the highest rarity applies.	Gains a {1}% <color=#6ad29b>Recovery Efficiency</color> boost when the enemy's HP is below {0}%.	40	24.75												5	12	5		true	652
20836	2	8	6	6	3	20832			Obliterate [Recovery] III	Assets/Product/Texture/Image/UiTheatre5/UiTheatre5RuneGreen.png	Duplicate effects do not stack. Only the highest rarity applies.	Gains a {1}% <color=#6ad29b>Recovery Efficiency</color> boost when the enemy's HP is below {0}%.	40	37.13												5	12	5		true	653
20838	2	16	12	12	4	20832			Obliterate [Recovery] IV	Assets/Product/Texture/Image/UiTheatre5/UiTheatre5RuneGreen.png	Duplicate effects do not stack. Only the highest rarity applies.	Gains a {1}% <color=#6ad29b>Recovery Efficiency</color> boost when the enemy's HP is below {0}%.	40	49.5			40	99								5	12	5		true	654
20840	2	16	12	12	4	20840			Execute	Assets/Product/Texture/Image/UiTheatre5/UiTheatre5RuneSpecial.png	Duplicate effects do not stack. Only the highest rarity applies.	Death Hunter Runes can be triggered when the enemy's HP is below {0}%.	80								When [Death Hunter] Runes trigger, summons a demon to perform a powerful attack against enemies, dealing {0}% <color=#ecd7bd>Physical</color> DMG. Afterward, every {1} skills cast triggers this effect once. This is stackable.	240	3			12				true	296
20841	2	16	12	12	4	20841			Kill Mark	Assets/Product/Texture/Image/UiTheatre5/UiTheatre5RuneSpecial.png	Duplicate effects do not stack. Only the highest rarity applies.	Death Hunter Runes will remain for {0}s when the enemy's HP is restored to above the threshold.	5								When [Death Hunter] Runes trigger, summons a demon to perform a powerful attack against enemies, dealing {0}% <color=#ecd7bd>Physical</color> DMG. Afterward, every {1} skills cast triggers this effect once. This is stackable.	240	3			12				true	297
20842	2	16	12	12	4	20842			Deadly Point	Assets/Product/Texture/Image/UiTheatre5/UiTheatre5RuneSpecial.png	Duplicate effects do not stack. Only the highest rarity applies.	Death Hunter Rune effects increase by {0}%.	100								When [Death Hunter] Runes trigger, summons a demon to perform a powerful attack against enemies, dealing {0}% <color=#ecd7bd>Physical</color> DMG. Afterward, every {1} skills cast triggers this effect once. This is stackable.	240	3			12				true	298
20950	2	16	12	12	4	20950			Blasphemous Contract	Assets/Product/Texture/Image/UiTheatre5/UiTheatre5RuneSpecial.png	Duplicate effects do not stack. Only the highest rarity applies.	Suicidal Maniac Rune effects increase by {0}%.	100								When a [Suicidal Maniac] Rune is triggered, increases ATK by {0}%; at the same time, burns enemies to deal {1}% <color=#ecd7bd>Physical</color> DMG. Damage increases by {2}% every second, up to {3}%. This is stackable.	30	40	10	80	6				true	299
20952	2	16	12	12	4	20952			Final Rediance	Assets/Product/Texture/Image/UiTheatre5/UiTheatre5RuneSpecial.png	Duplicate effects do not stack. Only the highest rarity applies.	All elemental DMG increases by {1}% when HP is below {0}%.	20	57.6							When a [Suicidal Maniac] Rune is triggered, increases ATK by {0}%; at the same time, burns enemies to deal {1}% <color=#ecd7bd>Physical</color> DMG. Damage increases by {2}% every second, up to {3}%. This is stackable.	30	40	10	80	6				true	300
20954	2	16	12	12	4	20954			Born From Ashes	Assets/Product/Texture/Image/UiTheatre5/UiTheatre5RuneSpecial.png	Duplicate effects do not stack. Only the highest rarity applies.	No Time to Bleed Rune effects can trigger {0} additional time.	1								When a [No Time to Bleed] Rune is triggered, lightning randomly strikes both parties every second. When hitting enemies, directly deals {0}% <color=#ecd7bd>Physical</color> DMG. When hitting the user, increases ATK by {1}%, up to {2}%. The damage boost ends when [No Time to Bleed] Rune effects end. This is stackable.	30	10	50		8				true	301
20956	2	16	12	12	4	20956			Blood Resonance	Assets/Product/Texture/Image/UiTheatre5/UiTheatre5RuneSpecial.png	Duplicate effects do not stack. Only the highest rarity applies.	No Time to Bleed Rune effects increase by {0}%.	100								When a [No Time to Bleed] Rune is triggered, lightning randomly strikes both parties every second. When hitting enemies, directly deals {0}% <color=#ecd7bd>Physical</color> DMG. When hitting the user, increases ATK by {1}%, up to {2}%. The damage boost ends when [No Time to Bleed] Rune effects end. This is stackable.	30	10	50		8				true	302
20958	2	16	12	12	4	20958			Doomsday Hymn	Assets/Product/Texture/Image/UiTheatre5/UiTheatre5RuneSpecial.png	Duplicate effects do not stack. Only the highest rarity applies.	Runes active during the Death Speed phase have their effects increased by {0}%.	100								When a [Beyond Death] Rune is triggered, summons a demon every {0}s to attack enemies, dealing {1}% <color=#ecd7bd>Physical</color> DMG. This is stackable.	5	350			9				true	303
20960	2	16	12	12	4	20960			Silent Prologue	Assets/Product/Texture/Image/UiTheatre5/UiTheatre5RuneSpecial.png	Duplicate effects do not stack. Only the highest rarity applies.	Runes with [when not in Death Speed phase] conditions have their effects increased by {0}%.	100								When a [Beyond Death] Rune is triggered, summons a demon every {0}s to attack enemies, dealing {1}% <color=#ecd7bd>Physical</color> DMG. This is stackable.	5	350			9				true	304
20962	2	16	12	12	4	20962			Hunting Instinct	Assets/Product/Texture/Image/UiTheatre5/UiTheatre5RuneSpecial.png	Duplicate effects do not stack. Only the highest rarity applies.	Deals {1}% more DMG when enemy HP is below {0}%.	40	115.5							When [Death Hunter] Runes trigger, summons a demon to perform a powerful attack against enemies, dealing {0}% <color=#ecd7bd>Physical</color> DMG. Afterward, every {1} skills cast triggers this effect once. This is stackable.	240	3			12				true	305
20973	2	16	12	12	4	20964			Absolute Advantage	Assets/Product/Texture/Image/UiTheatre5/UiTheatre5RuneSpecial.png	Duplicate effects do not stack. Only the highest rarity applies.	When HP percentage is higher than the enemy's, increases ATK by {0}% and can trigger Death Hunter Rune effects.	77								When [Death Hunter] Runes trigger, summons a demon to perform a powerful attack against enemies, dealing {0}% <color=#ecd7bd>Physical</color> DMG. Afterward, every {1} skills cast triggers this effect once. This is stackable.	240	3			12				true	306
25001	2	16	8	8	4				Stats Up	Assets/Product/Texture/Image/UiTheatre5/UiTheatre5RuneSpecial.png		ATK Boost																			
25002	2	16	8	8	4				Stats Up	Assets/Product/Texture/Image/UiTheatre5/UiTheatre5RuneSpecial.png		ATK Boost																			
25003	2	16	8	8	4				Stats Up	Assets/Product/Texture/Image/UiTheatre5/UiTheatre5RuneSpecial.png		ATK Boost																			
25004	2	16	8	8	4				Stats Up	Assets/Product/Texture/Image/UiTheatre5/UiTheatre5RuneSpecial.png		ATK Boost																			
25005	2	16	8	8	4				Stats Up	Assets/Product/Texture/Image/UiTheatre5/UiTheatre5RuneSpecial.png		ATK Boost																			
25006	2	16	8	8	4				Stats Up	Assets/Product/Texture/Image/UiTheatre5/UiTheatre5RuneSpecial.png		ATK Boost																			
25007	2	16	8	8	4				Stats Up	Assets/Product/Texture/Image/UiTheatre5/UiTheatre5RuneSpecial.png		HP Up																			
31001	3	16	12	12	1				Rune Chest: Minor	Assets/Product/Texture/Image/UiTheatre5/UiTheatre5TreasureboxGreen.png	This mysterious rune chest hums with an otherworldly aura.	Crack it open to get a random Minor Rune.																			
31002	3	16	12	12	2				Rune Chest: Medium	Assets/Product/Texture/Image/UiTheatre5/UiTheatre5TreasureboxBlue.png	This mysterious rune chest hums with an otherworldly aura.	Crack it open to get a random Medium Rune.																			
31003	3	16	12	12	3				Rune Chest: Major	Assets/Product/Texture/Image/IconTools/IconRougeItem05.png	This mysterious rune chest hums with an otherworldly aura.	Crack it open to get a random Major Rune.																			
31004	3	16	12	12	4				Rune Chest: Extreme	Assets/Product/Texture/Image/UiTheatre5/UiTheatre5TreasureboxOrange.png	This mysterious rune chest hums with an otherworldly aura.	Crack it open to get a random Extreme Rune.																			
31011	3	16	12	12	4				Rune Chest: Random	Assets/Product/Texture/Image/IconTools/IconRougeItem04.png	This mysterious rune chest hums with an otherworldly aura.	Crack it open to get a random Rune.																			
31012	3	16	12	12	4				Rune Chest: Random	Assets/Product/Texture/Image/IconTools/IconRougeItem04.png	This mysterious rune chest hums with an otherworldly aura.	Crack it open to get a random Rune.																			
31021	3	16	12	12	4				Skill Chest: DMG	Assets/Product/Texture/Image/UiTheatre5/UiTheatre5IconRougeItem01.png	This mysterious skill chest hums with an otherworldly aura.	Crack it open to gain a random DMG Skill.																			
31022	3	16	12	12	4				Skill Chest	Assets/Product/Texture/Image/UiTheatre5/UiTheatre5IconRougeItem01.png	This mysterious skill chest hums with an otherworldly aura.	Crack it open to gain a random Skill.																			
40001	7	16	12	12	1				Inferno Bond	Assets/Product/Texture/Image/IconTools/UiTheatre4Item41.png		For the first {0} turns, gain {1} extra coins each time you enter the Mysterious Tavern, then lose {2} coin(s) per turn after that.	5	7	1															true	1
40002	7	16	12	12	1				Rune Chest: Common	Assets/Product/Texture/Image/IconTools/IconRougeItem04.png		Upon selecting this accessory, immediately gain {0} random blue Runes.	4																	true	2
40003	7	16	12	12	1				Mammon Fund	Assets/Product/Texture/Image/IconTools/IconActivityConsumeTic2101005.png		Upon upgrades, gain {0} random Rune whose rarity scales with level: Blue before Lv.{1}, and Purple from Lv.{2} onward.	1	3	3															true	3
40004	7	16	12	12	1				Arena Coin	Assets/Product/Texture/Image/IconTools/UiFingerGuessing2Img6.png		Each time you enter the Mysterious Tavern, gain {0} coins. When on a winning streak, gain an additional {1} coin (after turn {2}, gain {3} coins instead).	2	1	3	4														true	4
40005	7	16	12	12	1				Tavern VIP Card	Assets/Product/Texture/Image/IconTools/ItPointFriend001.png		Each time you enter the Mysterious Tavern, gain {0} free refresh.	1																	true	5
40006	7	16	12	12	1				Mysterious Book	Assets/Product/Texture/Image/IconTools/IconRougeItem028.png		Upon selecting this accessory, immediately gain {0} EXP. Afterwards, gain an additional {1} EXP each time you enter the Mysterious Tavern.	8	2																true	6
40007	7	16	12	12	1				Devil's Dividend	Assets/Product/Texture/Image/IconTools/IconSpringFestival001.png		Each time you enter the Mysterious Tavern, gain coins equal to the current turn number.																		true	7
40008	7	16	12	12	1				Rune Source	Assets/Product/Texture/Image/IconTools/IconRougeItem031.png		Each time you enter the Mysterious Tavern, gain {0} random green Rune. Every {1} wins, the Rune rarity upgrades.	1	2																true	8
40009	7	16	12	12	1				Lucky Ring	Assets/Product/Texture/Image/IconTools/IconTheatre16.png		Upon selecting this accessory, immediately gain {0} coins. Afterwards, each time you visit the Mysterious Tavern after a winning streak, earn coins equal to {1}x your streak count, up to {2} coins per visit.	6	2	10															true	9
40010	7	16	12	12	1				Veteran Medal	Assets/Product/Texture/Image/IconTools/IconActivityConsume2031001.png		For every {0} character level(s) gained, receive {1} coins. When entering battle, gain bonus stats based on the current level: {2} Attack and {3} Health per level.	1	2	6	35														true	10
40011	7	16	12	12	1				Traveler's Pack	Assets/Product/Texture/Image/IconTools/IconActivityGift2005010.png		Each time you enter the Mysterious Tavern, gain {1} bonus EXP for every {0} empty slot(s) in your inventory.	1	1																true	11
40012	7	16	12	12	1				Dream Compass	Assets/Product/Texture/Image/IconTools/UiTheatre4Item43.png		For every {0} character level gained, receive {1} free refresh.	1	1																true	12
40013	7	16	12	12	1				Mammon's Bet	Assets/Product/Texture/Image/IconTools/IconRougeItem08.png		When the character reaches Lv.{0}, gain {1} coins.	9	60																true	13
40014	7	16	12	12	1				Apprentice's Notes	Assets/Product/Texture/Image/IconTools/IconRougeItem015.png		Each time you enter the Mysterious Tavern, gain {0} bonus EXP. After winning, gain an additional {1} EXP.	2	3																true	14
40015	7	16	12	12	1				Bandit's Hand	Assets/Product/Texture/Image/IconTools/ItCharAprilFoolsDay01.png		Each time you enter the Mysterious Tavern, steal {0} random Rune from the tavern, but lose {1} coins.	1	6																true	15
40016	7	16	12	12	1				Ghost of the Defeated	Assets/Product/Texture/Image/IconTools/IconRougeItem017.png		Each time you enter the Mysterious Tavern after a defeat, gain {0} coins and receive free refreshes based on your cumulative defeats.	5																	true	16
40017	7	16	12	12	1				Iridescent Conch	Assets/Product/Texture/Image/IconTools/IconActivityConsume2024001.png		When entering the Mysterious Tavern, gain {0} EXP for each unique tag among equipped Runes.	1																	true	17
40018	7	16	12	12	1				Rune Chest: Rare	Assets/Product/Texture/Image/IconTools/IconRougeItem05.png		Upon selecting this accessory, randomly gain {0} purple Runes.	4																	true	18
40019	7	16	12	12	1				Dice of Fate	Assets/Product/Texture/Image/IconTools/UiDragPuzzleItem08.png		Each time you enter the Mysterious Tavern, the Rune in the leftmost inventory slot is randomly replaced with a different Rune of one higher rarity, but you lose {0} Coins.	2																	true	19
40022	7	16	12	12	1				Hero's Treasure	Assets/Product/Texture/Image/IconTools/IconColorTableItem001.png		After {0} victories, gain {1} coins.	6	50																true	20
40023	7	16	12	12	1				Rune Chest: Epic	Assets/Product/Texture/Image/IconTools/IconRougeItem029.png		Upon selecting this accessory, randomly gain {0} orange Runes.	2																	true	21
40101	7	16	12	12	1		3		Backup Magazine	Assets/Product/Texture/Image/IconTools/IconMaverick3Activity01.png		[Silent Annihilation] fires {1} bullets for the first {0} casts.	2	2																true	22
40102	7	16	12	12	1		3		Life Gem	Assets/Product/Texture/Image/IconTools/IconRougeItem011.png		When either party's HP is below {0}%, the Shield gained from [Assault Reform] increases to {1}x.	30	2.2																true	23
40103	7	16	12	12	1		1		Ranger Mark	Assets/Product/Texture/Image/IconTools/IconPokerGuessing02.png		After a successful Dodge, consecutively uses [Flanking Shot] {0} times, and the skill's damage multiplier increases by {1}% (can trigger once every {2}s, up to {3}%).	2	20	6	60														true	24
40104	7	16	12	12	1		1		Harvest Crown	Assets/Product/Texture/Image/IconTools/IconTheatre14.png		When HP percentage is higher than the enemy's, [Blast Strike]'s HP recovery efficiency increases to {0}%.	200																	true	25
40105	7	16	12	12	1		2		Echo Amber	Assets/Product/Texture/Image/IconTools/UiInvertCardGameItem06.png		Damage dealt by [Thunder Cleave] during the first {0} casts will be dealt to enemies again when enemy HP first drops below {1}%.	4	40																true	26
40106	7	16	12	12	1		2		Forged Heart	Assets/Product/Texture/Image/IconTools/IconActivityConsume2039001.png		When equipped with [Abyssal Penalty], gains additional Shield equal to {1}% max HP every {0}s. When HP is below {2}%, the Shield granted is equal to {3}% max HP instead.	10	7	40	14														true	27
40107	7	16	12	12	1		4		Lucky Chip	Assets/Product/Texture/Image/IconTools/IconActivityConsume2007001.png		After casting [Crystal Sanctum], [Shadow Card] grants the character {0}% ATK increase until the battle ends, up to {1} times.	10	4																true	28
40108	7	16	12	12	1		4		Phoenix Tail	Assets/Product/Texture/Image/IconTools/IconActivityConsume2028001.png		When equipped with [Phoenix Rising], its HP recovery increases by {0}%. During the Death Speed phase, the HP recovery bonus increases to {1}%.	32	64																true	29
40109	7	16	12	12	1				Artisan Blueprint	Assets/Product/Texture/Image/IconTools/UiTheatre5Icon08.png		Gains {1} bonus ATK upon entering battle for every {0} blue Runes equipped.	2	40																true	30
40110	7	16	12	12	1				Giant Killer	Assets/Product/Texture/Image/IconTools/ItPointEvent004.png		In battle, deals {0}% more DMG against enemies whose Max HP is greater than your own.	60																	true	31
40111	7	16	12	12	1				Armor-Piercing Round	Assets/Product/Texture/Image/IconTools/IconMaverick3Activity02.png		In battle, each time DMG is dealt, additionally deals DMG equal to {0}% of that DMG to enemy shields. When the enemy has no shield, restores HP equal to {1}% of the DMG dealt.	60	12																true	32
40112	7	16	12	12	1				Blood Rose	Assets/Product/Texture/Image/IconTools/IconActivityConsume2027001.png		In battle, for every {0} HP enemies recover, steals {1} HP from them.	5000	2000																true	33
40113	7	16	12	12	1				Berserker's Blood	Assets/Product/Texture/Image/IconTools/UiNonogramItem09.png		In battle, loses {0}% HP every second while dealing damage to enemies equal to {1}% of the HP lost for {2}s.	5	100	10															true	34
40114	7	16	12	12	1				Fighter's Belt	Assets/Product/Texture/Image/IconTools/IconRougeItem034.png		In battle, HP increases by {0}% and ATK increases by {1}%.	14	14																true	35
40115	7	16	12	12	1				Elemental Prism	Assets/Product/Texture/Image/IconTools/IconActivityConsumeTic2017002.png		Gain {1} bonus HP upon entering battle for every {0} archetype Runes equipped.	1	200																true	36
40116	7	16	12	12	1				Epic Manuscript	Assets/Product/Texture/Image/IconTools/UiTheatre5Icon07.png		Gains {1} bonus ATK upon entering battle for every {0} purple Runes equipped.	2	50																true	37
40124	7	16	12	12	1				Vitrum Crystal	Assets/Product/Texture/Image/IconTools/UiLivWarmItem02.png		Upon entering battle, gain {1} bonus ATK for every {0} archetype Rune equipped.	1	18																true	38
40125	7	16	12	12	1				Genesis Scripture	Assets/Product/Texture/Image/IconTools/UiTheatre5Icon06.png		Gains {1} bonus ATK upon entering battle for every {0} orange Runes equipped.	2	40																true	39
40126	7	16	12	12	1				Gilded Dagger	Assets/Product/Texture/Image/IconTools/UiTheatre5Icon09.png		For every {0} coins owned, ATK increases by {1} and HP increases by {2} when entering battle.	10	8	200															true	40
40201	7	16	12	12	1				Undeath Mark	Assets/Product/Texture/Image/IconTools/UiTheatre5Icon10.png		Each time you enter the Mysterious Tavern, {0} "Suicidal Maniac" Orange Rune may appear in the shop (Alchemy Hammer may appear starting from Round {1}), until all qualifying items have been purchased.	1	7																true	41
40202	7	16	12	12	1				Boiling Blood Mark	Assets/Product/Texture/Image/IconTools/UiTheatre5Icon12.png		Each time you enter the Mysterious Tavern, {0} "No Time to Bleed" Orange Rune may appear in the shop (Alchemy Hammer may appear starting from Round {1}), until all qualifying items have been purchased.	1	7																true	42
40203	7	16	12	12	1				Deathscape Mark	Assets/Product/Texture/Image/IconTools/UiTheatre5Icon13.png		Each time you enter the Mysterious Tavern, {0} "Beyond Death" Orange Rune may appear in the shop (Alchemy Hammer may appear starting from Round {1}), until all qualifying items have been purchased.	1	7																true	43
40204	7	16	12	12	1				Rapid Mark	Assets/Product/Texture/Image/IconTools/UiTheatre5Icon15.png		Each time you enter the Mysterious Tavern, {0} "Speed Prologue" Orange Rune may appear in the shop (Alchemy Hammer may appear starting from Round {1}), until all qualifying items have been purchased.	1	7																true	44
40205	7	16	12	12	1				Deathhunt Mark	Assets/Product/Texture/Image/IconTools/UiTheatre5Icon16.png		Each time you enter the Mysterious Tavern, {0} "Death Hunter" Orange Rune may appear in the shop (Alchemy Hammer may appear starting from Round {1}), until all qualifying items have been purchased.	1	7																true	45
40206	7	16	12	12	1				Calamity Mark	Assets/Product/Texture/Image/IconTools/UiTheatre5Icon11.png		Each time you enter the Mysterious Tavern, {0} "Rhythmic Suffering" Orange Rune may appear in the shop (Alchemy Hammer may appear starting from Round {1}), until all qualifying items have been purchased.	1	7																true	46
40207	7	16	12	12	1				Life-Risking Mark	Assets/Product/Texture/Image/IconTools/UiTheatre5Icon14.png		Each time you enter the Mysterious Tavern, {0} "Life-Risking Trick" Orange Rune may appear in the shop (Alchemy Hammer may appear starting from Round {1}), until all qualifying items have been purchased.	1	7																true	47
40208	7	16	12	12	1				Bloodthirsty Vessel	Assets/Product/Texture/Image/IconTools/IconActivityConsume2038001.png		In battle, loses {0}% HP upon entry (will not fall below 1%) and gains a shield equal to the original amount of HP lost. All DMG increases by {1}% for 10s afterward.	40	45																true	48
40209	7	16	12	12	1				Fate Wheel Pact	Assets/Product/Texture/Image/IconTools/IconActivityConsume2020001.png		When HP first drops below 80% in battle, deals Physical DMG equal to {1}% of ATK once for every {0} skill previously triggered, up to 5 times.	1	175																true	49
40210	7	16	12	12	1				Blessing Talisman	Assets/Product/Texture/Image/IconTools/IconActivityRPG02.png		In battle, becomes immune to all DMG for {0}s after entering Death Speed state.	4																	true	50
40211	7	16	12	12	1				Temporal Rift	Assets/Product/Texture/Image/IconTools/IconActivityConsume2026001.png		In battle, for every {0} activations of "Rhythmic Suffering" or "Life-Risking Trick" Runes, gains {1}% all-DMG boost for 2s. This effect can stack.	1	65																true	51
40212	7	16	12	12	1				Acheron Guardian	Assets/Product/Texture/Image/IconTools/IconActivityPointQuest2004001.png		Increases Max HP by {0}% in battle. If the character differs from the enemy's, gains an additional {1}% Max HP.	30	15																true	52
40213	7	16	12	12	1				Devil's Contract	Assets/Product/Texture/Image/IconTools/IconActivityConsume2006002.png		Demons and fireballs summoned by Rune enhancement effects deal {0}% more DMG.	60																	true	53
50001	6	20	15	15	4				Alchemy Hammer: Universal	Assets/Product/Texture/Image/IconTools/UiTheatre5Icon05.png		Can enhance any orange Runes.																			
50002	6	20	15	15	4				Alchemy Hammer: Blood	Assets/Product/Texture/Image/IconTools/UiTheatre5Icon05.png		Can enhance any orange Rune with the Blood tag.														1					
50003	6	20	15	15	4				Alchemy Hammer: Spirit	Assets/Product/Texture/Image/IconTools/UiTheatre5Icon05.png		Can enhance any orange Rune with the Spirit tag.														2					
50004	6	20	15	15	4				Alchemy Hammer: Holy	Assets/Product/Texture/Image/IconTools/UiTheatre5Icon05.png		Can enhance any orange Rune with the Holy tag.														3					
50005	6	20	15	15	4				Alchemy Hammer: Shield	Assets/Product/Texture/Image/IconTools/UiTheatre5Icon05.png		Can enhance any orange Rune with the Shield Strength tag.														4					
50006	6	20	15	15	4				Alchemy Hammer: Recovery	Assets/Product/Texture/Image/IconTools/UiTheatre5Icon05.png		Can enhance any orange Rune with the Recovery Efficiency tag.														5					
50007	6	20	15	15	4				Alchemy Hammer: Suicidal Maniac	Assets/Product/Texture/Image/IconTools/UiTheatre5Icon05.png		Can enhance any orange Rune with the Suicidal Maniac tag.														6					
50008	6	20	15	15	4				Alchemy Hammer: Rhythmic Suffering	Assets/Product/Texture/Image/IconTools/UiTheatre5Icon05.png		Can enhance any orange Rune with the Rhythmic Suffering tag.														7					
50009	6	20	15	15	4				Alchemy Hammer: No Time to Bleed	Assets/Product/Texture/Image/IconTools/UiTheatre5Icon05.png		Can enhance any orange Rune with the No Time to Bleed tag.														8					
50010	6	20	15	15	4				Alchemy Hammer: Beyond Death	Assets/Product/Texture/Image/IconTools/UiTheatre5Icon05.png		Can enhance any orange Rune with the Beyond Death tag.														9					
50011	6	20	15	15	4				Alchemy Hammer: Life-Risking Trick	Assets/Product/Texture/Image/IconTools/UiTheatre5Icon05.png		Can enhance any orange Rune with the Life-Risking Trick tag.														10					
50012	6	20	15	15	4				Alchemy Hammer: Speed Prologue	Assets/Product/Texture/Image/IconTools/UiTheatre5Icon05.png		Can enhance any orange Rune with the Speed Prologue tag.														11					
50013	6	20	15	15	4				Alchemy Hammer: Death Hunter	Assets/Product/Texture/Image/IconTools/UiTheatre5Icon05.png		Can enhance any orange Rune with the Death Hunter tag.														12					
61011	7	16	12	12	1				Arena Coin	Assets/Product/Texture/Image/IconTools/UiFingerGuessing2Img6.png		Gain {0} coins. Afterwards, obtain {1} coins each time you enter the Mysterious Tavern. Earn an additional {2} coins during winning streaks.	6	3	2																1
61012	7	16	12	12	1				Arena Coin	Assets/Product/Texture/Image/IconTools/UiFingerGuessing2Img6.png		Gain {0} coins. Afterwards, obtain {1} coins each time you enter the Mysterious Tavern. Earn an additional {2} coins during winning streaks.	14	3	2																2
61013	7	16	12	12	1				Arena Coin	Assets/Product/Texture/Image/IconTools/UiFingerGuessing2Img6.png		Gain {0} coins. Afterwards, obtain {1} coins each time you enter the Mysterious Tavern. Earn an additional {2} coins during winning streaks.	22	3	2																3
61014	7	16	12	12	1				Arena Coin	Assets/Product/Texture/Image/IconTools/UiFingerGuessing2Img6.png		Gain {0} coins. Afterwards, obtain {1} coins each time you enter the Mysterious Tavern. Earn an additional {2} coins during winning streaks.	30	3	2																4
61015	7	16	12	12	1				Arena Coin	Assets/Product/Texture/Image/IconTools/UiFingerGuessing2Img6.png		Gain {0} coins. Afterwards, obtain {1} coins each time you enter the Mysterious Tavern. Earn an additional {2} coins during winning streaks.	38	3	2																5
61021	7	16	12	12	1				Tavern VIP Card	Assets/Product/Texture/Image/IconTools/ItPointFriend001.png		Gain {0} coins. Afterwards, obtain {1} free refreshes each time you enter the Mysterious Tavern.	24	2																	7
61022	7	16	12	12	1				Tavern VIP Card	Assets/Product/Texture/Image/IconTools/ItPointFriend001.png		Gain {0} coins. Afterwards, obtain {1} free refreshes each time you enter the Mysterious Tavern.	32	2																	8
61023	7	16	12	12	1				Tavern VIP Card	Assets/Product/Texture/Image/IconTools/ItPointFriend001.png		Gain {0} coins. Afterwards, obtain {1} free refreshes each time you enter the Mysterious Tavern.	40	2																	9
61024	7	16	12	12	1				Tavern VIP Card	Assets/Product/Texture/Image/IconTools/ItPointFriend001.png		Gain {0} coins. Afterwards, obtain {1} free refreshes each time you enter the Mysterious Tavern.	48	2																	10
61025	7	16	12	12	1				Tavern VIP Card	Assets/Product/Texture/Image/IconTools/ItPointFriend001.png		Gain {0} coins. Afterwards, obtain {1} free refreshes each time you enter the Mysterious Tavern.	56	2																	11
61031	7	16	12	12	1				Lucky Ring	Assets/Product/Texture/Image/IconTools/IconTheatre16.png		Gain {0} coins. Afterwards, whenever you enter the Mysterious Tavern on a winning streak, earn coins equal to {1}x your streak count, up to {2} coins each time.	6	2	8																13
61032	7	16	12	12	1				Lucky Ring	Assets/Product/Texture/Image/IconTools/IconTheatre16.png		Gain {0} coins. Afterwards, whenever you enter the Mysterious Tavern on a winning streak, earn coins equal to {1}x your streak count, up to {2} coins each time.	14	2	8																14
61033	7	16	12	12	1				Lucky Ring	Assets/Product/Texture/Image/IconTools/IconTheatre16.png		Gain {0} coins. Afterwards, whenever you enter the Mysterious Tavern on a winning streak, earn coins equal to {1}x your streak count, up to {2} coins each time.	22	2	8																15
61034	7	16	12	12	1				Lucky Ring	Assets/Product/Texture/Image/IconTools/IconTheatre16.png		Gain {0} coins. Afterwards, whenever you enter the Mysterious Tavern on a winning streak, earn coins equal to {1}x your streak count, up to {2} coins each time.	30	2	8																16
61035	7	16	12	12	1				Lucky Ring	Assets/Product/Texture/Image/IconTools/IconTheatre16.png		Gain {0} coins. Afterwards, whenever you enter the Mysterious Tavern on a winning streak, earn coins equal to {1}x your streak count, up to {2} coins each time.	38	2	8																17
61041	7	16	12	12	1				Veteran Medal	Assets/Product/Texture/Image/IconTools/IconActivityConsume2031001.png		Gain {0} coins. When entering battle, gain {1} ATK and {2} HP.	12	18	600																19
61042	7	16	12	12	1				Veteran Medal	Assets/Product/Texture/Image/IconTools/IconActivityConsume2031001.png		Gain {0} coins. When entering battle, gain {1} ATK and {2} HP.	12	24	600																20
61043	7	16	12	12	1				Veteran Medal	Assets/Product/Texture/Image/IconTools/IconActivityConsume2031001.png		Gain {0} coins. When entering battle, gain {1} ATK and {2} HP.	12	30	700																21
61044	7	16	12	12	1				Veteran Medal	Assets/Product/Texture/Image/IconTools/IconActivityConsume2031001.png		Gain {0} coins. When entering battle, gain {1} ATK and {2} HP.	12	36	800																22
61045	7	16	12	12	1				Veteran Medal	Assets/Product/Texture/Image/IconTools/IconActivityConsume2031001.png		Gain {0} coins. When entering battle, gain {1} ATK and {2} HP.	12	42	900																23
61051	7	16	12	12	1				Bandit's Hand	Assets/Product/Texture/Image/IconTools/ItCharAprilFoolsDay01.png		Gain {0} coins. Afterwards, each time you enter the Mysterious Tavern, steal {1} random Rune from the tavern, but lose {2} coins.	10	1	6																25
61052	7	16	12	12	1				Bandit's Hand	Assets/Product/Texture/Image/IconTools/ItCharAprilFoolsDay01.png		Gain {0} coins. Afterwards, each time you enter the Mysterious Tavern, steal {1} random Rune from the tavern, but lose {2} coins.	18	1	6																26
61053	7	16	12	12	1				Bandit's Hand	Assets/Product/Texture/Image/IconTools/ItCharAprilFoolsDay01.png		Gain {0} coins. Afterwards, each time you enter the Mysterious Tavern, steal {1} random Rune from the tavern, but lose {2} coins.	18	1	5																27
61054	7	16	12	12	1				Bandit's Hand	Assets/Product/Texture/Image/IconTools/ItCharAprilFoolsDay01.png		Gain {0} coins. Afterwards, each time you enter the Mysterious Tavern, steal {1} random Rune from the tavern, but lose {2} coins.	18	1	4																28
61055	7	16	12	12	1				Bandit's Hand	Assets/Product/Texture/Image/IconTools/ItCharAprilFoolsDay01.png		Gain {0} coins. Afterwards, each time you enter the Mysterious Tavern, steal {1} random Rune from the tavern, but lose {2} coins.	18	1	2																29
61061	7	16	12	12	1				Iridescent Conch	Assets/Product/Texture/Image/IconTools/IconActivityConsume2024001.png		Gain {0} coin(s). Afterwards, each time you enter the Mysterious Tavern, earn coins equal to {1}x the number of different archetype tags on your equipped Runes.	6	1																	31
61062	7	16	12	12	1				Iridescent Conch	Assets/Product/Texture/Image/IconTools/IconActivityConsume2024001.png		Gain {0} coin(s). Afterwards, each time you enter the Mysterious Tavern, earn coins equal to {1}x the number of different archetype tags on your equipped Runes.	10	1																	32
61063	7	16	12	12	1				Iridescent Conch	Assets/Product/Texture/Image/IconTools/IconActivityConsume2024001.png		Gain {0} coin(s). Afterwards, each time you enter the Mysterious Tavern, earn coins equal to {1}x the number of different archetype tags on your equipped Runes.	10	2																	33
61064	7	16	12	12	1				Iridescent Conch	Assets/Product/Texture/Image/IconTools/IconActivityConsume2024001.png		Gain {0} coin(s). Afterwards, each time you enter the Mysterious Tavern, earn coins equal to {1}x the number of different archetype tags on your equipped Runes.	14	2																	34
61065	7	16	12	12	1				Iridescent Conch	Assets/Product/Texture/Image/IconTools/IconActivityConsume2024001.png		Gain {0} coin(s). Afterwards, each time you enter the Mysterious Tavern, earn coins equal to {1}x the number of different archetype tags on your equipped Runes.	18	2																	35
61071	7	16	12	12	1				Dice of Fate	Assets/Product/Texture/Image/IconTools/UiDragPuzzleItem08.png		Gain {0} coins. Afterwards, each time you enter the Mysterious Tavern, the Rune in the leftmost inventory slot will be randomly replaced with another of one higher rarity level.	6																		37
61072	7	16	12	12	1				Dice of Fate	Assets/Product/Texture/Image/IconTools/UiDragPuzzleItem08.png		Gain {0} coins. Afterwards, each time you enter the Mysterious Tavern, the Rune in the leftmost inventory slot will be randomly replaced with another of one higher rarity level.	14																		38
61073	7	16	12	12	1				Dice of Fate	Assets/Product/Texture/Image/IconTools/UiDragPuzzleItem08.png		Gain {0} coins. Afterwards, each time you enter the Mysterious Tavern, the Rune in the leftmost inventory slot will be randomly replaced with another of one higher rarity level.	20																		39
61074	7	16	12	12	1				Dice of Fate	Assets/Product/Texture/Image/IconTools/UiDragPuzzleItem08.png		Gain {0} coins. Afterwards, each time you enter the Mysterious Tavern, the Rune in the leftmost inventory slot will be randomly replaced with another of one higher rarity level.	26																		40
61075	7	16	12	12	1				Dice of Fate	Assets/Product/Texture/Image/IconTools/UiDragPuzzleItem08.png		Gain {0} coins. Afterwards, each time you enter the Mysterious Tavern, the Rune in the leftmost inventory slot will be randomly replaced with another of one higher rarity level.	32																		41
61081	7	16	12	12	1				Rune Chest: Epic	Assets/Product/Texture/Image/IconTools/IconRougeItem029.png		Gain {0} random Orange Runes.	2																		43
61082	7	16	12	12	1				Rune Chest: Epic	Assets/Product/Texture/Image/IconTools/IconRougeItem029.png		Gain {0} random Orange Runes.	3																		44
61083	7	16	12	12	1				Rune Chest: Epic	Assets/Product/Texture/Image/IconTools/IconRougeItem029.png		Gain {0} random Orange Runes.	3																		45
61084	7	16	12	12	1				Rune Chest: Epic	Assets/Product/Texture/Image/IconTools/IconRougeItem029.png		Gain {0} random Orange Runes.	4																		46
61091	7	16	12	12	1				Giant Killer	Assets/Product/Texture/Image/IconTools/ItPointEvent004.png		In battle, deals {1}% more DMG against enemies whose Max HP is greater than or equal to {0}% of your character's Max HP.	100	15																	47
61092	7	16	12	12	1				Giant Killer	Assets/Product/Texture/Image/IconTools/ItPointEvent004.png		In battle, deals {1}% more DMG against enemies whose Max HP is greater than or equal to {0}% of your character's Max HP.	100	30																	48
61093	7	16	12	12	1				Giant Killer	Assets/Product/Texture/Image/IconTools/ItPointEvent004.png		In battle, deals {1}% more DMG against enemies whose Max HP is greater than or equal to {0}% of your character's Max HP.	100	45																	49
61094	7	16	12	12	1				Giant Killer	Assets/Product/Texture/Image/IconTools/ItPointEvent004.png		In battle, deals {1}% more DMG against enemies whose Max HP is greater than or equal to {0}% of your character's Max HP.	100	60																	50
61095	7	16	12	12	1				Giant Killer	Assets/Product/Texture/Image/IconTools/ItPointEvent004.png		In battle, deals {1}% more DMG against enemies whose Max HP is greater than or equal to {0}% of your character's Max HP.	100	75																	51
61101	7	16	12	12	1				Armor-Piercing Round	Assets/Product/Texture/Image/IconTools/IconMaverick3Activity02.png		In battle, each time DMG is dealt, additionally deals DMG equal to {0}% of that DMG to enemy shields. When the enemy has no shield, restores HP equal to {1}% of the DMG dealt.	20	4																	52
61102	7	16	12	12	1				Armor-Piercing Round	Assets/Product/Texture/Image/IconTools/IconMaverick3Activity02.png		In battle, each time DMG is dealt, additionally deals DMG equal to {0}% of that DMG to enemy shields. When the enemy has no shield, restores HP equal to {1}% of the DMG dealt.	40	8																	53
61103	7	16	12	12	1				Armor-Piercing Round	Assets/Product/Texture/Image/IconTools/IconMaverick3Activity02.png		In battle, each time DMG is dealt, additionally deals DMG equal to {0}% of that DMG to enemy shields. When the enemy has no shield, restores HP equal to {1}% of the DMG dealt.	60	12																	54
61104	7	16	12	12	1				Armor-Piercing Round	Assets/Product/Texture/Image/IconTools/IconMaverick3Activity02.png		In battle, each time DMG is dealt, additionally deals DMG equal to {0}% of that DMG to enemy shields. When the enemy has no shield, restores HP equal to {1}% of the DMG dealt.	80	16																	55
61105	7	16	12	12	1				Armor-Piercing Round	Assets/Product/Texture/Image/IconTools/IconMaverick3Activity02.png		In battle, each time DMG is dealt, additionally deals DMG equal to {0}% of that DMG to enemy shields. When the enemy has no shield, restores HP equal to {1}% of the DMG dealt.	100	20																	56
61111	7	16	12	12	1				Blood Rose	Assets/Product/Texture/Image/IconTools/IconActivityConsume2027001.png		In battle, for every {0} HP enemies recover, steals {1} HP from them.	5000	500																	57
61112	7	16	12	12	1				Blood Rose	Assets/Product/Texture/Image/IconTools/IconActivityConsume2027001.png		In battle, for every {0} HP enemies recover, steals {1} HP from them.	5000	1000																	58
61113	7	16	12	12	1				Blood Rose	Assets/Product/Texture/Image/IconTools/IconActivityConsume2027001.png		In battle, for every {0} HP enemies recover, steals {1} HP from them.	5000	1500																	59
61114	7	16	12	12	1				Blood Rose	Assets/Product/Texture/Image/IconTools/IconActivityConsume2027001.png		In battle, for every {0} HP enemies recover, steals {1} HP from them.	5000	2000																	60
61115	7	16	12	12	1				Blood Rose	Assets/Product/Texture/Image/IconTools/IconActivityConsume2027001.png		In battle, for every {0} HP enemies recover, steals {1} HP from them.	5000	2500																	61
61121	7	16	12	12	1				Berserker's Blood	Assets/Product/Texture/Image/IconTools/UiNonogramItem09.png		In battle, loses {0}% HP every second while dealing DMG to enemies equal to {1}% of the HP lost for 10s.	3	100																	62
61122	7	16	12	12	1				Berserker's Blood	Assets/Product/Texture/Image/IconTools/UiNonogramItem09.png		In battle, loses {0}% HP every second while dealing DMG to enemies equal to {1}% of the HP lost for 10s.	4	100																	63
61123	7	16	12	12	1				Berserker's Blood	Assets/Product/Texture/Image/IconTools/UiNonogramItem09.png		In battle, loses {0}% HP every second while dealing DMG to enemies equal to {1}% of the HP lost for 10s.	5	100																	64
61124	7	16	12	12	1				Berserker's Blood	Assets/Product/Texture/Image/IconTools/UiNonogramItem09.png		In battle, loses {0}% HP every second while dealing DMG to enemies equal to {1}% of the HP lost for 10s.	5	115																	65
61125	7	16	12	12	1				Berserker's Blood	Assets/Product/Texture/Image/IconTools/UiNonogramItem09.png		In battle, loses {0}% HP every second while dealing DMG to enemies equal to {1}% of the HP lost for 10s.	5	130																	66
61131	7	16	12	12	1				Bloodthirsty Vessel	Assets/Product/Texture/Image/IconTools/IconActivityConsume2038001.png		In battle, loses {0}% HP upon entry (will not fall below 1%) and gains a shield equal to the original amount of HP lost. All DMG increases by {1}% for 10s afterward.	40	15																	67
61132	7	16	12	12	1				Bloodthirsty Vessel	Assets/Product/Texture/Image/IconTools/IconActivityConsume2038001.png		In battle, loses {0}% HP upon entry (will not fall below 1%) and gains a shield equal to the original amount of HP lost. All DMG increases by {1}% for 10s afterward.	40	30																	68
61133	7	16	12	12	1				Bloodthirsty Vessel	Assets/Product/Texture/Image/IconTools/IconActivityConsume2038001.png		In battle, loses {0}% HP upon entry (will not fall below 1%) and gains a shield equal to the original amount of HP lost. All DMG increases by {1}% for 10s afterward.	40	45																	69
61134	7	16	12	12	1				Bloodthirsty Vessel	Assets/Product/Texture/Image/IconTools/IconActivityConsume2038001.png		In battle, loses {0}% HP upon entry (will not fall below 1%) and gains a shield equal to the original amount of HP lost. All DMG increases by {1}% for 10s afterward.	40	60																	70
61135	7	16	12	12	1				Bloodthirsty Vessel	Assets/Product/Texture/Image/IconTools/IconActivityConsume2038001.png		In battle, loses {0}% HP upon entry (will not fall below 1%) and gains a shield equal to the original amount of HP lost. All DMG increases by {1}% for 10s afterward.	40	75																	71
61141	7	16	12	12	1				Fate Wheel Pact	Assets/Product/Texture/Image/IconTools/IconActivityConsume2020001.png		When HP first drops below 80% in battle, deals Physical DMG equal to {1}% of ATK once for every {0} skill previously triggered, up to 5 times.	1	100																	72
61142	7	16	12	12	1				Fate Wheel Pact	Assets/Product/Texture/Image/IconTools/IconActivityConsume2020001.png		When HP first drops below 80% in battle, deals Physical DMG equal to {1}% of ATK once for every {0} skill previously triggered, up to 5 times.	1	150																	73
61143	7	16	12	12	1				Fate Wheel Pact	Assets/Product/Texture/Image/IconTools/IconActivityConsume2020001.png		When HP first drops below 80% in battle, deals Physical DMG equal to {1}% of ATK once for every {0} skill previously triggered, up to 5 times.	1	175																	74
61144	7	16	12	12	1				Fate Wheel Pact	Assets/Product/Texture/Image/IconTools/IconActivityConsume2020001.png		When HP first drops below 80% in battle, deals Physical DMG equal to {1}% of ATK once for every {0} skill previously triggered, up to 5 times.	1	200																	75
61145	7	16	12	12	1				Fate Wheel Pact	Assets/Product/Texture/Image/IconTools/IconActivityConsume2020001.png		When HP first drops below 80% in battle, deals Physical DMG equal to {1}% of ATK once for every {0} skill previously triggered, up to 5 times.	1	225																	76
61151	7	16	12	12	1				Blessing Talisman	Assets/Product/Texture/Image/IconTools/IconActivityRPG02.png		In battle, becomes immune to all DMG for {0}s after entering Death Speed state.	2																		77
61152	7	16	12	12	1				Blessing Talisman	Assets/Product/Texture/Image/IconTools/IconActivityRPG02.png		In battle, becomes immune to all DMG for {0}s after entering Death Speed state.	3																		78
61153	7	16	12	12	1				Blessing Talisman	Assets/Product/Texture/Image/IconTools/IconActivityRPG02.png		In battle, becomes immune to all DMG for {0}s after entering Death Speed state.	4																		79
61154	7	16	12	12	1				Blessing Talisman	Assets/Product/Texture/Image/IconTools/IconActivityRPG02.png		In battle, becomes immune to all DMG for {0}s after entering Death Speed state.	5																		80
61155	7	16	12	12	1				Blessing Talisman	Assets/Product/Texture/Image/IconTools/IconActivityRPG02.png		In battle, becomes immune to all DMG for {0}s after entering Death Speed state.	6																		81
61161	7	16	12	12	1				Temporal Rift	Assets/Product/Texture/Image/IconTools/IconActivityConsume2026001.png		In battle, for every {0} activations of "Rhythmic Suffering" or "Life-Risking Trick" Runes, gains {1}% all-DMG boost for 2s. This effect can stack.	1	40																	82
61162	7	16	12	12	1				Temporal Rift	Assets/Product/Texture/Image/IconTools/IconActivityConsume2026001.png		In battle, for every {0} activations of "Rhythmic Suffering" or "Life-Risking Trick" Runes, gains {1}% all-DMG boost for 2s. This effect can stack.	1	52.5																	83
61163	7	16	12	12	1				Temporal Rift	Assets/Product/Texture/Image/IconTools/IconActivityConsume2026001.png		In battle, for every {0} activations of "Rhythmic Suffering" or "Life-Risking Trick" Runes, gains {1}% all-DMG boost for 2s. This effect can stack.	1	65																	84
61164	7	16	12	12	1				Temporal Rift	Assets/Product/Texture/Image/IconTools/IconActivityConsume2026001.png		In battle, for every {0} activations of "Rhythmic Suffering" or "Life-Risking Trick" Runes, gains {1}% all-DMG boost for 2s. This effect can stack.	1	77.5																	85
61165	7	16	12	12	1				Temporal Rift	Assets/Product/Texture/Image/IconTools/IconActivityConsume2026001.png		In battle, for every {0} activations of "Rhythmic Suffering" or "Life-Risking Trick" Runes, gains {1}% all-DMG boost for 2s. This effect can stack.	1	90																	86
61171	7	16	12	12	1				Acheron Guardian	Assets/Product/Texture/Image/IconTools/IconActivityPointQuest2004001.png		Increases Max HP by {0}% in battle. If the character differs from the enemy's, gains an additional {1}% Max HP.	20	5																	87
61172	7	16	12	12	1				Acheron Guardian	Assets/Product/Texture/Image/IconTools/IconActivityPointQuest2004001.png		Increases Max HP by {0}% in battle. If the character differs from the enemy's, gains an additional {1}% Max HP.	25	10																	88
61173	7	16	12	12	1				Acheron Guardian	Assets/Product/Texture/Image/IconTools/IconActivityPointQuest2004001.png		Increases Max HP by {0}% in battle. If the character differs from the enemy's, gains an additional {1}% Max HP.	30	15																	89
61174	7	16	12	12	1				Acheron Guardian	Assets/Product/Texture/Image/IconTools/IconActivityPointQuest2004001.png		Increases Max HP by {0}% in battle. If the character differs from the enemy's, gains an additional {1}% Max HP.	35	20																	90
61175	7	16	12	12	1				Acheron Guardian	Assets/Product/Texture/Image/IconTools/IconActivityPointQuest2004001.png		Increases Max HP by {0}% in battle. If the character differs from the enemy's, gains an additional {1}% Max HP.	40	25																	91
61181	7	16	12	12	1				Devil's Contract	Assets/Product/Texture/Image/IconTools/IconActivityConsume2006002.png		Gain {0} coins. When reaching the maximum level, demons and fireballs summoned by Rune enhancement effects deal {1}% more DMG.	6	60																	92
61182	7	16	12	12	1				Devil's Contract	Assets/Product/Texture/Image/IconTools/IconActivityConsume2006002.png		Gain {0} coins. When reaching the maximum level, demons and fireballs summoned by Rune enhancement effects deal {1}% more DMG.	16	60																	93
61183	7	16	12	12	1				Devil's Contract	Assets/Product/Texture/Image/IconTools/IconActivityConsume2006002.png		Gain {0} coins. When reaching the maximum level, demons and fireballs summoned by Rune enhancement effects deal {1}% more DMG.	26	60																	94
61184	7	16	12	12	1				Devil's Contract	Assets/Product/Texture/Image/IconTools/IconActivityConsume2006002.png		Gain {0} coins. When reaching the maximum level, demons and fireballs summoned by Rune enhancement effects deal {1}% more DMG.	36	60																	95
61185	7	16	12	12	1				Devil's Contract	Assets/Product/Texture/Image/IconTools/IconActivityConsume2006002.png		Gain {0} coins. When reaching the maximum level, demons and fireballs summoned by Rune enhancement effects deal {1}% more DMG.	46	60																	96
62011	7	16	12	12	1				Bloodwar Crystal	Assets/Product/Texture/Image/IconTools/IconActivityConsume2001001.png		After commission completion, choose 1 of Watanabe's exclusive skills [Fallback Firing (Holy)] or [Blast Strike (Recovery)] to enhance. Enhancement scales with blessing rank.																			98
62021	7	16	12	12	1				Bloodfall Crystal	Assets/Product/Texture/Image/IconTools/IconActivityConsume2001001.png		After commission completion, choose 1 of Vera's exclusive skills [Thunder Cleave (Spirit)] or [Abyssal Penalty (Shield)] to enhance. Enhancement scales with blessing rank.																			109
62031	7	16	12	12	1				Bloodplague Crystal	Assets/Product/Texture/Image/IconTools/IconActivityConsume2001001.png		After commission completion, choose 1 of Wanshi's exclusive skills [Blinding Oblivion (Spirit)] or [Assault Reform (Shield)] to enhance. Enhancement scales with blessing rank.																			120
62041	7	16	12	12	1				Bloodhunger Crystal	Assets/Product/Texture/Image/IconTools/IconActivityConsume2001001.png		After commission completion, choose 1 of Lilith's exclusive skills [Crystal Sanctum (Holy)] or [Phoenix Rising (Recovery)] to enhance. Enhancement scales with blessing rank.																			131
62051	7	16	12	12	1				Fate Sigil	Assets/Product/Texture/Image/IconTools/IconActivityPointQuest2002001.png		Gain {0} coin(s). Choose an archetype upon commission completion. Afterward, each time you enter the shop, {1} item(s) of the chosen archetype will appear on the shelves. It starts as a Purple Rune, upgrades to Orange at Level 3, and can include an Alchemy Hammer at Level 5.	4	1																	142
62052	7	16	12	12	1				Fate Sigil	Assets/Product/Texture/Image/IconTools/IconActivityPointQuest2002001.png		Gain {0} coin(s). Choose an archetype upon commission completion. Afterward, each time you enter the shop, {1} item(s) of the chosen archetype will appear on the shelves. It starts as a Purple Rune, upgrades to Orange at Level 3, and can include an Alchemy Hammer at Level 5.	8	1																	143
62053	7	16	12	12	1				Fate Sigil	Assets/Product/Texture/Image/IconTools/IconActivityPointQuest2002001.png		Gain {0} coin(s). Choose an archetype upon commission completion. Afterward, each time you enter the shop, {1} item(s) of the chosen archetype will appear on the shelves. It starts as a Purple Rune, upgrades to Orange at Level 3, and can include an Alchemy Hammer at Level 5.	12	1																	144
62054	7	16	12	12	1				Fate Sigil	Assets/Product/Texture/Image/IconTools/IconActivityPointQuest2002001.png		Gain {0} coin(s). Choose an archetype upon commission completion. Afterward, each time you enter the shop, {1} item(s) of the chosen archetype will appear on the shelves. It starts as a Purple Rune, upgrades to Orange at Level 3, and can include an Alchemy Hammer at Level 5.	16	1																	145
62055	7	16	12	12	1				Fate Sigil	Assets/Product/Texture/Image/IconTools/IconActivityPointQuest2002001.png		Gain {0} coin(s). Choose an archetype upon commission completion. Afterward, each time you enter the shop, {1} item(s) of the chosen archetype will appear on the shelves. It starts as a Purple Rune, upgrades to Orange at Level 3, and can include an Alchemy Hammer at Level 5.	20	1																	146
69011	7	16	12	12	1				Ranger Mark	Assets/Product/Texture/Image/IconTools/IconPokerGuessing02.png		After a successful Dodge, consecutively uses [Fallback Firing] {0} times, and the skill's damage multiplier increases by {1}% (can trigger once every {2}s, up to {3} times).	1	5	3	4															99
69012	7	16	12	12	1				Ranger Mark	Assets/Product/Texture/Image/IconTools/IconPokerGuessing02.png		After a successful Dodge, consecutively uses [Fallback Firing] {0} times, and the skill's damage multiplier increases by {1}% (can trigger once every {2}s, up to {3} times).	1	10	3	4															100
69013	7	16	12	12	1				Ranger Mark	Assets/Product/Texture/Image/IconTools/IconPokerGuessing02.png		After a successful Dodge, consecutively uses [Fallback Firing] {0} times, and the skill's damage multiplier increases by {1}% (can trigger once every {2}s, up to {3} times).	1	15	3	4															101
69014	7	16	12	12	1				Ranger Mark	Assets/Product/Texture/Image/IconTools/IconPokerGuessing02.png		After a successful Dodge, consecutively uses [Fallback Firing] {0} times, and the skill's damage multiplier increases by {1}% (can trigger once every {2}s, up to {3} times).	1	20	3	4															102
69015	7	16	12	12	1				Ranger Mark	Assets/Product/Texture/Image/IconTools/IconPokerGuessing02.png		After a successful Dodge, consecutively uses [Fallback Firing] {0} times, and the skill's damage multiplier increases by {1}% (can trigger once every {2}s, up to {3} times).	1	25	3	4															103
69021	7	16	12	12	1				Harvest Crown	Assets/Product/Texture/Image/IconTools/IconTheatre14.png		When HP percentage is higher than the enemy's, [Blast Strike]'s HP recovery efficiency increases to {0}%.	125																		104
69022	7	16	12	12	1				Harvest Crown	Assets/Product/Texture/Image/IconTools/IconTheatre14.png		When HP percentage is higher than the enemy's, [Blast Strike]'s HP recovery efficiency increases to {0}%.	150																		105
69023	7	16	12	12	1				Harvest Crown	Assets/Product/Texture/Image/IconTools/IconTheatre14.png		When HP percentage is higher than the enemy's, [Blast Strike]'s HP recovery efficiency increases to {0}%.	175																		106
69024	7	16	12	12	1				Harvest Crown	Assets/Product/Texture/Image/IconTools/IconTheatre14.png		When HP percentage is higher than the enemy's, [Blast Strike]'s HP recovery efficiency increases to {0}%.	200																		107
69025	7	16	12	12	1				Harvest Crown	Assets/Product/Texture/Image/IconTools/IconTheatre14.png		When HP percentage is higher than the enemy's, [Blast Strike]'s HP recovery efficiency increases to {0}%.	225																		108
69031	7	16	12	12	1				Echo Amber	Assets/Product/Texture/Image/IconTools/UiInvertCardGameItem06.png		Damage dealt by [Thunder Cleave] during the first {0} casts will be dealt to enemies again when enemy HP first drops below {1}%.	1	40																	110
69032	7	16	12	12	1				Echo Amber	Assets/Product/Texture/Image/IconTools/UiInvertCardGameItem06.png		Damage dealt by [Thunder Cleave] during the first {0} casts will be dealt to enemies again when enemy HP first drops below {1}%.	2	40																	111
69033	7	16	12	12	1				Echo Amber	Assets/Product/Texture/Image/IconTools/UiInvertCardGameItem06.png		Damage dealt by [Thunder Cleave] during the first {0} casts will be dealt to enemies again when enemy HP first drops below {1}%.	3	40																	112
69034	7	16	12	12	1				Echo Amber	Assets/Product/Texture/Image/IconTools/UiInvertCardGameItem06.png		Damage dealt by [Thunder Cleave] during the first {0} casts will be dealt to enemies again when enemy HP first drops below {1}%.	4	40																	113
69035	7	16	12	12	1				Echo Amber	Assets/Product/Texture/Image/IconTools/UiInvertCardGameItem06.png		Damage dealt by [Thunder Cleave] during the first {0} casts will be dealt to enemies again when enemy HP first drops below {1}%.	5	40																	114
69041	7	16	12	12	1				Forged Heart	Assets/Product/Texture/Image/IconTools/IconActivityConsume2039001.png		When equipped with [Abyssal Penalty], gains additional Shield equal to {1}% max HP every {0}s. When HP is below {2}%, the Shield granted is equal to {3}% max HP instead.	10	2.5	40	5															115
69042	7	16	12	12	1				Forged Heart	Assets/Product/Texture/Image/IconTools/IconActivityConsume2039001.png		When equipped with [Abyssal Penalty], gains additional Shield equal to {1}% max HP every {0}s. When HP is below {2}%, the Shield granted is equal to {3}% max HP instead.	10	5	40	10															116
69043	7	16	12	12	1				Forged Heart	Assets/Product/Texture/Image/IconTools/IconActivityConsume2039001.png		When equipped with [Abyssal Penalty], gains additional Shield equal to {1}% max HP every {0}s. When HP is below {2}%, the Shield granted is equal to {3}% max HP instead.	10	7.5	40	15															117
69044	7	16	12	12	1				Forged Heart	Assets/Product/Texture/Image/IconTools/IconActivityConsume2039001.png		When equipped with [Abyssal Penalty], gains additional Shield equal to {1}% max HP every {0}s. When HP is below {2}%, the Shield granted is equal to {3}% max HP instead.	10	10	40	20															118
69045	7	16	12	12	1				Forged Heart	Assets/Product/Texture/Image/IconTools/IconActivityConsume2039001.png		When equipped with [Abyssal Penalty], gains additional Shield equal to {1}% max HP every {0}s. When HP is below {2}%, the Shield granted is equal to {3}% max HP instead.	10	12.5	40	25															119
69051	7	16	12	12	1				Backup Magazine	Assets/Product/Texture/Image/IconTools/IconMaverick3Activity01.png		[Silent Annihilation] fires {1} bullets for the first {0} casts.	1	2																	121
69052	7	16	12	12	1				Backup Magazine	Assets/Product/Texture/Image/IconTools/IconMaverick3Activity01.png		[Silent Annihilation] fires {1} bullets for the first {0} casts.	2	2																	122
69053	7	16	12	12	1				Backup Magazine	Assets/Product/Texture/Image/IconTools/IconMaverick3Activity01.png		[Silent Annihilation] fires {1} bullets for the first {0} casts.	3	2																	123
69054	7	16	12	12	1				Backup Magazine	Assets/Product/Texture/Image/IconTools/IconMaverick3Activity01.png		[Silent Annihilation] fires {1} bullets for the first {0} casts.	4	2																	124
69055	7	16	12	12	1				Backup Magazine	Assets/Product/Texture/Image/IconTools/IconMaverick3Activity01.png		[Silent Annihilation] fires {1} bullets for the first {0} casts.	5	2																	125
69061	7	16	12	12	1				Life Gem	Assets/Product/Texture/Image/IconTools/IconRougeItem011.png		When either party's HP is below {0}%, the Shield gained from [Assault Reform] increases to {1}x.	30	1.3																	126
69062	7	16	12	12	1				Life Gem	Assets/Product/Texture/Image/IconTools/IconRougeItem011.png		When either party's HP is below {0}%, the Shield gained from [Assault Reform] increases to {1}x.	30	1.6																	127
69063	7	16	12	12	1				Life Gem	Assets/Product/Texture/Image/IconTools/IconRougeItem011.png		When either party's HP is below {0}%, the Shield gained from [Assault Reform] increases to {1}x.	30	1.9																	128
69064	7	16	12	12	1				Life Gem	Assets/Product/Texture/Image/IconTools/IconRougeItem011.png		When either party's HP is below {0}%, the Shield gained from [Assault Reform] increases to {1}x.	30	2.2																	129
69065	7	16	12	12	1				Life Gem	Assets/Product/Texture/Image/IconTools/IconRougeItem011.png		When either party's HP is below {0}%, the Shield gained from [Assault Reform] increases to {1}x.	30	2.5																	130
69071	7	16	12	12	1				Lucky Chip	Assets/Product/Texture/Image/IconTools/IconActivityConsume2007001.png		After casting [Crystal Sanctum], [Shadow Card] grants the character {0}% ATK increase until the battle ends, up to {1} times.	2.5	4																	132
69072	7	16	12	12	1				Lucky Chip	Assets/Product/Texture/Image/IconTools/IconActivityConsume2007001.png		After casting [Crystal Sanctum], [Shadow Card] grants the character {0}% ATK increase until the battle ends, up to {1} times.	5	4																	133
69073	7	16	12	12	1				Lucky Chip	Assets/Product/Texture/Image/IconTools/IconActivityConsume2007001.png		After casting [Crystal Sanctum], [Shadow Card] grants the character {0}% ATK increase until the battle ends, up to {1} times.	7.5	4																	134
69074	7	16	12	12	1				Lucky Chip	Assets/Product/Texture/Image/IconTools/IconActivityConsume2007001.png		After casting [Crystal Sanctum], [Shadow Card] grants the character {0}% ATK increase until the battle ends, up to {1} times.	10	4																	135
69075	7	16	12	12	1				Lucky Chip	Assets/Product/Texture/Image/IconTools/IconActivityConsume2007001.png		After casting [Crystal Sanctum], [Shadow Card] grants the character {0}% ATK increase until the battle ends, up to {1} times.	12.5	4																	136
69081	7	16	12	12	1				Phoenix Tail	Assets/Product/Texture/Image/IconTools/IconActivityConsume2028001.png		When equipped with [Phoenix Rising], its HP recovery increases by {0}%. During the Death Speed phase, the HP recovery bonus increases to {1}%.	8	16																	137
69082	7	16	12	12	1				Phoenix Tail	Assets/Product/Texture/Image/IconTools/IconActivityConsume2028001.png		When equipped with [Phoenix Rising], its HP recovery increases by {0}%. During the Death Speed phase, the HP recovery bonus increases to {1}%.	16	32																	138
69083	7	16	12	12	1				Phoenix Tail	Assets/Product/Texture/Image/IconTools/IconActivityConsume2028001.png		When equipped with [Phoenix Rising], its HP recovery increases by {0}%. During the Death Speed phase, the HP recovery bonus increases to {1}%.	24	48																	139
69084	7	16	12	12	1				Phoenix Tail	Assets/Product/Texture/Image/IconTools/IconActivityConsume2028001.png		When equipped with [Phoenix Rising], its HP recovery increases by {0}%. During the Death Speed phase, the HP recovery bonus increases to {1}%.	32	64																	140
69085	7	16	12	12	1				Phoenix Tail	Assets/Product/Texture/Image/IconTools/IconActivityConsume2028001.png		When equipped with [Phoenix Rising], its HP recovery increases by {0}%. During the Death Speed phase, the HP recovery bonus increases to {1}%.	40	80																	141
69091	7	16	12	12	1				Undeath Mark	Assets/Product/Texture/Image/IconTools/UiTheatre5Icon10.png		Gain {0} coin(s). Each time you enter the shop, {1} "Suicidal Maniac" Purple Rune(s) will appear on the shelves, until all qualifying Runes have been purchased.	4	1																	147
69092	7	16	12	12	1				Undeath Mark	Assets/Product/Texture/Image/IconTools/UiTheatre5Icon10.png		Gain {0} coin(s). Each time you enter the shop, {1} "Suicidal Maniac" Purple Rune(s) will appear on the shelves, until all qualifying Runes have been purchased.	8	1																	148
69093	7	16	12	12	1				Undeath Mark	Assets/Product/Texture/Image/IconTools/UiTheatre5Icon10.png		Gain {0} coin(s). Each time you enter the shop, {1} "Suicidal Maniac" Orange Rune(s) will appear on the shelves, until all qualifying Runes have been purchased.	12	1																	149
69094	7	16	12	12	1				Undeath Mark	Assets/Product/Texture/Image/IconTools/UiTheatre5Icon10.png		Gain {0} coin(s). Each time you enter the shop, {1} "Suicidal Maniac" Orange Rune(s) will appear on the shelves, until all qualifying Runes have been purchased.	16	1																	150
69095	7	16	12	12	1				Undeath Mark	Assets/Product/Texture/Image/IconTools/UiTheatre5Icon10.png		Gain {0} coin(s). Each time you enter the shop, {1} "Suicidal Maniac" Orange item(s) (including Alchemy Hammer) will appear on the shelves.	20	1																	151
69101	7	16	12	12	1				Boiling Blood Mark	Assets/Product/Texture/Image/IconTools/UiTheatre5Icon12.png		Gain {0} Coin(s). Each time you enter the tavern, {1} "No Time to Bleed" Purple Rune(s) will appear on the shelves, until all qualifying Runes have been purchased.	4	1																	152
69102	7	16	12	12	1				Boiling Blood Mark	Assets/Product/Texture/Image/IconTools/UiTheatre5Icon12.png		Gain {0} Coin(s). Each time you enter the tavern, {1} "No Time to Bleed" Purple Rune(s) will appear on the shelves, until all qualifying Runes have been purchased.	8	1																	153
69103	7	16	12	12	1				Boiling Blood Mark	Assets/Product/Texture/Image/IconTools/UiTheatre5Icon12.png		Gain {0} Coin(s). Each time you enter the tavern, {1} "No Time to Bleed" Orange Rune(s) will appear on the shelves, until all qualifying Runes have been purchased.	12	1																	154
69104	7	16	12	12	1				Boiling Blood Mark	Assets/Product/Texture/Image/IconTools/UiTheatre5Icon12.png		Gain {0} Coin(s). Each time you enter the tavern, {1} "No Time to Bleed" Orange Rune(s) will appear on the shelves, until all qualifying Runes have been purchased.	16	1																	155
69105	7	16	12	12	1				Boiling Blood Mark	Assets/Product/Texture/Image/IconTools/UiTheatre5Icon12.png		Gain {0} Coin(s). Each time you enter the tavern, {1} "No Time to Bleed" Orange item(s) (including Alchemy Hammer) will appear on the shelves.	20	1																	156
69111	7	16	12	12	1				Deathscape Mark	Assets/Product/Texture/Image/IconTools/UiTheatre5Icon13.png		Gain {0} coin(s). Each time you enter the shop, {1} "Beyond Death" Purple Rune(s) will appear on the shelves, until all qualifying Runes have been purchased.	4	1																	157
69112	7	16	12	12	1				Deathscape Mark	Assets/Product/Texture/Image/IconTools/UiTheatre5Icon13.png		Gain {0} coin(s). Each time you enter the shop, {1} "Beyond Death" Purple Rune(s) will appear on the shelves, until all qualifying Runes have been purchased.	8	1																	158
69113	7	16	12	12	1				Deathscape Mark	Assets/Product/Texture/Image/IconTools/UiTheatre5Icon13.png		Gain {0} coin(s). Each time you enter the shop, {1} "Beyond Death" Orange Rune(s) will appear on the shelves, until all qualifying Runes have been purchased.	12	1																	159
69114	7	16	12	12	1				Deathscape Mark	Assets/Product/Texture/Image/IconTools/UiTheatre5Icon13.png		Gain {0} coin(s). Each time you enter the shop, {1} "Beyond Death" Orange Rune(s) will appear on the shelves, until all qualifying Runes have been purchased.	16	1																	160
69115	7	16	12	12	1				Deathscape Mark	Assets/Product/Texture/Image/IconTools/UiTheatre5Icon13.png		Gain {0} coin(s). Each time you enter the shop, {1} "Beyond Death" Orange item(s) (including Alchemy Hammer) will appear on the shelves.	20	1																	161
69121	7	16	12	12	1				Rapid Mark	Assets/Product/Texture/Image/IconTools/UiTheatre5Icon15.png		Gain {0} coin(s). Each time you enter the Shop, {1} "Speed Prologue" Purple Rune(s) will appear on the shelves, until all qualifying Runes have been purchased.	4	1																	162
69122	7	16	12	12	1				Rapid Mark	Assets/Product/Texture/Image/IconTools/UiTheatre5Icon15.png		Gain {0} coin(s). Each time you enter the Shop, {1} "Speed Prologue" Purple Rune(s) will appear on the shelves, until all qualifying Runes have been purchased.	8	1																	163
69123	7	16	12	12	1				Rapid Mark	Assets/Product/Texture/Image/IconTools/UiTheatre5Icon15.png		Gain {0} coin(s). Each time you enter the Shop, {1} "Speed Prologue" Orange Rune(s) will appear on the shelves, until all qualifying Runes have been purchased.	12	1																	164
69124	7	16	12	12	1				Rapid Mark	Assets/Product/Texture/Image/IconTools/UiTheatre5Icon15.png		Gain {0} coin(s). Each time you enter the Shop, {1} "Speed Prologue" Orange Rune(s) will appear on the shelves, until all qualifying Runes have been purchased.	16	1																	165
69125	7	16	12	12	1				Rapid Mark	Assets/Product/Texture/Image/IconTools/UiTheatre5Icon15.png		Gain {0} coin(s). Each time you enter the shop, {1} "Speed Prologue" Orange item(s) (including Alchemy Hammer) will appear on the shelves.	20	1																	166
69131	7	16	12	12	1				Deathhunt Mark	Assets/Product/Texture/Image/IconTools/UiTheatre5Icon16.png		Gain {0} coin(s). Each time you enter the Shop, {1} "Death Hunter" Purple Rune(s) will appear on the shelves, until all qualifying Runes have been purchased.	4	1																	167
69132	7	16	12	12	1				Deathhunt Mark	Assets/Product/Texture/Image/IconTools/UiTheatre5Icon16.png		Gain {0} coin(s). Each time you enter the Shop, {1} "Death Hunter" Purple Rune(s) will appear on the shelves, until all qualifying Runes have been purchased.	8	1																	168
69133	7	16	12	12	1				Deathhunt Mark	Assets/Product/Texture/Image/IconTools/UiTheatre5Icon16.png		Gain {0} coin(s). Each time you enter the Shop, {1} "Death Hunter" Orange Rune(s) will appear on the shelves, until all qualifying Runes have been purchased.	12	1																	169
69134	7	16	12	12	1				Deathhunt Mark	Assets/Product/Texture/Image/IconTools/UiTheatre5Icon16.png		Gain {0} coin(s). Each time you enter the Shop, {1} "Death Hunter" Orange Rune(s) will appear on the shelves, until all qualifying Runes have been purchased.	16	1																	170
69135	7	16	12	12	1				Deathhunt Mark	Assets/Product/Texture/Image/IconTools/UiTheatre5Icon16.png		Gain {0} coin(s). Each time you enter the shop, {1} "Death Hunter" Orange item(s) (including Alchemy Hammer) will appear on the shelves.	20	1																	171
69141	7	16	12	12	1				Calamity Mark	Assets/Product/Texture/Image/IconTools/UiTheatre5Icon11.png		Gain {0} coin(s). Each time you enter the Shop, {1} "Rhythmic Suffering" Purple Rune(s) will appear on the shelves, until all qualifying Runes have been purchased.	4	1																	172
69142	7	16	12	12	1				Calamity Mark	Assets/Product/Texture/Image/IconTools/UiTheatre5Icon11.png		Gain {0} coin(s). Each time you enter the Shop, {1} "Rhythmic Suffering" Purple Rune(s) will appear on the shelves, until all qualifying Runes have been purchased.	8	1																	173
69143	7	16	12	12	1				Calamity Mark	Assets/Product/Texture/Image/IconTools/UiTheatre5Icon11.png		Gain {0} coin(s). Each time you enter the Shop, {1} "Rhythmic Suffering" Orange Rune(s) will appear on the shelves, until all qualifying Runes have been purchased.	12	1																	174
69144	7	16	12	12	1				Calamity Mark	Assets/Product/Texture/Image/IconTools/UiTheatre5Icon11.png		Gain {0} coin(s). Each time you enter the Shop, {1} "Rhythmic Suffering" Orange Rune(s) will appear on the shelves, until all qualifying Runes have been purchased.	16	1																	175
69145	7	16	12	12	1				Calamity Mark	Assets/Product/Texture/Image/IconTools/UiTheatre5Icon11.png		Gain {0} coin(s). Each time you enter the shop, {1} "Rhythmic Suffering" Orange item(s) (including Alchemy Hammer) will appear on the shelves.	20	1																	176
69151	7	16	12	12	1				Life-Risking Mark	Assets/Product/Texture/Image/IconTools/UiTheatre5Icon14.png		Gain {0} coin(s). Each time you enter the Shop, {1} "Life-Risking Trick" Purple Rune(s) will appear on the shelves, until all qualifying Runes have been purchased.	4	1																	177
69152	7	16	12	12	1				Life-Risking Mark	Assets/Product/Texture/Image/IconTools/UiTheatre5Icon14.png		Gain {0} coin(s). Each time you enter the Shop, {1} "Life-Risking Trick" Purple Rune(s) will appear on the shelves, until all qualifying Runes have been purchased.	8	1																	178
69153	7	16	12	12	1				Life-Risking Mark	Assets/Product/Texture/Image/IconTools/UiTheatre5Icon14.png		Gain {0} coin(s). Each time you enter the Shop, {1} "Life-Risking Trick" Orange Rune(s) will appear on the shelves, until all qualifying Runes have been purchased.	12	1																	179
69154	7	16	12	12	1				Life-Risking Mark	Assets/Product/Texture/Image/IconTools/UiTheatre5Icon14.png		Gain {0} coin(s). Each time you enter the Shop, {1} "Life-Risking Trick" Orange Rune(s) will appear on the shelves, until all qualifying Runes have been purchased.	16	1																	180
69155	7	16	12	12	1				Life-Risking Mark	Assets/Product/Texture/Image/IconTools/UiTheatre5Icon14.png		Gain {0} coin(s). Each time you enter the shop, {1} "Life-Risking Trick" Orange item(s) (including Alchemy Hammer) will appear on the shelves.	20	1																	181
