Id	GradeId	CupCount	DefeatCount	CharacterId	Score	SkillIds[1]	SkillIds[2]	SkillIds[3]	EquipIds[1]	EquipIds[2]	EquipIds[3]	EquipIds[4]	EquipIds[5]	EquipIds[6]	EquipIds[7]	EquipIds[8]	EquipIds[9]	EquipIds[10]	Level	RelicIds[1]	RelicIds[2]	RelicIds[3]	RuneEvolves[1]	RuneEvolves[2]	RuneEvolves[3]	RuneEvolves[4]	RuneEvolves[5]	RuneEvolves[6]	RuneEvolves[7]	RuneEvolves[8]	RuneEvolves[9]	RuneEvolves[10]
1	1			1	100	10104			20558	20758									1	40014			0	0								
2	1		1	1	100	10101			20816	20758	20824								1	40115			0	0	0							
3	1		2	1	100	10106	10105		20624	20508	20566								1	40007			0	0	0							
4	1		3	1	100	10110	10107		20516	20308	20448								1	40017			0	0	0							
5	1		4	1	100	10106	10103	10107	20550	20774	20448	20442							1	40010			0	0	0	0						
6	1	1		1	100	10108			20550	20700	20650								2	40014			0	0	0							
7	1	1	1	1	100	10110	10102		20016	20308	20700								2	40113			0	0	0							
8	1	1	2	1	100	10107	10103		20674	20558	20568								2	40013			0	0	0							
9	1	1	3	1	100	10104	10105	10101	20566	20682	20106	20660							2	40014			0	0	0	0						
10	1	1	4	1	100	10102	10103	10104	20774	20365	20510	20347							2	40006			0	0	0	0						
11	1	2		1	100	10108	10105		20508	20716	20524								3	40008			0	0	0							
12	1	2	1	1	100	10102	10110		20832	20816	20518								3	40005			0	0	0							
13	1	2	2	1	100	10104	10109	10108	20824	20666	20128	20058							3	40111			0	0	0	0						
14	1	2	3	1	100	10103	10104	10102	20016	20365	20154	20652							3	40013			0	0	0	0						
15	1	2	4	1	100	10108	10102	10110	20249	20400	20359	20448	20142						3	40017			0	0	0	0	0					
16	1	3		1	100	10108	10102		20016	20816	20676								4	40110			0	0	0							
17	1	3	1	1	100	10101	10106	10108	20308	20624	20660	20359							4	40013			0	0	0	0						
18	1	3	2	1	100	10103	10109	10110	20632	20810	20160	20046							4	40112			0	0	0	0						
19	1	3	3	1	100	10110	10102	10107	20261	20810	20768	20784	20518						4	40010			0	0	0	0	0					
20	1	3	4	1	100	10103	10104	10107	20802	20768	20568	20826	20676						4	40111			0	0	0	0	0					
21	1	4		1	100	10101	10106	10105	20824	20624	20760	20652							5	40114	40112		0	0	0	0						
22	1	4	1	1	100	10104	10110	10107	20318	20776	20255	20502							5	40016	40105		0	0	0	0						
23	1	4	2	1	100	10102	10107	10110	20834	20510	20052	20584	20618						5	40008	40019		0	0	0	0	0					
24	1	4	3	1	100	10102	10110	10109	20552	20834	20710	20502	20818						5	40011	40103		0	0	0	0	0					
25	1	4	4	1	100	10107	10109	10110	20261	20718	20046	20048	20554	20355					5	40010	40011		0	0	0	0	0	0				
26	1	5		1	100	10109	10106	10105	20558	20660	20518	20826							6	40012	40105		0	0	0	0						
27	1	5	1	1	100	10104	10102	10107	20128	20618	20668	20046	20826						6	40013	40103		0	0	0	0	0					
28	1	5	2	1	100	10108	10110	10109	20448	20046	20255	20128	20718						6	40010	40004		0	0	0	0	0					
29	1	5	3	1	100	10107	10105	10101	20261	20718	20526	20156	20628	20678					6	40016	40007		0	0	0	0	0	0				
30	1	5	4	1	100	10101	10105	10110	20810	20662	20820	20355	20654	20686					6	40012	40109		0	0	0	0	0	0				
31	1	6		1	100	10103	10110	10105	20249	20359	20347	20448	20568						7	40016	40019		0	0	0	0	0					
32	1	6	1	1	100	10102	10110	10107	20154	20160	20400	20454	20768						7	40111	40103		0	0	0	0	0					
33	1	6	2	1	100	10104	10110	10103	20502	20454	20634	20586	20828	20654					7	40114	40126		0	0	0	0	0	0				
34	1	6	3	1	100	10108	10106	10109	20752	20265	20162	20156	20828	20636					7	40014	40008		0	0	0	0	0	0				
35	1	6	4	1	100	10110	10107	10106	20265	20251	20456	20778	20554						7	40016	40010		0	0	0	0	0					
36	1	7		1	100	10106	10103	10104	20110	20718	20552	20046	20760						8	40112	40011		0	0	0	0	0					
37	1	7	1	1	100	10102	10107	10101	20610	20676	20826	20251	20060	20636					8	40115	40010		0	0	0	0	0	0				
38	1	7	2	1	100	10110	10103	10106	20442	20828	20456	20361	20636	20820					8	40115	40112		0	0	0	0	0	0				
39	1	7	3	1	100	10103	10109	10110	20570	20060	20712	20820	20786						8	40005	40125		0	0	0	0	0					
40	1	7	4	1	100	10104	10108	10106	20812	20828	20355	20422	20028	20056	20050				8	40016	40019		0	0	0	0	20028	0	0			
41	1	8		1	100	10109	10108	10110	20710	20568	20058	20536	20060	20670					9	40004	40015	40016	0	0	0	0	0	0				
42	1	8	1	1	100	10107	10104	10101	20128	20586	20536	20828	20520	20586					9	40016	40014	40102	0	0	0	0	0	0				
43	1	8	2	1	100	10110	10101	10107	20349	20369	20156	20812	20048						9	40113	40008	40112	0	0	0	0	0					
44	1	8	3	1	100	10104	10102	10106	20450	20770	20144	20764	20334	20130	20336				9	40110	40102	40015	0	0	0	20764	20334	0	0			
45	1	8	4	1	100	10108	10106	10109	20444	20606	20772	20506	20544	20544	20224	20304	20130		9	40111	40009	40022	0	20606	20772	20506	20544	0	0	0	0	
46	1	9		1	100	10104	10108	10103	20560	20612	20662	20562	20678	20054					10	40001	40008	40115	0	0	0	0	0	0				
47	1	9	1	1	100	10104	10106	10109	20736	20048	20812	20054	20754						10	40112	40116	40103	0	0	0	0	0					
48	1	9	2	1	100	10110	10108	10109	20778	20528	20361	20050	20730	20452	20738				10	40007	40105	40017	0	0	0	20050	20730	0	0			
49	1	9	3	1	100	10109	10106	10104	20251	20422	20373	20422	20594	20259	20259	20542	20269		10	40110	40022	40115	0	0	20373	0	20594	0	0	0	0	
50	1	9	4	1	100	10105	10106	10107	20614	20556	20794	20158	20514	20050	20790	20730	20841	20714	10	40112	40125	40115	20614	20556	20794	20158	20514	0	0	0	0	0
51	1	10		1	100	10104	10108	10103	20560	20612	20662	20562	20678	20054					10	40001	40008	40115	0	0	0	0	0	0				
52	1	10	1	1	100	10104	10106	10109	20736	20048	20812	20054	20754						10	40112	40116	40103	0	0	0	0	0					
53	1	10	2	1	100	10110	10108	10109	20778	20528	20361	20050	20730	20452	20738				10	40007	40105	40017	0	0	0	20050	20730	0	0			
54	1	10	3	1	100	10109	10106	10104	20251	20422	20373	20422	20594	20259	20259	20542	20269		10	40110	40022	40115	0	0	20373	0	20594	0	0	0	0	
55	1	10	4	1	100	10105	10106	10107	20614	20556	20794	20158	20514	20050	20790	20730	20841	20714	10	40112	40125	40115	20614	20556	20794	20158	20514	0	0	0	0	0
56	1	11		1	100	10104	10108	10103	20560	20612	20662	20562	20678	20054					10	40001	40008	40115	0	0	0	0	0	0				
57	1	11	1	1	100	10104	10106	10109	20736	20048	20812	20054	20754						10	40112	40116	40103	0	0	0	0	0					
58	1	11	2	1	100	10110	10108	10109	20778	20528	20361	20050	20730	20452	20738				10	40007	40105	40017	0	0	0	20050	20730	0	0			
59	1	11	3	1	100	10109	10106	10104	20251	20422	20373	20422	20594	20259	20259	20542	20269		10	40110	40022	40115	0	0	20373	0	20594	0	0	0	0	
60	1	11	4	1	100	10105	10106	10107	20614	20556	20794	20158	20514	20050	20790	20730	20841	20714	10	40112	40125	40115	20614	20556	20794	20158	20514	0	0	0	0	0
61	1	12		1	100	10104	10108	10103	20560	20612	20662	20562	20678	20054					10	40001	40008	40115	0	0	0	0	0	0				
62	1	12	1	1	100	10104	10106	10109	20736	20048	20812	20054	20754						10	40112	40116	40103	0	0	0	0	0					
63	1	12	2	1	100	10110	10108	10109	20778	20528	20361	20050	20730	20452	20738				10	40007	40105	40017	0	0	0	20050	20730	0	0			
64	1	12	3	1	100	10109	10106	10104	20251	20422	20373	20422	20594	20259	20259	20542	20269		10	40110	40022	40115	0	0	20373	0	20594	0	0	0	0	
65	1	12	4	1	100	10105	10106	10107	20614	20556	20794	20158	20514	20050	20790	20730	20841	20714	10	40112	40125	40115	20614	20556	20794	20158	20514	0	0	0	0	0
66	1			2	100	10209			20500	20724									1	40008			0	0								
67	1		1	2	100	10202			20018	20608	20550								1	40009			0	0	0							
68	1		2	2	100	10202	10206		20326	20700	20800								1	40008			0	0	0							
69	1		3	2	100	10206	10202		20608	20600	20106								1	40013			0	0	0							
70	1		4	2	100	10208	10204	10210	20808	20308	20552	20128							1	40110			0	0	0	0						
71	1	1		2	100	10201			20508	20658	20758								2	40008			0	0	0							
72	1	1	1	2	100	10203	10204		20582	20700	20582								2	40001			0	0	0							
73	1	1	2	2	100	10206	10205		20524	20018	20718								2	40004			0	0	0							
74	1	1	3	2	100	10207	10209	10208	20566	20024	20784	20106							2	40015			0	0	0	0						
75	1	1	4	2	100	10204	10202	10206	20782	20802	20448	20826							2	40004			0	0	0	0						
76	1	2		2	100	10206	10203		20632	20532	20550								3	40017			0	0	0							
77	1	2	1	2	100	10202	10205		20600	20624	20365								3	40114			0	0	0							
78	1	2	2	2	100	10206	10210	10208	20782	20508	20518	20626							3	40115			0	0	0	0						
79	1	2	3	2	100	10210	10203	10209	20016	20255	20568	20834							3	40009			0	0	0	0						
80	1	2	4	2	100	10207	10210	10205	20818	20128	20128	20768	20760						3	40008			0	0	0	0	0					
81	1	3		2	100	10204	10206		20750	20558	20660								4	40004			0	0	0							
82	1	3	1	2	100	10209	10210	10203	20558	20016	20518	20359							4	40001			0	0	0	0						
83	1	3	2	2	100	10207	10205	10201	20774	20560	20834	20448							4	40016			0	0	0	0						
84	1	3	3	2	100	10205	10206	10203	20576	20154	20660	20046	20518						4	40001			0	0	0	0	0					
85	1	3	4	2	100	10201	10204	10208	20776	20802	20255	20702	20142						4	40115			0	0	0	0	0					
86	1	4		2	100	10206	10205	10201	20682	20558	20568	20347							5	40115	40104		0	0	0	0						
87	1	4	1	2	100	10209	10206	10205	20624	20400	20400	20160							5	40003	40124		0	0	0	0						
88	1	4	2	2	100	10205	10204	10207	20676	20534	20834	20734	20668						5	40010	40115		0	0	0	0	0					
89	1	4	3	2	100	10203	10208	10207	20442	20255	20702	20560	20776						5	40109	40125		0	0	0	0	0					
90	1	4	4	2	100	10209	10207	10202	20526	20576	20834	20060	20144	20778					5	40113	40009		0	0	0	0	0	0				
91	1	5		2	100	10203	10202	10209	20666	20046	20518	20058							6	40016	40019		0	0	0	0						
92	1	5	1	2	100	10207	10209	10202	20154	20142	20359	20826	20454						6	40013	40109		0	0	0	0	0					
93	1	5	2	2	100	10203	10205	10204	20802	20702	20154	20255	20626						6	40012	40007		0	0	0	0	0					
94	1	5	3	2	100	10208	10210	10202	20768	20142	20576	20586	20828	20444					6	40003	40009		0	0	0	0	0	0				
95	1	5	4	2	100	10203	10202	10207	20826	20720	20369	20554	20836	20770					6	40008	40008		0	0	0	0	0	0				
96	1	6		2	100	10202	10203	10206	20261	20784	20810	20400	20400						7	40113	40110		0	0	0	0	0					
97	1	6	1	2	100	10209	10202	10203	20142	20454	20249	20784	20734						7	40111	40115		0	0	0	0	0					
98	1	6	2	2	100	10203	10204	10208	20834	20626	20347	20245	20349	20804					7	40016	40017		0	0	0	0	0	0				
99	1	6	3	2	100	10208	10206	10201	20128	20245	20060	20728	20628	20812					7	40009	40102		0	0	0	0	0	0				
100	1	6	4	2	100	10201	10205	10206	20786	20770	20156	20156	20570						7	40014	40126		0	0	0	0	0					
101	1	7		2	100	10201	10202	10205	20110	20834	20400	20634	20510						8	40001	40102		0	0	0	0	0					
102	1	7	1	2	100	10210	10207	10202	20448	20768	20584	20265	20520	20536					8	40015	40004		0	0	0	0	0	0				
103	1	7	2	2	100	10206	10210	10208	20502	20804	20528	20704	20162	20456					8	40012	40010		0	0	0	0	0	0				
104	1	7	3	2	100	10210	10205	10207	20355	20636	20804	20528	20754						8	40010	40022		0	0	0	0	0					
105	1	7	4	2	100	10201	10206	10205	20554	20450	20654	20259	20218	20030	20446				8	40016	40006		0	0	0	20259	0	0	0			
106	1	8		2	100	10201	10207	10206	20834	20448	20255	20562	20251	20349					9	40009	40015	40124	0	0	0	0	0	0				
107	1	8	1	2	100	10210	10205	10207	20602	20450	20812	20054	20770	20162					9	40112	40005	40107	0	0	0	0	0	0				
108	1	8	2	2	100	10206	10203	10201	20678	20054	20778	20048	20048						9	40005	40108	40023	0	0	0	0	0					
109	1	8	3	2	100	10208	10204	10202	20156	20628	20048	20630	20338	20842	20164				9	40012	40102	40102	0	0	0	20630	20338	0	0			
110	1	8	4	2	100	10206	10205	10202	20828	20580	20164	20158	20050	20696	20200	20050	20253		9	40001	40112	40107	0	20580	20164	20158	20050	0	0	0	0	
111	1	9		2	100	10203	10201	10210	20768	20804	20512	20728	20836	20736					10	40016	40126	40126	0	0	0	0	0	0				
112	1	9	1	2	100	10206	10205	10203	20654	20712	20054	20504	20361						10	40001	40102	40016	0	0	0	0	0					
113	1	9	2	2	100	10206	10203	10208	20245	20620	20812	20696	20334	20062	20822				10	40111	40013	40126	0	0	0	20696	20334	0	0			
114	1	9	3	2	100	10206	10202	10209	20054	20357	20030	20794	20814	20838	20756	20792	20642		10	40009	40013	40126	0	20357	20030	20794	20814	0	0	0	0	
115	1	9	4	2	100	10208	10203	10201	20432	20640	20062	20642	20648	20741	20253	20146	20336	20680	10	40009	40108	40124	20432	20640	20062	20642	20648	0	0	0	0	0
116	1	10		2	100	10203	10201	10210	20768	20804	20512	20728	20836	20736					10	40016	40126	40126	0	0	0	0	0	0				
117	1	10	1	2	100	10206	10205	10203	20654	20712	20054	20504	20361						10	40001	40102	40016	0	0	0	0	0					
118	1	10	2	2	100	10206	10203	10208	20245	20620	20812	20696	20334	20062	20822				10	40111	40013	40126	0	0	0	20696	20334	0	0			
119	1	10	3	2	100	10206	10202	10209	20054	20357	20030	20794	20814	20838	20756	20792	20642		10	40009	40013	40126	0	20357	20030	20794	20814	0	0	0	0	
120	1	10	4	2	100	10208	10203	10201	20432	20640	20062	20642	20648	20741	20253	20146	20336	20680	10	40009	40108	40124	20432	20640	20062	20642	20648	0	0	0	0	0
121	1	11		2	100	10203	10201	10210	20768	20804	20512	20728	20836	20736					10	40016	40126	40126	0	0	0	0	0	0				
122	1	11	1	2	100	10206	10205	10203	20654	20712	20054	20504	20361						10	40001	40102	40016	0	0	0	0	0					
123	1	11	2	2	100	10206	10203	10208	20245	20620	20812	20696	20334	20062	20822				10	40111	40013	40126	0	0	0	20696	20334	0	0			
124	1	11	3	2	100	10206	10202	10209	20054	20357	20030	20794	20814	20838	20756	20792	20642		10	40009	40013	40126	0	20357	20030	20794	20814	0	0	0	0	
125	1	11	4	2	100	10208	10203	10201	20432	20640	20062	20642	20648	20741	20253	20146	20336	20680	10	40009	40108	40124	20432	20640	20062	20642	20648	0	0	0	0	0
126	1	12		2	100	10203	10201	10210	20768	20804	20512	20728	20836	20736					10	40016	40126	40126	0	0	0	0	0	0				
127	1	12	1	2	100	10206	10205	10203	20654	20712	20054	20504	20361						10	40001	40102	40016	0	0	0	0	0					
128	1	12	2	2	100	10206	10203	10208	20245	20620	20812	20696	20334	20062	20822				10	40111	40013	40126	0	0	0	20696	20334	0	0			
129	1	12	3	2	100	10206	10202	10209	20054	20357	20030	20794	20814	20838	20756	20792	20642		10	40009	40013	40126	0	20357	20030	20794	20814	0	0	0	0	
130	1	12	4	2	100	10208	10203	10201	20432	20640	20062	20642	20648	20741	20253	20146	20336	20680	10	40009	40108	40124	20432	20640	20062	20642	20648	0	0	0	0	0
131	1			3	100	10007			20616	20766									1	40002			0	0								
132	1		1	3	100	10005			20308	20600	20750								1	40003			0	0	0							
133	1		2	3	100	10004	10002		20318	20018	20832								1	40012			0	0	0							
134	1		3	3	100	10002	10001		20708	20632	20400								1	40013			0	0	0							
135	1		4	3	100	10001	10006	10002	20816	20516	20752	20243							1	40115			0	0	0	0						
136	1	1		3	100	10004			20616	20516	20600								2	40006			0	0	0							
137	1	1	1	3	100	10010	10004		20716	20682	20750								2	40011			0	0	0							
138	1	1	2	3	100	10010	10009		20516	20808	20818								2	40017			0	0	0							
139	1	1	3	3	100	10008	10004	10002	20500	20582	20618	20684							2	40016			0	0	0	0						
140	1	1	4	3	100	10005	10003	10007	20024	20400	20454	20610							2	40006			0	0	0	0						
141	1	2		3	100	10008	10003		20682	20516	20832								3	40005			0	0	0							
142	1	2	1	3	100	10006	10001		20808	20632	20752								3	40006			0	0	0							
143	1	2	2	3	100	10009	10003	10005	20824	20674	20702	20448							3	40114			0	0	0	0						
144	1	2	3	3	100	10003	10004	10009	20824	20726	20534	20347							3	40109			0	0	0	0						
145	1	2	4	3	100	10003	10005	10001	20052	20534	20784	20347	20802						3	40011			0	0	0	0	0					
146	1	3		3	100	10006	10009		20650	20018	20552								4	40114			0	0	0							
147	1	3	1	3	100	10002	10005	10006	20650	20674	20142	20752							4	40010			0	0	0	0						
148	1	3	2	3	100	10010	10004	10003	20608	20510	20106	20052							4	40111			0	0	0	0						
149	1	3	3	3	100	10006	10002	10009	20660	20534	20365	20552	20634						4	40110			0	0	0	0	0					
150	1	3	4	3	100	10004	10006	10010	20734	20510	20448	20684	20552						4	40115			0	0	0	0	0					
151	1	4		3	100	10008	10007	10006	20758	20558	20702	20046							5	40012	40106		0	0	0	0						
152	1	4	1	3	100	10005	10006	10004	20318	20718	20442	20768							5	40007	40004		0	0	0	0						
153	1	4	2	3	100	10007	10009	10005	20448	20584	20702	20818	20610						5	40003	40005		0	0	0	0	0					
154	1	4	3	3	100	10007	10002	10005	20752	20760	20760	20502	20058						5	40006	40124		0	0	0	0	0					
155	1	4	4	3	100	10006	10007	10008	20442	20576	20684	20162	20728	20048					5	40110	40125		0	0	0	0	0	0				
156	1	5		3	100	10009	10010	10003	20574	20154	20784	20734							6	40007	40124		0	0	0	0						
157	1	5	1	3	100	10001	10005	10009	20760	20726	20502	20510	20684						6	40004	40106		0	0	0	0	0					
158	1	5	2	3	100	10001	10006	10010	20634	20652	20154	20834	20660						6	40006	40013		0	0	0	0	0					
159	1	5	3	3	100	10010	10003	10001	20106	20448	20668	20562	20554	20820					6	40016	40125		0	0	0	0	0	0				
160	1	5	4	3	100	10010	10003	10009	20261	20604	20554	20060	20836	20570					6	40006	40113		0	0	0	0	0	0				
161	1	6		3	100	10002	10010	10001	20810	20584	20526	20154	20142						7	40115	40106		0	0	0	0	0					
162	1	6	1	3	100	10008	10009	10006	20802	20249	20668	20347	20255						7	40004	40011		0	0	0	0	0					
163	1	6	2	3	100	10007	10003	10004	20448	20106	20610	20060	20654	20520					7	40015	40112		0	0	0	0	0	0				
164	1	6	3	3	100	10002	10005	10003	20518	20456	20355	20054	20349	20048					7	40014	40102		0	0	0	0	0	0				
165	1	6	4	3	100	10002	10010	10007	20450	20562	20162	20828	20762						7	40112	40109		0	0	0	0	0					
166	1	7		3	100	10005	10010	10009	20684	20128	20261	20676	20510						8	40109	40012		0	0	0	0	0					
167	1	7	1	3	100	10009	10006	10003	20359	20249	20058	20536	20836	20456					8	40005	40107		0	0	0	0	0	0				
168	1	7	2	3	100	10002	10004	10009	20454	20604	20828	20620	20770	20245					8	40004	40105		0	0	0	0	0	0				
169	1	7	3	3	100	10003	10006	10008	20060	20678	20450	20720	20570						8	40014	40110		0	0	0	0	0					
170	1	7	4	3	100	10009	10003	10001	20586	20820	20512	20614	20756	20806	20230				8	40110	40105		0	0	0	20614	20756	0	0			
171	1	8		3	100	10009	10001	10003	20618	20602	20110	20578	20670	20762					9	40011	40008	40113	0	0	0	0	0	0				
172	1	8	1	3	100	10007	10003	10001	20046	20257	20836	20686	20369	20528					9	40017	40019	40106	0	0	0	0	0	0				
173	1	8	2	3	100	10007	10008	10003	20586	20450	20456	20349	20628						9	40115	40005	40015	0	0	0	0	0					
174	1	8	3	3	100	10002	10006	10003	20762	20450	20786	20146	20840	20764	20132				9	40004	40111	40124	0	0	0	20146	20840	0	0			
175	1	8	4	3	100	10002	10005	10004	20686	20230	20416	20304	20130	20572	20218	20214	20224		9	40014	40101	40022	0	20230	0	0	20130	0	0	0	0	
176	1	9		3	100	10006	10003	10010	20243	20586	20369	20786	20369	20456					10	40007	40116	40103	0	0	0	0	0	0				
177	1	9	1	3	100	10007	10010	10008	20578	20528	20754	20156	20778						10	40113	40009	40108	0	0	0	0	0					
178	1	9	2	3	100	10007	10002	10003	20586	20245	20048	20756	20506	20132	20588				10	40005	40008	40107	0	0	0	20756	20506	0	0			
179	1	9	3	3	100	10004	10003	10008	20562	20738	20738	20606	20841	20200	20696	20696	20158		10	40112	40105	40017	0	20738	20738	20606	20841	0	0	0	0	
180	1	9	4	3	100	10007	10004	10009	20656	20592	20742	20614	20590	20434	20422	20572	20830	20514	10	40005	40014	40126	20656	20592	20742	20614	20590	0	0	0	0	0
181	1	10		3	100	10006	10003	10010	20243	20586	20369	20786	20369	20456					10	40007	40116	40103	0	0	0	0	0	0				
182	1	10	1	3	100	10007	10010	10008	20578	20528	20754	20156	20778						10	40113	40009	40108	0	0	0	0	0					
183	1	10	2	3	100	10007	10002	10003	20586	20245	20048	20756	20506	20132	20588				10	40005	40008	40107	0	0	0	20756	20506	0	0			
184	1	10	3	3	100	10004	10003	10008	20562	20738	20738	20606	20841	20200	20696	20696	20158		10	40112	40105	40017	0	20738	20738	20606	20841	0	0	0	0	
185	1	10	4	3	100	10007	10004	10009	20656	20592	20742	20614	20590	20434	20422	20572	20830	20514	10	40005	40014	40126	20656	20592	20742	20614	20590	0	0	0	0	0
186	1	11		3	100	10006	10003	10010	20243	20586	20369	20786	20369	20456					10	40007	40116	40103	0	0	0	0	0	0				
187	1	11	1	3	100	10007	10010	10008	20578	20528	20754	20156	20778						10	40113	40009	40108	0	0	0	0	0					
188	1	11	2	3	100	10007	10002	10003	20586	20245	20048	20756	20506	20132	20588				10	40005	40008	40107	0	0	0	20756	20506	0	0			
189	1	11	3	3	100	10004	10003	10008	20562	20738	20738	20606	20841	20200	20696	20696	20158		10	40112	40105	40017	0	20738	20738	20606	20841	0	0	0	0	
190	1	11	4	3	100	10007	10004	10009	20656	20592	20742	20614	20590	20434	20422	20572	20830	20514	10	40005	40014	40126	20656	20592	20742	20614	20590	0	0	0	0	0
191	1	12		3	100	10006	10003	10010	20243	20586	20369	20786	20369	20456					10	40007	40116	40103	0	0	0	0	0	0				
192	1	12	1	3	100	10007	10010	10008	20578	20528	20754	20156	20778						10	40113	40009	40108	0	0	0	0	0					
193	1	12	2	3	100	10007	10002	10003	20586	20245	20048	20756	20506	20132	20588				10	40005	40008	40107	0	0	0	20756	20506	0	0			
194	1	12	3	3	100	10004	10003	10008	20562	20738	20738	20606	20841	20200	20696	20696	20158		10	40112	40105	40017	0	20738	20738	20606	20841	0	0	0	0	
195	1	12	4	3	100	10007	10004	10009	20656	20592	20742	20614	20590	20434	20422	20572	20830	20514	10	40005	40014	40126	20656	20592	20742	20614	20590	0	0	0	0	0
196	2			1	300	10104			20558	20758									1	40112			0	0								
197	2		1	1	300	10101			20816	20758	20824								1	40008			0	0	0							
198	2		2	1	300	10106	10105		20624	20508	20566								1	40017			0	0	0							
199	2		3	1	300	10110	10107		20516	20308	20448								1	40017			0	0	0							
200	2		4	1	300	10106	10103	10107	20550	20774	20448	20442							1	40004			0	0	0	0						
201	2	1		1	300	10108			20550	20700	20650								2	40111			0	0	0							
202	2	1	1	1	300	10110	10102		20016	20308	20700								2	40004			0	0	0							
203	2	1	2	1	300	10107	10103		20674	20558	20568								2	40114			0	0	0							
204	2	1	3	1	300	10104	10105	10101	20566	20682	20106	20660							2	40115			0	0	0	0						
205	2	1	4	1	300	10102	10103	10104	20774	20365	20510	20347							2	40109			0	0	0	0						
206	2	2		1	300	10108	10105		20508	20716	20524								3	40016			0	0	0							
207	2	2	1	1	300	10102	10110		20832	20816	20518								3	40015			0	0	0							
208	2	2	2	1	300	10104	10109	10108	20824	20666	20128	20058							3	40112			0	0	0	0						
209	2	2	3	1	300	10103	10104	10102	20016	20365	20154	20652							3	40005			0	0	0	0						
210	2	2	4	1	300	10108	10102	10110	20249	20400	20359	20448	20142						3	40009			0	0	0	0	0					
211	2	3		1	300	10108	10102		20016	20816	20676								4	40005			0	0	0							
212	2	3	1	1	300	10101	10106	10108	20308	20624	20660	20359							4	40015			0	0	0	0						
213	2	3	2	1	300	10103	10109	10110	20632	20810	20160	20046							4	40004			0	0	0	0						
214	2	3	3	1	300	10110	10102	10107	20261	20810	20768	20784	20518						4	40011			0	0	0	0	0					
215	2	3	4	1	300	10103	10104	10107	20802	20768	20568	20826	20676						4	40004			0	0	0	0	0					
216	2	4		1	300	10101	10106	10105	20824	20624	20760	20652							5	40002	40011		0	0	0	0						
217	2	4	1	1	300	10104	10110	10107	20318	20776	20255	20502							5	40001	40106		0	0	0	0						
218	2	4	2	1	300	10102	10107	10110	20834	20510	20052	20584	20618						5	40112	40110		0	0	0	0	0					
219	2	4	3	1	300	10102	10110	10109	20552	20834	20710	20502	20818						5	40010	40008		0	0	0	0	0					
220	2	4	4	1	300	10107	10109	10110	20261	20718	20046	20048	20554	20355					5	40007	40014		0	0	0	0	0	0				
221	2	5		1	300	10109	10106	10105	20558	20660	20518	20826							6	40007	40113		0	0	0	0						
222	2	5	1	1	300	10104	10102	10107	20128	20618	20668	20046	20826						6	40005	40005		0	0	0	0	0					
223	2	5	2	1	300	10108	10110	10109	20448	20046	20255	20128	20718						6	40110	40125		0	0	0	0	0					
224	2	5	3	1	300	10107	10105	10101	20261	20718	20526	20156	20628	20678					6	40001	40106		0	0	0	0	0	0				
225	2	5	4	1	300	10101	10105	10110	20810	20662	20820	20355	20654	20686					6	40115	40114		0	0	0	0	0	0				
226	2	6		1	300	10103	10110	10105	20249	20359	20347	20448	20568						7	40114	40004		0	0	0	0	0					
227	2	6	1	1	300	10102	10110	10107	20154	20160	20400	20454	20768						7	40005	40005		0	0	0	0	0					
228	2	6	2	1	300	10104	10110	10103	20502	20454	20634	20586	20828	20654					7	40001	40008		0	0	0	0	0	0				
229	2	6	3	1	300	10108	10106	10109	20752	20265	20162	20156	20828	20636					7	40007	40015		0	0	0	0	0	0				
230	2	6	4	1	300	10110	10107	10106	20265	20251	20456	20778	20554						7	40113	40110		0	0	0	0	0					
231	2	7		1	300	10106	10103	10104	20110	20718	20552	20046	20760						8	40013	40012		0	0	0	0	0					
232	2	7	1	1	300	10102	10107	10101	20610	20676	20826	20251	20060	20636					8	40003	40114		0	0	0	0	0	0				
233	2	7	2	1	300	10110	10103	10106	20442	20828	20456	20361	20636	20820					8	40115	40011		0	0	0	0	0	0				
234	2	7	3	1	300	10103	10109	10110	20570	20060	20712	20820	20786						8	40011	40113		0	0	0	0	0					
235	2	7	4	1	300	10104	10108	10106	20812	20828	20355	20422	20028	20056	20050				8	40113	40014		0	0	0	0	20028	0	0			
236	2	8		1	300	10109	10108	10110	20710	20568	20058	20536	20060	20670					9	40010	40126	40124	0	0	0	0	0	0				
237	2	8	1	1	300	10107	10104	10101	20128	20586	20536	20828	20520	20586					9	40007	40016	40110	0	0	0	0	0	0				
238	2	8	2	1	300	10110	10101	10107	20349	20369	20156	20812	20048						9	40006	40102	40104	0	0	0	0	0					
239	2	8	3	1	300	10104	10102	10106	20450	20770	20144	20764	20334	20130	20336				9	40109	40009	40111	0	0	0	20764	20334	0	0			
240	2	8	4	1	300	10108	10106	10109	20444	20606	20772	20506	20544	20544	20224	20304	20130		9	40014	40111	40125	0	20606	20772	20506	20544	0	0	0	0	
241	2	9		1	300	10104	10108	10103	20560	20612	20662	20562	20678	20054					10	40002	40007	40114	0	0	0	0	0	0				
242	2	9	1	1	300	10104	10106	10109	20736	20048	20812	20054	20754						10	40016	40014	40107	0	0	0	0	0					
243	2	9	2	1	300	10110	10108	10109	20778	20528	20361	20050	20730	20452	20738				10	40003	40106	40106	0	0	0	20050	20730	0	0			
244	2	9	3	1	300	10109	10106	10104	20251	20422	20373	20422	20594	20259	20259	20542	20269		10	40007	40005	40016	0	0	20373	0	20594	0	0	0	0	
245	2	9	4	1	300	10105	10106	10107	20614	20556	20794	20158	20514	20050	20790	20730	20841	20714	10	40009	40008	40106	20614	20556	20794	20158	20514	0	0	0	0	0
246	2	10		1	300	10104	10108	10103	20560	20612	20662	20562	20678	20054					10	40002	40007	40114	0	0	0	0	0	0				
247	2	10	1	1	300	10104	10106	10109	20736	20048	20812	20054	20754						10	40016	40014	40107	0	0	0	0	0					
248	2	10	2	1	300	10110	10108	10109	20778	20528	20361	20050	20730	20452	20738				10	40003	40106	40106	0	0	0	20050	20730	0	0			
249	2	10	3	1	300	10109	10106	10104	20251	20422	20373	20422	20594	20259	20259	20542	20269		10	40007	40005	40016	0	0	20373	0	20594	0	0	0	0	
250	2	10	4	1	300	10105	10106	10107	20614	20556	20794	20158	20514	20050	20790	20730	20841	20714	10	40009	40008	40106	20614	20556	20794	20158	20514	0	0	0	0	0
251	2	11		1	300	10104	10108	10103	20560	20612	20662	20562	20678	20054					10	40002	40007	40114	0	0	0	0	0	0				
252	2	11	1	1	300	10104	10106	10109	20736	20048	20812	20054	20754						10	40016	40014	40107	0	0	0	0	0					
253	2	11	2	1	300	10110	10108	10109	20778	20528	20361	20050	20730	20452	20738				10	40003	40106	40106	0	0	0	20050	20730	0	0			
254	2	11	3	1	300	10109	10106	10104	20251	20422	20373	20422	20594	20259	20259	20542	20269		10	40007	40005	40016	0	0	20373	0	20594	0	0	0	0	
255	2	11	4	1	300	10105	10106	10107	20614	20556	20794	20158	20514	20050	20790	20730	20841	20714	10	40009	40008	40106	20614	20556	20794	20158	20514	0	0	0	0	0
256	2	12		1	300	10104	10108	10103	20560	20612	20662	20562	20678	20054					10	40002	40007	40114	0	0	0	0	0	0				
257	2	12	1	1	300	10104	10106	10109	20736	20048	20812	20054	20754						10	40016	40014	40107	0	0	0	0	0					
258	2	12	2	1	300	10110	10108	10109	20778	20528	20361	20050	20730	20452	20738				10	40003	40106	40106	0	0	0	20050	20730	0	0			
259	2	12	3	1	300	10109	10106	10104	20251	20422	20373	20422	20594	20259	20259	20542	20269		10	40007	40005	40016	0	0	20373	0	20594	0	0	0	0	
260	2	12	4	1	300	10105	10106	10107	20614	20556	20794	20158	20514	20050	20790	20730	20841	20714	10	40009	40008	40106	20614	20556	20794	20158	20514	0	0	0	0	0
261	2			2	300	10209			20500	20724									1	40017			0	0								
262	2		1	2	300	10202			20018	20608	20550								1	40011			0	0	0							
263	2		2	2	300	10202	10206		20326	20700	20800								1	40110			0	0	0							
264	2		3	2	300	10206	10202		20608	20600	20106								1	40001			0	0	0							
265	2		4	2	300	10208	10204	10210	20808	20308	20552	20128							1	40113			0	0	0	0						
266	2	1		2	300	10201			20508	20658	20758								2	40113			0	0	0							
267	2	1	1	2	300	10203	10204		20582	20700	20582								2	40005			0	0	0							
268	2	1	2	2	300	10206	10205		20524	20018	20718								2	40109			0	0	0							
269	2	1	3	2	300	10207	10209	10208	20566	20024	20784	20106							2	40007			0	0	0	0						
270	2	1	4	2	300	10204	10202	10206	20782	20802	20448	20826							2	40013			0	0	0	0						
271	2	2		2	300	10206	10203		20632	20532	20550								3	40013			0	0	0							
272	2	2	1	2	300	10202	10205		20600	20624	20365								3	40010			0	0	0							
273	2	2	2	2	300	10206	10210	10208	20782	20508	20518	20626							3	40114			0	0	0	0						
274	2	2	3	2	300	10210	10203	10209	20016	20255	20568	20834							3	40002			0	0	0	0						
275	2	2	4	2	300	10207	10210	10205	20818	20128	20128	20768	20760						3	40004			0	0	0	0	0					
276	2	3		2	300	10204	10206		20750	20558	20660								4	40001			0	0	0							
277	2	3	1	2	300	10209	10210	10203	20558	20016	20518	20359							4	40013			0	0	0	0						
278	2	3	2	2	300	10207	10205	10201	20774	20560	20834	20448							4	40004			0	0	0	0						
279	2	3	3	2	300	10205	10206	10203	20576	20154	20660	20046	20518						4	40015			0	0	0	0	0					
280	2	3	4	2	300	10201	10204	10208	20776	20802	20255	20702	20142						4	40004			0	0	0	0	0					
281	2	4		2	300	10206	10205	10201	20682	20558	20568	20347							5	40115	40022		0	0	0	0						
282	2	4	1	2	300	10209	10206	10205	20624	20400	20400	20160							5	40006	40106		0	0	0	0						
283	2	4	2	2	300	10205	10204	10207	20676	20534	20834	20734	20668						5	40010	40125		0	0	0	0	0					
284	2	4	3	2	300	10203	10208	10207	20442	20255	20702	20560	20776						5	40009	40106		0	0	0	0	0					
285	2	4	4	2	300	10209	10207	10202	20526	20576	20834	20060	20144	20778					5	40012	40126		0	0	0	0	0	0				
286	2	5		2	300	10203	10202	10209	20666	20046	20518	20058							6	40004	40106		0	0	0	0						
287	2	5	1	2	300	10207	10209	10202	20154	20142	20359	20826	20454						6	40012	40005		0	0	0	0	0					
288	2	5	2	2	300	10203	10205	10204	20802	20702	20154	20255	20626						6	40001	40011		0	0	0	0	0					
289	2	5	3	2	300	10208	10210	10202	20768	20142	20576	20586	20828	20444					6	40110	40124		0	0	0	0	0	0				
290	2	5	4	2	300	10203	10202	10207	20826	20720	20369	20554	20836	20770					6	40114	40124		0	0	0	0	0	0				
291	2	6		2	300	10202	10203	10206	20261	20784	20810	20400	20400						7	40004	40111		0	0	0	0	0					
292	2	6	1	2	300	10209	10202	10203	20142	20454	20249	20784	20734						7	40008	40018		0	0	0	0	0					
293	2	6	2	2	300	10203	10204	10208	20834	20626	20347	20245	20349	20804					7	40017	40106		0	0	0	0	0	0				
294	2	6	3	2	300	10208	10206	10201	20128	20245	20060	20728	20628	20812					7	40004	40011		0	0	0	0	0	0				
295	2	6	4	2	300	10201	10205	10206	20786	20770	20156	20156	20570						7	40015	40104		0	0	0	0	0					
296	2	7		2	300	10201	10202	10205	20110	20834	20400	20634	20510						8	40114	40103		0	0	0	0	0					
297	2	7	1	2	300	10210	10207	10202	20448	20768	20584	20265	20520	20536					8	40008	40101		0	0	0	0	0	0				
298	2	7	2	2	300	10206	10210	10208	20502	20804	20528	20704	20162	20456					8	40009	40106		0	0	0	0	0	0				
299	2	7	3	2	300	10210	10205	10207	20355	20636	20804	20528	20754						8	40004	40107		0	0	0	0	0					
300	2	7	4	2	300	10201	10206	10205	20554	20450	20654	20259	20218	20030	20446				8	40001	40011		0	0	0	20259	0	0	0			
301	2	8		2	300	10201	10207	10206	20834	20448	20255	20562	20251	20349					9	40004	40006	40126	0	0	0	0	0	0				
302	2	8	1	2	300	10210	10205	10207	20602	20450	20812	20054	20770	20162					9	40016	40108	40108	0	0	0	0	0	0				
303	2	8	2	2	300	10206	10203	10201	20678	20054	20778	20048	20048						9	40014	40114	40110	0	0	0	0	0					
304	2	8	3	2	300	10208	10204	10202	20156	20628	20048	20630	20338	20842	20164				9	40010	40111	40126	0	0	0	20630	20338	0	0			
305	2	8	4	2	300	10206	10205	10202	20828	20580	20164	20158	20050	20696	20200	20050	20253		9	40017	40015	40115	0	20580	20164	20158	20050	0	0	0	0	
306	2	9		2	300	10203	10201	10210	20768	20804	20512	20728	20836	20736					10	40015	40013	40110	0	0	0	0	0	0				
307	2	9	1	2	300	10206	10205	10203	20654	20712	20054	20504	20361						10	40001	40008	40111	0	0	0	0	0					
308	2	9	2	2	300	10206	10203	10208	20245	20620	20812	20696	20334	20062	20822				10	40003	40004	40114	0	0	0	20696	20334	0	0			
309	2	9	3	2	300	10206	10202	10209	20054	20357	20030	20794	20814	20838	20756	20792	20642		10	40007	40022	40103	0	20357	20030	20794	20814	0	0	0	0	
310	2	9	4	2	300	10208	10203	10201	20432	20640	20062	20642	20648	20741	20253	20146	20336	20680	10	40008	40115	40017	20432	20640	20062	20642	20648	0	0	0	0	0
311	2	10		2	300	10203	10201	10210	20768	20804	20512	20728	20836	20736					10	40015	40013	40110	0	0	0	0	0	0				
312	2	10	1	2	300	10206	10205	10203	20654	20712	20054	20504	20361						10	40001	40008	40111	0	0	0	0	0					
313	2	10	2	2	300	10206	10203	10208	20245	20620	20812	20696	20334	20062	20822				10	40003	40004	40114	0	0	0	20696	20334	0	0			
314	2	10	3	2	300	10206	10202	10209	20054	20357	20030	20794	20814	20838	20756	20792	20642		10	40007	40022	40103	0	20357	20030	20794	20814	0	0	0	0	
315	2	10	4	2	300	10208	10203	10201	20432	20640	20062	20642	20648	20741	20253	20146	20336	20680	10	40008	40115	40017	20432	20640	20062	20642	20648	0	0	0	0	0
316	2	11		2	300	10203	10201	10210	20768	20804	20512	20728	20836	20736					10	40015	40013	40110	0	0	0	0	0	0				
317	2	11	1	2	300	10206	10205	10203	20654	20712	20054	20504	20361						10	40001	40008	40111	0	0	0	0	0					
318	2	11	2	2	300	10206	10203	10208	20245	20620	20812	20696	20334	20062	20822				10	40003	40004	40114	0	0	0	20696	20334	0	0			
319	2	11	3	2	300	10206	10202	10209	20054	20357	20030	20794	20814	20838	20756	20792	20642		10	40007	40022	40103	0	20357	20030	20794	20814	0	0	0	0	
320	2	11	4	2	300	10208	10203	10201	20432	20640	20062	20642	20648	20741	20253	20146	20336	20680	10	40008	40115	40017	20432	20640	20062	20642	20648	0	0	0	0	0
321	2	12		2	300	10203	10201	10210	20768	20804	20512	20728	20836	20736					10	40015	40013	40110	0	0	0	0	0	0				
322	2	12	1	2	300	10206	10205	10203	20654	20712	20054	20504	20361						10	40001	40008	40111	0	0	0	0	0					
323	2	12	2	2	300	10206	10203	10208	20245	20620	20812	20696	20334	20062	20822				10	40003	40004	40114	0	0	0	20696	20334	0	0			
324	2	12	3	2	300	10206	10202	10209	20054	20357	20030	20794	20814	20838	20756	20792	20642		10	40007	40022	40103	0	20357	20030	20794	20814	0	0	0	0	
325	2	12	4	2	300	10208	10203	10201	20432	20640	20062	20642	20648	20741	20253	20146	20336	20680	10	40008	40115	40017	20432	20640	20062	20642	20648	0	0	0	0	0
326	2			3	300	10007			20616	20766									1	40114			0	0								
327	2		1	3	300	10005			20308	20600	20750								1	40001			0	0	0							
328	2		2	3	300	10004	10002		20318	20018	20832								1	40110			0	0	0							
329	2		3	3	300	10002	10001		20708	20632	20400								1	40002			0	0	0							
330	2		4	3	300	10001	10006	10002	20816	20516	20752	20243							1	40012			0	0	0	0						
331	2	1		3	300	10004			20616	20516	20600								2	40011			0	0	0							
332	2	1	1	3	300	10010	10004		20716	20682	20750								2	40109			0	0	0							
333	2	1	2	3	300	10010	10009		20516	20808	20818								2	40009			0	0	0							
334	2	1	3	3	300	10008	10004	10002	20500	20582	20618	20684							2	40006			0	0	0	0						
335	2	1	4	3	300	10005	10003	10007	20024	20400	20454	20610							2	40017			0	0	0	0						
336	2	2		3	300	10008	10003		20682	20516	20832								3	40016			0	0	0							
337	2	2	1	3	300	10006	10001		20808	20632	20752								3	40110			0	0	0							
338	2	2	2	3	300	10009	10003	10005	20824	20674	20702	20448							3	40013			0	0	0	0						
339	2	2	3	3	300	10003	10004	10009	20824	20726	20534	20347							3	40010			0	0	0	0						
340	2	2	4	3	300	10003	10005	10001	20052	20534	20784	20347	20802						3	40010			0	0	0	0	0					
341	2	3		3	300	10006	10009		20650	20018	20552								4	40005			0	0	0							
342	2	3	1	3	300	10002	10005	10006	20650	20674	20142	20752							4	40015			0	0	0	0						
343	2	3	2	3	300	10010	10004	10003	20608	20510	20106	20052							4	40016			0	0	0	0						
344	2	3	3	3	300	10006	10002	10009	20660	20534	20365	20552	20634						4	40017			0	0	0	0	0					
345	2	3	4	3	300	10004	10006	10010	20734	20510	20448	20684	20552						4	40001			0	0	0	0	0					
346	2	4		3	300	10008	10007	10006	20758	20558	20702	20046							5	40005	40004		0	0	0	0						
347	2	4	1	3	300	10005	10006	10004	20318	20718	20442	20768							5	40016	40005		0	0	0	0						
348	2	4	2	3	300	10007	10009	10005	20448	20584	20702	20818	20610						5	40114	40108		0	0	0	0	0					
349	2	4	3	3	300	10007	10002	10005	20752	20760	20760	20502	20058						5	40111	40105		0	0	0	0	0					
350	2	4	4	3	300	10006	10007	10008	20442	20576	20684	20162	20728	20048					5	40110	40015		0	0	0	0	0	0				
351	2	5		3	300	10009	10010	10003	20574	20154	20784	20734							6	40114	40105		0	0	0	0						
352	2	5	1	3	300	10001	10005	10009	20760	20726	20502	20510	20684						6	40008	40010		0	0	0	0	0					
353	2	5	2	3	300	10001	10006	10010	20634	20652	20154	20834	20660						6	40113	40106		0	0	0	0	0					
354	2	5	3	3	300	10010	10003	10001	20106	20448	20668	20562	20554	20820					6	40011	40019		0	0	0	0	0	0				
355	2	5	4	3	300	10010	10003	10009	20261	20604	20554	20060	20836	20570					6	40114	40109		0	0	0	0	0	0				
356	2	6		3	300	10002	10010	10001	20810	20584	20526	20154	20142						7	40012	40012		0	0	0	0	0					
357	2	6	1	3	300	10008	10009	10006	20802	20249	20668	20347	20255						7	40010	40126		0	0	0	0	0					
358	2	6	2	3	300	10007	10003	10004	20448	20106	20610	20060	20654	20520					7	40015	40114		0	0	0	0	0	0				
359	2	6	3	3	300	10002	10005	10003	20518	20456	20355	20054	20349	20048					7	40010	40015		0	0	0	0	0	0				
360	2	6	4	3	300	10002	10010	10007	20450	20562	20162	20828	20762						7	40010	40106		0	0	0	0	0					
361	2	7		3	300	10005	10010	10009	20684	20128	20261	20676	20510						8	40113	40022		0	0	0	0	0					
362	2	7	1	3	300	10009	10006	10003	20359	20249	20058	20536	20836	20456					8	40112	40017		0	0	0	0	0	0				
363	2	7	2	3	300	10002	10004	10009	20454	20604	20828	20620	20770	20245					8	40016	40016		0	0	0	0	0	0				
364	2	7	3	3	300	10003	10006	10008	20060	20678	20450	20720	20570						8	40011	40110		0	0	0	0	0					
365	2	7	4	3	300	10009	10003	10001	20586	20820	20512	20614	20756	20806	20230				8	40014	40017		0	0	0	20614	20756	0	0			
366	2	8		3	300	10009	10001	10003	20618	20602	20110	20578	20670	20762					9	40003	40016	40017	0	0	0	0	0	0				
367	2	8	1	3	300	10007	10003	10001	20046	20257	20836	20686	20369	20528					9	40002	40011	40126	0	0	0	0	0	0				
368	2	8	2	3	300	10007	10008	10003	20586	20450	20456	20349	20628						9	40015	40005	40018	0	0	0	0	0					
369	2	8	3	3	300	10002	10006	10003	20762	20450	20786	20146	20840	20764	20132				9	40004	40101	40103	0	0	0	20146	20840	0	0			
370	2	8	4	3	300	10002	10005	10004	20686	20230	20416	20304	20130	20572	20218	20214	20224		9	40115	40010	40108	0	20230	0	0	20130	0	0	0	0	
371	2	9		3	300	10006	10003	10010	20243	20586	20369	20786	20369	20456					10	40004	40008	40102	0	0	0	0	0	0				
372	2	9	1	3	300	10007	10010	10008	20578	20528	20754	20156	20778						10	40113	40114	40017	0	0	0	0	0					
373	2	9	2	3	300	10007	10002	10003	20586	20245	20048	20756	20506	20132	20588				10	40017	40018	40105	0	0	0	20756	20506	0	0			
374	2	9	3	3	300	10004	10003	10008	20562	20738	20738	20606	20841	20200	20696	20696	20158		10	40005	40004	40016	0	20738	20738	20606	20841	0	0	0	0	
375	2	9	4	3	300	10007	10004	10009	20656	20592	20742	20614	20590	20434	20422	20572	20830	20514	10	40005	40107	40110	20656	20592	20742	20614	20590	0	0	0	0	0
376	2	10		3	300	10006	10003	10010	20243	20586	20369	20786	20369	20456					10	40004	40008	40102	0	0	0	0	0	0				
377	2	10	1	3	300	10007	10010	10008	20578	20528	20754	20156	20778						10	40113	40114	40017	0	0	0	0	0					
378	2	10	2	3	300	10007	10002	10003	20586	20245	20048	20756	20506	20132	20588				10	40017	40018	40105	0	0	0	20756	20506	0	0			
379	2	10	3	3	300	10004	10003	10008	20562	20738	20738	20606	20841	20200	20696	20696	20158		10	40005	40004	40016	0	20738	20738	20606	20841	0	0	0	0	
380	2	10	4	3	300	10007	10004	10009	20656	20592	20742	20614	20590	20434	20422	20572	20830	20514	10	40005	40107	40110	20656	20592	20742	20614	20590	0	0	0	0	0
381	2	11		3	300	10006	10003	10010	20243	20586	20369	20786	20369	20456					10	40004	40008	40102	0	0	0	0	0	0				
382	2	11	1	3	300	10007	10010	10008	20578	20528	20754	20156	20778						10	40113	40114	40017	0	0	0	0	0					
383	2	11	2	3	300	10007	10002	10003	20586	20245	20048	20756	20506	20132	20588				10	40017	40018	40105	0	0	0	20756	20506	0	0			
384	2	11	3	3	300	10004	10003	10008	20562	20738	20738	20606	20841	20200	20696	20696	20158		10	40005	40004	40016	0	20738	20738	20606	20841	0	0	0	0	
385	2	11	4	3	300	10007	10004	10009	20656	20592	20742	20614	20590	20434	20422	20572	20830	20514	10	40005	40107	40110	20656	20592	20742	20614	20590	0	0	0	0	0
386	2	12		3	300	10006	10003	10010	20243	20586	20369	20786	20369	20456					10	40004	40008	40102	0	0	0	0	0	0				
387	2	12	1	3	300	10007	10010	10008	20578	20528	20754	20156	20778						10	40113	40114	40017	0	0	0	0	0					
388	2	12	2	3	300	10007	10002	10003	20586	20245	20048	20756	20506	20132	20588				10	40017	40018	40105	0	0	0	20756	20506	0	0			
389	2	12	3	3	300	10004	10003	10008	20562	20738	20738	20606	20841	20200	20696	20696	20158		10	40005	40004	40016	0	20738	20738	20606	20841	0	0	0	0	
390	2	12	4	3	300	10007	10004	10009	20656	20592	20742	20614	20590	20434	20422	20572	20830	20514	10	40005	40107	40110	20656	20592	20742	20614	20590	0	0	0	0	0
391	3			1	500	10104			20558	20758									1	40015			0	0								
392	3		1	1	500	10101			20816	20758	20824								1	40002			0	0	0							
393	3		2	1	500	10106	10105		20624	20508	20566								1	40004			0	0	0							
394	3		3	1	500	10110	10107		20516	20308	20448								1	40016			0	0	0							
395	3		4	1	500	10106	10103	10107	20550	20774	20448	20442							1	40003			0	0	0	0						
396	3	1		1	500	10108			20550	20700	20650								2	40112			0	0	0							
397	3	1	1	1	500	10110	10102		20016	20308	20700								2	40113			0	0	0							
398	3	1	2	1	500	10107	10103		20674	20558	20568								2	40013			0	0	0							
399	3	1	3	1	500	10104	10105	10101	20566	20682	20106	20660							2	40015			0	0	0	0						
400	3	1	4	1	500	10102	10103	10104	20774	20365	20510	20347							2	40012			0	0	0	0						
401	3	2		1	500	10108	10105		20508	20716	20524								3	40011			0	0	0							
402	3	2	1	1	500	10102	10110		20832	20816	20518								3	40014			0	0	0							
403	3	2	2	1	500	10104	10109	10108	20824	20666	20128	20058							3	40113			0	0	0	0						
404	3	2	3	1	500	10103	10104	10102	20016	20365	20154	20652							3	40016			0	0	0	0						
405	3	2	4	1	500	10108	10102	10110	20249	20400	20359	20448	20142						3	40015			0	0	0	0	0					
406	3	3		1	500	10108	10102		20016	20816	20676								4	40007			0	0	0							
407	3	3	1	1	500	10101	10106	10108	20308	20624	20660	20359							4	40015			0	0	0	0						
408	3	3	2	1	500	10103	10109	10110	20632	20810	20160	20046							4	40109			0	0	0	0						
409	3	3	3	1	500	10110	10102	10107	20261	20810	20768	20784	20518						4	40015			0	0	0	0	0					
410	3	3	4	1	500	10103	10104	10107	20802	20768	20568	20826	20676						4	40012			0	0	0	0	0					
411	3	4		1	500	10101	10106	10105	20824	20624	20760	20652							5	40013	40125		0	0	0	0						
412	3	4	1	1	500	10104	10110	10107	20318	20776	20255	20502							5	40115	40013		0	0	0	0						
413	3	4	2	1	500	10102	10107	10110	20834	20510	20052	20584	20618						5	40017	40107		0	0	0	0	0					
414	3	4	3	1	500	10102	10110	10109	20552	20834	20710	20502	20818						5	40112	40104		0	0	0	0	0					
415	3	4	4	1	500	10107	10109	10110	20261	20718	20046	20048	20554	20355					5	40001	40102		0	0	0	0	0	0				
416	3	5		1	500	10109	10106	10105	20558	20660	20518	20826							6	40004	40017		0	0	0	0						
417	3	5	1	1	500	10104	10102	10107	20128	20618	20668	20046	20826						6	40007	40009		0	0	0	0	0					
418	3	5	2	1	500	10108	10110	10109	20448	20046	20255	20128	20718						6	40112	40115		0	0	0	0	0					
419	3	5	3	1	500	10107	10105	10101	20261	20718	20526	20156	20628	20678					6	40115	40125		0	0	0	0	0	0				
420	3	5	4	1	500	10101	10105	10110	20810	20662	20820	20355	20654	20686					6	40003	40108		0	0	0	0	0	0				
421	3	6		1	500	10103	10110	10105	20249	20359	20347	20448	20568						7	40012	40106		0	0	0	0	0					
422	3	6	1	1	500	10102	10110	10107	20154	20160	20400	20454	20768						7	40110	40009		0	0	0	0	0					
423	3	6	2	1	500	10104	10110	10103	20502	20454	20634	20586	20828	20654					7	40013	40109		0	0	0	0	0	0				
424	3	6	3	1	500	10108	10106	10109	20752	20265	20162	20156	20828	20636					7	40016	40019		0	0	0	0	0	0				
425	3	6	4	1	500	10110	10107	10106	20265	20251	20456	20778	20554						7	40010	40015		0	0	0	0	0					
426	3	7		1	500	10106	10103	10104	20110	20718	20552	20046	20760						8	40016	40102		0	0	0	0	0					
427	3	7	1	1	500	10102	10107	10101	20610	20676	20826	20251	20060	20636					8	40015	40108		0	0	0	0	0	0				
428	3	7	2	1	500	10110	10103	10106	20442	20828	20456	20361	20636	20820					8	40008	40116		0	0	0	0	0	0				
429	3	7	3	1	500	10103	10109	10110	20570	20060	20712	20820	20786						8	40001	40004		0	0	0	0	0					
430	3	7	4	1	500	10104	10108	10106	20812	20828	20355	20422	20028	20056	20050				8	40004	40116		0	0	0	0	20028	0	0			
431	3	8		1	500	10109	10108	10110	20710	20568	20058	20536	20060	20670					9	40109	40114	40018	0	0	0	0	0	0				
432	3	8	1	1	500	10107	10104	10101	20128	20586	20536	20828	20520	20586					9	40112	40018	40113	0	0	0	0	0	0				
433	3	8	2	1	500	10110	10101	10107	20349	20369	20156	20812	20048						9	40009	40102	40115	0	0	0	0	0					
434	3	8	3	1	500	10104	10102	10106	20450	20770	20144	20764	20334	20130	20336				9	40017	40110	40107	0	0	0	20764	20334	0	0			
435	3	8	4	1	500	10108	10106	10109	20444	20606	20772	20506	20544	20544	20224	20304	20130		9	40113	40004	40115	0	20606	20772	20506	20544	0	0	0	0	
436	3	9		1	500	10104	10108	10103	20560	20612	20662	20562	20678	20054					10	40008	40005	40101	0	0	0	0	0	0				
437	3	9	1	1	500	10104	10106	10109	20736	20048	20812	20054	20754						10	40008	40116	40103	0	0	0	0	0					
438	3	9	2	1	500	10110	10108	10109	20778	20528	20361	20050	20730	20452	20738				10	40003	40115	40102	0	0	0	20050	20730	0	0			
439	3	9	3	1	500	10109	10106	10104	20251	20422	20373	20422	20594	20259	20259	20542	20269		10	40014	40111	40023	0	0	20373	0	20594	0	0	0	0	
440	3	9	4	1	500	10105	10106	10107	20614	20556	20794	20158	20514	20050	20790	20730	20841	20714	10	40012	40107	40107	20614	20556	20794	20158	20514	0	0	0	0	0
441	3	10		1	500	10104	10108	10103	20560	20612	20662	20562	20678	20054					10	40008	40005	40101	0	0	0	0	0	0				
442	3	10	1	1	500	10104	10106	10109	20736	20048	20812	20054	20754						10	40008	40116	40103	0	0	0	0	0					
443	3	10	2	1	500	10110	10108	10109	20778	20528	20361	20050	20730	20452	20738				10	40003	40115	40102	0	0	0	20050	20730	0	0			
444	3	10	3	1	500	10109	10106	10104	20251	20422	20373	20422	20594	20259	20259	20542	20269		10	40014	40111	40023	0	0	20373	0	20594	0	0	0	0	
445	3	10	4	1	500	10105	10106	10107	20614	20556	20794	20158	20514	20050	20790	20730	20841	20714	10	40012	40107	40107	20614	20556	20794	20158	20514	0	0	0	0	0
446	3	11		1	500	10104	10108	10103	20560	20612	20662	20562	20678	20054					10	40008	40005	40101	0	0	0	0	0	0				
447	3	11	1	1	500	10104	10106	10109	20736	20048	20812	20054	20754						10	40008	40116	40103	0	0	0	0	0					
448	3	11	2	1	500	10110	10108	10109	20778	20528	20361	20050	20730	20452	20738				10	40003	40115	40102	0	0	0	20050	20730	0	0			
449	3	11	3	1	500	10109	10106	10104	20251	20422	20373	20422	20594	20259	20259	20542	20269		10	40014	40111	40023	0	0	20373	0	20594	0	0	0	0	
450	3	11	4	1	500	10105	10106	10107	20614	20556	20794	20158	20514	20050	20790	20730	20841	20714	10	40012	40107	40107	20614	20556	20794	20158	20514	0	0	0	0	0
451	3	12		1	500	10104	10108	10103	20560	20612	20662	20562	20678	20054					10	40008	40005	40101	0	0	0	0	0	0				
452	3	12	1	1	500	10104	10106	10109	20736	20048	20812	20054	20754						10	40008	40116	40103	0	0	0	0	0					
453	3	12	2	1	500	10110	10108	10109	20778	20528	20361	20050	20730	20452	20738				10	40003	40115	40102	0	0	0	20050	20730	0	0			
454	3	12	3	1	500	10109	10106	10104	20251	20422	20373	20422	20594	20259	20259	20542	20269		10	40014	40111	40023	0	0	20373	0	20594	0	0	0	0	
455	3	12	4	1	500	10105	10106	10107	20614	20556	20794	20158	20514	20050	20790	20730	20841	20714	10	40012	40107	40107	20614	20556	20794	20158	20514	0	0	0	0	0
456	3			2	500	10209			20500	20724									1	40011			0	0								
457	3		1	2	500	10202			20018	20608	20550								1	40111			0	0	0							
458	3		2	2	500	10202	10206		20326	20700	20800								1	40014			0	0	0							
459	3		3	2	500	10206	10202		20608	20600	20106								1	40111			0	0	0							
460	3		4	2	500	10208	10204	10210	20808	20308	20552	20128							1	40015			0	0	0	0						
461	3	1		2	500	10201			20508	20658	20758								2	40005			0	0	0							
462	3	1	1	2	500	10203	10204		20582	20700	20582								2	40016			0	0	0							
463	3	1	2	2	500	10206	10205		20524	20018	20718								2	40002			0	0	0							
464	3	1	3	2	500	10207	10209	10208	20566	20024	20784	20106							2	40114			0	0	0	0						
465	3	1	4	2	500	10204	10202	10206	20782	20802	20448	20826							2	40006			0	0	0	0						
466	3	2		2	500	10206	10203		20632	20532	20550								3	40112			0	0	0							
467	3	2	1	2	500	10202	10205		20600	20624	20365								3	40014			0	0	0							
468	3	2	2	2	500	10206	10210	10208	20782	20508	20518	20626							3	40009			0	0	0	0						
469	3	2	3	2	500	10210	10203	10209	20016	20255	20568	20834							3	40001			0	0	0	0						
470	3	2	4	2	500	10207	10210	10205	20818	20128	20128	20768	20760						3	40004			0	0	0	0	0					
471	3	3		2	500	10204	10206		20750	20558	20660								4	40011			0	0	0							
472	3	3	1	2	500	10209	10210	10203	20558	20016	20518	20359							4	40015			0	0	0	0						
473	3	3	2	2	500	10207	10205	10201	20774	20560	20834	20448							4	40002			0	0	0	0						
474	3	3	3	2	500	10205	10206	10203	20576	20154	20660	20046	20518						4	40114			0	0	0	0	0					
475	3	3	4	2	500	10201	10204	10208	20776	20802	20255	20702	20142						4	40114			0	0	0	0	0					
476	3	4		2	500	10206	10205	10201	20682	20558	20568	20347							5	40110	40104		0	0	0	0						
477	3	4	1	2	500	10209	10206	10205	20624	20400	20400	20160							5	40003	40103		0	0	0	0						
478	3	4	2	2	500	10205	10204	10207	20676	20534	20834	20734	20668						5	40115	40116		0	0	0	0	0					
479	3	4	3	2	500	10203	10208	10207	20442	20255	20702	20560	20776						5	40003	40105		0	0	0	0	0					
480	3	4	4	2	500	10209	10207	10202	20526	20576	20834	20060	20144	20778					5	40006	40105		0	0	0	0	0	0				
481	3	5		2	500	10203	10202	10209	20666	20046	20518	20058							6	40113	40109		0	0	0	0						
482	3	5	1	2	500	10207	10209	10202	20154	20142	20359	20826	20454						6	40005	40013		0	0	0	0	0					
483	3	5	2	2	500	10203	10205	10204	20802	20702	20154	20255	20626						6	40002	40108		0	0	0	0	0					
484	3	5	3	2	500	10208	10210	10202	20768	20142	20576	20586	20828	20444					6	40002	40115		0	0	0	0	0	0				
485	3	5	4	2	500	10203	10202	10207	20826	20720	20369	20554	20836	20770					6	40007	40017		0	0	0	0	0	0				
486	3	6		2	500	10202	10203	10206	20261	20784	20810	20400	20400						7	40109	40126		0	0	0	0	0					
487	3	6	1	2	500	10209	10202	10203	20142	20454	20249	20784	20734						7	40109	40004		0	0	0	0	0					
488	3	6	2	2	500	10203	10204	10208	20834	20626	20347	20245	20349	20804					7	40113	40004		0	0	0	0	0	0				
489	3	6	3	2	500	10208	10206	10201	20128	20245	20060	20728	20628	20812					7	40017	40101		0	0	0	0	0	0				
490	3	6	4	2	500	10201	10205	10206	20786	20770	20156	20156	20570						7	40010	40004		0	0	0	0	0					
491	3	7		2	500	10201	10202	10205	20110	20834	20400	20634	20510						8	40005	40107		0	0	0	0	0					
492	3	7	1	2	500	10210	10207	10202	20448	20768	20584	20265	20520	20536					8	40010	40005		0	0	0	0	0	0				
493	3	7	2	2	500	10206	10210	10208	20502	20804	20528	20704	20162	20456					8	40114	40109		0	0	0	0	0	0				
494	3	7	3	2	500	10210	10205	10207	20355	20636	20804	20528	20754						8	40001	40014		0	0	0	0	0					
495	3	7	4	2	500	10201	10206	10205	20554	20450	20654	20259	20218	20030	20446				8	40012	40116		0	0	0	20259	0	0	0			
496	3	8		2	500	10201	10207	10206	20834	20448	20255	20562	20251	20349					9	40017	40107	40104	0	0	0	0	0	0				
497	3	8	1	2	500	10210	10205	10207	20602	20450	20812	20054	20770	20162					9	40109	40004	40017	0	0	0	0	0	0				
498	3	8	2	2	500	10206	10203	10201	20678	20054	20778	20048	20048						9	40010	40101	40105	0	0	0	0	0					
499	3	8	3	2	500	10208	10204	10202	20156	20628	20048	20630	20338	20842	20164				9	40016	40012	40017	0	0	0	20630	20338	0	0			
500	3	8	4	2	500	10206	10205	10202	20828	20580	20164	20158	20050	20696	20200	20050	20253		9	40008	40018	40112	0	20580	20164	20158	20050	0	0	0	0	
501	3	9		2	500	10203	10201	10210	20768	20804	20512	20728	20836	20736					10	40003	40110	40016	0	0	0	0	0	0				
502	3	9	1	2	500	10206	10205	10203	20654	20712	20054	20504	20361						10	40002	40115	40022	0	0	0	0	0					
503	3	9	2	2	500	10206	10203	10208	20245	20620	20812	20696	20334	20062	20822				10	40016	40006	40103	0	0	0	20696	20334	0	0			
504	3	9	3	2	500	10206	10202	10209	20054	20357	20030	20794	20814	20838	20756	20792	20642		10	40004	40009	40115	0	20357	20030	20794	20814	0	0	0	0	
505	3	9	4	2	500	10208	10203	10201	20432	20640	20062	20642	20648	20741	20253	20146	20336	20680	10	40006	40112	40018	20432	20640	20062	20642	20648	0	0	0	0	0
506	3	10		2	500	10203	10201	10210	20768	20804	20512	20728	20836	20736					10	40003	40110	40016	0	0	0	0	0	0				
507	3	10	1	2	500	10206	10205	10203	20654	20712	20054	20504	20361						10	40002	40115	40022	0	0	0	0	0					
508	3	10	2	2	500	10206	10203	10208	20245	20620	20812	20696	20334	20062	20822				10	40016	40006	40103	0	0	0	20696	20334	0	0			
509	3	10	3	2	500	10206	10202	10209	20054	20357	20030	20794	20814	20838	20756	20792	20642		10	40004	40009	40115	0	20357	20030	20794	20814	0	0	0	0	
510	3	10	4	2	500	10208	10203	10201	20432	20640	20062	20642	20648	20741	20253	20146	20336	20680	10	40006	40112	40018	20432	20640	20062	20642	20648	0	0	0	0	0
511	3	11		2	500	10203	10201	10210	20768	20804	20512	20728	20836	20736					10	40003	40110	40016	0	0	0	0	0	0				
512	3	11	1	2	500	10206	10205	10203	20654	20712	20054	20504	20361						10	40002	40115	40022	0	0	0	0	0					
513	3	11	2	2	500	10206	10203	10208	20245	20620	20812	20696	20334	20062	20822				10	40016	40006	40103	0	0	0	20696	20334	0	0			
514	3	11	3	2	500	10206	10202	10209	20054	20357	20030	20794	20814	20838	20756	20792	20642		10	40004	40009	40115	0	20357	20030	20794	20814	0	0	0	0	
515	3	11	4	2	500	10208	10203	10201	20432	20640	20062	20642	20648	20741	20253	20146	20336	20680	10	40006	40112	40018	20432	20640	20062	20642	20648	0	0	0	0	0
516	3	12		2	500	10203	10201	10210	20768	20804	20512	20728	20836	20736					10	40003	40110	40016	0	0	0	0	0	0				
517	3	12	1	2	500	10206	10205	10203	20654	20712	20054	20504	20361						10	40002	40115	40022	0	0	0	0	0					
518	3	12	2	2	500	10206	10203	10208	20245	20620	20812	20696	20334	20062	20822				10	40016	40006	40103	0	0	0	20696	20334	0	0			
519	3	12	3	2	500	10206	10202	10209	20054	20357	20030	20794	20814	20838	20756	20792	20642		10	40004	40009	40115	0	20357	20030	20794	20814	0	0	0	0	
520	3	12	4	2	500	10208	10203	10201	20432	20640	20062	20642	20648	20741	20253	20146	20336	20680	10	40006	40112	40018	20432	20640	20062	20642	20648	0	0	0	0	0
521	3			3	500	10007			20616	20766									1	40011			0	0								
522	3		1	3	500	10005			20308	20600	20750								1	40111			0	0	0							
523	3		2	3	500	10004	10002		20318	20018	20832								1	40004			0	0	0							
524	3		3	3	500	10002	10001		20708	20632	20400								1	40004			0	0	0							
525	3		4	3	500	10001	10006	10002	20816	20516	20752	20243							1	40109			0	0	0	0						
526	3	1		3	500	10004			20616	20516	20600								2	40017			0	0	0							
527	3	1	1	3	500	10010	10004		20716	20682	20750								2	40013			0	0	0							
528	3	1	2	3	500	10010	10009		20516	20808	20818								2	40011			0	0	0							
529	3	1	3	3	500	10008	10004	10002	20500	20582	20618	20684							2	40016			0	0	0	0						
530	3	1	4	3	500	10005	10003	10007	20024	20400	20454	20610							2	40004			0	0	0	0						
531	3	2		3	500	10008	10003		20682	20516	20832								3	40003			0	0	0							
532	3	2	1	3	500	10006	10001		20808	20632	20752								3	40113			0	0	0							
533	3	2	2	3	500	10009	10003	10005	20824	20674	20702	20448							3	40015			0	0	0	0						
534	3	2	3	3	500	10003	10004	10009	20824	20726	20534	20347							3	40011			0	0	0	0						
535	3	2	4	3	500	10003	10005	10001	20052	20534	20784	20347	20802						3	40109			0	0	0	0	0					
536	3	3		3	500	10006	10009		20650	20018	20552								4	40115			0	0	0							
537	3	3	1	3	500	10002	10005	10006	20650	20674	20142	20752							4	40011			0	0	0	0						
538	3	3	2	3	500	10010	10004	10003	20608	20510	20106	20052							4	40002			0	0	0	0						
539	3	3	3	3	500	10006	10002	10009	20660	20534	20365	20552	20634						4	40010			0	0	0	0	0					
540	3	3	4	3	500	10004	10006	10010	20734	20510	20448	20684	20552						4	40111			0	0	0	0	0					
541	3	4		3	500	10008	10007	10006	20758	20558	20702	20046							5	40009	40014		0	0	0	0						
542	3	4	1	3	500	10005	10006	10004	20318	20718	20442	20768							5	40008	40107		0	0	0	0						
543	3	4	2	3	500	10007	10009	10005	20448	20584	20702	20818	20610						5	40007	40016		0	0	0	0	0					
544	3	4	3	3	500	10007	10002	10005	20752	20760	20760	20502	20058						5	40115	40115		0	0	0	0	0					
545	3	4	4	3	500	10006	10007	10008	20442	20576	20684	20162	20728	20048					5	40008	40005		0	0	0	0	0	0				
546	3	5		3	500	10009	10010	10003	20574	20154	20784	20734							6	40008	40017		0	0	0	0						
547	3	5	1	3	500	10001	10005	10009	20760	20726	20502	20510	20684						6	40007	40107		0	0	0	0	0					
548	3	5	2	3	500	10001	10006	10010	20634	20652	20154	20834	20660						6	40115	40015		0	0	0	0	0					
549	3	5	3	3	500	10010	10003	10001	20106	20448	20668	20562	20554	20820					6	40109	40113		0	0	0	0	0	0				
550	3	5	4	3	500	10010	10003	10009	20261	20604	20554	20060	20836	20570					6	40012	40125		0	0	0	0	0	0				
551	3	6		3	500	10002	10010	10001	20810	20584	20526	20154	20142						7	40007	40007		0	0	0	0	0					
552	3	6	1	3	500	10008	10009	10006	20802	20249	20668	20347	20255						7	40009	40016		0	0	0	0	0					
553	3	6	2	3	500	10007	10003	10004	20448	20106	20610	20060	20654	20520					7	40017	40107		0	0	0	0	0	0				
554	3	6	3	3	500	10002	10005	10003	20518	20456	20355	20054	20349	20048					7	40015	40007		0	0	0	0	0	0				
555	3	6	4	3	500	10002	10010	10007	20450	20562	20162	20828	20762						7	40109	40014		0	0	0	0	0					
556	3	7		3	500	10005	10010	10009	20684	20128	20261	20676	20510						8	40010	40102		0	0	0	0	0					
557	3	7	1	3	500	10009	10006	10003	20359	20249	20058	20536	20836	20456					8	40002	40114		0	0	0	0	0	0				
558	3	7	2	3	500	10002	10004	10009	20454	20604	20828	20620	20770	20245					8	40011	40103		0	0	0	0	0	0				
559	3	7	3	3	500	10003	10006	10008	20060	20678	20450	20720	20570						8	40115	40112		0	0	0	0	0					
560	3	7	4	3	500	10009	10003	10001	20586	20820	20512	20614	20756	20806	20230				8	40016	40014		0	0	0	20614	20756	0	0			
561	3	8		3	500	10009	10001	10003	20618	20602	20110	20578	20670	20762					9	40017	40108	40111	0	0	0	0	0	0				
562	3	8	1	3	500	10007	10003	10001	20046	20257	20836	20686	20369	20528					9	40007	40102	40018	0	0	0	0	0	0				
563	3	8	2	3	500	10007	10008	10003	20586	20450	20456	20349	20628						9	40113	40112	40017	0	0	0	0	0					
564	3	8	3	3	500	10002	10006	10003	20762	20450	20786	20146	20840	20764	20132				9	40011	40101	40124	0	0	0	20146	20840	0	0			
565	3	8	4	3	500	10002	10005	10004	20686	20230	20416	20304	20130	20572	20218	20214	20224		9	40016	40111	40023	0	20230	0	0	20130	0	0	0	0	
566	3	9		3	500	10006	10003	10010	20243	20586	20369	20786	20369	20456					10	40010	40005	40113	0	0	0	0	0	0				
567	3	9	1	3	500	10007	10010	10008	20578	20528	20754	20156	20778						10	40012	40013	40126	0	0	0	0	0					
568	3	9	2	3	500	10007	10002	10003	20586	20245	20048	20756	20506	20132	20588				10	40111	40019	40108	0	0	0	20756	20506	0	0			
569	3	9	3	3	500	10004	10003	10008	20562	20738	20738	20606	20841	20200	20696	20696	20158		10	40007	40114	40114	0	20738	20738	20606	20841	0	0	0	0	
570	3	9	4	3	500	10007	10004	10009	20656	20592	20742	20614	20590	20434	20422	20572	20830	20514	10	40114	40104	40126	20656	20592	20742	20614	20590	0	0	0	0	0
571	3	10		3	500	10006	10003	10010	20243	20586	20369	20786	20369	20456					10	40010	40005	40113	0	0	0	0	0	0				
572	3	10	1	3	500	10007	10010	10008	20578	20528	20754	20156	20778						10	40012	40013	40126	0	0	0	0	0					
573	3	10	2	3	500	10007	10002	10003	20586	20245	20048	20756	20506	20132	20588				10	40111	40019	40108	0	0	0	20756	20506	0	0			
574	3	10	3	3	500	10004	10003	10008	20562	20738	20738	20606	20841	20200	20696	20696	20158		10	40007	40114	40114	0	20738	20738	20606	20841	0	0	0	0	
575	3	10	4	3	500	10007	10004	10009	20656	20592	20742	20614	20590	20434	20422	20572	20830	20514	10	40114	40104	40126	20656	20592	20742	20614	20590	0	0	0	0	0
576	3	11		3	500	10006	10003	10010	20243	20586	20369	20786	20369	20456					10	40010	40005	40113	0	0	0	0	0	0				
577	3	11	1	3	500	10007	10010	10008	20578	20528	20754	20156	20778						10	40012	40013	40126	0	0	0	0	0					
578	3	11	2	3	500	10007	10002	10003	20586	20245	20048	20756	20506	20132	20588				10	40111	40019	40108	0	0	0	20756	20506	0	0			
579	3	11	3	3	500	10004	10003	10008	20562	20738	20738	20606	20841	20200	20696	20696	20158		10	40007	40114	40114	0	20738	20738	20606	20841	0	0	0	0	
580	3	11	4	3	500	10007	10004	10009	20656	20592	20742	20614	20590	20434	20422	20572	20830	20514	10	40114	40104	40126	20656	20592	20742	20614	20590	0	0	0	0	0
581	3	12		3	500	10006	10003	10010	20243	20586	20369	20786	20369	20456					10	40010	40005	40113	0	0	0	0	0	0				
582	3	12	1	3	500	10007	10010	10008	20578	20528	20754	20156	20778						10	40012	40013	40126	0	0	0	0	0					
583	3	12	2	3	500	10007	10002	10003	20586	20245	20048	20756	20506	20132	20588				10	40111	40019	40108	0	0	0	20756	20506	0	0			
584	3	12	3	3	500	10004	10003	10008	20562	20738	20738	20606	20841	20200	20696	20696	20158		10	40007	40114	40114	0	20738	20738	20606	20841	0	0	0	0	
585	3	12	4	3	500	10007	10004	10009	20656	20592	20742	20614	20590	20434	20422	20572	20830	20514	10	40114	40104	40126	20656	20592	20742	20614	20590	0	0	0	0	0
586	4			1	700	10105			20782	20600									1	40014			0	0								
587	4		1	1	700	10107			20524	20700	20632	20750							1	40015			0	0	0	0						
588	4		2	1	700	10109	10104		20016	20018									1	40012			0	0								
589	4		3	1	700	10110	10109		20700	20684	20106	20046							1	40011			0	0	0	0						
590	4		4	1	700	10103	10110	10108	20808	20552	20660	20353							1	40111			0	0	0	0						
591	4	1		1	700	10110			20816	20774	20574	20326							2	40113			0	0	0	0						
592	4	1	1	1	700	10107	10105		20558	20500									2	40014			0	0								
593	4	1	2	1	700	10108	10106		20508	20154	20502	20576							2	40001			0	0	0	0						
594	4	1	3	1	700	10103	10102	10104	20608	20128	20634	20353							2	40110			0	0	0	0						
595	4	1	4	1	700	10102	10109	10106	20702	20726	20243								2	40110			0	0	0							
596	4	2		1	700	10109	10107		20600	20774									3	40017			0	0								
597	4	2	1	1	700	10109	10105		20800	20684	20626	20052							3	40115			0	0	0	0						
598	4	2	2	1	700	10104	10110	10107	20824	20154	20046	20058							3	40113			0	0	0	0						
599	4	2	3	1	700	10105	10103	10106	20249	20400	20560								3	40003			0	0	0							
600	4	2	4	1	700	10101	10103	10107	20534	20552	20058	20504							3	40005			0	0	0	0						
601	4	3		1	700	10102	10104		20700	20784	20734	20243							4	40003			0	0	0	0						
602	4	3	1	1	700	10102	10107	10106	20558	20702	20660	20160							4	40016			0	0	0	0						
603	4	3	2	1	700	10105	10107	10108	20128	20046	20154								4	40008			0	0	0							
604	4	3	3	1	700	10108	10107	10104	20106	20634	20668	20754							4	40110			0	0	0	0						
605	4	3	4	1	700	10102	10109	10104	20400	20784	20770	20349	20670	20670					4	40004			0	0	0	0	0	0				
606	4	4		1	700	10103	10107	10104	20782	20652	20610	20142							5	40006	40116		0	0	0	0						
607	4	4	1	1	700	10109	10102	10110	20602	20752	20128								5	40002	40113		0	0	0							
608	4	4	2	1	700	10107	10104	10101	20249	20510	20249	20770							5	40002	40104		0	0	0	0						
609	4	4	3	1	700	10110	10103	10102	20726	20784	20450	20770	20670	20620					5	40114	40105		0	0	0	0	0	0				
610	4	4	4	1	700	10103	10102	10105	20536	20828	20828	20670	20578	20512					5	40115	40102		0	0	0	0	0	0				
611	4	5		1	700	10110	10101	10109	20454	20052	20526								6	40112	40126		0	0	0							
612	4	5	1	1	700	10108	10103	10102	20660	20768	20776	20048							6	40003	40011		0	0	0	0						
613	4	5	2	1	700	10105	10106	10101	20400	20353	20804	20762	20355	20728					6	40011	40010		0	0	0	0	0	0				
614	4	5	3	1	700	10105	10101	10109	20670	20662	20245	20048	20520	20048					6	40011	40101		0	0	0	0	0	0				
615	4	5	4	1	700	10110	10109	10108	20786	20728	20361	20736	20622	20522					6	40007	40125		0	0	0	0	0	0				
616	4	6		1	700	10104	10102	10110	20510	20365	20058	20620							7	40112	40015		0	0	0	0						
617	4	6	1	1	700	10103	10104	10106	20518	20618	20251	20450	20828	20820					7	40113	40126		0	0	0	0	0	0				
618	4	6	2	1	700	10101	10105	10106	20349	20670	20662	20712	20456	20612					7	40112	40013		0	0	0	0	0	0				
619	4	6	3	1	700	10110	10101	10102	20754	20361	20245	20369	20556	20564					7	40010	40101		0	0	0	0	0	0				
620	4	6	4	1	700	10108	10101	10103	20265	20836	20528	20538	20580	20630	20230				7	40007	40006		0	0	0	0	0	0	0			
621	4	7		1	700	10108	10107	10103	20347	20243	20245	20251	20156	20586					8	40013	40018		0	0	0	0	0	0				
622	4	7	1	1	700	10107	10106	10102	20670	20770	20162	20620	20612	20369					8	40007	40008		0	0	0	0	0	0				
623	4	7	2	1	700	10101	10106	10104	20144	20528	20612	20536	20224	20514					8	40004	40116		0	0	0	0	0	0				
624	4	7	3	1	700	10104	10110	10103	20662	20778	20048	20338	20806	20688	20630				8	40017	40016		0	0	0	0	0	0	0			
625	4	7	4	1	700	10105	10104	10110	20048	20812	20230	20622	20706	20664	20630	20840			8	40115	40101		0	0	20230	20622	20706	0	0	0		
626	4	8		1	700	10109	10106	10102	20156	20265	20736	20654	20156	20812					9	40008	40009	40105	0	0	0	0	0	0				
627	4	8	1	1	700	10107	10110	10101	20144	20636	20520	20628	20638	20351					9	40113	40124	40108	0	0	0	0	0	0				
628	4	8	2	1	700	10109	10110	10102	20628	20604	20144	20158	20351	20656	20606				9	40004	40112	40111	0	0	0	0	0	0	0			
629	4	8	3	1	700	10101	10110	10106	20245	20369	20522	20792	20638	20630	20304	20158			9	40017	40104	40102	0	0	20522	20792	20638	0	0	0		
630	4	8	4	1	700	10108	10107	10105	20741	20218	20304	20130	20422	20742	20838	20269	20696	20790	9	40001	40009	40113	20741	0	0	20130	0	0	0	0	0	0
631	4	9		1	700	10103	10106	10104	20520	20144	20770	20712	20606	20688					10	40001	40109	40015	0	0	0	0	0	0				
632	4	9	1	1	700	10109	10103	10106	20361	20450	20720	20544	20226	20742	20842				10	40110	40006	40101	0	0	0	0	0	0	0			
633	4	9	2	1	700	10102	10103	10101	20528	20355	20714	20416	20622	20841	20740	20730			10	40111	40107	40019	0	0	20714	0	20622	0	0	0		
634	4	9	3	1	700	10104	10108	10102	20642	20792	20564	20756	20357	20050	20446	20062	20218	20164	10	40012	40111	40124	20642	20792	20564	20756	20357	0	0	0	0	0
635	4	9	4	1	700	10108	10102	10104	20214	20452	20269	20842	20542	20738	20506	20592	20056	20680	10	40010	40016	40101	0	20452	20269	20842	20542	0	0	0	0	0
636	4	10		1	700	10103	10106	10104	20520	20144	20770	20712	20606	20688					10	40001	40109	40015	0	0	0	0	0	0				
637	4	10	1	1	700	10109	10103	10106	20361	20450	20720	20544	20226	20742	20842				10	40110	40006	40101	0	0	0	0	0	0	0			
638	4	10	2	1	700	10102	10103	10101	20528	20355	20714	20416	20622	20841	20740	20730			10	40111	40107	40019	0	0	20714	0	20622	0	0	0		
639	4	10	3	1	700	10104	10108	10102	20642	20792	20564	20756	20357	20050	20446	20062	20218	20164	10	40012	40111	40124	20642	20792	20564	20756	20357	0	0	0	0	0
640	4	10	4	1	700	10108	10102	10104	20214	20452	20269	20842	20542	20738	20506	20592	20056	20680	10	40010	40016	40101	0	20452	20269	20842	20542	0	0	0	0	0
641	4	11		1	700	10103	10106	10104	20520	20144	20770	20712	20606	20688					10	40001	40109	40015	0	0	0	0	0	0				
642	4	11	1	1	700	10109	10103	10106	20361	20450	20720	20544	20226	20742	20842				10	40110	40006	40101	0	0	0	0	0	0	0			
643	4	11	2	1	700	10102	10103	10101	20528	20355	20714	20416	20622	20841	20740	20730			10	40111	40107	40019	0	0	20714	0	20622	0	0	0		
644	4	11	3	1	700	10104	10108	10102	20642	20792	20564	20756	20357	20050	20446	20062	20218	20164	10	40012	40111	40124	20642	20792	20564	20756	20357	0	0	0	0	0
645	4	11	4	1	700	10108	10102	10104	20214	20452	20269	20842	20542	20738	20506	20592	20056	20680	10	40010	40016	40101	0	20452	20269	20842	20542	0	0	0	0	0
646	4	12		1	700	10103	10106	10104	20520	20144	20770	20712	20606	20688					10	40001	40109	40015	0	0	0	0	0	0				
647	4	12	1	1	700	10109	10103	10106	20361	20450	20720	20544	20226	20742	20842				10	40110	40006	40101	0	0	0	0	0	0	0			
648	4	12	2	1	700	10102	10103	10101	20528	20355	20714	20416	20622	20841	20740	20730			10	40111	40107	40019	0	0	20714	0	20622	0	0	0		
649	4	12	3	1	700	10104	10108	10102	20642	20792	20564	20756	20357	20050	20446	20062	20218	20164	10	40012	40111	40124	20642	20792	20564	20756	20357	0	0	0	0	0
650	4	12	4	1	700	10108	10102	10104	20214	20452	20269	20842	20542	20738	20506	20592	20056	20680	10	40010	40016	40101	0	20452	20269	20842	20542	0	0	0	0	0
651	4			2	700	10203			20824	20016									1	40004			0	0								
652	4		1	2	700	10210			20774	20524	20666	20550							1	40016			0	0	0	0						
653	4		2	2	700	10209	10204		20500	20824									1	40111			0	0								
654	4		3	2	700	10202	10204		20550	20576	20560	20768							1	40112			0	0	0	0						
655	4		4	2	700	10203	10202	10207	20832	20568	20660	20718							1	40016			0	0	0	0						
656	4	1		2	700	10205			20800	20708	20524	20666							2	40007			0	0	0	0						
657	4	1	1	2	700	10209	10201		20666	20816									2	40109			0	0								
658	4	1	2	2	700	10209	10206		20682	20255	20359	20365							2	40013			0	0	0	0						
659	4	1	3	2	700	10205	10202	10206	20326	20142	20668	20826							2	40110			0	0	0	0						
660	4	1	4	2	700	10202	10201	10204	20660	20255	20760								2	40006			0	0	0							
661	4	2		2	700	10203	10207		20782	20500									3	40001			0	0								
662	4	2	1	2	700	10208	10205		20766	20734	20243	20442							3	40001			0	0	0	0						
663	4	2	2	2	700	10202	10208	10206	20566	20243	20684	20142							3	40016			0	0	0	0						
664	4	2	3	2	700	10205	10208	10204	20526	20760	20347								3	40007			0	0	0							
665	4	2	4	2	700	10205	10202	10201	20652	20710	20510	20636							3	40003			0	0	0	0						
666	4	3		2	700	10206	10204		20816	20634	20510	20128							4	40112			0	0	0	0						
667	4	3	1	2	700	10209	10205	10203	20500	20448	20160	20710							4	40112			0	0	0	0						
668	4	3	2	2	700	10203	10206	10201	20710	20684	20154								4	40009			0	0	0							
669	4	3	3	2	700	10210	10206	10205	20353	20365	20552	20754							4	40003			0	0	0	0						
670	4	3	4	2	700	10205	10208	10210	20510	20660	20778	20804	20450	20349					4	40005			0	0	0	0	0	0				
671	4	4		2	700	10205	10210	10209	20766	20810	20602	20106							5	40113	40105		0	0	0	0						
672	4	4	1	2	700	10209	10202	10208	20702	20834	20400								5	40012	40106		0	0	0							
673	4	4	2	2	700	10208	10203	10205	20610	20726	20610	20662							5	40017	40101		0	0	0	0						
674	4	4	3	2	700	10201	10209	10210	20142	20448	20836	20654	20778	20156					5	40006	40011		0	0	0	0	0	0				
675	4	4	4	2	700	10206	10208	10209	20450	20786	20251	20712	20654	20162					5	40113	40014		0	0	0	0	0	0				
676	4	5		2	700	10209	10210	10208	20560	20768	20818								6	40007	40012		0	0	0							
677	4	5	1	2	700	10209	10203	10204	20726	20128	20826	20786							6	40013	40110		0	0	0	0						
678	4	5	2	2	700	10206	10203	10202	20576	20784	20736	20804	20444	20728					6	40011	40004		0	0	0	0	0	0				
679	4	5	3	2	700	10207	10205	10201	20578	20804	20804	20728	20704	20604					6	40110	40014		0	0	0	0	0	0				
680	4	5	4	2	700	10209	10203	10202	20144	20736	20612	20728	20830	20214					6	40002	40013		0	0	0	0	0	0				
681	4	6		2	700	10210	10204	10201	20802	20568	20534	20156							7	40007	40111		0	0	0	0						
682	4	6	1	2	700	10204	10207	10208	20052	20142	20586	20504	20060	20265					7	40010	40018		0	0	0	0	0	0				
683	4	6	2	2	700	10206	10205	10208	20156	20265	20712	20654	20144	20762					7	40012	40016		0	0	0	0	0	0				
684	4	6	3	2	700	10207	10202	10208	20456	20820	20245	20355	20363	20580					7	40011	40007		0	0	0	0	0	0				
685	4	6	4	2	700	10204	10207	10208	20245	20736	20712	20230	20830	20228	20247				7	40114	40008		0	0	0	0	0	0	0			
686	4	7		2	700	10207	10209	10201	20128	20502	20355	20257	20528	20144					8	40110	40112		0	0	0	0	0	0				
687	4	7	1	2	700	10202	10201	10207	20578	20704	20444	20536	20686	20456					8	40016	40115		0	0	0	0	0	0				
688	4	7	2	2	700	10210	10202	10208	20251	20678	20686	20786	20218	20842					8	40014	40112		0	0	0	0	0	0				
689	4	7	3	2	700	10201	10204	10207	20670	20812	20620	20132	20218	20814	20304				8	40001	40112		0	0	0	0	0	0	0			
690	4	7	4	2	700	10208	10209	10207	20762	20804	20218	20706	20592	20422	20640	20458			8	40010	40126		0	0	0	20706	20592	0	0	0		
691	4	8		2	700	10210	10207	10204	20686	20804	20520	20512	20156	20754					9	40110	40102	40115	0	0	0	0	0	0				
692	4	8	1	2	700	10203	10210	10205	20251	20450	20612	20355	20672	20336					9	40001	40107	40113	0	0	0	0	0	0				
693	4	8	2	2	700	10207	10203	10208	20686	20828	20804	20740	20730	20738	20556				9	40112	40004	40101	0	0	0	0	0	0	0			
694	4	8	3	2	700	10207	10210	10204	20828	20257	20830	20542	20638	20132	20606	20130			9	40007	40015	40114	0	0	20830	20542	20638	0	0	0		
695	4	8	4	2	700	10202	10205	10204	20542	20840	20452	20790	20544	20530	20540	20540	20452	20622	9	40110	40111	40114	20542	20840	20452	20790	20544	0	0	0	0	0
696	4	9		2	700	10208	10205	10206	20450	20162	20778	20670	20814	20530					10	40003	40114	40101	0	0	0	0	0	0				
697	4	9	1	2	700	10201	10204	10202	20349	20054	20562	20741	20050	20028	20452				10	40004	40116	40019	0	0	0	0	0	0	0			
698	4	9	2	2	700	10210	10202	10205	20828	20156	20132	20648	20840	20226	20690	20592			10	40003	40104	40017	0	0	20132	20648	20840	0	0	0		
699	4	9	3	2	700	10209	10201	10205	20228	20224	20741	20363	20822	20638	20764	20363	20351	20788	10	40015	40126	40105	20228	0	20741	20363	20822	0	0	0	0	0
700	4	9	4	2	700	10205	10206	10208	20422	20648	20741	20304	20224	20790	20590	20622	20738	20694	10	40003	40018	40015	0	20648	20741	0	0	0	0	0	0	0
701	4	10		2	700	10208	10205	10206	20450	20162	20778	20670	20814	20530					10	40003	40114	40101	0	0	0	0	0	0				
702	4	10	1	2	700	10201	10204	10202	20349	20054	20562	20741	20050	20028	20452				10	40004	40116	40019	0	0	0	0	0	0	0			
703	4	10	2	2	700	10210	10202	10205	20828	20156	20132	20648	20840	20226	20690	20592			10	40003	40104	40017	0	0	20132	20648	20840	0	0	0		
704	4	10	3	2	700	10209	10201	10205	20228	20224	20741	20363	20822	20638	20764	20363	20351	20788	10	40015	40126	40105	20228	0	20741	20363	20822	0	0	0	0	0
705	4	10	4	2	700	10205	10206	10208	20422	20648	20741	20304	20224	20790	20590	20622	20738	20694	10	40003	40018	40015	0	20648	20741	0	0	0	0	0	0	0
706	4	11		2	700	10208	10205	10206	20450	20162	20778	20670	20814	20530					10	40003	40114	40101	0	0	0	0	0	0				
707	4	11	1	2	700	10201	10204	10202	20349	20054	20562	20741	20050	20028	20452				10	40004	40116	40019	0	0	0	0	0	0	0			
708	4	11	2	2	700	10210	10202	10205	20828	20156	20132	20648	20840	20226	20690	20592			10	40003	40104	40017	0	0	20132	20648	20840	0	0	0		
709	4	11	3	2	700	10209	10201	10205	20228	20224	20741	20363	20822	20638	20764	20363	20351	20788	10	40015	40126	40105	20228	0	20741	20363	20822	0	0	0	0	0
710	4	11	4	2	700	10205	10206	10208	20422	20648	20741	20304	20224	20790	20590	20622	20738	20694	10	40003	40018	40015	0	20648	20741	0	0	0	0	0	0	0
711	4	12		2	700	10208	10205	10206	20450	20162	20778	20670	20814	20530					10	40003	40114	40101	0	0	0	0	0	0				
712	4	12	1	2	700	10201	10204	10202	20349	20054	20562	20741	20050	20028	20452				10	40004	40116	40019	0	0	0	0	0	0	0			
713	4	12	2	2	700	10210	10202	10205	20828	20156	20132	20648	20840	20226	20690	20592			10	40003	40104	40017	0	0	20132	20648	20840	0	0	0		
714	4	12	3	2	700	10209	10201	10205	20228	20224	20741	20363	20822	20638	20764	20363	20351	20788	10	40015	40126	40105	20228	0	20741	20363	20822	0	0	0	0	0
715	4	12	4	2	700	10205	10206	10208	20422	20648	20741	20304	20224	20790	20590	20622	20738	20694	10	40003	40018	40015	0	20648	20741	0	0	0	0	0	0	0
716	4			3	700	10006			20632	20824									1	40115			0	0								
717	4		1	3	700	10001			20532	20500	20766	20708							1	40009			0	0	0	0						
718	4		2	3	700	10007	10005		20724	20326									1	40002			0	0								
719	4		3	3	700	10001	10003		20516	20584	20684	20052							1	40007			0	0	0	0						
720	4		4	3	700	10001	10009	10007	20832	20365	20826	20442							1	40015			0	0	0	0						
721	4	1		3	700	10008			20800	20808	20608	20566							2	40007			0	0	0	0						
722	4	1	1	3	700	10006	10002		20016	20566									2	40110			0	0								
723	4	1	2	3	700	10004	10003		20658	20602	20518	20448							2	40006			0	0	0	0						
724	4	1	3	3	700	10002	10009	10008	20716	20106	20448	20734							2	40110			0	0	0	0						
725	4	1	4	3	700	10008	10006	10002	20610	20128	20110								2	40002			0	0	0							
726	4	2		3	700	10005	10006		20674	20016									3	40009			0	0								
727	4	2	1	3	700	10006	10002		20724	20718	20518	20526							3	40110			0	0	0	0						
728	4	2	2	3	700	10006	10002	10009	20800	20400	20660	20660							3	40013			0	0	0	0						
729	4	2	3	3	700	10002	10004	10003	20634	20710	20702								3	40005			0	0	0							
730	4	2	4	3	700	10002	10005	10007	20359	20510	20634	20754							3	40111			0	0	0	0						
731	4	3		3	700	10004	10007		20800	20752	20534	20510							4	40010			0	0	0	0						
732	4	3	1	3	700	10009	10005	10008	20016	20448	20154	20365							4	40111			0	0	0	0						
733	4	3	2	3	700	10003	10007	10004	20442	20768	20818								4	40008			0	0	0							
734	4	3	3	3	700	10004	10005	10003	20568	20160	20106	20736							4	40115			0	0	0	0						
735	4	3	4	3	700	10002	10007	10005	20249	20249	20620	20786	20450	20762					4	40011			0	0	0	0	0	0				
736	4	4		3	700	10002	10003	10007	20816	20046	20510	20400							5	40009	40014		0	0	0	0						
737	4	4	1	3	700	10001	10002	10010	20826	20734	20046								5	40013	40009		0	0	0							
738	4	4	2	3	700	10009	10002	10007	20106	20802	20834	20504							5	40115	40006		0	0	0	0						
739	4	4	3	3	700	10009	10003	10006	20710	20610	20728	20245	20662	20678					5	40003	40102		0	0	0	0	0	0				
740	4	4	4	3	700	10002	10004	10010	20678	20536	20265	20054	20628	20536					5	40112	40005		0	0	0	0	0	0				
741	4	5		3	700	10001	10004	10006	20502	20454	20710								6	40112	40109		0	0	0							
742	4	5	1	3	700	10006	10003	10007	20618	20510	20400	20636							6	40114	40114		0	0	0	0						
743	4	5	2	3	700	10003	10005	10009	20710	20448	20836	20265	20670	20678					6	40005	40107		0	0	0	0	0	0				
744	4	5	3	3	700	10003	10007	10010	20361	20712	20349	20562	20804	20704					6	40005	40018		0	0	0	0	0	0				
745	4	5	4	3	700	10010	10009	10001	20604	20369	20662	20048	20506	20606					6	40112	40005		0	0	0	0	0	0				
746	4	6		3	700	10010	10004	10001	20552	20710	20534	20349							7	40006	40113		0	0	0	0						
747	4	6	1	3	700	10004	10006	10001	20760	20518	20512	20251	20456	20620					7	40005	40111		0	0	0	0	0	0				
748	4	6	2	3	700	10004	10007	10009	20612	20257	20720	20670	20804	20720					7	40112	40008		0	0	0	0	0	0				
749	4	6	3	3	700	10003	10004	10001	20054	20804	20828	20678	20373	20028					7	40011	40104		0	0	0	0	0	0				
750	4	6	4	3	700	10009	10006	10002	20670	20450	20060	20638	20422	20756	20680				7	40016	40012		0	0	0	0	0	0	0			
751	4	7		3	700	10007	10010	10005	20359	20752	20144	20456	20762	20162					8	40002	40010		0	0	0	0	0	0				
752	4	7	1	3	700	10001	10006	10009	20456	20586	20361	20836	20251	20257					8	40114	40016		0	0	0	0	0	0				
753	4	7	2	3	700	10002	10009	10007	20720	20836	20720	20736	20452	20614					8	40113	40007		0	0	0	0	0	0				
754	4	7	3	3	700	10004	10010	10006	20048	20456	20720	20630	20226	20614	20794				8	40114	40104		0	0	0	0	0	0	0			
755	4	7	4	3	700	10009	10002	10008	20712	20048	20556	20336	20373	20740	20588	20638			8	40115	40007		0	0	20556	20336	20373	0	0	0		
756	4	8		3	700	10008	10001	10005	20570	20048	20156	20562	20156	20604					9	40110	40104	40111	0	0	0	0	0	0				
757	4	8	1	3	700	10010	10009	10004	20536	20144	20528	20257	20416	20030					9	40010	40103	40022	0	0	0	0	0	0				
758	4	8	2	3	700	10010	10005	10009	20456	20162	20628	20696	20351	20840	20738				9	40001	40019	40103	0	0	0	0	0	0	0			
759	4	8	3	3	700	10005	10003	10001	20778	20361	20841	20540	20050	20630	20588	20740			9	40014	40114	40114	0	0	20841	20540	20050	0	0	0		
760	4	8	4	3	700	10004	10009	10007	20540	20522	20334	20788	20694	20656	20614	20640	20432	20672	9	40007	40015	40106	20540	20522	20334	20788	20694	0	0	0	0	0
761	4	9		3	700	10005	10010	10004	20245	20444	20786	20712	20572	20772					10	40013	40125	40105	0	0	0	0	0	0				
762	4	9	1	3	700	10003	10008	10005	20620	20670	20620	20458	20580	20247	20806				10	40014	40017	40107	0	0	0	0	0	0	0			
763	4	9	2	3	700	10005	10009	10003	20770	20636	20247	20614	20351	20226	20506	20336			10	40001	40124	40018	0	0	20247	20614	20351	0	0	0		
764	4	9	3	3	700	10010	10004	10001	20788	20642	20146	20458	20580	20580	20648	20714	20432	20028	10	40113	40006	40115	20788	20642	20146	20458	20580	0	0	0	0	0
765	4	9	4	3	700	10009	10002	10005	20056	20592	20780	20690	20544	20338	20363	20580	20638	20446	10	40016	40106	40103	20056	20592	20780	20690	20544	0	0	0	0	0
766	4	10		3	700	10005	10010	10004	20245	20444	20786	20712	20572	20772					10	40013	40125	40105	0	0	0	0	0	0				
767	4	10	1	3	700	10003	10008	10005	20620	20670	20620	20458	20580	20247	20806				10	40014	40017	40107	0	0	0	0	0	0	0			
768	4	10	2	3	700	10005	10009	10003	20770	20636	20247	20614	20351	20226	20506	20336			10	40001	40124	40018	0	0	20247	20614	20351	0	0	0		
769	4	10	3	3	700	10010	10004	10001	20788	20642	20146	20458	20580	20580	20648	20714	20432	20028	10	40113	40006	40115	20788	20642	20146	20458	20580	0	0	0	0	0
770	4	10	4	3	700	10009	10002	10005	20056	20592	20780	20690	20544	20338	20363	20580	20638	20446	10	40016	40106	40103	20056	20592	20780	20690	20544	0	0	0	0	0
771	4	11		3	700	10005	10010	10004	20245	20444	20786	20712	20572	20772					10	40013	40125	40105	0	0	0	0	0	0				
772	4	11	1	3	700	10003	10008	10005	20620	20670	20620	20458	20580	20247	20806				10	40014	40017	40107	0	0	0	0	0	0	0			
773	4	11	2	3	700	10005	10009	10003	20770	20636	20247	20614	20351	20226	20506	20336			10	40001	40124	40018	0	0	20247	20614	20351	0	0	0		
774	4	11	3	3	700	10010	10004	10001	20788	20642	20146	20458	20580	20580	20648	20714	20432	20028	10	40113	40006	40115	20788	20642	20146	20458	20580	0	0	0	0	0
775	4	11	4	3	700	10009	10002	10005	20056	20592	20780	20690	20544	20338	20363	20580	20638	20446	10	40016	40106	40103	20056	20592	20780	20690	20544	0	0	0	0	0
776	4	12		3	700	10005	10010	10004	20245	20444	20786	20712	20572	20772					10	40013	40125	40105	0	0	0	0	0	0				
777	4	12	1	3	700	10003	10008	10005	20620	20670	20620	20458	20580	20247	20806				10	40014	40017	40107	0	0	0	0	0	0	0			
778	4	12	2	3	700	10005	10009	10003	20770	20636	20247	20614	20351	20226	20506	20336			10	40001	40124	40018	0	0	20247	20614	20351	0	0	0		
779	4	12	3	3	700	10010	10004	10001	20788	20642	20146	20458	20580	20580	20648	20714	20432	20028	10	40113	40006	40115	20788	20642	20146	20458	20580	0	0	0	0	0
780	4	12	4	3	700	10009	10002	10005	20056	20592	20780	20690	20544	20338	20363	20580	20638	20446	10	40016	40106	40103	20056	20592	20780	20690	20544	0	0	0	0	0
781	5			1	900	10105			20782	20600									1	40006			0	0								
782	5		1	1	900	10107			20524	20700	20632	20750							1	40115			0	0	0	0						
783	5		2	1	900	10109	10104		20016	20018									1	40115			0	0								
784	5		3	1	900	10110	10109		20700	20684	20106	20046							1	40111			0	0	0	0						
785	5		4	1	900	10103	10110	10108	20808	20552	20660	20353							1	40003			0	0	0	0						
786	5	1		1	900	10110			20816	20774	20574	20326							2	40015			0	0	0	0						
787	5	1	1	1	900	10107	10105		20558	20500									2	40115			0	0								
788	5	1	2	1	900	10108	10106		20508	20154	20502	20576							2	40109			0	0	0	0						
789	5	1	3	1	900	10103	10102	10104	20608	20128	20634	20353							2	40003			0	0	0	0						
790	5	1	4	1	900	10102	10109	10106	20702	20726	20243								2	40010			0	0	0							
791	5	2		1	900	10109	10107		20600	20774									3	40112			0	0								
792	5	2	1	1	900	10109	10105		20800	20684	20626	20052							3	40017			0	0	0	0						
793	5	2	2	1	900	10104	10110	10107	20824	20154	20046	20058							3	40017			0	0	0	0						
794	5	2	3	1	900	10105	10103	10106	20249	20400	20560								3	40013			0	0	0							
795	5	2	4	1	900	10101	10103	10107	20534	20552	20058	20504							3	40112			0	0	0	0						
796	5	3		1	900	10102	10104		20700	20784	20734	20243							4	40114			0	0	0	0						
797	5	3	1	1	900	10102	10107	10106	20558	20702	20660	20160							4	40114			0	0	0	0						
798	5	3	2	1	900	10105	10107	10108	20128	20046	20154								4	40013			0	0	0							
799	5	3	3	1	900	10108	10107	10104	20106	20634	20668	20754							4	40115			0	0	0	0						
800	5	3	4	1	900	10102	10109	10104	20400	20784	20770	20349	20670	20670					4	40113			0	0	0	0	0	0				
801	5	4		1	900	10103	10107	10104	20782	20652	20610	20142							5	40001	40108		0	0	0	0						
802	5	4	1	1	900	10109	10102	10110	20602	20752	20128								5	40010	40011		0	0	0							
803	5	4	2	1	900	10107	10104	10101	20249	20510	20249	20770							5	40002	40015		0	0	0	0						
804	5	4	3	1	900	10110	10103	10102	20726	20784	20450	20770	20670	20620					5	40003	40007		0	0	0	0	0	0				
805	5	4	4	1	900	10103	10102	10105	20536	20828	20828	20670	20578	20512					5	40110	40111		0	0	0	0	0	0				
806	5	5		1	900	10110	10101	10109	20454	20052	20526								6	40001	40110		0	0	0							
807	5	5	1	1	900	10108	10103	10102	20660	20768	20776	20048							6	40003	40109		0	0	0	0						
808	5	5	2	1	900	10105	10106	10101	20400	20353	20804	20762	20355	20728					6	40004	40103		0	0	0	0	0	0				
809	5	5	3	1	900	10105	10101	10109	20670	20662	20245	20048	20520	20048					6	40111	40116		0	0	0	0	0	0				
810	5	5	4	1	900	10110	10109	10108	20786	20728	20361	20736	20622	20522					6	40012	40124		0	0	0	0	0	0				
811	5	6		1	900	10104	10102	10110	20510	20365	20058	20620							7	40115	40116		0	0	0	0						
812	5	6	1	1	900	10103	10104	10106	20518	20618	20251	20450	20828	20820					7	40013	40124		0	0	0	0	0	0				
813	5	6	2	1	900	10101	10105	10106	20349	20670	20662	20712	20456	20612					7	40016	40105		0	0	0	0	0	0				
814	5	6	3	1	900	10110	10101	10102	20754	20361	20245	20369	20556	20564					7	40113	40114		0	0	0	0	0	0				
815	5	6	4	1	900	10108	10101	10103	20265	20836	20528	20538	20580	20630	20230				7	40008	40006		0	0	0	0	0	0	0			
816	5	7		1	900	10108	10107	10103	20347	20243	20245	20251	20156	20586					8	40002	40107		0	0	0	0	0	0				
817	5	7	1	1	900	10107	10106	10102	20670	20770	20162	20620	20612	20369					8	40007	40110		0	0	0	0	0	0				
818	5	7	2	1	900	10101	10106	10104	20144	20528	20612	20536	20224	20514					8	40005	40016		0	0	0	0	0	0				
819	5	7	3	1	900	10104	10110	10103	20662	20778	20048	20338	20806	20688	20630				8	40017	40013		0	0	0	0	0	0	0			
820	5	7	4	1	900	10105	10104	10110	20048	20812	20230	20622	20706	20664	20630	20840			8	40008	40126		0	0	20230	20622	20706	0	0	0		
821	5	8		1	900	10109	10106	10102	20156	20265	20736	20654	20156	20812					9	40013	40019	40019	0	0	0	0	0	0				
822	5	8	1	1	900	10107	10110	10101	20144	20636	20520	20628	20638	20351					9	40013	40101	40126	0	0	0	0	0	0				
823	5	8	2	1	900	10109	10110	10102	20628	20604	20144	20158	20351	20656	20606				9	40001	40019	40124	0	0	0	0	0	0	0			
824	5	8	3	1	900	10101	10110	10106	20245	20369	20522	20792	20638	20630	20304	20158			9	40114	40004	40110	0	0	20522	20792	20638	0	0	0		
825	5	8	4	1	900	10108	10107	10105	20741	20218	20304	20130	20422	20742	20838	20269	20696	20790	9	40110	40116	40015	20741	0	0	20130	0	0	0	0	0	0
826	5	9		1	900	10103	10106	10104	20520	20144	20770	20712	20606	20688					10	40006	40113	40125	0	0	0	0	0	0				
827	5	9	1	1	900	10109	10103	10106	20361	20450	20720	20544	20226	20742	20842				10	40013	40103	40107	0	0	0	0	0	0	0			
828	5	9	2	1	900	10102	10103	10101	20528	20355	20714	20416	20622	20841	20740	20730			10	40013	40022	40107	0	0	20714	0	20622	0	0	0		
829	5	9	3	1	900	10104	10108	10102	20642	20792	20564	20756	20357	20050	20446	20062	20218	20164	10	40115	40104	40101	20642	20792	20564	20756	20357	0	0	0	0	0
830	5	9	4	1	900	10108	10102	10104	20214	20452	20269	20842	20542	20738	20506	20592	20056	20680	10	40113	40017	40115	0	20452	20269	20842	20542	0	0	0	0	0
831	5	10		1	900	10103	10106	10104	20520	20144	20770	20712	20606	20688					10	40006	40113	40125	0	0	0	0	0	0				
832	5	10	1	1	900	10109	10103	10106	20361	20450	20720	20544	20226	20742	20842				10	40013	40103	40107	0	0	0	0	0	0	0			
833	5	10	2	1	900	10102	10103	10101	20528	20355	20714	20416	20622	20841	20740	20730			10	40013	40022	40107	0	0	20714	0	20622	0	0	0		
834	5	10	3	1	900	10104	10108	10102	20642	20792	20564	20756	20357	20050	20446	20062	20218	20164	10	40115	40104	40101	20642	20792	20564	20756	20357	0	0	0	0	0
835	5	10	4	1	900	10108	10102	10104	20214	20452	20269	20842	20542	20738	20506	20592	20056	20680	10	40113	40017	40115	0	20452	20269	20842	20542	0	0	0	0	0
836	5	11		1	900	10103	10106	10104	20520	20144	20770	20712	20606	20688					10	40006	40113	40125	0	0	0	0	0	0				
837	5	11	1	1	900	10109	10103	10106	20361	20450	20720	20544	20226	20742	20842				10	40013	40103	40107	0	0	0	0	0	0	0			
838	5	11	2	1	900	10102	10103	10101	20528	20355	20714	20416	20622	20841	20740	20730			10	40013	40022	40107	0	0	20714	0	20622	0	0	0		
839	5	11	3	1	900	10104	10108	10102	20642	20792	20564	20756	20357	20050	20446	20062	20218	20164	10	40115	40104	40101	20642	20792	20564	20756	20357	0	0	0	0	0
840	5	11	4	1	900	10108	10102	10104	20214	20452	20269	20842	20542	20738	20506	20592	20056	20680	10	40113	40017	40115	0	20452	20269	20842	20542	0	0	0	0	0
841	5	12		1	900	10103	10106	10104	20520	20144	20770	20712	20606	20688					10	40006	40113	40125	0	0	0	0	0	0				
842	5	12	1	1	900	10109	10103	10106	20361	20450	20720	20544	20226	20742	20842				10	40013	40103	40107	0	0	0	0	0	0	0			
843	5	12	2	1	900	10102	10103	10101	20528	20355	20714	20416	20622	20841	20740	20730			10	40013	40022	40107	0	0	20714	0	20622	0	0	0		
844	5	12	3	1	900	10104	10108	10102	20642	20792	20564	20756	20357	20050	20446	20062	20218	20164	10	40115	40104	40101	20642	20792	20564	20756	20357	0	0	0	0	0
845	5	12	4	1	900	10108	10102	10104	20214	20452	20269	20842	20542	20738	20506	20592	20056	20680	10	40113	40017	40115	0	20452	20269	20842	20542	0	0	0	0	0
846	5			2	900	10203			20824	20016									1	40005			0	0								
847	5		1	2	900	10210			20774	20524	20666	20550							1	40010			0	0	0	0						
848	5		2	2	900	10209	10204		20500	20824									1	40110			0	0								
849	5		3	2	900	10202	10204		20550	20576	20560	20768							1	40002			0	0	0	0						
850	5		4	2	900	10203	10202	10207	20832	20568	20660	20718							1	40112			0	0	0	0						
851	5	1		2	900	10205			20800	20708	20524	20666							2	40015			0	0	0	0						
852	5	1	1	2	900	10209	10201		20666	20816									2	40009			0	0								
853	5	1	2	2	900	10209	10206		20682	20255	20359	20365							2	40113			0	0	0	0						
854	5	1	3	2	900	10205	10202	10206	20326	20142	20668	20826							2	40015			0	0	0	0						
855	5	1	4	2	900	10202	10201	10204	20660	20255	20760								2	40013			0	0	0							
856	5	2		2	900	10203	10207		20782	20500									3	40016			0	0								
857	5	2	1	2	900	10208	10205		20766	20734	20243	20442							3	40006			0	0	0	0						
858	5	2	2	2	900	10202	10208	10206	20566	20243	20684	20142							3	40001			0	0	0	0						
859	5	2	3	2	900	10205	10208	10204	20526	20760	20347								3	40114			0	0	0							
860	5	2	4	2	900	10205	10202	10201	20652	20710	20510	20636							3	40008			0	0	0	0						
861	5	3		2	900	10206	10204		20816	20634	20510	20128							4	40014			0	0	0	0						
862	5	3	1	2	900	10209	10205	10203	20500	20448	20160	20710							4	40110			0	0	0	0						
863	5	3	2	2	900	10203	10206	10201	20710	20684	20154								4	40006			0	0	0							
864	5	3	3	2	900	10210	10206	10205	20353	20365	20552	20754							4	40109			0	0	0	0						
865	5	3	4	2	900	10205	10208	10210	20510	20660	20778	20804	20450	20349					4	40015			0	0	0	0	0	0				
866	5	4		2	900	10205	10210	10209	20766	20810	20602	20106							5	40006	40105		0	0	0	0						
867	5	4	1	2	900	10209	10202	10208	20702	20834	20400								5	40008	40105		0	0	0							
868	5	4	2	2	900	10208	10203	10205	20610	20726	20610	20662							5	40109	40022		0	0	0	0						
869	5	4	3	2	900	10201	10209	10210	20142	20448	20836	20654	20778	20156					5	40004	40011		0	0	0	0	0	0				
870	5	4	4	2	900	10206	10208	10209	20450	20786	20251	20712	20654	20162					5	40011	40112		0	0	0	0	0	0				
871	5	5		2	900	10209	10210	10208	20560	20768	20818								6	40113	40015		0	0	0							
872	5	5	1	2	900	10209	10203	10204	20726	20128	20826	20786							6	40111	40012		0	0	0	0						
873	5	5	2	2	900	10206	10203	10202	20576	20784	20736	20804	20444	20728					6	40006	40006		0	0	0	0	0	0				
874	5	5	3	2	900	10207	10205	10201	20578	20804	20804	20728	20704	20604					6	40111	40016		0	0	0	0	0	0				
875	5	5	4	2	900	10209	10203	10202	20144	20736	20612	20728	20830	20214					6	40006	40016		0	0	0	0	0	0				
876	5	6		2	900	10210	10204	10201	20802	20568	20534	20156							7	40004	40103		0	0	0	0						
877	5	6	1	2	900	10204	10207	10208	20052	20142	20586	20504	20060	20265					7	40115	40105		0	0	0	0	0	0				
878	5	6	2	2	900	10206	10205	10208	20156	20265	20712	20654	20144	20762					7	40007	40012		0	0	0	0	0	0				
879	5	6	3	2	900	10207	10202	10208	20456	20820	20245	20355	20363	20580					7	40012	40114		0	0	0	0	0	0				
880	5	6	4	2	900	10204	10207	10208	20245	20736	20712	20230	20830	20228	20247				7	40109	40005		0	0	0	0	0	0	0			
881	5	7		2	900	10207	10209	10201	20128	20502	20355	20257	20528	20144					8	40009	40114		0	0	0	0	0	0				
882	5	7	1	2	900	10202	10201	10207	20578	20704	20444	20536	20686	20456					8	40113	40019		0	0	0	0	0	0				
883	5	7	2	2	900	10210	10202	10208	20251	20678	20686	20786	20218	20842					8	40111	40111		0	0	0	0	0	0				
884	5	7	3	2	900	10201	10204	10207	20670	20812	20620	20132	20218	20814	20304				8	40008	40113		0	0	0	0	0	0	0			
885	5	7	4	2	900	10208	10209	10207	20762	20804	20218	20706	20592	20422	20640	20458			8	40014	40115		0	0	0	20706	20592	0	0	0		
886	5	8		2	900	10210	10207	10204	20686	20804	20520	20512	20156	20754					9	40002	40012	40017	0	0	0	0	0	0				
887	5	8	1	2	900	10203	10210	10205	20251	20450	20612	20355	20672	20336					9	40015	40105	40103	0	0	0	0	0	0				
888	5	8	2	2	900	10207	10203	10208	20686	20828	20804	20740	20730	20738	20556				9	40014	40102	40102	0	0	0	0	0	0	0			
889	5	8	3	2	900	10207	10210	10204	20828	20257	20830	20542	20638	20132	20606	20130			9	40010	40012	40110	0	0	20830	20542	20638	0	0	0		
890	5	8	4	2	900	10202	10205	10204	20542	20840	20452	20790	20544	20530	20540	20540	20452	20622	9	40010	40107	40023	20542	20840	20452	20790	20544	0	0	0	0	0
891	5	9		2	900	10208	10205	10206	20450	20162	20778	20670	20814	20530					10	40013	40017	40111	0	0	0	0	0	0				
892	5	9	1	2	900	10201	10204	10202	20349	20054	20562	20741	20050	20028	20452				10	40004	40009	40107	0	0	0	0	0	0	0			
893	5	9	2	2	900	10210	10202	10205	20828	20156	20132	20648	20840	20226	20690	20592			10	40004	40125	40113	0	0	20132	20648	20840	0	0	0		
894	5	9	3	2	900	10209	10201	10205	20228	20224	20741	20363	20822	20638	20764	20363	20351	20788	10	40010	40015	40017	20228	0	20741	20363	20822	0	0	0	0	0
895	5	9	4	2	900	10205	10206	10208	20422	20648	20741	20304	20224	20790	20590	20622	20738	20694	10	40007	40022	40111	0	20648	20741	0	0	0	0	0	0	0
896	5	10		2	900	10208	10205	10206	20450	20162	20778	20670	20814	20530					10	40013	40017	40111	0	0	0	0	0	0				
897	5	10	1	2	900	10201	10204	10202	20349	20054	20562	20741	20050	20028	20452				10	40004	40009	40107	0	0	0	0	0	0	0			
898	5	10	2	2	900	10210	10202	10205	20828	20156	20132	20648	20840	20226	20690	20592			10	40004	40125	40113	0	0	20132	20648	20840	0	0	0		
899	5	10	3	2	900	10209	10201	10205	20228	20224	20741	20363	20822	20638	20764	20363	20351	20788	10	40010	40015	40017	20228	0	20741	20363	20822	0	0	0	0	0
900	5	10	4	2	900	10205	10206	10208	20422	20648	20741	20304	20224	20790	20590	20622	20738	20694	10	40007	40022	40111	0	20648	20741	0	0	0	0	0	0	0
901	5	11		2	900	10208	10205	10206	20450	20162	20778	20670	20814	20530					10	40013	40017	40111	0	0	0	0	0	0				
902	5	11	1	2	900	10201	10204	10202	20349	20054	20562	20741	20050	20028	20452				10	40004	40009	40107	0	0	0	0	0	0	0			
903	5	11	2	2	900	10210	10202	10205	20828	20156	20132	20648	20840	20226	20690	20592			10	40004	40125	40113	0	0	20132	20648	20840	0	0	0		
904	5	11	3	2	900	10209	10201	10205	20228	20224	20741	20363	20822	20638	20764	20363	20351	20788	10	40010	40015	40017	20228	0	20741	20363	20822	0	0	0	0	0
905	5	11	4	2	900	10205	10206	10208	20422	20648	20741	20304	20224	20790	20590	20622	20738	20694	10	40007	40022	40111	0	20648	20741	0	0	0	0	0	0	0
906	5	12		2	900	10208	10205	10206	20450	20162	20778	20670	20814	20530					10	40013	40017	40111	0	0	0	0	0	0				
907	5	12	1	2	900	10201	10204	10202	20349	20054	20562	20741	20050	20028	20452				10	40004	40009	40107	0	0	0	0	0	0	0			
908	5	12	2	2	900	10210	10202	10205	20828	20156	20132	20648	20840	20226	20690	20592			10	40004	40125	40113	0	0	20132	20648	20840	0	0	0		
909	5	12	3	2	900	10209	10201	10205	20228	20224	20741	20363	20822	20638	20764	20363	20351	20788	10	40010	40015	40017	20228	0	20741	20363	20822	0	0	0	0	0
910	5	12	4	2	900	10205	10206	10208	20422	20648	20741	20304	20224	20790	20590	20622	20738	20694	10	40007	40022	40111	0	20648	20741	0	0	0	0	0	0	0
911	5			3	900	10006			20632	20824									1	40113			0	0								
912	5		1	3	900	10001			20532	20500	20766	20708							1	40112			0	0	0	0						
913	5		2	3	900	10007	10005		20724	20326									1	40013			0	0								
914	5		3	3	900	10001	10003		20516	20584	20684	20052							1	40011			0	0	0	0						
915	5		4	3	900	10001	10009	10007	20832	20365	20826	20442							1	40012			0	0	0	0						
916	5	1		3	900	10008			20800	20808	20608	20566							2	40004			0	0	0	0						
917	5	1	1	3	900	10006	10002		20016	20566									2	40007			0	0								
918	5	1	2	3	900	10004	10003		20658	20602	20518	20448							2	40008			0	0	0	0						
919	5	1	3	3	900	10002	10009	10008	20716	20106	20448	20734							2	40017			0	0	0	0						
920	5	1	4	3	900	10008	10006	10002	20610	20128	20110								2	40016			0	0	0							
921	5	2		3	900	10005	10006		20674	20016									3	40011			0	0								
922	5	2	1	3	900	10006	10002		20724	20718	20518	20526							3	40111			0	0	0	0						
923	5	2	2	3	900	10006	10002	10009	20800	20400	20660	20660							3	40011			0	0	0	0						
924	5	2	3	3	900	10002	10004	10003	20634	20710	20702								3	40002			0	0	0							
925	5	2	4	3	900	10002	10005	10007	20359	20510	20634	20754							3	40002			0	0	0	0						
926	5	3		3	900	10004	10007		20800	20752	20534	20510							4	40013			0	0	0	0						
927	5	3	1	3	900	10009	10005	10008	20016	20448	20154	20365							4	40007			0	0	0	0						
928	5	3	2	3	900	10003	10007	10004	20442	20768	20818								4	40002			0	0	0							
929	5	3	3	3	900	10004	10005	10003	20568	20160	20106	20736							4	40013			0	0	0	0						
930	5	3	4	3	900	10002	10007	10005	20249	20249	20620	20786	20450	20762					4	40007			0	0	0	0	0	0				
931	5	4		3	900	10002	10003	10007	20816	20046	20510	20400							5	40015	40110		0	0	0	0						
932	5	4	1	3	900	10001	10002	10010	20826	20734	20046								5	40002	40009		0	0	0							
933	5	4	2	3	900	10009	10002	10007	20106	20802	20834	20504							5	40006	40111		0	0	0	0						
934	5	4	3	3	900	10009	10003	10006	20710	20610	20728	20245	20662	20678					5	40011	40113		0	0	0	0	0	0				
935	5	4	4	3	900	10002	10004	10010	20678	20536	20265	20054	20628	20536					5	40114	40108		0	0	0	0	0	0				
936	5	5		3	900	10001	10004	10006	20502	20454	20710								6	40002	40109		0	0	0							
937	5	5	1	3	900	10006	10003	10007	20618	20510	20400	20636							6	40016	40111		0	0	0	0						
938	5	5	2	3	900	10003	10005	10009	20710	20448	20836	20265	20670	20678					6	40003	40102		0	0	0	0	0	0				
939	5	5	3	3	900	10003	10007	10010	20361	20712	20349	20562	20804	20704					6	40009	40112		0	0	0	0	0	0				
940	5	5	4	3	900	10010	10009	10001	20604	20369	20662	20048	20506	20606					6	40011	40007		0	0	0	0	0	0				
941	5	6		3	900	10010	10004	10001	20552	20710	20534	20349							7	40001	40008		0	0	0	0						
942	5	6	1	3	900	10004	10006	10001	20760	20518	20512	20251	20456	20620					7	40010	40016		0	0	0	0	0	0				
943	5	6	2	3	900	10004	10007	10009	20612	20257	20720	20670	20804	20720					7	40008	40004		0	0	0	0	0	0				
944	5	6	3	3	900	10003	10004	10001	20054	20804	20828	20678	20373	20028					7	40016	40109		0	0	0	0	0	0				
945	5	6	4	3	900	10009	10006	10002	20670	20450	20060	20638	20422	20756	20680				7	40005	40113		0	0	0	0	0	0	0			
946	5	7		3	900	10007	10010	10005	20359	20752	20144	20456	20762	20162					8	40003	40016		0	0	0	0	0	0				
947	5	7	1	3	900	10001	10006	10009	20456	20586	20361	20836	20251	20257					8	40112	40008		0	0	0	0	0	0				
948	5	7	2	3	900	10002	10009	10007	20720	20836	20720	20736	20452	20614					8	40113	40108		0	0	0	0	0	0				
949	5	7	3	3	900	10004	10010	10006	20048	20456	20720	20630	20226	20614	20794				8	40001	40014		0	0	0	0	0	0	0			
950	5	7	4	3	900	10009	10002	10008	20712	20048	20556	20336	20373	20740	20588	20638			8	40007	40013		0	0	20556	20336	20373	0	0	0		
951	5	8		3	900	10008	10001	10005	20570	20048	20156	20562	20156	20604					9	40004	40016	40019	0	0	0	0	0	0				
952	5	8	1	3	900	10010	10009	10004	20536	20144	20528	20257	20416	20030					9	40113	40004	40104	0	0	0	0	0	0				
953	5	8	2	3	900	10010	10005	10009	20456	20162	20628	20696	20351	20840	20738				9	40011	40103	40101	0	0	0	0	0	0	0			
954	5	8	3	3	900	10005	10003	10001	20778	20361	20841	20540	20050	20630	20588	20740			9	40006	40012	40019	0	0	20841	20540	20050	0	0	0		
955	5	8	4	3	900	10004	10009	10007	20540	20522	20334	20788	20694	20656	20614	20640	20432	20672	9	40002	40106	40022	20540	20522	20334	20788	20694	0	0	0	0	0
956	5	9		3	900	10005	10010	10004	20245	20444	20786	20712	20572	20772					10	40001	40017	40114	0	0	0	0	0	0				
957	5	9	1	3	900	10003	10008	10005	20620	20670	20620	20458	20580	20247	20806				10	40006	40015	40124	0	0	0	0	0	0	0			
958	5	9	2	3	900	10005	10009	10003	20770	20636	20247	20614	20351	20226	20506	20336			10	40015	40022	40126	0	0	20247	20614	20351	0	0	0		
959	5	9	3	3	900	10010	10004	10001	20788	20642	20146	20458	20580	20580	20648	20714	20432	20028	10	40012	40106	40015	20788	20642	20146	20458	20580	0	0	0	0	0
960	5	9	4	3	900	10009	10002	10005	20056	20592	20780	20690	20544	20338	20363	20580	20638	20446	10	40115	40105	40105	20056	20592	20780	20690	20544	0	0	0	0	0
961	5	10		3	900	10005	10010	10004	20245	20444	20786	20712	20572	20772					10	40001	40017	40114	0	0	0	0	0	0				
962	5	10	1	3	900	10003	10008	10005	20620	20670	20620	20458	20580	20247	20806				10	40006	40015	40124	0	0	0	0	0	0	0			
963	5	10	2	3	900	10005	10009	10003	20770	20636	20247	20614	20351	20226	20506	20336			10	40015	40022	40126	0	0	20247	20614	20351	0	0	0		
964	5	10	3	3	900	10010	10004	10001	20788	20642	20146	20458	20580	20580	20648	20714	20432	20028	10	40012	40106	40015	20788	20642	20146	20458	20580	0	0	0	0	0
965	5	10	4	3	900	10009	10002	10005	20056	20592	20780	20690	20544	20338	20363	20580	20638	20446	10	40115	40105	40105	20056	20592	20780	20690	20544	0	0	0	0	0
966	5	11		3	900	10005	10010	10004	20245	20444	20786	20712	20572	20772					10	40001	40017	40114	0	0	0	0	0	0				
967	5	11	1	3	900	10003	10008	10005	20620	20670	20620	20458	20580	20247	20806				10	40006	40015	40124	0	0	0	0	0	0	0			
968	5	11	2	3	900	10005	10009	10003	20770	20636	20247	20614	20351	20226	20506	20336			10	40015	40022	40126	0	0	20247	20614	20351	0	0	0		
969	5	11	3	3	900	10010	10004	10001	20788	20642	20146	20458	20580	20580	20648	20714	20432	20028	10	40012	40106	40015	20788	20642	20146	20458	20580	0	0	0	0	0
970	5	11	4	3	900	10009	10002	10005	20056	20592	20780	20690	20544	20338	20363	20580	20638	20446	10	40115	40105	40105	20056	20592	20780	20690	20544	0	0	0	0	0
971	5	12		3	900	10005	10010	10004	20245	20444	20786	20712	20572	20772					10	40001	40017	40114	0	0	0	0	0	0				
972	5	12	1	3	900	10003	10008	10005	20620	20670	20620	20458	20580	20247	20806				10	40006	40015	40124	0	0	0	0	0	0	0			
973	5	12	2	3	900	10005	10009	10003	20770	20636	20247	20614	20351	20226	20506	20336			10	40015	40022	40126	0	0	20247	20614	20351	0	0	0		
974	5	12	3	3	900	10010	10004	10001	20788	20642	20146	20458	20580	20580	20648	20714	20432	20028	10	40012	40106	40015	20788	20642	20146	20458	20580	0	0	0	0	0
975	5	12	4	3	900	10009	10002	10005	20056	20592	20780	20690	20544	20338	20363	20580	20638	20446	10	40115	40105	40105	20056	20592	20780	20690	20544	0	0	0	0	0
976	6			1	1100	10105			20782	20600									1	40017			0	0								
977	6		1	1	1100	10107			20524	20700	20632	20750							1	40002			0	0	0	0						
978	6		2	1	1100	10109	10104		20016	20018									1	40011			0	0								
979	6		3	1	1100	10110	10109		20700	20684	20106	20046							1	40006			0	0	0	0						
980	6		4	1	1100	10103	10110	10108	20808	20552	20660	20353							1	40015			0	0	0	0						
981	6	1		1	1100	10110			20816	20774	20574	20326							2	40005			0	0	0	0						
982	6	1	1	1	1100	10107	10105		20558	20500									2	40007			0	0								
983	6	1	2	1	1100	10108	10106		20508	20154	20502	20576							2	40008			0	0	0	0						
984	6	1	3	1	1100	10103	10102	10104	20608	20128	20634	20353							2	40001			0	0	0	0						
985	6	1	4	1	1100	10102	10109	10106	20702	20726	20243								2	40113			0	0	0							
986	6	2		1	1100	10109	10107		20600	20774									3	40005			0	0								
987	6	2	1	1	1100	10109	10105		20800	20684	20626	20052							3	40001			0	0	0	0						
988	6	2	2	1	1100	10104	10110	10107	20824	20154	20046	20058							3	40005			0	0	0	0						
989	6	2	3	1	1100	10105	10103	10106	20249	20400	20560								3	40007			0	0	0							
990	6	2	4	1	1100	10101	10103	10107	20534	20552	20058	20504							3	40012			0	0	0	0						
991	6	3		1	1100	10102	10104		20700	20784	20734	20243							4	40109			0	0	0	0						
992	6	3	1	1	1100	10102	10107	10106	20558	20702	20660	20160							4	40114			0	0	0	0						
993	6	3	2	1	1100	10105	10107	10108	20128	20046	20154								4	40110			0	0	0							
994	6	3	3	1	1100	10108	10107	10104	20106	20634	20668	20754							4	40003			0	0	0	0						
995	6	3	4	1	1100	10102	10109	10104	20400	20784	20770	20349	20670	20670					4	40014			0	0	0	0	0	0				
996	6	4		1	1100	10103	10107	10104	20782	20652	20610	20142							5	40109	40101		0	0	0	0						
997	6	4	1	1	1100	10109	10102	10110	20602	20752	20128								5	40014	40007		0	0	0							
998	6	4	2	1	1100	10107	10104	10101	20249	20510	20249	20770							5	40001	40012		0	0	0	0						
999	6	4	3	1	1100	10110	10103	10102	20726	20784	20450	20770	20670	20620					5	40016	40107		0	0	0	0	0	0				
1000	6	4	4	1	1100	10103	10102	10105	20536	20828	20828	20670	20578	20512					5	40017	40104		0	0	0	0	0	0				
1001	6	5		1	1100	10110	10101	10109	20454	20052	20526								6	40006	40105		0	0	0							
1002	6	5	1	1	1100	10108	10103	10102	20660	20768	20776	20048							6	40003	40013		0	0	0	0						
1003	6	5	2	1	1100	10105	10106	10101	20400	20353	20804	20762	20355	20728					6	40005	40115		0	0	0	0	0	0				
1004	6	5	3	1	1100	10105	10101	10109	20670	20662	20245	20048	20520	20048					6	40113	40006		0	0	0	0	0	0				
1005	6	5	4	1	1100	10110	10109	10108	20786	20728	20361	20736	20622	20522					6	40015	40125		0	0	0	0	0	0				
1006	6	6		1	1100	10104	10102	10110	20510	20365	20058	20620							7	40115	40111		0	0	0	0						
1007	6	6	1	1	1100	10103	10104	10106	20518	20618	20251	20450	20828	20820					7	40010	40113		0	0	0	0	0	0				
1008	6	6	2	1	1100	10101	10105	10106	20349	20670	20662	20712	20456	20612					7	40009	40004		0	0	0	0	0	0				
1009	6	6	3	1	1100	10110	10101	10102	20754	20361	20245	20369	20556	20564					7	40113	40022		0	0	0	0	0	0				
1010	6	6	4	1	1100	10108	10101	10103	20265	20836	20528	20538	20580	20630	20230				7	40007	40007		0	0	0	0	0	0	0			
1011	6	7		1	1100	10108	10107	10103	20347	20243	20245	20251	20156	20586					8	40113	40106		0	0	0	0	0	0				
1012	6	7	1	1	1100	10107	10106	10102	20670	20770	20162	20620	20612	20369					8	40012	40015		0	0	0	0	0	0				
1013	6	7	2	1	1100	10101	10106	10104	20144	20528	20612	20536	20224	20514					8	40114	40113		0	0	0	0	0	0				
1014	6	7	3	1	1100	10104	10110	10103	20662	20778	20048	20338	20806	20688	20630				8	40110	40104		0	0	0	0	0	0	0			
1015	6	7	4	1	1100	10105	10104	10110	20048	20812	20230	20622	20706	20664	20630	20840			8	40001	40114		0	0	20230	20622	20706	0	0	0		
1016	6	8		1	1100	10109	10106	10102	20156	20265	20736	20654	20156	20812					9	40016	40107	40022	0	0	0	0	0	0				
1017	6	8	1	1	1100	10107	10110	10101	20144	20636	20520	20628	20638	20351					9	40009	40112	40102	0	0	0	0	0	0				
1018	6	8	2	1	1100	10109	10110	10102	20628	20604	20144	20158	20351	20656	20606				9	40012	40013	40019	0	0	0	0	0	0	0			
1019	6	8	3	1	1100	10101	10110	10106	20245	20369	20522	20792	20638	20630	20304	20158			9	40002	40016	40017	0	0	20522	20792	20638	0	0	0		
1020	6	8	4	1	1100	10108	10107	10105	20741	20218	20304	20130	20422	20742	20838	20269	20696	20790	9	40114	40125	40018	20741	0	0	20130	0	0	0	0	0	0
1021	6	9		1	1100	10103	10106	10104	20520	20144	20770	20712	20606	20688					10	40003	40009	40105	0	0	0	0	0	0				
1022	6	9	1	1	1100	10109	10103	10106	20361	20450	20720	20544	20226	20742	20842				10	40005	40004	40110	0	0	0	0	0	0	0			
1023	6	9	2	1	1100	10102	10103	10101	20528	20355	20714	20416	20622	20841	20740	20730			10	40006	40104	40102	0	0	20714	0	20622	0	0	0		
1024	6	9	3	1	1100	10104	10108	10102	20642	20792	20564	20756	20357	20050	20446	20062	20218	20164	10	40017	40112	40103	20642	20792	20564	20756	20357	0	0	0	0	0
1025	6	9	4	1	1100	10108	10102	10104	20214	20452	20269	20842	20542	20738	20506	20592	20056	20680	10	40002	40004	40105	0	20452	20269	20842	20542	0	0	0	0	0
1026	6	10		1	1100	10103	10106	10104	20520	20144	20770	20712	20606	20688					10	40003	40009	40105	0	0	0	0	0	0				
1027	6	10	1	1	1100	10109	10103	10106	20361	20450	20720	20544	20226	20742	20842				10	40005	40004	40110	0	0	0	0	0	0	0			
1028	6	10	2	1	1100	10102	10103	10101	20528	20355	20714	20416	20622	20841	20740	20730			10	40006	40104	40102	0	0	20714	0	20622	0	0	0		
1029	6	10	3	1	1100	10104	10108	10102	20642	20792	20564	20756	20357	20050	20446	20062	20218	20164	10	40017	40112	40103	20642	20792	20564	20756	20357	0	0	0	0	0
1030	6	10	4	1	1100	10108	10102	10104	20214	20452	20269	20842	20542	20738	20506	20592	20056	20680	10	40002	40004	40105	0	20452	20269	20842	20542	0	0	0	0	0
1031	6	11		1	1100	10103	10106	10104	20520	20144	20770	20712	20606	20688					10	40003	40009	40105	0	0	0	0	0	0				
1032	6	11	1	1	1100	10109	10103	10106	20361	20450	20720	20544	20226	20742	20842				10	40005	40004	40110	0	0	0	0	0	0	0			
1033	6	11	2	1	1100	10102	10103	10101	20528	20355	20714	20416	20622	20841	20740	20730			10	40006	40104	40102	0	0	20714	0	20622	0	0	0		
1034	6	11	3	1	1100	10104	10108	10102	20642	20792	20564	20756	20357	20050	20446	20062	20218	20164	10	40017	40112	40103	20642	20792	20564	20756	20357	0	0	0	0	0
1035	6	11	4	1	1100	10108	10102	10104	20214	20452	20269	20842	20542	20738	20506	20592	20056	20680	10	40002	40004	40105	0	20452	20269	20842	20542	0	0	0	0	0
1036	6	12		1	1100	10103	10106	10104	20520	20144	20770	20712	20606	20688					10	40003	40009	40105	0	0	0	0	0	0				
1037	6	12	1	1	1100	10109	10103	10106	20361	20450	20720	20544	20226	20742	20842				10	40005	40004	40110	0	0	0	0	0	0	0			
1038	6	12	2	1	1100	10102	10103	10101	20528	20355	20714	20416	20622	20841	20740	20730			10	40006	40104	40102	0	0	20714	0	20622	0	0	0		
1039	6	12	3	1	1100	10104	10108	10102	20642	20792	20564	20756	20357	20050	20446	20062	20218	20164	10	40017	40112	40103	20642	20792	20564	20756	20357	0	0	0	0	0
1040	6	12	4	1	1100	10108	10102	10104	20214	20452	20269	20842	20542	20738	20506	20592	20056	20680	10	40002	40004	40105	0	20452	20269	20842	20542	0	0	0	0	0
1041	6			2	1100	10203			20824	20016									1	40008			0	0								
1042	6		1	2	1100	10210			20774	20524	20666	20550							1	40001			0	0	0	0						
1043	6		2	2	1100	10209	10204		20500	20824									1	40112			0	0								
1044	6		3	2	1100	10202	10204		20550	20576	20560	20768							1	40113			0	0	0	0						
1045	6		4	2	1100	10203	10202	10207	20832	20568	20660	20718							1	40012			0	0	0	0						
1046	6	1		2	1100	10205			20800	20708	20524	20666							2	40012			0	0	0	0						
1047	6	1	1	2	1100	10209	10201		20666	20816									2	40002			0	0								
1048	6	1	2	2	1100	10209	10206		20682	20255	20359	20365							2	40114			0	0	0	0						
1049	6	1	3	2	1100	10205	10202	10206	20326	20142	20668	20826							2	40010			0	0	0	0						
1050	6	1	4	2	1100	10202	10201	10204	20660	20255	20760								2	40007			0	0	0							
1051	6	2		2	1100	10203	10207		20782	20500									3	40013			0	0								
1052	6	2	1	2	1100	10208	10205		20766	20734	20243	20442							3	40014			0	0	0	0						
1053	6	2	2	2	1100	10202	10208	10206	20566	20243	20684	20142							3	40115			0	0	0	0						
1054	6	2	3	2	1100	10205	10208	10204	20526	20760	20347								3	40014			0	0	0							
1055	6	2	4	2	1100	10205	10202	10201	20652	20710	20510	20636							3	40012			0	0	0	0						
1056	6	3		2	1100	10206	10204		20816	20634	20510	20128							4	40015			0	0	0	0						
1057	6	3	1	2	1100	10209	10205	10203	20500	20448	20160	20710							4	40004			0	0	0	0						
1058	6	3	2	2	1100	10203	10206	10201	20710	20684	20154								4	40007			0	0	0							
1059	6	3	3	2	1100	10210	10206	10205	20353	20365	20552	20754							4	40113			0	0	0	0						
1060	6	3	4	2	1100	10205	10208	10210	20510	20660	20778	20804	20450	20349					4	40003			0	0	0	0	0	0				
1061	6	4		2	1100	10205	10210	10209	20766	20810	20602	20106							5	40009	40104		0	0	0	0						
1062	6	4	1	2	1100	10209	10202	10208	20702	20834	20400								5	40014	40104		0	0	0							
1063	6	4	2	2	1100	10208	10203	10205	20610	20726	20610	20662							5	40007	40018		0	0	0	0						
1064	6	4	3	2	1100	10201	10209	10210	20142	20448	20836	20654	20778	20156					5	40109	40103		0	0	0	0	0	0				
1065	6	4	4	2	1100	10206	10208	10209	20450	20786	20251	20712	20654	20162					5	40013	40014		0	0	0	0	0	0				
1066	6	5		2	1100	10209	10210	10208	20560	20768	20818								6	40010	40016		0	0	0							
1067	6	5	1	2	1100	10209	10203	10204	20726	20128	20826	20786							6	40015	40124		0	0	0	0						
1068	6	5	2	2	1100	10206	10203	10202	20576	20784	20736	20804	20444	20728					6	40017	40111		0	0	0	0	0	0				
1069	6	5	3	2	1100	10207	10205	10201	20578	20804	20804	20728	20704	20604					6	40001	40011		0	0	0	0	0	0				
1070	6	5	4	2	1100	10209	10203	10202	20144	20736	20612	20728	20830	20214					6	40111	40019		0	0	0	0	0	0				
1071	6	6		2	1100	10210	10204	10201	20802	20568	20534	20156							7	40008	40013		0	0	0	0						
1072	6	6	1	2	1100	10204	10207	10208	20052	20142	20586	20504	20060	20265					7	40005	40101		0	0	0	0	0	0				
1073	6	6	2	2	1100	10206	10205	10208	20156	20265	20712	20654	20144	20762					7	40015	40104		0	0	0	0	0	0				
1074	6	6	3	2	1100	10207	10202	10208	20456	20820	20245	20355	20363	20580					7	40109	40112		0	0	0	0	0	0				
1075	6	6	4	2	1100	10204	10207	10208	20245	20736	20712	20230	20830	20228	20247				7	40110	40012		0	0	0	0	0	0	0			
1076	6	7		2	1100	10207	10209	10201	20128	20502	20355	20257	20528	20144					8	40115	40113		0	0	0	0	0	0				
1077	6	7	1	2	1100	10202	10201	10207	20578	20704	20444	20536	20686	20456					8	40001	40010		0	0	0	0	0	0				
1078	6	7	2	2	1100	10210	10202	10208	20251	20678	20686	20786	20218	20842					8	40003	40113		0	0	0	0	0	0				
1079	6	7	3	2	1100	10201	10204	10207	20670	20812	20620	20132	20218	20814	20304				8	40109	40110		0	0	0	0	0	0	0			
1080	6	7	4	2	1100	10208	10209	10207	20762	20804	20218	20706	20592	20422	20640	20458			8	40008	40009		0	0	0	20706	20592	0	0	0		
1081	6	8		2	1100	10210	10207	10204	20686	20804	20520	20512	20156	20754					9	40013	40111	40125	0	0	0	0	0	0				
1082	6	8	1	2	1100	10203	10210	10205	20251	20450	20612	20355	20672	20336					9	40011	40125	40112	0	0	0	0	0	0				
1083	6	8	2	2	1100	10207	10203	10208	20686	20828	20804	20740	20730	20738	20556				9	40007	40110	40112	0	0	0	0	0	0	0			
1084	6	8	3	2	1100	10207	10210	10204	20828	20257	20830	20542	20638	20132	20606	20130			9	40013	40103	40124	0	0	20830	20542	20638	0	0	0		
1085	6	8	4	2	1100	10202	10205	10204	20542	20840	20452	20790	20544	20530	20540	20540	20452	20622	9	40009	40125	40019	20542	20840	20452	20790	20544	0	0	0	0	0
1086	6	9		2	1100	10208	10205	10206	20450	20162	20778	20670	20814	20530					10	40015	40004	40102	0	0	0	0	0	0				
1087	6	9	1	2	1100	10201	10204	10202	20349	20054	20562	20741	20050	20028	20452				10	40004	40113	40125	0	0	0	0	0	0	0			
1088	6	9	2	2	1100	10210	10202	10205	20828	20156	20132	20648	20840	20226	20690	20592			10	40004	40011	40110	0	0	20132	20648	20840	0	0	0		
1089	6	9	3	2	1100	10209	10201	10205	20228	20224	20741	20363	20822	20638	20764	20363	20351	20788	10	40112	40008	40110	20228	0	20741	20363	20822	0	0	0	0	0
1090	6	9	4	2	1100	10205	10206	10208	20422	20648	20741	20304	20224	20790	20590	20622	20738	20694	10	40115	40126	40111	0	20648	20741	0	0	0	0	0	0	0
1091	6	10		2	1100	10208	10205	10206	20450	20162	20778	20670	20814	20530					10	40015	40004	40102	0	0	0	0	0	0				
1092	6	10	1	2	1100	10201	10204	10202	20349	20054	20562	20741	20050	20028	20452				10	40004	40113	40125	0	0	0	0	0	0	0			
1093	6	10	2	2	1100	10210	10202	10205	20828	20156	20132	20648	20840	20226	20690	20592			10	40004	40011	40110	0	0	20132	20648	20840	0	0	0		
1094	6	10	3	2	1100	10209	10201	10205	20228	20224	20741	20363	20822	20638	20764	20363	20351	20788	10	40112	40008	40110	20228	0	20741	20363	20822	0	0	0	0	0
1095	6	10	4	2	1100	10205	10206	10208	20422	20648	20741	20304	20224	20790	20590	20622	20738	20694	10	40115	40126	40111	0	20648	20741	0	0	0	0	0	0	0
1096	6	11		2	1100	10208	10205	10206	20450	20162	20778	20670	20814	20530					10	40015	40004	40102	0	0	0	0	0	0				
1097	6	11	1	2	1100	10201	10204	10202	20349	20054	20562	20741	20050	20028	20452				10	40004	40113	40125	0	0	0	0	0	0	0			
1098	6	11	2	2	1100	10210	10202	10205	20828	20156	20132	20648	20840	20226	20690	20592			10	40004	40011	40110	0	0	20132	20648	20840	0	0	0		
1099	6	11	3	2	1100	10209	10201	10205	20228	20224	20741	20363	20822	20638	20764	20363	20351	20788	10	40112	40008	40110	20228	0	20741	20363	20822	0	0	0	0	0
1100	6	11	4	2	1100	10205	10206	10208	20422	20648	20741	20304	20224	20790	20590	20622	20738	20694	10	40115	40126	40111	0	20648	20741	0	0	0	0	0	0	0
1101	6	12		2	1100	10208	10205	10206	20450	20162	20778	20670	20814	20530					10	40015	40004	40102	0	0	0	0	0	0				
1102	6	12	1	2	1100	10201	10204	10202	20349	20054	20562	20741	20050	20028	20452				10	40004	40113	40125	0	0	0	0	0	0	0			
1103	6	12	2	2	1100	10210	10202	10205	20828	20156	20132	20648	20840	20226	20690	20592			10	40004	40011	40110	0	0	20132	20648	20840	0	0	0		
1104	6	12	3	2	1100	10209	10201	10205	20228	20224	20741	20363	20822	20638	20764	20363	20351	20788	10	40112	40008	40110	20228	0	20741	20363	20822	0	0	0	0	0
1105	6	12	4	2	1100	10205	10206	10208	20422	20648	20741	20304	20224	20790	20590	20622	20738	20694	10	40115	40126	40111	0	20648	20741	0	0	0	0	0	0	0
1106	6			3	1100	10006			20632	20824									1	40015			0	0								
1107	6		1	3	1100	10001			20532	20500	20766	20708							1	40015			0	0	0	0						
1108	6		2	3	1100	10007	10005		20724	20326									1	40005			0	0								
1109	6		3	3	1100	10001	10003		20516	20584	20684	20052							1	40009			0	0	0	0						
1110	6		4	3	1100	10001	10009	10007	20832	20365	20826	20442							1	40014			0	0	0	0						
1111	6	1		3	1100	10008			20800	20808	20608	20566							2	40002			0	0	0	0						
1112	6	1	1	3	1100	10006	10002		20016	20566									2	40112			0	0								
1113	6	1	2	3	1100	10004	10003		20658	20602	20518	20448							2	40006			0	0	0	0						
1114	6	1	3	3	1100	10002	10009	10008	20716	20106	20448	20734							2	40009			0	0	0	0						
1115	6	1	4	3	1100	10008	10006	10002	20610	20128	20110								2	40114			0	0	0							
1116	6	2		3	1100	10005	10006		20674	20016									3	40001			0	0								
1117	6	2	1	3	1100	10006	10002		20724	20718	20518	20526							3	40114			0	0	0	0						
1118	6	2	2	3	1100	10006	10002	10009	20800	20400	20660	20660							3	40010			0	0	0	0						
1119	6	2	3	3	1100	10002	10004	10003	20634	20710	20702								3	40114			0	0	0							
1120	6	2	4	3	1100	10002	10005	10007	20359	20510	20634	20754							3	40017			0	0	0	0						
1121	6	3		3	1100	10004	10007		20800	20752	20534	20510							4	40113			0	0	0	0						
1122	6	3	1	3	1100	10009	10005	10008	20016	20448	20154	20365							4	40013			0	0	0	0						
1123	6	3	2	3	1100	10003	10007	10004	20442	20768	20818								4	40010			0	0	0							
1124	6	3	3	3	1100	10004	10005	10003	20568	20160	20106	20736							4	40006			0	0	0	0						
1125	6	3	4	3	1100	10002	10007	10005	20249	20249	20620	20786	20450	20762					4	40114			0	0	0	0	0	0				
1126	6	4		3	1100	10002	10003	10007	20816	20046	20510	20400							5	40111	40009		0	0	0	0						
1127	6	4	1	3	1100	10001	10002	10010	20826	20734	20046								5	40001	40016		0	0	0							
1128	6	4	2	3	1100	10009	10002	10007	20106	20802	20834	20504							5	40001	40106		0	0	0	0						
1129	6	4	3	3	1100	10009	10003	10006	20710	20610	20728	20245	20662	20678					5	40005	40015		0	0	0	0	0	0				
1130	6	4	4	3	1100	10002	10004	10010	20678	20536	20265	20054	20628	20536					5	40110	40126		0	0	0	0	0	0				
1131	6	5		3	1100	10001	10004	10006	20502	20454	20710								6	40006	40022		0	0	0							
1132	6	5	1	3	1100	10006	10003	10007	20618	20510	20400	20636							6	40015	40012		0	0	0	0						
1133	6	5	2	3	1100	10003	10005	10009	20710	20448	20836	20265	20670	20678					6	40011	40014		0	0	0	0	0	0				
1134	6	5	3	3	1100	10003	10007	10010	20361	20712	20349	20562	20804	20704					6	40014	40114		0	0	0	0	0	0				
1135	6	5	4	3	1100	10010	10009	10001	20604	20369	20662	20048	20506	20606					6	40017	40114		0	0	0	0	0	0				
1136	6	6		3	1100	10010	10004	10001	20552	20710	20534	20349							7	40015	40013		0	0	0	0						
1137	6	6	1	3	1100	10004	10006	10001	20760	20518	20512	20251	20456	20620					7	40004	40116		0	0	0	0	0	0				
1138	6	6	2	3	1100	10004	10007	10009	20612	20257	20720	20670	20804	20720					7	40003	40113		0	0	0	0	0	0				
1139	6	6	3	3	1100	10003	10004	10001	20054	20804	20828	20678	20373	20028					7	40003	40126		0	0	0	0	0	0				
1140	6	6	4	3	1100	10009	10006	10002	20670	20450	20060	20638	20422	20756	20680				7	40011	40110		0	0	0	0	0	0	0			
1141	6	7		3	1100	10007	10010	10005	20359	20752	20144	20456	20762	20162					8	40002	40114		0	0	0	0	0	0				
1142	6	7	1	3	1100	10001	10006	10009	20456	20586	20361	20836	20251	20257					8	40011	40114		0	0	0	0	0	0				
1143	6	7	2	3	1100	10002	10009	10007	20720	20836	20720	20736	20452	20614					8	40005	40107		0	0	0	0	0	0				
1144	6	7	3	3	1100	10004	10010	10006	20048	20456	20720	20630	20226	20614	20794				8	40016	40116		0	0	0	0	0	0	0			
1145	6	7	4	3	1100	10009	10002	10008	20712	20048	20556	20336	20373	20740	20588	20638			8	40015	40105		0	0	20556	20336	20373	0	0	0		
1146	6	8		3	1100	10008	10001	10005	20570	20048	20156	20562	20156	20604					9	40115	40113	40125	0	0	0	0	0	0				
1147	6	8	1	3	1100	10010	10009	10004	20536	20144	20528	20257	20416	20030					9	40003	40102	40113	0	0	0	0	0	0				
1148	6	8	2	3	1100	10010	10005	10009	20456	20162	20628	20696	20351	20840	20738				9	40115	40112	40106	0	0	0	0	0	0	0			
1149	6	8	3	3	1100	10005	10003	10001	20778	20361	20841	20540	20050	20630	20588	20740			9	40002	40105	40115	0	0	20841	20540	20050	0	0	0		
1150	6	8	4	3	1100	10004	10009	10007	20540	20522	20334	20788	20694	20656	20614	20640	20432	20672	9	40003	40009	40126	20540	20522	20334	20788	20694	0	0	0	0	0
1151	6	9		3	1100	10005	10010	10004	20245	20444	20786	20712	20572	20772					10	40001	40018	40016	0	0	0	0	0	0				
1152	6	9	1	3	1100	10003	10008	10005	20620	20670	20620	20458	20580	20247	20806				10	40007	40022	40016	0	0	0	0	0	0	0			
1153	6	9	2	3	1100	10005	10009	10003	20770	20636	20247	20614	20351	20226	20506	20336			10	40005	40017	40022	0	0	20247	20614	20351	0	0	0		
1154	6	9	3	3	1100	10010	10004	10001	20788	20642	20146	20458	20580	20580	20648	20714	20432	20028	10	40109	40017	40110	20788	20642	20146	20458	20580	0	0	0	0	0
1155	6	9	4	3	1100	10009	10002	10005	20056	20592	20780	20690	20544	20338	20363	20580	20638	20446	10	40002	40005	40103	20056	20592	20780	20690	20544	0	0	0	0	0
1156	6	10		3	1100	10005	10010	10004	20245	20444	20786	20712	20572	20772					10	40001	40018	40016	0	0	0	0	0	0				
1157	6	10	1	3	1100	10003	10008	10005	20620	20670	20620	20458	20580	20247	20806				10	40007	40022	40016	0	0	0	0	0	0	0			
1158	6	10	2	3	1100	10005	10009	10003	20770	20636	20247	20614	20351	20226	20506	20336			10	40005	40017	40022	0	0	20247	20614	20351	0	0	0		
1159	6	10	3	3	1100	10010	10004	10001	20788	20642	20146	20458	20580	20580	20648	20714	20432	20028	10	40109	40017	40110	20788	20642	20146	20458	20580	0	0	0	0	0
1160	6	10	4	3	1100	10009	10002	10005	20056	20592	20780	20690	20544	20338	20363	20580	20638	20446	10	40002	40005	40103	20056	20592	20780	20690	20544	0	0	0	0	0
1161	6	11		3	1100	10005	10010	10004	20245	20444	20786	20712	20572	20772					10	40001	40018	40016	0	0	0	0	0	0				
1162	6	11	1	3	1100	10003	10008	10005	20620	20670	20620	20458	20580	20247	20806				10	40007	40022	40016	0	0	0	0	0	0	0			
1163	6	11	2	3	1100	10005	10009	10003	20770	20636	20247	20614	20351	20226	20506	20336			10	40005	40017	40022	0	0	20247	20614	20351	0	0	0		
1164	6	11	3	3	1100	10010	10004	10001	20788	20642	20146	20458	20580	20580	20648	20714	20432	20028	10	40109	40017	40110	20788	20642	20146	20458	20580	0	0	0	0	0
1165	6	11	4	3	1100	10009	10002	10005	20056	20592	20780	20690	20544	20338	20363	20580	20638	20446	10	40002	40005	40103	20056	20592	20780	20690	20544	0	0	0	0	0
1166	6	12		3	1100	10005	10010	10004	20245	20444	20786	20712	20572	20772					10	40001	40018	40016	0	0	0	0	0	0				
1167	6	12	1	3	1100	10003	10008	10005	20620	20670	20620	20458	20580	20247	20806				10	40007	40022	40016	0	0	0	0	0	0	0			
1168	6	12	2	3	1100	10005	10009	10003	20770	20636	20247	20614	20351	20226	20506	20336			10	40005	40017	40022	0	0	20247	20614	20351	0	0	0		
1169	6	12	3	3	1100	10010	10004	10001	20788	20642	20146	20458	20580	20580	20648	20714	20432	20028	10	40109	40017	40110	20788	20642	20146	20458	20580	0	0	0	0	0
1170	6	12	4	3	1100	10009	10002	10005	20056	20592	20780	20690	20544	20338	20363	20580	20638	20446	10	40002	40005	40103	20056	20592	20780	20690	20544	0	0	0	0	0
1171	7			1	1300	10106			20318	20558									1	40113			0	0								
1172	7		1	1	1300	10103			20566	20574	20658								1	40110			0	0	0							
1173	7		2	1	1300	10107	10102		20700	20760	20454								1	40016			0	0	0							
1174	7		3	1	1300	10108	10110		20052	20634	20634	20128							1	40113			0	0	0	0						
1175	7		4	1	1300	10109	10110	10101	20261	20776	20450	20257							1	40002			0	0	0	0						
1176	7	1		1	1300	10106			20766	20766	20650								2	40002			0	0	0							
1177	7	1	1	1	1300	10107	10101		20524	20726	20249								2	40109			0	0	0							
1178	7	1	2	1	1300	10105	10102		20734	20249	20400	20365							2	40110			0	0	0	0						
1179	7	1	3	1	1300	10101	10107	10103	20576	20128	20512	20048							2	40015			0	0	0	0						
1180	7	1	4	1	1300	10104	10105	10102	20776	20046	20156								2	40012			0	0	0							
1181	7	2		1	1300	10103	10105		20716	20702	20810								3	40003			0	0	0							
1182	7	2	1	1	1300	10109	10108		20154	20534	20826	20400							3	40110			0	0	0	0						
1183	7	2	2	1	1300	10110	10104	10102	20365	20518	20450	20349							3	40007			0	0	0	0						
1184	7	2	3	1	1300	10109	10107	10102	20526	20634	20144								3	40115			0	0	0							
1185	7	2	4	1	1300	10101	10106	10109	20568	20776	20251								3	40016			0	0	0							
1186	7	3		1	1300	10109	10101		20810	20128	20058	20626							4	40111			0	0	0	0						
1187	7	3	1	1	1300	10101	10108	10105	20154	20752	20754	20762							4	40115			0	0	0	0						
1188	7	3	2	1	1300	10106	10101	10105	20584	20776	20520								4	40009			0	0	0							
1189	7	3	3	1	1300	10110	10106	10103	20365	20826	20762								4	40008			0	0	0							
1190	7	3	4	1	1300	10109	10107	10106	20156	20804	20604	20361	20228						4	40009			0	0	0	0	0					
1191	7	4		1	1300	10101	10109	10106	20652	20249	20628	20662							5	40006	40019		0	0	0	0						
1192	7	4	1	1	1300	10109	10106	10108	20560	20626	20828								5	40017	40007		0	0	0							
1193	7	4	2	1	1300	10110	10106	10103	20552	20526	20654								5	40011	40013		0	0	0							
1194	7	4	3	1	1300	10104	10103	10110	20786	20670	20528	20720	20542						5	40015	40108		0	0	0	0	0					
1195	7	4	4	1	1300	10105	10102	10109	20836	20812	20720	20714	20690	20506	20640				5	40017	40125		0	0	0	0	0	0	0			
1196	7	5		1	1300	10101	10103	10104	20734	20560	20820								6	40005	40014		0	0	0							
1197	7	5	1	1	1300	10110	10102	10104	20784	20154	20512								6	40002	40103		0	0	0							
1198	7	5	2	1	1300	10109	10105	10108	20712	20604	20156	20678	20522						6	40007	40110		0	0	0	0	0					
1199	7	5	3	1	1300	10104	10107	10102	20251	20728	20712	20648	20542	20422	20564				6	40004	40114		0	0	0	0	0	0	0			
1200	7	5	4	1	1300	10101	10107	10103	20542	20722	20226	20714	20690	20588	20840	20158	20230	20788	6	40113	40107		0	0	0	0	0	0	0	0	0	0
1201	7	6		1	1300	10101	10109	10103	20634	20046	20054								7	40015	40013		0	0	0							
1202	7	6	1	1	1300	10101	10104	10106	20060	20836	20554	20586	20228						7	40009	40011		0	0	0	0	0					
1203	7	6	2	1	1300	10110	10101	10103	20820	20812	20512	20224	20132	20622	20446				7	40110	40105		0	0	0	0	0	0	0			
1204	7	6	3	1	1300	10103	10110	10105	20336	20228	20522	20696	20688	20790	20594	20638	20050	20838	7	40115	40116		0	0	0	0	0	0	0	0	0	0
1205	7	6	4	1	1300	10105	10103	10109	20764	20630	20224	20452	20588	20622	20416	20722	20642	20228	7	40013	40108		0	0	0	0	0	0	0	0	0	0
1206	7	7		1	1300	10108	10109	10110	20728	20361	20060	20504	20664						8	40008	40101		0	0	0	0	0					
1207	7	7	1	1	1300	10104	10108	10109	20251	20251	20450	20656	20259	20432	20226				8	40002	40114		0	0	0	0	0	0	0			
1208	7	7	2	1	1300	10108	10105	10110	20228	20688	20764	20506	20738	20050	20338	20696	20228	20146	8	40012	40124		0	0	0	0	0	0	0	0	0	0
1209	7	7	3	1	1300	10110	10109	10107	20030	20696	20841	20056	20694	20334	20538	20594	20132	20564	8	40015	40103		0	0	0	0	0	0	0	0	0	0
1210	7	7	4	1	1300	10101	10108	10105	20694	20642	20158	20452	20338	20050	20806	20062	20738	20772	8	40001	40101		20694	20642	20158	20452	20338	0	0	0	0	0
1211	7	8		1	1300	10105	10103	10107	20636	20456	20048	20780	20630	20806	20446				9	40014	40018	40101	0	0	0	0	0	0	0			
1212	7	8	1	1	1300	10105	10104	10102	20422	20640	20706	20158	20822	20269	20840	20840	20132	20788	9	40006	40108	40107	0	0	0	0	0	0	0	0	0	0
1213	7	8	2	1	1300	10104	10109	10102	20714	20680	20146	20714	20642	20664	20638	20050	20556	20772	9	40002	40004	40126	0	0	0	0	0	0	0	0	0	0
1214	7	8	3	1	1300	10103	10101	10110	20672	20696	20226	20228	20050	20722	20506	20814	20304	20706	9	40008	40004	40019	20672	20696	20226	20228	20050	0	0	0	0	0
1215	7	8	4	1	1300	10104	10110	10109	20146	20146	20422	20452	20416	20363	20304	20592	20792	20132	9	40112	40125	40111	20146	20146	0	20452	0	0	0	0	0	0
1216	7	9		1	1300	10102	10108	10106	20446	20740	20788	20794	20458	20050	20432	20028	20214	20764	10	40009	40006	40124	0	0	0	0	0	0	0	0	0	0
1217	7	9	1	1	1300	10110	10109	10108	20338	20590	20452	20050	20228	20269	20580	20452	20218	20304	10	40011	40101	40110	0	0	0	0	0	0	0	0	0	0
1218	7	9	2	1	1300	10108	10110	10102	20694	20806	20338	20458	20230	20680	20592	20434	20772	20028	10	40008	40124	40017	20694	20806	20338	20458	20230	0	0	0	0	0
1219	7	9	3	1	1300	10106	10110	10109	20792	20794	20590	20642	20226	20838	20357	20200	20422	20741	10	40004	40014	40113	20792	20794	20590	20642	20226	0	0	0	0	0
1220	7	9	4	1	1300	10103	10108	10104	20841	20740	20434	20614	20422	20594	20722	20253	20790	20638	10	40112	40103	40104	20841	20740	20434	20614	0	0	0	0	0	0
1221	7	10		1	1300	10102	10108	10106	20446	20740	20788	20794	20458	20050	20432	20028	20214	20764	10	40009	40006	40124	0	0	0	0	0	0	0	0	0	0
1222	7	10	1	1	1300	10110	10109	10108	20338	20590	20452	20050	20228	20269	20580	20452	20218	20304	10	40011	40101	40110	0	0	0	0	0	0	0	0	0	0
1223	7	10	2	1	1300	10108	10110	10102	20694	20806	20338	20458	20230	20680	20592	20434	20772	20028	10	40008	40124	40017	20694	20806	20338	20458	20230	0	0	0	0	0
1224	7	10	3	1	1300	10106	10110	10109	20792	20794	20590	20642	20226	20838	20357	20200	20422	20741	10	40004	40014	40113	20792	20794	20590	20642	20226	0	0	0	0	0
1225	7	10	4	1	1300	10103	10108	10104	20841	20740	20434	20614	20422	20594	20722	20253	20790	20638	10	40112	40103	40104	20841	20740	20434	20614	0	0	0	0	0	0
1226	7	11		1	1300	10102	10108	10106	20446	20740	20788	20794	20458	20050	20432	20028	20214	20764	10	40009	40006	40124	0	0	0	0	0	0	0	0	0	0
1227	7	11	1	1	1300	10110	10109	10108	20338	20590	20452	20050	20228	20269	20580	20452	20218	20304	10	40011	40101	40110	0	0	0	0	0	0	0	0	0	0
1228	7	11	2	1	1300	10108	10110	10102	20694	20806	20338	20458	20230	20680	20592	20434	20772	20028	10	40008	40124	40017	20694	20806	20338	20458	20230	0	0	0	0	0
1229	7	11	3	1	1300	10106	10110	10109	20792	20794	20590	20642	20226	20838	20357	20200	20422	20741	10	40004	40014	40113	20792	20794	20590	20642	20226	0	0	0	0	0
1230	7	11	4	1	1300	10103	10108	10104	20841	20740	20434	20614	20422	20594	20722	20253	20790	20638	10	40112	40103	40104	20841	20740	20434	20614	0	0	0	0	0	0
1231	7	12		1	1300	10102	10108	10106	20446	20740	20788	20794	20458	20050	20432	20028	20214	20764	10	40009	40006	40124	0	0	0	0	0	0	0	0	0	0
1232	7	12	1	1	1300	10110	10109	10108	20338	20590	20452	20050	20228	20269	20580	20452	20218	20304	10	40011	40101	40110	0	0	0	0	0	0	0	0	0	0
1233	7	12	2	1	1300	10108	10110	10102	20694	20806	20338	20458	20230	20680	20592	20434	20772	20028	10	40008	40124	40017	20694	20806	20338	20458	20230	0	0	0	0	0
1234	7	12	3	1	1300	10106	10110	10109	20792	20794	20590	20642	20226	20838	20357	20200	20422	20741	10	40004	40014	40113	20792	20794	20590	20642	20226	0	0	0	0	0
1235	7	12	4	1	1300	10103	10108	10104	20841	20740	20434	20614	20422	20594	20722	20253	20790	20638	10	40112	40103	40104	20841	20740	20434	20614	0	0	0	0	0	0
1236	7			2	1300	10208			20766	20674									1	40110			0	0								
1237	7		1	2	1300	10206			20758	20666	20016								1	40012			0	0	0							
1238	7		2	2	1300	10206	10203		20508	20552	20818								1	40009			0	0	0							
1239	7		3	2	1300	10205	10203		20400	20610	20261	20160							1	40011			0	0	0	0						
1240	7		4	2	1300	10209	10210	10205	20249	20602	20620	20586							1	40011			0	0	0	0						
1241	7	1		2	1300	10209			20700	20582	20724								2	40115			0	0	0							
1242	7	1	1	2	1300	10203	10207		20824	20576	20160								2	40109			0	0	0							
1243	7	1	2	2	1300	10205	10209		20502	20618	20602	20046							2	40109			0	0	0	0						
1244	7	1	3	2	1300	10204	10201	10207	20626	20718	20778	20251							2	40002			0	0	0	0						
1245	7	1	4	2	1300	10208	10205	10204	20560	20576	20704								2	40113			0	0	0							
1246	7	2		2	1300	10205	10204		20318	20784	20718								3	40011			0	0	0							
1247	7	2	1	2	1300	10202	10206		20454	20448	20768	20576							3	40004			0	0	0	0						
1248	7	2	2	2	1300	10204	10208	10205	20552	20502	20678	20578							3	40114			0	0	0	0						
1249	7	2	3	2	1300	10203	10201	10204	20106	20052	20828								3	40115			0	0	0							
1250	7	2	4	2	1300	10209	10208	10201	20560	20818	20528								3	40114			0	0	0							
1251	7	3		2	1300	10210	10205		20261	20684	20058	20660							4	40012			0	0	0	0						
1252	7	3	1	2	1300	10203	10201	10206	20448	20110	20162	20820							4	40010			0	0	0	0						
1253	7	3	2	2	1300	10209	10201	10204	20448	20702	20456								4	40005			0	0	0							
1254	7	3	3	2	1300	10209	10204	10208	20576	20560	20349								4	40001			0	0	0							
1255	7	3	4	2	1300	10201	10210	10202	20770	20736	20720	20728	20158						4	40007			0	0	0	0	0					
1256	7	4		2	1300	10203	10202	10204	20610	20776	20604	20265							5	40003	40115		0	0	0	0						
1257	7	4	1	2	1300	10202	10204	10203	20752	20752	20444								5	40002	40105		0	0	0							
1258	7	4	2	2	1300	10206	10210	10204	20347	20768	20712								5	40115	40022		0	0	0							
1259	7	4	3	2	1300	10208	10207	10209	20245	20628	20156	20778	20304						5	40013	40017		0	0	0	0	0					
1260	7	4	4	2	1300	10202	10208	10206	20349	20355	20536	20842	20642	20656	20226				5	40007	40102		0	0	0	0	0	0	0			
1261	7	5		2	1300	10208	10210	10204	20400	20684	20662								6	40011	40014		0	0	0							
1262	7	5	1	2	1300	10209	10202	10207	20660	20347	20257								6	40017	40016		0	0	0							
1263	7	5	2	2	1300	10202	10208	10206	20728	20786	20048	20528	20056						6	40013	40019		0	0	0	0	0					
1264	7	5	3	2	1300	10208	10203	10207	20048	20578	20048	20606	20540	20648	20432				6	40004	40105		0	0	0	0	0	0	0			
1265	7	5	4	2	1300	10205	10208	10204	20780	20788	20680	20638	20158	20590	20416	20556	20158	20780	6	40003	40115		0	0	0	0	0	0	0	0	0	0
1266	7	6		2	1300	10205	10208	10201	20768	20154	20578								7	40110	40018		0	0	0							
1267	7	6	1	2	1300	10201	10205	10207	20712	20804	20361	20156	20840						7	40012	40017		0	0	0	0	0					
1268	7	6	2	2	1300	10208	10202	10206	20528	20678	20512	20259	20218	20614	20351				7	40003	40106		0	0	0	0	0	0	0			
1269	7	6	3	2	1300	10210	10205	10203	20690	20269	20158	20822	20062	20338	20606	20062	20050	20672	7	40016	40017		0	0	0	0	0	0	0	0	0	0
1270	7	6	4	2	1300	10205	10204	10201	20806	20622	20432	20642	20226	20269	20742	20522	20253	20592	7	40009	40103		0	0	0	0	0	0	0	0	0	0
1271	7	7		2	1300	10210	10205	10201	20054	20361	20736	20048	20830						8	40113	40106		0	0	0	0	0					
1272	7	7	1	2	1300	10207	10204	10208	20654	20156	20678	20218	20830	20822	20506				8	40112	40111		0	0	0	0	0	0	0			
1273	7	7	2	2	1300	10208	10202	10205	20696	20756	20373	20792	20230	20722	20664	20422	20130	20840	8	40012	40125		0	0	0	0	0	0	0	0	0	0
1274	7	7	3	2	1300	10206	10207	10205	20690	20357	20630	20572	20648	20648	20640	20357	20622	20580	8	40011	40013		0	0	0	0	0	0	0	0	0	0
1275	7	7	4	2	1300	10210	10202	10207	20730	20694	20690	20592	20564	20259	20764	20338	20690	20050	8	40001	40011		20730	20694	20690	20592	20564	0	0	0	0	0
1276	7	8		2	1300	10201	10208	10209	20562	20704	20704	20530	20357	20556	20363				9	40013	40022	40114	0	0	0	0	0	0	0			
1277	7	8	1	2	1300	10202	10208	10205	20694	20434	20580	20840	20840	20132	20224	20158	20756	20764	9	40006	40109	40110	0	0	0	0	0	0	0	0	0	0
1278	7	8	2	2	1300	10201	10202	10208	20664	20542	20432	20680	20656	20794	20838	20304	20640	20614	9	40001	40013	40015	0	0	0	0	0	0	0	0	0	0
1279	7	8	3	2	1300	10205	10201	10202	20638	20730	20351	20506	20269	20363	20050	20822	20416	20794	9	40001	40008	40108	20638	20730	20351	20506	20269	0	0	0	0	0
1280	7	8	4	2	1300	10209	10201	10206	20788	20580	20714	20334	20506	20792	20544	20614	20841	20672	9	40111	40109	40126	20788	20580	20714	20334	20506	0	0	0	0	0
1281	7	9		2	1300	10209	10204	10201	20164	20780	20740	20538	20164	20590	20664	20838	20688	20050	10	40002	40113	40114	0	0	0	0	0	0	0	0	0	0
1282	7	9	1	2	1300	10204	10206	10203	20792	20806	20606	20506	20338	20434	20706	20630	20028	20422	10	40015	40125	40016	0	0	0	0	0	0	0	0	0	0
1283	7	9	2	2	1300	10208	10202	10204	20714	20514	20594	20050	20506	20146	20357	20269	20416	20226	10	40002	40104	40018	20714	20514	20594	20050	20506	0	0	0	0	0
1284	7	9	3	2	1300	10206	10205	10204	20840	20688	20814	20030	20622	20056	20164	20050	20158	20580	10	40016	40126	40017	20840	20688	20814	20030	20622	0	0	0	0	0
1285	7	9	4	2	1300	10204	10210	10209	20680	20224	20422	20338	20594	20158	20050	20830	20269	20269	10	40109	40004	40126	20680	0	0	20338	20594	0	0	0	0	0
1286	7	10		2	1300	10209	10204	10201	20164	20780	20740	20538	20164	20590	20664	20838	20688	20050	10	40002	40113	40114	0	0	0	0	0	0	0	0	0	0
1287	7	10	1	2	1300	10204	10206	10203	20792	20806	20606	20506	20338	20434	20706	20630	20028	20422	10	40015	40125	40016	0	0	0	0	0	0	0	0	0	0
1288	7	10	2	2	1300	10208	10202	10204	20714	20514	20594	20050	20506	20146	20357	20269	20416	20226	10	40002	40104	40018	20714	20514	20594	20050	20506	0	0	0	0	0
1289	7	10	3	2	1300	10206	10205	10204	20840	20688	20814	20030	20622	20056	20164	20050	20158	20580	10	40016	40126	40017	20840	20688	20814	20030	20622	0	0	0	0	0
1290	7	10	4	2	1300	10204	10210	10209	20680	20224	20422	20338	20594	20158	20050	20830	20269	20269	10	40109	40004	40126	20680	0	0	20338	20594	0	0	0	0	0
1291	7	11		2	1300	10209	10204	10201	20164	20780	20740	20538	20164	20590	20664	20838	20688	20050	10	40002	40113	40114	0	0	0	0	0	0	0	0	0	0
1292	7	11	1	2	1300	10204	10206	10203	20792	20806	20606	20506	20338	20434	20706	20630	20028	20422	10	40015	40125	40016	0	0	0	0	0	0	0	0	0	0
1293	7	11	2	2	1300	10208	10202	10204	20714	20514	20594	20050	20506	20146	20357	20269	20416	20226	10	40002	40104	40018	20714	20514	20594	20050	20506	0	0	0	0	0
1294	7	11	3	2	1300	10206	10205	10204	20840	20688	20814	20030	20622	20056	20164	20050	20158	20580	10	40016	40126	40017	20840	20688	20814	20030	20622	0	0	0	0	0
1295	7	11	4	2	1300	10204	10210	10209	20680	20224	20422	20338	20594	20158	20050	20830	20269	20269	10	40109	40004	40126	20680	0	0	20338	20594	0	0	0	0	0
1296	7	12		2	1300	10209	10204	10201	20164	20780	20740	20538	20164	20590	20664	20838	20688	20050	10	40002	40113	40114	0	0	0	0	0	0	0	0	0	0
1297	7	12	1	2	1300	10204	10206	10203	20792	20806	20606	20506	20338	20434	20706	20630	20028	20422	10	40015	40125	40016	0	0	0	0	0	0	0	0	0	0
1298	7	12	2	2	1300	10208	10202	10204	20714	20514	20594	20050	20506	20146	20357	20269	20416	20226	10	40002	40104	40018	20714	20514	20594	20050	20506	0	0	0	0	0
1299	7	12	3	2	1300	10206	10205	10204	20840	20688	20814	20030	20622	20056	20164	20050	20158	20580	10	40016	40126	40017	20840	20688	20814	20030	20622	0	0	0	0	0
1300	7	12	4	2	1300	10204	10210	10209	20680	20224	20422	20338	20594	20158	20050	20830	20269	20269	10	40109	40004	40126	20680	0	0	20338	20594	0	0	0	0	0
1301	7			3	1300	10009			20732	20616									1	40013			0	0								
1302	7		1	3	1300	10009			20750	20516	20018								1	40110			0	0	0							
1303	7		2	3	1300	10001	10003		20674	20046	20726								1	40113			0	0	0							
1304	7		3	3	1300	10004	10003		20400	20768	20834	20560							1	40114			0	0	0	0						
1305	7		4	3	1300	10007	10001	10004	20359	20668	20628	20686							1	40004			0	0	0	0						
1306	7	1		3	1300	10008			20816	20766	20016								2	40014			0	0	0							
1307	7	1	1	3	1300	10005	10009		20666	20347	20518								2	40013			0	0	0							
1308	7	1	2	3	1300	10005	10008		20448	20834	20454	20568							2	40010			0	0	0	0						
1309	7	1	3	3	1300	10007	10005	10004	20684	20365	20504	20060							2	40009			0	0	0	0						
1310	7	1	4	3	1300	10002	10005	10009	20046	20347	20257								2	40109			0	0	0							
1311	7	2		3	1300	10006	10007		20574	20810	20776								3	40114			0	0	0							
1312	7	2	1	3	1300	10008	10010		20353	20776	20710	20261							3	40017			0	0	0	0						
1313	7	2	2	3	1300	10009	10002	10006	20618	20058	20720	20361							3	40114			0	0	0	0						
1314	7	2	3	3	1300	10006	10001	10010	20518	20052	20820								3	40007			0	0	0							
1315	7	2	4	3	1300	10005	10004	10010	20560	20110	20712								3	40011			0	0	0							
1316	7	3		3	1300	10009	10002		20249	20359	20448	20560							4	40011			0	0	0	0						
1317	7	3	1	3	1300	10003	10007	10002	20818	20576	20369	20686							4	40004			0	0	0	0						
1318	7	3	2	3	1300	10001	10005	10003	20584	20518	20265								4	40002			0	0	0							
1319	7	3	3	3	1300	10002	10008	10006	20142	20552	20245								4	40005			0	0	0							
1320	7	3	4	3	1300	10007	10008	10003	20048	20662	20251	20820	20416						4	40005			0	0	0	0	0					
1321	7	4		3	1300	10007	10006	10008	20534	20442	20512	20678							5	40009	40113		0	0	0	0						
1322	7	4	1	3	1300	10005	10003	10007	20784	20734	20712								5	40010	40115		0	0	0							
1323	7	4	2	3	1300	10003	10004	10008	20576	20454	20162								5	40114	40009		0	0	0							
1324	7	4	3	3	1300	10003	10002	10010	20604	20355	20369	20812	20694						5	40008	40115		0	0	0	0	0					
1325	7	4	4	3	1300	10003	10006	10004	20257	20245	20048	20706	20544	20614	20458				5	40001	40125		0	0	0	0	0	0	0			
1326	7	5		3	1300	10001	10009	10003	20834	20255	20820								6	40109	40106		0	0	0							
1327	7	5	1	3	1300	10008	10001	10009	20510	20626	20265								6	40012	40017		0	0	0							
1328	7	5	2	3	1300	10003	10008	10001	20678	20444	20156	20450	20740						6	40017	40012		0	0	0	0	0					
1329	7	5	3	3	1300	10001	10006	10005	20836	20612	20504	20564	20218	20772	20030				6	40012	40111		0	0	0	0	0	0	0			
1330	7	5	4	3	1300	10003	10001	10004	20056	20050	20028	20334	20146	20158	20788	20304	20642	20050	6	40004	40110		0	0	0	0	0	0	0	0	0	0
1331	7	6		3	1300	10005	10001	10003	20718	20726	20162								7	40115	40107		0	0	0							
1332	7	6	1	3	1300	10010	10009	10007	20536	20562	20712	20786	20540						7	40113	40105		0	0	0	0	0					
1333	7	6	2	3	1300	10008	10001	10003	20778	20162	20060	20638	20530	20357	20514				7	40011	40019		0	0	0	0	0	0	0			
1334	7	6	3	3	1300	10007	10009	10006	20664	20458	20756	20434	20224	20580	20050	20738	20638	20840	7	40110	40007		0	0	0	0	0	0	0	0	0	0
1335	7	6	4	3	1300	10007	10001	10006	20764	20756	20594	20696	20214	20230	20373	20542	20373	20247	7	40003	40005		0	0	0	0	0	0	0	0	0	0
1336	7	7		3	1300	10009	10008	10001	20828	20754	20504	20570	20696						8	40114	40009		0	0	0	0	0					
1337	7	7	1	3	1300	10008	10004	10001	20570	20662	20156	20640	20259	20806	20838				8	40110	40008		0	0	0	0	0	0	0			
1338	7	7	2	3	1300	10002	10001	10006	20694	20334	20714	20640	20452	20556	20741	20780	20780	20656	8	40115	40113		0	0	0	0	0	0	0	0	0	0
1339	7	7	3	3	1300	10010	10007	10006	20540	20756	20694	20706	20530	20706	20446	20572	20338	20592	8	40110	40013		0	0	0	0	0	0	0	0	0	0
1340	7	7	4	3	1300	10004	10008	10006	20226	20714	20794	20028	20336	20842	20228	20680	20590	20050	8	40109	40009		20226	20714	20794	20028	20336	0	0	0	0	0
1341	7	8		3	1300	10003	10005	10010	20369	20754	20536	20590	20338	20622	20146				9	40113	40015	40104	0	0	0	0	0	0	0			
1342	7	8	1	3	1300	10003	10006	10005	20756	20722	20538	20132	20218	20680	20056	20542	20506	20247	9	40008	40109	40125	0	0	0	0	0	0	0	0	0	0
1343	7	8	2	3	1300	10003	10010	10004	20730	20030	20530	20842	20764	20226	20638	20740	20830	20336	9	40013	40008	40022	0	0	0	0	0	0	0	0	0	0
1344	7	8	3	3	1300	10007	10008	10009	20416	20606	20640	20642	20351	20688	20694	20790	20544	20630	9	40007	40107	40107	0	20606	20640	20642	20351	0	0	0	0	0
1345	7	8	4	3	1300	10007	10001	10005	20556	20363	20228	20062	20764	20416	20830	20680	20446	20373	9	40013	40102	40103	20556	20363	20228	20062	20764	0	0	0	0	0
1346	7	9		3	1300	10007	10004	10005	20790	20158	20842	20780	20544	20572	20772	20030	20680	20230	10	40015	40103	40106	0	0	0	0	0	0	0	0	0	0
1347	7	9	1	3	1300	10007	10002	10001	20842	20452	20688	20590	20788	20822	20772	20050	20822	20614	10	40113	40108	40104	0	0	0	0	0	0	0	0	0	0
1348	7	9	2	3	1300	10001	10009	10008	20794	20158	20756	20030	20050	20542	20680	20351	20458	20158	10	40111	40101	40112	20794	20158	20756	20030	20050	0	0	0	0	0
1349	7	9	3	3	1300	10002	10004	10003	20544	20696	20050	20830	20158	20218	20594	20357	20730	20841	10	40115	40012	40017	20544	20696	20050	20830	20158	0	0	0	0	0
1350	7	9	4	3	1300	10005	10006	10003	20722	20838	20056	20452	20334	20452	20680	20363	20538	20696	10	40006	40018	40015	20722	20838	20056	20452	20334	0	0	0	0	0
1351	7	10		3	1300	10007	10004	10005	20790	20158	20842	20780	20544	20572	20772	20030	20680	20230	10	40015	40103	40106	0	0	0	0	0	0	0	0	0	0
1352	7	10	1	3	1300	10007	10002	10001	20842	20452	20688	20590	20788	20822	20772	20050	20822	20614	10	40113	40108	40104	0	0	0	0	0	0	0	0	0	0
1353	7	10	2	3	1300	10001	10009	10008	20794	20158	20756	20030	20050	20542	20680	20351	20458	20158	10	40111	40101	40112	20794	20158	20756	20030	20050	0	0	0	0	0
1354	7	10	3	3	1300	10002	10004	10003	20544	20696	20050	20830	20158	20218	20594	20357	20730	20841	10	40115	40012	40017	20544	20696	20050	20830	20158	0	0	0	0	0
1355	7	10	4	3	1300	10005	10006	10003	20722	20838	20056	20452	20334	20452	20680	20363	20538	20696	10	40006	40018	40015	20722	20838	20056	20452	20334	0	0	0	0	0
1356	7	11		3	1300	10007	10004	10005	20790	20158	20842	20780	20544	20572	20772	20030	20680	20230	10	40015	40103	40106	0	0	0	0	0	0	0	0	0	0
1357	7	11	1	3	1300	10007	10002	10001	20842	20452	20688	20590	20788	20822	20772	20050	20822	20614	10	40113	40108	40104	0	0	0	0	0	0	0	0	0	0
1358	7	11	2	3	1300	10001	10009	10008	20794	20158	20756	20030	20050	20542	20680	20351	20458	20158	10	40111	40101	40112	20794	20158	20756	20030	20050	0	0	0	0	0
1359	7	11	3	3	1300	10002	10004	10003	20544	20696	20050	20830	20158	20218	20594	20357	20730	20841	10	40115	40012	40017	20544	20696	20050	20830	20158	0	0	0	0	0
1360	7	11	4	3	1300	10005	10006	10003	20722	20838	20056	20452	20334	20452	20680	20363	20538	20696	10	40006	40018	40015	20722	20838	20056	20452	20334	0	0	0	0	0
1361	7	12		3	1300	10007	10004	10005	20790	20158	20842	20780	20544	20572	20772	20030	20680	20230	10	40015	40103	40106	0	0	0	0	0	0	0	0	0	0
1362	7	12	1	3	1300	10007	10002	10001	20842	20452	20688	20590	20788	20822	20772	20050	20822	20614	10	40113	40108	40104	0	0	0	0	0	0	0	0	0	0
1363	7	12	2	3	1300	10001	10009	10008	20794	20158	20756	20030	20050	20542	20680	20351	20458	20158	10	40111	40101	40112	20794	20158	20756	20030	20050	0	0	0	0	0
1364	7	12	3	3	1300	10002	10004	10003	20544	20696	20050	20830	20158	20218	20594	20357	20730	20841	10	40115	40012	40017	20544	20696	20050	20830	20158	0	0	0	0	0
1365	7	12	4	3	1300	10005	10006	10003	20722	20838	20056	20452	20334	20452	20680	20363	20538	20696	10	40006	40018	40015	20722	20838	20056	20452	20334	0	0	0	0	0
1366	8			1	1500	10106			20318	20558									1	40115			0	0								
1367	8		1	1	1500	10103			20566	20574	20658								1	40012			0	0	0							
1368	8		2	1	1500	10107	10102		20700	20760	20454								1	40003			0	0	0							
1369	8		3	1	1500	10108	10110		20052	20634	20634	20128							1	40013			0	0	0	0						
1370	8		4	1	1500	10109	10110	10101	20261	20776	20450	20257							1	40012			0	0	0	0						
1371	8	1		1	1500	10106			20766	20766	20650								2	40006			0	0	0							
1372	8	1	1	1	1500	10107	10101		20524	20726	20249								2	40015			0	0	0							
1373	8	1	2	1	1500	10105	10102		20734	20249	20400	20365							2	40001			0	0	0	0						
1374	8	1	3	1	1500	10101	10107	10103	20576	20128	20512	20048							2	40010			0	0	0	0						
1375	8	1	4	1	1500	10104	10105	10102	20776	20046	20156								2	40002			0	0	0							
1376	8	2		1	1500	10103	10105		20716	20702	20810								3	40111			0	0	0							
1377	8	2	1	1	1500	10109	10108		20154	20534	20826	20400							3	40013			0	0	0	0						
1378	8	2	2	1	1500	10110	10104	10102	20365	20518	20450	20349							3	40017			0	0	0	0						
1379	8	2	3	1	1500	10109	10107	10102	20526	20634	20144								3	40001			0	0	0							
1380	8	2	4	1	1500	10101	10106	10109	20568	20776	20251								3	40010			0	0	0							
1381	8	3		1	1500	10109	10101		20810	20128	20058	20626							4	40014			0	0	0	0						
1382	8	3	1	1	1500	10101	10108	10105	20154	20752	20754	20762							4	40010			0	0	0	0						
1383	8	3	2	1	1500	10106	10101	10105	20584	20776	20520								4	40001			0	0	0							
1384	8	3	3	1	1500	10110	10106	10103	20365	20826	20762								4	40114			0	0	0							
1385	8	3	4	1	1500	10109	10107	10106	20156	20804	20604	20361	20228						4	40115			0	0	0	0	0					
1386	8	4		1	1500	10101	10109	10106	20652	20249	20628	20662							5	40009	40125		0	0	0	0						
1387	8	4	1	1	1500	10109	10106	10108	20560	20626	20828								5	40015	40125		0	0	0							
1388	8	4	2	1	1500	10110	10106	10103	20552	20526	20654								5	40001	40015		0	0	0							
1389	8	4	3	1	1500	10104	10103	10110	20786	20670	20528	20720	20542						5	40014	40106		0	0	0	0	0					
1390	8	4	4	1	1500	10105	10102	10109	20836	20812	20720	20714	20690	20506	20640				5	40004	40018		0	0	0	0	0	0	0			
1391	8	5		1	1500	10101	10103	10104	20734	20560	20820								6	40109	40102		0	0	0							
1392	8	5	1	1	1500	10110	10102	10104	20784	20154	20512								6	40113	40104		0	0	0							
1393	8	5	2	1	1500	10109	10105	10108	20712	20604	20156	20678	20522						6	40005	40124		0	0	0	0	0					
1394	8	5	3	1	1500	10104	10107	10102	20251	20728	20712	20648	20542	20422	20564				6	40009	40113		0	0	0	0	0	0	0			
1395	8	5	4	1	1500	10101	10107	10103	20542	20722	20226	20714	20690	20588	20840	20158	20230	20788	6	40014	40109		0	0	0	0	0	0	0	0	0	0
1396	8	6		1	1500	10101	10109	10103	20634	20046	20054								7	40112	40013		0	0	0							
1397	8	6	1	1	1500	10101	10104	10106	20060	20836	20554	20586	20228						7	40002	40018		0	0	0	0	0					
1398	8	6	2	1	1500	10110	10101	10103	20820	20812	20512	20224	20132	20622	20446				7	40007	40010		0	0	0	0	0	0	0			
1399	8	6	3	1	1500	10103	10110	10105	20336	20228	20522	20696	20688	20790	20594	20638	20050	20838	7	40003	40110		0	0	0	0	0	0	0	0	0	0
1400	8	6	4	1	1500	10105	10103	10109	20764	20630	20224	20452	20588	20622	20416	20722	20642	20228	7	40114	40015		0	0	0	0	0	0	0	0	0	0
1401	8	7		1	1500	10108	10109	10110	20728	20361	20060	20504	20664						8	40003	40109		0	0	0	0	0					
1402	8	7	1	1	1500	10104	10108	10109	20251	20251	20450	20656	20259	20432	20226				8	40010	40009		0	0	0	0	0	0	0			
1403	8	7	2	1	1500	10108	10105	10110	20228	20688	20764	20506	20738	20050	20338	20696	20228	20146	8	40111	40108		0	0	0	0	0	0	0	0	0	0
1404	8	7	3	1	1500	10110	10109	10107	20030	20696	20841	20056	20694	20334	20538	20594	20132	20564	8	40109	40104		0	0	0	0	0	0	0	0	0	0
1405	8	7	4	1	1500	10101	10108	10105	20694	20642	20158	20452	20338	20050	20806	20062	20738	20772	8	40011	40108		20694	20642	20158	20452	20338	0	0	0	0	0
1406	8	8		1	1500	10105	10103	10107	20636	20456	20048	20780	20630	20806	20446				9	40005	40012	40105	0	0	0	0	0	0	0			
1407	8	8	1	1	1500	10105	10104	10102	20422	20640	20706	20158	20822	20269	20840	20840	20132	20788	9	40111	40015	40126	0	0	0	0	0	0	0	0	0	0
1408	8	8	2	1	1500	10104	10109	10102	20714	20680	20146	20714	20642	20664	20638	20050	20556	20772	9	40009	40111	40110	0	0	0	0	0	0	0	0	0	0
1409	8	8	3	1	1500	10103	10101	10110	20672	20696	20226	20228	20050	20722	20506	20814	20304	20706	9	40109	40019	40019	20672	20696	20226	20228	20050	0	0	0	0	0
1410	8	8	4	1	1500	10104	10110	10109	20146	20146	20422	20452	20416	20363	20304	20592	20792	20132	9	40014	40018	40016	20146	20146	0	20452	0	0	0	0	0	0
1411	8	9		1	1500	10102	10108	10106	20446	20740	20788	20794	20458	20050	20432	20028	20214	20764	10	40007	40114	40113	0	0	0	0	0	0	0	0	0	0
1412	8	9	1	1	1500	10110	10109	10108	20338	20590	20452	20050	20228	20269	20580	20452	20218	20304	10	40009	40114	40018	0	0	0	0	0	0	0	0	0	0
1413	8	9	2	1	1500	10108	10110	10102	20694	20806	20338	20458	20230	20680	20592	20434	20772	20028	10	40004	40006	40022	20694	20806	20338	20458	20230	0	0	0	0	0
1414	8	9	3	1	1500	10106	10110	10109	20792	20794	20590	20642	20226	20838	20357	20200	20422	20741	10	40014	40006	40114	20792	20794	20590	20642	20226	0	0	0	0	0
1415	8	9	4	1	1500	10103	10108	10104	20841	20740	20434	20614	20422	20594	20722	20253	20790	20638	10	40114	40116	40023	20841	20740	20434	20614	0	0	0	0	0	0
1416	8	10		1	1500	10102	10108	10106	20446	20740	20788	20794	20458	20050	20432	20028	20214	20764	10	40007	40114	40113	0	0	0	0	0	0	0	0	0	0
1417	8	10	1	1	1500	10110	10109	10108	20338	20590	20452	20050	20228	20269	20580	20452	20218	20304	10	40009	40114	40018	0	0	0	0	0	0	0	0	0	0
1418	8	10	2	1	1500	10108	10110	10102	20694	20806	20338	20458	20230	20680	20592	20434	20772	20028	10	40004	40006	40022	20694	20806	20338	20458	20230	0	0	0	0	0
1419	8	10	3	1	1500	10106	10110	10109	20792	20794	20590	20642	20226	20838	20357	20200	20422	20741	10	40014	40006	40114	20792	20794	20590	20642	20226	0	0	0	0	0
1420	8	10	4	1	1500	10103	10108	10104	20841	20740	20434	20614	20422	20594	20722	20253	20790	20638	10	40114	40116	40023	20841	20740	20434	20614	0	0	0	0	0	0
1421	8	11		1	1500	10102	10108	10106	20446	20740	20788	20794	20458	20050	20432	20028	20214	20764	10	40007	40114	40113	0	0	0	0	0	0	0	0	0	0
1422	8	11	1	1	1500	10110	10109	10108	20338	20590	20452	20050	20228	20269	20580	20452	20218	20304	10	40009	40114	40018	0	0	0	0	0	0	0	0	0	0
1423	8	11	2	1	1500	10108	10110	10102	20694	20806	20338	20458	20230	20680	20592	20434	20772	20028	10	40004	40006	40022	20694	20806	20338	20458	20230	0	0	0	0	0
1424	8	11	3	1	1500	10106	10110	10109	20792	20794	20590	20642	20226	20838	20357	20200	20422	20741	10	40014	40006	40114	20792	20794	20590	20642	20226	0	0	0	0	0
1425	8	11	4	1	1500	10103	10108	10104	20841	20740	20434	20614	20422	20594	20722	20253	20790	20638	10	40114	40116	40023	20841	20740	20434	20614	0	0	0	0	0	0
1426	8	12		1	1500	10102	10108	10106	20446	20740	20788	20794	20458	20050	20432	20028	20214	20764	10	40007	40114	40113	0	0	0	0	0	0	0	0	0	0
1427	8	12	1	1	1500	10110	10109	10108	20338	20590	20452	20050	20228	20269	20580	20452	20218	20304	10	40009	40114	40018	0	0	0	0	0	0	0	0	0	0
1428	8	12	2	1	1500	10108	10110	10102	20694	20806	20338	20458	20230	20680	20592	20434	20772	20028	10	40004	40006	40022	20694	20806	20338	20458	20230	0	0	0	0	0
1429	8	12	3	1	1500	10106	10110	10109	20792	20794	20590	20642	20226	20838	20357	20200	20422	20741	10	40014	40006	40114	20792	20794	20590	20642	20226	0	0	0	0	0
1430	8	12	4	1	1500	10103	10108	10104	20841	20740	20434	20614	20422	20594	20722	20253	20790	20638	10	40114	40116	40023	20841	20740	20434	20614	0	0	0	0	0	0
1431	8			2	1500	10208			20766	20674									1	40011			0	0								
1432	8		1	2	1500	10206			20758	20666	20016								1	40012			0	0	0							
1433	8		2	2	1500	10206	10203		20508	20552	20818								1	40007			0	0	0							
1434	8		3	2	1500	10205	10203		20400	20610	20261	20160							1	40004			0	0	0	0						
1435	8		4	2	1500	10209	10210	10205	20249	20602	20620	20586							1	40014			0	0	0	0						
1436	8	1		2	1500	10209			20700	20582	20724								2	40109			0	0	0							
1437	8	1	1	2	1500	10203	10207		20824	20576	20160								2	40007			0	0	0							
1438	8	1	2	2	1500	10205	10209		20502	20618	20602	20046							2	40109			0	0	0	0						
1439	8	1	3	2	1500	10204	10201	10207	20626	20718	20778	20251							2	40017			0	0	0	0						
1440	8	1	4	2	1500	10208	10205	10204	20560	20576	20704								2	40001			0	0	0							
1441	8	2		2	1500	10205	10204		20318	20784	20718								3	40017			0	0	0							
1442	8	2	1	2	1500	10202	10206		20454	20448	20768	20576							3	40013			0	0	0	0						
1443	8	2	2	2	1500	10204	10208	10205	20552	20502	20678	20578							3	40010			0	0	0	0						
1444	8	2	3	2	1500	10203	10201	10204	20106	20052	20828								3	40005			0	0	0							
1445	8	2	4	2	1500	10209	10208	10201	20560	20818	20528								3	40112			0	0	0							
1446	8	3		2	1500	10210	10205		20261	20684	20058	20660							4	40013			0	0	0	0						
1447	8	3	1	2	1500	10203	10201	10206	20448	20110	20162	20820							4	40003			0	0	0	0						
1448	8	3	2	2	1500	10209	10201	10204	20448	20702	20456								4	40009			0	0	0							
1449	8	3	3	2	1500	10209	10204	10208	20576	20560	20349								4	40005			0	0	0							
1450	8	3	4	2	1500	10201	10210	10202	20770	20736	20720	20728	20158						4	40114			0	0	0	0	0					
1451	8	4		2	1500	10203	10202	10204	20610	20776	20604	20265							5	40016	40112		0	0	0	0						
1452	8	4	1	2	1500	10202	10204	10203	20752	20752	20444								5	40010	40018		0	0	0							
1453	8	4	2	2	1500	10206	10210	10204	20347	20768	20712								5	40008	40015		0	0	0							
1454	8	4	3	2	1500	10208	10207	10209	20245	20628	20156	20778	20304						5	40005	40010		0	0	0	0	0					
1455	8	4	4	2	1500	10202	10208	10206	20349	20355	20536	20842	20642	20656	20226				5	40008	40009		0	0	0	0	0	0	0			
1456	8	5		2	1500	10208	10210	10204	20400	20684	20662								6	40016	40126		0	0	0							
1457	8	5	1	2	1500	10209	10202	10207	20660	20347	20257								6	40010	40008		0	0	0							
1458	8	5	2	2	1500	10202	10208	10206	20728	20786	20048	20528	20056						6	40012	40014		0	0	0	0	0					
1459	8	5	3	2	1500	10208	10203	10207	20048	20578	20048	20606	20540	20648	20432				6	40004	40015		0	0	0	0	0	0	0			
1460	8	5	4	2	1500	10205	10208	10204	20780	20788	20680	20638	20158	20590	20416	20556	20158	20780	6	40001	40115		0	0	0	0	0	0	0	0	0	0
1461	8	6		2	1500	10205	10208	10201	20768	20154	20578								7	40111	40007		0	0	0							
1462	8	6	1	2	1500	10201	10205	10207	20712	20804	20361	20156	20840						7	40012	40022		0	0	0	0	0					
1463	8	6	2	2	1500	10208	10202	10206	20528	20678	20512	20259	20218	20614	20351				7	40114	40125		0	0	0	0	0	0	0			
1464	8	6	3	2	1500	10210	10205	10203	20690	20269	20158	20822	20062	20338	20606	20062	20050	20672	7	40012	40107		0	0	0	0	0	0	0	0	0	0
1465	8	6	4	2	1500	10205	10204	10201	20806	20622	20432	20642	20226	20269	20742	20522	20253	20592	7	40109	40104		0	0	0	0	0	0	0	0	0	0
1466	8	7		2	1500	10210	10205	10201	20054	20361	20736	20048	20830						8	40005	40014		0	0	0	0	0					
1467	8	7	1	2	1500	10207	10204	10208	20654	20156	20678	20218	20830	20822	20506				8	40014	40125		0	0	0	0	0	0	0			
1468	8	7	2	2	1500	10208	10202	10205	20696	20756	20373	20792	20230	20722	20664	20422	20130	20840	8	40017	40110		0	0	0	0	0	0	0	0	0	0
1469	8	7	3	2	1500	10206	10207	10205	20690	20357	20630	20572	20648	20648	20640	20357	20622	20580	8	40115	40113		0	0	0	0	0	0	0	0	0	0
1470	8	7	4	2	1500	10210	10202	10207	20730	20694	20690	20592	20564	20259	20764	20338	20690	20050	8	40113	40011		20730	20694	20690	20592	20564	0	0	0	0	0
1471	8	8		2	1500	10201	10208	10209	20562	20704	20704	20530	20357	20556	20363				9	40002	40008	40113	0	0	0	0	0	0	0			
1472	8	8	1	2	1500	10202	10208	10205	20694	20434	20580	20840	20840	20132	20224	20158	20756	20764	9	40009	40114	40016	0	0	0	0	0	0	0	0	0	0
1473	8	8	2	2	1500	10201	10202	10208	20664	20542	20432	20680	20656	20794	20838	20304	20640	20614	9	40015	40106	40126	0	0	0	0	0	0	0	0	0	0
1474	8	8	3	2	1500	10205	10201	10202	20638	20730	20351	20506	20269	20363	20050	20822	20416	20794	9	40008	40109	40104	20638	20730	20351	20506	20269	0	0	0	0	0
1475	8	8	4	2	1500	10209	10201	10206	20788	20580	20714	20334	20506	20792	20544	20614	20841	20672	9	40004	40113	40125	20788	20580	20714	20334	20506	0	0	0	0	0
1476	8	9		2	1500	10209	10204	10201	20164	20780	20740	20538	20164	20590	20664	20838	20688	20050	10	40012	40111	40105	0	0	0	0	0	0	0	0	0	0
1477	8	9	1	2	1500	10204	10206	10203	20792	20806	20606	20506	20338	20434	20706	20630	20028	20422	10	40007	40126	40016	0	0	0	0	0	0	0	0	0	0
1478	8	9	2	2	1500	10208	10202	10204	20714	20514	20594	20050	20506	20146	20357	20269	20416	20226	10	40004	40009	40016	20714	20514	20594	20050	20506	0	0	0	0	0
1479	8	9	3	2	1500	10206	10205	10204	20840	20688	20814	20030	20622	20056	20164	20050	20158	20580	10	40015	40126	40108	20840	20688	20814	20030	20622	0	0	0	0	0
1480	8	9	4	2	1500	10204	10210	10209	20680	20224	20422	20338	20594	20158	20050	20830	20269	20269	10	40007	40017	40107	20680	0	0	20338	20594	0	0	0	0	0
1481	8	10		2	1500	10209	10204	10201	20164	20780	20740	20538	20164	20590	20664	20838	20688	20050	10	40012	40111	40105	0	0	0	0	0	0	0	0	0	0
1482	8	10	1	2	1500	10204	10206	10203	20792	20806	20606	20506	20338	20434	20706	20630	20028	20422	10	40007	40126	40016	0	0	0	0	0	0	0	0	0	0
1483	8	10	2	2	1500	10208	10202	10204	20714	20514	20594	20050	20506	20146	20357	20269	20416	20226	10	40004	40009	40016	20714	20514	20594	20050	20506	0	0	0	0	0
1484	8	10	3	2	1500	10206	10205	10204	20840	20688	20814	20030	20622	20056	20164	20050	20158	20580	10	40015	40126	40108	20840	20688	20814	20030	20622	0	0	0	0	0
1485	8	10	4	2	1500	10204	10210	10209	20680	20224	20422	20338	20594	20158	20050	20830	20269	20269	10	40007	40017	40107	20680	0	0	20338	20594	0	0	0	0	0
1486	8	11		2	1500	10209	10204	10201	20164	20780	20740	20538	20164	20590	20664	20838	20688	20050	10	40012	40111	40105	0	0	0	0	0	0	0	0	0	0
1487	8	11	1	2	1500	10204	10206	10203	20792	20806	20606	20506	20338	20434	20706	20630	20028	20422	10	40007	40126	40016	0	0	0	0	0	0	0	0	0	0
1488	8	11	2	2	1500	10208	10202	10204	20714	20514	20594	20050	20506	20146	20357	20269	20416	20226	10	40004	40009	40016	20714	20514	20594	20050	20506	0	0	0	0	0
1489	8	11	3	2	1500	10206	10205	10204	20840	20688	20814	20030	20622	20056	20164	20050	20158	20580	10	40015	40126	40108	20840	20688	20814	20030	20622	0	0	0	0	0
1490	8	11	4	2	1500	10204	10210	10209	20680	20224	20422	20338	20594	20158	20050	20830	20269	20269	10	40007	40017	40107	20680	0	0	20338	20594	0	0	0	0	0
1491	8	12		2	1500	10209	10204	10201	20164	20780	20740	20538	20164	20590	20664	20838	20688	20050	10	40012	40111	40105	0	0	0	0	0	0	0	0	0	0
1492	8	12	1	2	1500	10204	10206	10203	20792	20806	20606	20506	20338	20434	20706	20630	20028	20422	10	40007	40126	40016	0	0	0	0	0	0	0	0	0	0
1493	8	12	2	2	1500	10208	10202	10204	20714	20514	20594	20050	20506	20146	20357	20269	20416	20226	10	40004	40009	40016	20714	20514	20594	20050	20506	0	0	0	0	0
1494	8	12	3	2	1500	10206	10205	10204	20840	20688	20814	20030	20622	20056	20164	20050	20158	20580	10	40015	40126	40108	20840	20688	20814	20030	20622	0	0	0	0	0
1495	8	12	4	2	1500	10204	10210	10209	20680	20224	20422	20338	20594	20158	20050	20830	20269	20269	10	40007	40017	40107	20680	0	0	20338	20594	0	0	0	0	0
1496	8			3	1500	10009			20732	20616									1	40004			0	0								
1497	8		1	3	1500	10009			20750	20516	20018								1	40017			0	0	0							
1498	8		2	3	1500	10001	10003		20674	20046	20726								1	40115			0	0	0							
1499	8		3	3	1500	10004	10003		20400	20768	20834	20560							1	40113			0	0	0	0						
1500	8		4	3	1500	10007	10001	10004	20359	20668	20628	20686							1	40002			0	0	0	0						
1501	8	1		3	1500	10008			20816	20766	20016								2	40115			0	0	0							
1502	8	1	1	3	1500	10005	10009		20666	20347	20518								2	40006			0	0	0							
1503	8	1	2	3	1500	10005	10008		20448	20834	20454	20568							2	40011			0	0	0	0						
1504	8	1	3	3	1500	10007	10005	10004	20684	20365	20504	20060							2	40111			0	0	0	0						
1505	8	1	4	3	1500	10002	10005	10009	20046	20347	20257								2	40012			0	0	0							
1506	8	2		3	1500	10006	10007		20574	20810	20776								3	40006			0	0	0							
1507	8	2	1	3	1500	10008	10010		20353	20776	20710	20261							3	40008			0	0	0	0						
1508	8	2	2	3	1500	10009	10002	10006	20618	20058	20720	20361							3	40111			0	0	0	0						
1509	8	2	3	3	1500	10006	10001	10010	20518	20052	20820								3	40016			0	0	0							
1510	8	2	4	3	1500	10005	10004	10010	20560	20110	20712								3	40109			0	0	0							
1511	8	3		3	1500	10009	10002		20249	20359	20448	20560							4	40016			0	0	0	0						
1512	8	3	1	3	1500	10003	10007	10002	20818	20576	20369	20686							4	40011			0	0	0	0						
1513	8	3	2	3	1500	10001	10005	10003	20584	20518	20265								4	40114			0	0	0							
1514	8	3	3	3	1500	10002	10008	10006	20142	20552	20245								4	40013			0	0	0							
1515	8	3	4	3	1500	10007	10008	10003	20048	20662	20251	20820	20416						4	40003			0	0	0	0	0					
1516	8	4		3	1500	10007	10006	10008	20534	20442	20512	20678							5	40003	40112		0	0	0	0						
1517	8	4	1	3	1500	10005	10003	10007	20784	20734	20712								5	40010	40113		0	0	0							
1518	8	4	2	3	1500	10003	10004	10008	20576	20454	20162								5	40004	40011		0	0	0							
1519	8	4	3	3	1500	10003	10002	10010	20604	20355	20369	20812	20694						5	40004	40108		0	0	0	0	0					
1520	8	4	4	3	1500	10003	10006	10004	20257	20245	20048	20706	20544	20614	20458				5	40109	40111		0	0	0	0	0	0	0			
1521	8	5		3	1500	10001	10009	10003	20834	20255	20820								6	40013	40125		0	0	0							
1522	8	5	1	3	1500	10008	10001	10009	20510	20626	20265								6	40017	40101		0	0	0							
1523	8	5	2	3	1500	10003	10008	10001	20678	20444	20156	20450	20740						6	40007	40015		0	0	0	0	0					
1524	8	5	3	3	1500	10001	10006	10005	20836	20612	20504	20564	20218	20772	20030				6	40009	40112		0	0	0	0	0	0	0			
1525	8	5	4	3	1500	10003	10001	10004	20056	20050	20028	20334	20146	20158	20788	20304	20642	20050	6	40011	40116		0	0	0	0	0	0	0	0	0	0
1526	8	6		3	1500	10005	10001	10003	20718	20726	20162								7	40110	40015		0	0	0							
1527	8	6	1	3	1500	10010	10009	10007	20536	20562	20712	20786	20540						7	40013	40114		0	0	0	0	0					
1528	8	6	2	3	1500	10008	10001	10003	20778	20162	20060	20638	20530	20357	20514				7	40115	40010		0	0	0	0	0	0	0			
1529	8	6	3	3	1500	10007	10009	10006	20664	20458	20756	20434	20224	20580	20050	20738	20638	20840	7	40008	40106		0	0	0	0	0	0	0	0	0	0
1530	8	6	4	3	1500	10007	10001	10006	20764	20756	20594	20696	20214	20230	20373	20542	20373	20247	7	40009	40014		0	0	0	0	0	0	0	0	0	0
1531	8	7		3	1500	10009	10008	10001	20828	20754	20504	20570	20696						8	40017	40007		0	0	0	0	0					
1532	8	7	1	3	1500	10008	10004	10001	20570	20662	20156	20640	20259	20806	20838				8	40113	40114		0	0	0	0	0	0	0			
1533	8	7	2	3	1500	10002	10001	10006	20694	20334	20714	20640	20452	20556	20741	20780	20780	20656	8	40109	40015		0	0	0	0	0	0	0	0	0	0
1534	8	7	3	3	1500	10010	10007	10006	20540	20756	20694	20706	20530	20706	20446	20572	20338	20592	8	40017	40016		0	0	0	0	0	0	0	0	0	0
1535	8	7	4	3	1500	10004	10008	10006	20226	20714	20794	20028	20336	20842	20228	20680	20590	20050	8	40011	40101		20226	20714	20794	20028	20336	0	0	0	0	0
1536	8	8		3	1500	10003	10005	10010	20369	20754	20536	20590	20338	20622	20146				9	40003	40019	40110	0	0	0	0	0	0	0			
1537	8	8	1	3	1500	10003	10006	10005	20756	20722	20538	20132	20218	20680	20056	20542	20506	20247	9	40003	40104	40015	0	0	0	0	0	0	0	0	0	0
1538	8	8	2	3	1500	10003	10010	10004	20730	20030	20530	20842	20764	20226	20638	20740	20830	20336	9	40109	40022	40023	0	0	0	0	0	0	0	0	0	0
1539	8	8	3	3	1500	10007	10008	10009	20416	20606	20640	20642	20351	20688	20694	20790	20544	20630	9	40005	40112	40125	0	20606	20640	20642	20351	0	0	0	0	0
1540	8	8	4	3	1500	10007	10001	10005	20556	20363	20228	20062	20764	20416	20830	20680	20446	20373	9	40001	40004	40019	20556	20363	20228	20062	20764	0	0	0	0	0
1541	8	9		3	1500	10007	10004	10005	20790	20158	20842	20780	20544	20572	20772	20030	20680	20230	10	40009	40010	40023	0	0	0	0	0	0	0	0	0	0
1542	8	9	1	3	1500	10007	10002	10001	20842	20452	20688	20590	20788	20822	20772	20050	20822	20614	10	40007	40116	40103	0	0	0	0	0	0	0	0	0	0
1543	8	9	2	3	1500	10001	10009	10008	20794	20158	20756	20030	20050	20542	20680	20351	20458	20158	10	40110	40011	40104	20794	20158	20756	20030	20050	0	0	0	0	0
1544	8	9	3	3	1500	10002	10004	10003	20544	20696	20050	20830	20158	20218	20594	20357	20730	20841	10	40114	40004	40114	20544	20696	20050	20830	20158	0	0	0	0	0
1545	8	9	4	3	1500	10005	10006	10003	20722	20838	20056	20452	20334	20452	20680	20363	20538	20696	10	40006	40103	40113	20722	20838	20056	20452	20334	0	0	0	0	0
1546	8	10		3	1500	10007	10004	10005	20790	20158	20842	20780	20544	20572	20772	20030	20680	20230	10	40009	40010	40023	0	0	0	0	0	0	0	0	0	0
1547	8	10	1	3	1500	10007	10002	10001	20842	20452	20688	20590	20788	20822	20772	20050	20822	20614	10	40007	40116	40103	0	0	0	0	0	0	0	0	0	0
1548	8	10	2	3	1500	10001	10009	10008	20794	20158	20756	20030	20050	20542	20680	20351	20458	20158	10	40110	40011	40104	20794	20158	20756	20030	20050	0	0	0	0	0
1549	8	10	3	3	1500	10002	10004	10003	20544	20696	20050	20830	20158	20218	20594	20357	20730	20841	10	40114	40004	40114	20544	20696	20050	20830	20158	0	0	0	0	0
1550	8	10	4	3	1500	10005	10006	10003	20722	20838	20056	20452	20334	20452	20680	20363	20538	20696	10	40006	40103	40113	20722	20838	20056	20452	20334	0	0	0	0	0
1551	8	11		3	1500	10007	10004	10005	20790	20158	20842	20780	20544	20572	20772	20030	20680	20230	10	40009	40010	40023	0	0	0	0	0	0	0	0	0	0
1552	8	11	1	3	1500	10007	10002	10001	20842	20452	20688	20590	20788	20822	20772	20050	20822	20614	10	40007	40116	40103	0	0	0	0	0	0	0	0	0	0
1553	8	11	2	3	1500	10001	10009	10008	20794	20158	20756	20030	20050	20542	20680	20351	20458	20158	10	40110	40011	40104	20794	20158	20756	20030	20050	0	0	0	0	0
1554	8	11	3	3	1500	10002	10004	10003	20544	20696	20050	20830	20158	20218	20594	20357	20730	20841	10	40114	40004	40114	20544	20696	20050	20830	20158	0	0	0	0	0
1555	8	11	4	3	1500	10005	10006	10003	20722	20838	20056	20452	20334	20452	20680	20363	20538	20696	10	40006	40103	40113	20722	20838	20056	20452	20334	0	0	0	0	0
1556	8	12		3	1500	10007	10004	10005	20790	20158	20842	20780	20544	20572	20772	20030	20680	20230	10	40009	40010	40023	0	0	0	0	0	0	0	0	0	0
1557	8	12	1	3	1500	10007	10002	10001	20842	20452	20688	20590	20788	20822	20772	20050	20822	20614	10	40007	40116	40103	0	0	0	0	0	0	0	0	0	0
1558	8	12	2	3	1500	10001	10009	10008	20794	20158	20756	20030	20050	20542	20680	20351	20458	20158	10	40110	40011	40104	20794	20158	20756	20030	20050	0	0	0	0	0
1559	8	12	3	3	1500	10002	10004	10003	20544	20696	20050	20830	20158	20218	20594	20357	20730	20841	10	40114	40004	40114	20544	20696	20050	20830	20158	0	0	0	0	0
1560	8	12	4	3	1500	10005	10006	10003	20722	20838	20056	20452	20334	20452	20680	20363	20538	20696	10	40006	40103	40113	20722	20838	20056	20452	20334	0	0	0	0	0
1561	9			1	1700	10106			20318	20558									1	40112			0	0								
1562	9		1	1	1700	10103			20566	20574	20658								1	40001			0	0	0							
1563	9		2	1	1700	10107	10102		20700	20760	20454								1	40109			0	0	0							
1564	9		3	1	1700	10108	10110		20052	20634	20634	20128							1	40110			0	0	0	0						
1565	9		4	1	1700	10109	10110	10101	20261	20776	20450	20257							1	40001			0	0	0	0						
1566	9	1		1	1700	10106			20766	20766	20650								2	40013			0	0	0							
1567	9	1	1	1	1700	10107	10101		20524	20726	20249								2	40001			0	0	0							
1568	9	1	2	1	1700	10105	10102		20734	20249	20400	20365							2	40109			0	0	0	0						
1569	9	1	3	1	1700	10101	10107	10103	20576	20128	20512	20048							2	40006			0	0	0	0						
1570	9	1	4	1	1700	10104	10105	10102	20776	20046	20156								2	40007			0	0	0							
1571	9	2		1	1700	10103	10105		20716	20702	20810								3	40015			0	0	0							
1572	9	2	1	1	1700	10109	10108		20154	20534	20826	20400							3	40016			0	0	0	0						
1573	9	2	2	1	1700	10110	10104	10102	20365	20518	20450	20349							3	40012			0	0	0	0						
1574	9	2	3	1	1700	10109	10107	10102	20526	20634	20144								3	40016			0	0	0							
1575	9	2	4	1	1700	10101	10106	10109	20568	20776	20251								3	40115			0	0	0							
1576	9	3		1	1700	10109	10101		20810	20128	20058	20626							4	40114			0	0	0	0						
1577	9	3	1	1	1700	10101	10108	10105	20154	20752	20754	20762							4	40115			0	0	0	0						
1578	9	3	2	1	1700	10106	10101	10105	20584	20776	20520								4	40109			0	0	0							
1579	9	3	3	1	1700	10110	10106	10103	20365	20826	20762								4	40016			0	0	0							
1580	9	3	4	1	1700	10109	10107	10106	20156	20804	20604	20361	20228						4	40004			0	0	0	0	0					
1581	9	4		1	1700	10101	10109	10106	20652	20249	20628	20662							5	40003	40114		0	0	0	0						
1582	9	4	1	1	1700	10109	10106	10108	20560	20626	20828								5	40115	40116		0	0	0							
1583	9	4	2	1	1700	10110	10106	10103	20552	20526	20654								5	40110	40022		0	0	0							
1584	9	4	3	1	1700	10104	10103	10110	20786	20670	20528	20720	20542						5	40016	40017		0	0	0	0	0					
1585	9	4	4	1	1700	10105	10102	10109	20836	20812	20720	20714	20690	20506	20640				5	40016	40107		0	0	0	0	0	0	0			
1586	9	5		1	1700	10101	10103	10104	20734	20560	20820								6	40110	40016		0	0	0							
1587	9	5	1	1	1700	10110	10102	10104	20784	20154	20512								6	40012	40107		0	0	0							
1588	9	5	2	1	1700	10109	10105	10108	20712	20604	20156	20678	20522						6	40112	40022		0	0	0	0	0					
1589	9	5	3	1	1700	10104	10107	10102	20251	20728	20712	20648	20542	20422	20564				6	40012	40016		0	0	0	0	0	0	0			
1590	9	5	4	1	1700	10101	10107	10103	20542	20722	20226	20714	20690	20588	20840	20158	20230	20788	6	40004	40103		0	0	0	0	0	0	0	0	0	0
1591	9	6		1	1700	10101	10109	10103	20634	20046	20054								7	40005	40015		0	0	0							
1592	9	6	1	1	1700	10101	10104	10106	20060	20836	20554	20586	20228						7	40016	40018		0	0	0	0	0					
1593	9	6	2	1	1700	10110	10101	10103	20820	20812	20512	20224	20132	20622	20446				7	40110	40110		0	0	0	0	0	0	0			
1594	9	6	3	1	1700	10103	10110	10105	20336	20228	20522	20696	20688	20790	20594	20638	20050	20838	7	40111	40108		0	0	0	0	0	0	0	0	0	0
1595	9	6	4	1	1700	10105	10103	10109	20764	20630	20224	20452	20588	20622	20416	20722	20642	20228	7	40005	40114		0	0	0	0	0	0	0	0	0	0
1596	9	7		1	1700	10108	10109	10110	20728	20361	20060	20504	20664						8	40012	40114		0	0	0	0	0					
1597	9	7	1	1	1700	10104	10108	10109	20251	20251	20450	20656	20259	20432	20226				8	40017	40005		0	0	0	0	0	0	0			
1598	9	7	2	1	1700	10108	10105	10110	20228	20688	20764	20506	20738	20050	20338	20696	20228	20146	8	40003	40115		0	0	0	0	0	0	0	0	0	0
1599	9	7	3	1	1700	10110	10109	10107	20030	20696	20841	20056	20694	20334	20538	20594	20132	20564	8	40109	40106		0	0	0	0	0	0	0	0	0	0
1600	9	7	4	1	1700	10101	10108	10105	20694	20642	20158	20452	20338	20050	20806	20062	20738	20772	8	40009	40126		20694	20642	20158	20452	20338	0	0	0	0	0
1601	9	8		1	1700	10105	10103	10107	20636	20456	20048	20780	20630	20806	20446				9	40112	40110	40111	0	0	0	0	0	0	0			
1602	9	8	1	1	1700	10105	10104	10102	20422	20640	20706	20158	20822	20269	20840	20840	20132	20788	9	40006	40009	40015	0	0	0	0	0	0	0	0	0	0
1603	9	8	2	1	1700	10104	10109	10102	20714	20680	20146	20714	20642	20664	20638	20050	20556	20772	9	40002	40004	40106	0	0	0	0	0	0	0	0	0	0
1604	9	8	3	1	1700	10103	10101	10110	20672	20696	20226	20228	20050	20722	20506	20814	20304	20706	9	40009	40126	40022	20672	20696	20226	20228	20050	0	0	0	0	0
1605	9	8	4	1	1700	10104	10110	10109	20146	20146	20422	20452	20416	20363	20304	20592	20792	20132	9	40017	40106	40101	20146	20146	0	20452	0	0	0	0	0	0
1606	9	9		1	1700	10102	10108	10106	20446	20740	20788	20794	20458	20050	20432	20028	20214	20764	10	40014	40016	40106	0	0	0	0	0	0	0	0	0	0
1607	9	9	1	1	1700	10110	10109	10108	20338	20590	20452	20050	20228	20269	20580	20452	20218	20304	10	40011	40013	40105	0	0	0	0	0	0	0	0	0	0
1608	9	9	2	1	1700	10108	10110	10102	20694	20806	20338	20458	20230	20680	20592	20434	20772	20028	10	40113	40014	40113	20694	20806	20338	20458	20230	0	0	0	0	0
1609	9	9	3	1	1700	10106	10110	10109	20792	20794	20590	20642	20226	20838	20357	20200	20422	20741	10	40016	40107	40105	20792	20794	20590	20642	20226	0	0	0	0	0
1610	9	9	4	1	1700	10103	10108	10104	20841	20740	20434	20614	20422	20594	20722	20253	20790	20638	10	40004	40125	40017	20841	20740	20434	20614	0	0	0	0	0	0
1611	9	10		1	1700	10102	10108	10106	20446	20740	20788	20794	20458	20050	20432	20028	20214	20764	10	40014	40016	40106	0	0	0	0	0	0	0	0	0	0
1612	9	10	1	1	1700	10110	10109	10108	20338	20590	20452	20050	20228	20269	20580	20452	20218	20304	10	40011	40013	40105	0	0	0	0	0	0	0	0	0	0
1613	9	10	2	1	1700	10108	10110	10102	20694	20806	20338	20458	20230	20680	20592	20434	20772	20028	10	40113	40014	40113	20694	20806	20338	20458	20230	0	0	0	0	0
1614	9	10	3	1	1700	10106	10110	10109	20792	20794	20590	20642	20226	20838	20357	20200	20422	20741	10	40016	40107	40105	20792	20794	20590	20642	20226	0	0	0	0	0
1615	9	10	4	1	1700	10103	10108	10104	20841	20740	20434	20614	20422	20594	20722	20253	20790	20638	10	40004	40125	40017	20841	20740	20434	20614	0	0	0	0	0	0
1616	9	11		1	1700	10102	10108	10106	20446	20740	20788	20794	20458	20050	20432	20028	20214	20764	10	40014	40016	40106	0	0	0	0	0	0	0	0	0	0
1617	9	11	1	1	1700	10110	10109	10108	20338	20590	20452	20050	20228	20269	20580	20452	20218	20304	10	40011	40013	40105	0	0	0	0	0	0	0	0	0	0
1618	9	11	2	1	1700	10108	10110	10102	20694	20806	20338	20458	20230	20680	20592	20434	20772	20028	10	40113	40014	40113	20694	20806	20338	20458	20230	0	0	0	0	0
1619	9	11	3	1	1700	10106	10110	10109	20792	20794	20590	20642	20226	20838	20357	20200	20422	20741	10	40016	40107	40105	20792	20794	20590	20642	20226	0	0	0	0	0
1620	9	11	4	1	1700	10103	10108	10104	20841	20740	20434	20614	20422	20594	20722	20253	20790	20638	10	40004	40125	40017	20841	20740	20434	20614	0	0	0	0	0	0
1621	9	12		1	1700	10102	10108	10106	20446	20740	20788	20794	20458	20050	20432	20028	20214	20764	10	40014	40016	40106	0	0	0	0	0	0	0	0	0	0
1622	9	12	1	1	1700	10110	10109	10108	20338	20590	20452	20050	20228	20269	20580	20452	20218	20304	10	40011	40013	40105	0	0	0	0	0	0	0	0	0	0
1623	9	12	2	1	1700	10108	10110	10102	20694	20806	20338	20458	20230	20680	20592	20434	20772	20028	10	40113	40014	40113	20694	20806	20338	20458	20230	0	0	0	0	0
1624	9	12	3	1	1700	10106	10110	10109	20792	20794	20590	20642	20226	20838	20357	20200	20422	20741	10	40016	40107	40105	20792	20794	20590	20642	20226	0	0	0	0	0
1625	9	12	4	1	1700	10103	10108	10104	20841	20740	20434	20614	20422	20594	20722	20253	20790	20638	10	40004	40125	40017	20841	20740	20434	20614	0	0	0	0	0	0
1626	9			2	1700	10208			20766	20674									1	40010			0	0								
1627	9		1	2	1700	10206			20758	20666	20016								1	40009			0	0	0							
1628	9		2	2	1700	10206	10203		20508	20552	20818								1	40110			0	0	0							
1629	9		3	2	1700	10205	10203		20400	20610	20261	20160							1	40016			0	0	0	0						
1630	9		4	2	1700	10209	10210	10205	20249	20602	20620	20586							1	40112			0	0	0	0						
1631	9	1		2	1700	10209			20700	20582	20724								2	40006			0	0	0							
1632	9	1	1	2	1700	10203	10207		20824	20576	20160								2	40013			0	0	0							
1633	9	1	2	2	1700	10205	10209		20502	20618	20602	20046							2	40115			0	0	0	0						
1634	9	1	3	2	1700	10204	10201	10207	20626	20718	20778	20251							2	40008			0	0	0	0						
1635	9	1	4	2	1700	10208	10205	10204	20560	20576	20704								2	40111			0	0	0							
1636	9	2		2	1700	10205	10204		20318	20784	20718								3	40013			0	0	0							
1637	9	2	1	2	1700	10202	10206		20454	20448	20768	20576							3	40113			0	0	0	0						
1638	9	2	2	2	1700	10204	10208	10205	20552	20502	20678	20578							3	40013			0	0	0	0						
1639	9	2	3	2	1700	10203	10201	10204	20106	20052	20828								3	40001			0	0	0							
1640	9	2	4	2	1700	10209	10208	10201	20560	20818	20528								3	40109			0	0	0							
1641	9	3		2	1700	10210	10205		20261	20684	20058	20660							4	40017			0	0	0	0						
1642	9	3	1	2	1700	10203	10201	10206	20448	20110	20162	20820							4	40016			0	0	0	0						
1643	9	3	2	2	1700	10209	10201	10204	20448	20702	20456								4	40005			0	0	0							
1644	9	3	3	2	1700	10209	10204	10208	20576	20560	20349								4	40017			0	0	0							
1645	9	3	4	2	1700	10201	10210	10202	20770	20736	20720	20728	20158						4	40111			0	0	0	0	0					
1646	9	4		2	1700	10203	10202	10204	20610	20776	20604	20265							5	40015	40019		0	0	0	0						
1647	9	4	1	2	1700	10202	10204	10203	20752	20752	20444								5	40012	40004		0	0	0							
1648	9	4	2	2	1700	10206	10210	10204	20347	20768	20712								5	40007	40125		0	0	0							
1649	9	4	3	2	1700	10208	10207	10209	20245	20628	20156	20778	20304						5	40003	40019		0	0	0	0	0					
1650	9	4	4	2	1700	10202	10208	10206	20349	20355	20536	20842	20642	20656	20226				5	40114	40012		0	0	0	0	0	0	0			
1651	9	5		2	1700	10208	10210	10204	20400	20684	20662								6	40111	40005		0	0	0							
1652	9	5	1	2	1700	10209	10202	10207	20660	20347	20257								6	40002	40125		0	0	0							
1653	9	5	2	2	1700	10202	10208	10206	20728	20786	20048	20528	20056						6	40017	40019		0	0	0	0	0					
1654	9	5	3	2	1700	10208	10203	10207	20048	20578	20048	20606	20540	20648	20432				6	40015	40015		0	0	0	0	0	0	0			
1655	9	5	4	2	1700	10205	10208	10204	20780	20788	20680	20638	20158	20590	20416	20556	20158	20780	6	40002	40116		0	0	0	0	0	0	0	0	0	0
1656	9	6		2	1700	10205	10208	10201	20768	20154	20578								7	40014	40013		0	0	0							
1657	9	6	1	2	1700	10201	10205	10207	20712	20804	20361	20156	20840						7	40004	40018		0	0	0	0	0					
1658	9	6	2	2	1700	10208	10202	10206	20528	20678	20512	20259	20218	20614	20351				7	40004	40114		0	0	0	0	0	0	0			
1659	9	6	3	2	1700	10210	10205	10203	20690	20269	20158	20822	20062	20338	20606	20062	20050	20672	7	40007	40014		0	0	0	0	0	0	0	0	0	0
1660	9	6	4	2	1700	10205	10204	10201	20806	20622	20432	20642	20226	20269	20742	20522	20253	20592	7	40013	40116		0	0	0	0	0	0	0	0	0	0
1661	9	7		2	1700	10210	10205	10201	20054	20361	20736	20048	20830						8	40004	40103		0	0	0	0	0					
1662	9	7	1	2	1700	10207	10204	10208	20654	20156	20678	20218	20830	20822	20506				8	40111	40104		0	0	0	0	0	0	0			
1663	9	7	2	2	1700	10208	10202	10205	20696	20756	20373	20792	20230	20722	20664	20422	20130	20840	8	40012	40012		0	0	0	0	0	0	0	0	0	0
1664	9	7	3	2	1700	10206	10207	10205	20690	20357	20630	20572	20648	20648	20640	20357	20622	20580	8	40111	40111		0	0	0	0	0	0	0	0	0	0
1665	9	7	4	2	1700	10210	10202	10207	20730	20694	20690	20592	20564	20259	20764	20338	20690	20050	8	40005	40014		20730	20694	20690	20592	20564	0	0	0	0	0
1666	9	8		2	1700	10201	10208	10209	20562	20704	20704	20530	20357	20556	20363				9	40008	40014	40105	0	0	0	0	0	0	0			
1667	9	8	1	2	1700	10202	10208	10205	20694	20434	20580	20840	20840	20132	20224	20158	20756	20764	9	40006	40009	40016	0	0	0	0	0	0	0	0	0	0
1668	9	8	2	2	1700	10201	10202	10208	20664	20542	20432	20680	20656	20794	20838	20304	20640	20614	9	40008	40126	40022	0	0	0	0	0	0	0	0	0	0
1669	9	8	3	2	1700	10205	10201	10202	20638	20730	20351	20506	20269	20363	20050	20822	20416	20794	9	40004	40103	40102	20638	20730	20351	20506	20269	0	0	0	0	0
1670	9	8	4	2	1700	10209	10201	10206	20788	20580	20714	20334	20506	20792	20544	20614	20841	20672	9	40011	40022	40114	20788	20580	20714	20334	20506	0	0	0	0	0
1671	9	9		2	1700	10209	10204	10201	20164	20780	20740	20538	20164	20590	20664	20838	20688	20050	10	40006	40107	40113	0	0	0	0	0	0	0	0	0	0
1672	9	9	1	2	1700	10204	10206	10203	20792	20806	20606	20506	20338	20434	20706	20630	20028	20422	10	40006	40004	40126	0	0	0	0	0	0	0	0	0	0
1673	9	9	2	2	1700	10208	10202	10204	20714	20514	20594	20050	20506	20146	20357	20269	20416	20226	10	40014	40016	40124	20714	20514	20594	20050	20506	0	0	0	0	0
1674	9	9	3	2	1700	10206	10205	10204	20840	20688	20814	20030	20622	20056	20164	20050	20158	20580	10	40011	40113	40102	20840	20688	20814	20030	20622	0	0	0	0	0
1675	9	9	4	2	1700	10204	10210	10209	20680	20224	20422	20338	20594	20158	20050	20830	20269	20269	10	40007	40116	40016	20680	0	0	20338	20594	0	0	0	0	0
1676	9	10		2	1700	10209	10204	10201	20164	20780	20740	20538	20164	20590	20664	20838	20688	20050	10	40006	40107	40113	0	0	0	0	0	0	0	0	0	0
1677	9	10	1	2	1700	10204	10206	10203	20792	20806	20606	20506	20338	20434	20706	20630	20028	20422	10	40006	40004	40126	0	0	0	0	0	0	0	0	0	0
1678	9	10	2	2	1700	10208	10202	10204	20714	20514	20594	20050	20506	20146	20357	20269	20416	20226	10	40014	40016	40124	20714	20514	20594	20050	20506	0	0	0	0	0
1679	9	10	3	2	1700	10206	10205	10204	20840	20688	20814	20030	20622	20056	20164	20050	20158	20580	10	40011	40113	40102	20840	20688	20814	20030	20622	0	0	0	0	0
1680	9	10	4	2	1700	10204	10210	10209	20680	20224	20422	20338	20594	20158	20050	20830	20269	20269	10	40007	40116	40016	20680	0	0	20338	20594	0	0	0	0	0
1681	9	11		2	1700	10209	10204	10201	20164	20780	20740	20538	20164	20590	20664	20838	20688	20050	10	40006	40107	40113	0	0	0	0	0	0	0	0	0	0
1682	9	11	1	2	1700	10204	10206	10203	20792	20806	20606	20506	20338	20434	20706	20630	20028	20422	10	40006	40004	40126	0	0	0	0	0	0	0	0	0	0
1683	9	11	2	2	1700	10208	10202	10204	20714	20514	20594	20050	20506	20146	20357	20269	20416	20226	10	40014	40016	40124	20714	20514	20594	20050	20506	0	0	0	0	0
1684	9	11	3	2	1700	10206	10205	10204	20840	20688	20814	20030	20622	20056	20164	20050	20158	20580	10	40011	40113	40102	20840	20688	20814	20030	20622	0	0	0	0	0
1685	9	11	4	2	1700	10204	10210	10209	20680	20224	20422	20338	20594	20158	20050	20830	20269	20269	10	40007	40116	40016	20680	0	0	20338	20594	0	0	0	0	0
1686	9	12		2	1700	10209	10204	10201	20164	20780	20740	20538	20164	20590	20664	20838	20688	20050	10	40006	40107	40113	0	0	0	0	0	0	0	0	0	0
1687	9	12	1	2	1700	10204	10206	10203	20792	20806	20606	20506	20338	20434	20706	20630	20028	20422	10	40006	40004	40126	0	0	0	0	0	0	0	0	0	0
1688	9	12	2	2	1700	10208	10202	10204	20714	20514	20594	20050	20506	20146	20357	20269	20416	20226	10	40014	40016	40124	20714	20514	20594	20050	20506	0	0	0	0	0
1689	9	12	3	2	1700	10206	10205	10204	20840	20688	20814	20030	20622	20056	20164	20050	20158	20580	10	40011	40113	40102	20840	20688	20814	20030	20622	0	0	0	0	0
1690	9	12	4	2	1700	10204	10210	10209	20680	20224	20422	20338	20594	20158	20050	20830	20269	20269	10	40007	40116	40016	20680	0	0	20338	20594	0	0	0	0	0
1691	9			3	1700	10009			20732	20616									1	40008			0	0								
1692	9		1	3	1700	10009			20750	20516	20018								1	40008			0	0	0							
1693	9		2	3	1700	10001	10003		20674	20046	20726								1	40005			0	0	0							
1694	9		3	3	1700	10004	10003		20400	20768	20834	20560							1	40010			0	0	0	0						
1695	9		4	3	1700	10007	10001	10004	20359	20668	20628	20686							1	40004			0	0	0	0						
1696	9	1		3	1700	10008			20816	20766	20016								2	40017			0	0	0							
1697	9	1	1	3	1700	10005	10009		20666	20347	20518								2	40003			0	0	0							
1698	9	1	2	3	1700	10005	10008		20448	20834	20454	20568							2	40009			0	0	0	0						
1699	9	1	3	3	1700	10007	10005	10004	20684	20365	20504	20060							2	40110			0	0	0	0						
1700	9	1	4	3	1700	10002	10005	10009	20046	20347	20257								2	40014			0	0	0							
1701	9	2		3	1700	10006	10007		20574	20810	20776								3	40110			0	0	0							
1702	9	2	1	3	1700	10008	10010		20353	20776	20710	20261							3	40112			0	0	0	0						
1703	9	2	2	3	1700	10009	10002	10006	20618	20058	20720	20361							3	40114			0	0	0	0						
1704	9	2	3	3	1700	10006	10001	10010	20518	20052	20820								3	40109			0	0	0							
1705	9	2	4	3	1700	10005	10004	10010	20560	20110	20712								3	40005			0	0	0							
1706	9	3		3	1700	10009	10002		20249	20359	20448	20560							4	40003			0	0	0	0						
1707	9	3	1	3	1700	10003	10007	10002	20818	20576	20369	20686							4	40008			0	0	0	0						
1708	9	3	2	3	1700	10001	10005	10003	20584	20518	20265								4	40004			0	0	0							
1709	9	3	3	3	1700	10002	10008	10006	20142	20552	20245								4	40013			0	0	0							
1710	9	3	4	3	1700	10007	10008	10003	20048	20662	20251	20820	20416						4	40005			0	0	0	0	0					
1711	9	4		3	1700	10007	10006	10008	20534	20442	20512	20678							5	40008	40106		0	0	0	0						
1712	9	4	1	3	1700	10005	10003	10007	20784	20734	20712								5	40110	40106		0	0	0							
1713	9	4	2	3	1700	10003	10004	10008	20576	20454	20162								5	40115	40126		0	0	0							
1714	9	4	3	3	1700	10003	10002	10010	20604	20355	20369	20812	20694						5	40114	40126		0	0	0	0	0					
1715	9	4	4	3	1700	10003	10006	10004	20257	20245	20048	20706	20544	20614	20458				5	40013	40109		0	0	0	0	0	0	0			
1716	9	5		3	1700	10001	10009	10003	20834	20255	20820								6	40001	40115		0	0	0							
1717	9	5	1	3	1700	10008	10001	10009	20510	20626	20265								6	40012	40124		0	0	0							
1718	9	5	2	3	1700	10003	10008	10001	20678	20444	20156	20450	20740						6	40012	40011		0	0	0	0	0					
1719	9	5	3	3	1700	10001	10006	10005	20836	20612	20504	20564	20218	20772	20030				6	40010	40115		0	0	0	0	0	0	0			
1720	9	5	4	3	1700	10003	10001	10004	20056	20050	20028	20334	20146	20158	20788	20304	20642	20050	6	40005	40012		0	0	0	0	0	0	0	0	0	0
1721	9	6		3	1700	10005	10001	10003	20718	20726	20162								7	40010	40012		0	0	0							
1722	9	6	1	3	1700	10010	10009	10007	20536	20562	20712	20786	20540						7	40014	40114		0	0	0	0	0					
1723	9	6	2	3	1700	10008	10001	10003	20778	20162	20060	20638	20530	20357	20514				7	40115	40105		0	0	0	0	0	0	0			
1724	9	6	3	3	1700	10007	10009	10006	20664	20458	20756	20434	20224	20580	20050	20738	20638	20840	7	40004	40106		0	0	0	0	0	0	0	0	0	0
1725	9	6	4	3	1700	10007	10001	10006	20764	20756	20594	20696	20214	20230	20373	20542	20373	20247	7	40112	40016		0	0	0	0	0	0	0	0	0	0
1726	9	7		3	1700	10009	10008	10001	20828	20754	20504	20570	20696						8	40015	40105		0	0	0	0	0					
1727	9	7	1	3	1700	10008	10004	10001	20570	20662	20156	20640	20259	20806	20838				8	40008	40016		0	0	0	0	0	0	0			
1728	9	7	2	3	1700	10002	10001	10006	20694	20334	20714	20640	20452	20556	20741	20780	20780	20656	8	40005	40007		0	0	0	0	0	0	0	0	0	0
1729	9	7	3	3	1700	10010	10007	10006	20540	20756	20694	20706	20530	20706	20446	20572	20338	20592	8	40002	40013		0	0	0	0	0	0	0	0	0	0
1730	9	7	4	3	1700	10004	10008	10006	20226	20714	20794	20028	20336	20842	20228	20680	20590	20050	8	40009	40101		20226	20714	20794	20028	20336	0	0	0	0	0
1731	9	8		3	1700	10003	10005	10010	20369	20754	20536	20590	20338	20622	20146				9	40109	40108	40112	0	0	0	0	0	0	0			
1732	9	8	1	3	1700	10003	10006	10005	20756	20722	20538	20132	20218	20680	20056	20542	20506	20247	9	40006	40012	40102	0	0	0	0	0	0	0	0	0	0
1733	9	8	2	3	1700	10003	10010	10004	20730	20030	20530	20842	20764	20226	20638	20740	20830	20336	9	40003	40115	40110	0	0	0	0	0	0	0	0	0	0
1734	9	8	3	3	1700	10007	10008	10009	20416	20606	20640	20642	20351	20688	20694	20790	20544	20630	9	40010	40016	40126	0	20606	20640	20642	20351	0	0	0	0	0
1735	9	8	4	3	1700	10007	10001	10005	20556	20363	20228	20062	20764	20416	20830	20680	20446	20373	9	40012	40011	40125	20556	20363	20228	20062	20764	0	0	0	0	0
1736	9	9		3	1700	10007	10004	10005	20790	20158	20842	20780	20544	20572	20772	20030	20680	20230	10	40012	40125	40112	0	0	0	0	0	0	0	0	0	0
1737	9	9	1	3	1700	10007	10002	10001	20842	20452	20688	20590	20788	20822	20772	20050	20822	20614	10	40111	40102	40103	0	0	0	0	0	0	0	0	0	0
1738	9	9	2	3	1700	10001	10009	10008	20794	20158	20756	20030	20050	20542	20680	20351	20458	20158	10	40007	40010	40112	20794	20158	20756	20030	20050	0	0	0	0	0
1739	9	9	3	3	1700	10002	10004	10003	20544	20696	20050	20830	20158	20218	20594	20357	20730	20841	10	40008	40125	40022	20544	20696	20050	20830	20158	0	0	0	0	0
1740	9	9	4	3	1700	10005	10006	10003	20722	20838	20056	20452	20334	20452	20680	20363	20538	20696	10	40112	40102	40102	20722	20838	20056	20452	20334	0	0	0	0	0
1741	9	10		3	1700	10007	10004	10005	20790	20158	20842	20780	20544	20572	20772	20030	20680	20230	10	40012	40125	40112	0	0	0	0	0	0	0	0	0	0
1742	9	10	1	3	1700	10007	10002	10001	20842	20452	20688	20590	20788	20822	20772	20050	20822	20614	10	40111	40102	40103	0	0	0	0	0	0	0	0	0	0
1743	9	10	2	3	1700	10001	10009	10008	20794	20158	20756	20030	20050	20542	20680	20351	20458	20158	10	40007	40010	40112	20794	20158	20756	20030	20050	0	0	0	0	0
1744	9	10	3	3	1700	10002	10004	10003	20544	20696	20050	20830	20158	20218	20594	20357	20730	20841	10	40008	40125	40022	20544	20696	20050	20830	20158	0	0	0	0	0
1745	9	10	4	3	1700	10005	10006	10003	20722	20838	20056	20452	20334	20452	20680	20363	20538	20696	10	40112	40102	40102	20722	20838	20056	20452	20334	0	0	0	0	0
1746	9	11		3	1700	10007	10004	10005	20790	20158	20842	20780	20544	20572	20772	20030	20680	20230	10	40012	40125	40112	0	0	0	0	0	0	0	0	0	0
1747	9	11	1	3	1700	10007	10002	10001	20842	20452	20688	20590	20788	20822	20772	20050	20822	20614	10	40111	40102	40103	0	0	0	0	0	0	0	0	0	0
1748	9	11	2	3	1700	10001	10009	10008	20794	20158	20756	20030	20050	20542	20680	20351	20458	20158	10	40007	40010	40112	20794	20158	20756	20030	20050	0	0	0	0	0
1749	9	11	3	3	1700	10002	10004	10003	20544	20696	20050	20830	20158	20218	20594	20357	20730	20841	10	40008	40125	40022	20544	20696	20050	20830	20158	0	0	0	0	0
1750	9	11	4	3	1700	10005	10006	10003	20722	20838	20056	20452	20334	20452	20680	20363	20538	20696	10	40112	40102	40102	20722	20838	20056	20452	20334	0	0	0	0	0
1751	9	12		3	1700	10007	10004	10005	20790	20158	20842	20780	20544	20572	20772	20030	20680	20230	10	40012	40125	40112	0	0	0	0	0	0	0	0	0	0
1752	9	12	1	3	1700	10007	10002	10001	20842	20452	20688	20590	20788	20822	20772	20050	20822	20614	10	40111	40102	40103	0	0	0	0	0	0	0	0	0	0
1753	9	12	2	3	1700	10001	10009	10008	20794	20158	20756	20030	20050	20542	20680	20351	20458	20158	10	40007	40010	40112	20794	20158	20756	20030	20050	0	0	0	0	0
1754	9	12	3	3	1700	10002	10004	10003	20544	20696	20050	20830	20158	20218	20594	20357	20730	20841	10	40008	40125	40022	20544	20696	20050	20830	20158	0	0	0	0	0
1755	9	12	4	3	1700	10005	10006	10003	20722	20838	20056	20452	20334	20452	20680	20363	20538	20696	10	40112	40102	40102	20722	20838	20056	20452	20334	0	0	0	0	0
1756	10			1	1900	10104			20608	20832									1	40012			0	0								
1757	10		1	1	1900	10102			20516	20650	20766								1	40114			0	0	0							
1758	10		2	1	1900	10105	10110		20652	20760	20400								1	40017			0	0	0							
1759	10		3	1	1900	10110	10102		20534	20810	20502								1	40017			0	0	0							
1760	10		4	1	1900	10110	10108	10109	20752	20736	20265	20812	20712						1	40017			0	0	0	0	0					
1761	10	1		1	1900	10104			20524	20666	20724								2	40114			0	0	0							
1762	10	1	1	1	1900	10110	10109		20726	20510	20154								2	40109			0	0	0							
1763	10	1	2	1	1900	10105	10102		20818	20534	20154								2	40001			0	0	0							
1764	10	1	3	1	1900	10107	10106	10109	20752	20156	20728	20456	20162						2	40004			0	0	0	0	0					
1765	10	1	4	1	1900	10104	10105	10109	20626	20778	20762	20770							2	40003			0	0	0	0						
1766	10	2		1	1900	10109	10101		20243	20818	20046								3	40008			0	0	0							
1767	10	2	1	1	1900	10103	10105		20518	20626	20261								3	40112			0	0	0							
1768	10	2	2	1	1900	10107	10110	10103	20442	20054	20786	20770	20736						3	40012			0	0	0	0	0					
1769	10	2	3	1	1900	10105	10103	10104	20518	20444	20604	20048							3	40113			0	0	0	0						
1770	10	2	4	1	1900	10107	10109	10105	20142	20536	20812	20554							3	40017			0	0	0	0						
1771	10	3		1	1900	10106	10108		20359	20684	20058								4	40109			0	0	0							
1772	10	3	1	1	1900	10104	10110	10107	20634	20156	20060	20804	20786						4	40009			0	0	0	0	0					
1773	10	3	2	1	1900	10102	10108	10110	20261	20456	20736	20369							4	40109			0	0	0	0						
1774	10	3	3	1	1900	10106	10104	10103	20834	20570	20654	20604							4	40008			0	0	0	0						
1775	10	3	4	1	1900	10104	10102	10106	20552	20048	20686	20720	20452						4	40004			0	0	0	0	0					
1776	10	4		1	1900	10107	10105	10109	20652	20770	20450	20628	20736						5	40014	40019		0	0	0	0	0					
1777	10	4	1	1	1900	10104	10106	10107	20660	20265	20612	20828							5	40005	40011		0	0	0	0						
1778	10	4	2	1	1900	10105	10110	10104	20652	20812	20662	20604							5	40012	40108		0	0	0	0						
1779	10	4	3	1	1900	10110	10103	10105	20552	20586	20820	20245	20656						5	40110	40004		0	0	0	0	0					
1780	10	4	4	1	1900	10106	10107	10108	20257	20265	20247	20764	20522	20351	20544	20432			5	40010	40102		0	0	0	0	0	0	0	0		
1781	10	5		1	1900	10108	10104	10109	20652	20450	20144	20778							6	40002	40009		0	0	0	0						
1782	10	5	1	1	1900	10106	10104	10107	20249	20586	20361	20770							6	40001	40018		0	0	0	0						
1783	10	5	2	1	1900	10109	10107	10105	20526	20456	20504	20562	20630						6	40114	40016		0	0	0	0	0					
1784	10	5	3	1	1900	10101	10108	10104	20670	20778	20842	20218	20572	20028	20556	20738			6	40005	40126		0	0	0	0	0	0	0	0		
1785	10	5	4	1	1900	10106	10104	10109	20806	20230	20434	20452	20230	20740	20446	20373	20594	20228	6	40110	40113		0	0	0	0	0	0	0	0	0	0
1786	10	6		1	1900	10107	10110	10106	20726	20586	20245	20820							7	40008	40106		0	0	0	0						
1787	10	6	1	1	1900	10105	10102	10109	20834	20349	20828	20444	20706						7	40015	40106		0	0	0	0	0					
1788	10	6	2	1	1900	10109	10108	10110	20604	20578	20680	20218	20458	20336	20838	20422			7	40109	40008		0	0	0	0	0	0	0	0		
1789	10	6	3	1	1900	10110	10101	10106	20694	20741	20228	20764	20722	20648	20794	20614	20788	20200	7	40012	40011		0	0	0	0	0	0	0	0	0	0
1790	10	6	4	1	1900	10105	10110	10106	20630	20764	20830	20146	20694	20806	20542	20594	20214	20422	7	40113	40010		0	0	0	0	0	0	0	0	0	0
1791	10	7		1	1900	10108	10102	10107	20359	20728	20704	20620	20740						8	40114	40006		0	0	0	0	0					
1792	10	7	1	1	1900	10108	10106	10105	20048	20355	20622	20062	20622	20540	20838	20130			8	40012	40113		0	0	0	0	0	0	0	0		
1793	10	7	2	1	1900	10108	10109	10103	20432	20572	20742	20230	20640	20158	20694	20614	20696	20648	8	40113	40107		0	0	0	0	0	0	0	0	0	0
1794	10	7	3	1	1900	10105	10110	10103	20334	20780	20542	20130	20740	20572	20452	20200	20538	20590	8	40007	40016		0	0	0	0	0	0	0	0	0	0
1795	10	7	4	1	1900	10108	10105	10106	20788	20452	20690	20416	20452	20664	20373	20247	20764	20694	8	40114	40009		20788	20452	20690	0	20452	0	0	0	0	0
1796	10	8		1	1900	10107	10110	10102	20144	20536	20738	20416	20648	20434	20672	20656			9	40005	40102	40106	0	0	0	0	0	0	0	0		
1797	10	8	1	1	1900	10102	10103	10105	20030	20434	20841	20200	20706	20214	20218	20540	20062	20590	9	40014	40010	40108	0	0	0	0	0	0	0	0	0	0
1798	10	8	2	1	1900	10102	10105	10103	20028	20592	20452	20730	20030	20247	20530	20840	20062	20614	9	40003	40104	40015	0	0	0	0	0	0	0	0	0	0
1799	10	8	3	1	1900	10107	10109	10110	20590	20842	20594	20351	20050	20842	20259	20842	20838	20357	9	40006	40017	40103	20590	20842	20594	20351	20050	0	0	0	0	0
1800	10	8	4	1	1900	10104	10110	10102	20814	20756	20588	20590	20788	20656	20363	20050	20200	20564	9	40110	40124	40016	20814	20756	20588	20590	20788	0	0	0	0	0
1801	10	9		1	1900	10101	10104	10103	20788	20522	20506	20452	20606	20028	20434	20363	20200	20164	10	40013	40108	40019	0	0	0	0	0	0	0	0	0	0
1802	10	9	1	1	1900	10104	10105	10101	20218	20373	20630	20742	20146	20230	20542	20648	20522	20794	10	40003	40017	40108	0	0	0	0	0	0	0	0	0	0
1803	10	9	2	1	1900	10110	10103	10108	20056	20592	20742	20594	20741	20146	20780	20838	20056	20304	10	40003	40112	40108	20056	20592	20742	20594	20741	0	0	0	0	0
1804	10	9	3	1	1900	10103	10104	10105	20841	20741	20638	20224	20741	20630	20738	20452	20772	20218	10	40017	40108	40102	20841	20741	20638	0	20741	0	0	0	0	0
1805	10	9	4	1	1900	10108	10101	10106	20363	20530	20630	20672	20230	20164	20458	20706	20214	20838	10	40014	40009	40113	20363	20530	20630	20672	20230	0	0	0	0	0
1806	10	10		1	1900	10101	10104	10103	20788	20522	20506	20452	20606	20028	20434	20363	20200	20164	10	40013	40108	40019	0	0	0	0	0	0	0	0	0	0
1807	10	10	1	1	1900	10104	10105	10101	20218	20373	20630	20742	20146	20230	20542	20648	20522	20794	10	40003	40017	40108	0	0	0	0	0	0	0	0	0	0
1808	10	10	2	1	1900	10110	10103	10108	20056	20592	20742	20594	20741	20146	20780	20838	20056	20304	10	40003	40112	40108	20056	20592	20742	20594	20741	0	0	0	0	0
1809	10	10	3	1	1900	10103	10104	10105	20841	20741	20638	20224	20741	20630	20738	20452	20772	20218	10	40017	40108	40102	20841	20741	20638	0	20741	0	0	0	0	0
1810	10	10	4	1	1900	10108	10101	10106	20363	20530	20630	20672	20230	20164	20458	20706	20214	20838	10	40014	40009	40113	20363	20530	20630	20672	20230	0	0	0	0	0
1811	10	11		1	1900	10101	10104	10103	20788	20522	20506	20452	20606	20028	20434	20363	20200	20164	10	40013	40108	40019	0	0	0	0	0	0	0	0	0	0
1812	10	11	1	1	1900	10104	10105	10101	20218	20373	20630	20742	20146	20230	20542	20648	20522	20794	10	40003	40017	40108	0	0	0	0	0	0	0	0	0	0
1813	10	11	2	1	1900	10110	10103	10108	20056	20592	20742	20594	20741	20146	20780	20838	20056	20304	10	40003	40112	40108	20056	20592	20742	20594	20741	0	0	0	0	0
1814	10	11	3	1	1900	10103	10104	10105	20841	20741	20638	20224	20741	20630	20738	20452	20772	20218	10	40017	40108	40102	20841	20741	20638	0	20741	0	0	0	0	0
1815	10	11	4	1	1900	10108	10101	10106	20363	20530	20630	20672	20230	20164	20458	20706	20214	20838	10	40014	40009	40113	20363	20530	20630	20672	20230	0	0	0	0	0
1816	10	12		1	1900	10101	10104	10103	20788	20522	20506	20452	20606	20028	20434	20363	20200	20164	10	40013	40108	40019	0	0	0	0	0	0	0	0	0	0
1817	10	12	1	1	1900	10104	10105	10101	20218	20373	20630	20742	20146	20230	20542	20648	20522	20794	10	40003	40017	40108	0	0	0	0	0	0	0	0	0	0
1818	10	12	2	1	1900	10110	10103	10108	20056	20592	20742	20594	20741	20146	20780	20838	20056	20304	10	40003	40112	40108	20056	20592	20742	20594	20741	0	0	0	0	0
1819	10	12	3	1	1900	10103	10104	10105	20841	20741	20638	20224	20741	20630	20738	20452	20772	20218	10	40017	40108	40102	20841	20741	20638	0	20741	0	0	0	0	0
1820	10	12	4	1	1900	10108	10101	10106	20363	20530	20630	20672	20230	20164	20458	20706	20214	20838	10	40014	40009	40113	20363	20530	20630	20672	20230	0	0	0	0	0
1821	10			2	1900	10208			20824	20816									1	40112			0	0								
1822	10		1	2	1900	10209			20658	20508	20508								1	40014			0	0	0							
1823	10		2	2	1900	10208	10206		20534	20353	20684								1	40012			0	0	0							
1824	10		3	2	1900	10202	10207		20776	20142	20243								1	40115			0	0	0							
1825	10		4	2	1900	10204	10210	10206	20128	20728	20736	20156	20349						1	40009			0	0	0	0	0					
1826	10	1		2	1900	10206			20516	20832	20624								2	40004			0	0	0							
1827	10	1	1	2	1900	10203	10208		20784	20776	20353								2	40017			0	0	0							
1828	10	1	2	2	1900	10203	10210		20534	20448	20448								2	40006			0	0	0							
1829	10	1	3	2	1900	10206	10202	10210	20718	20712	20612	20251	20678						2	40112			0	0	0	0	0					
1830	10	1	4	2	1900	10209	10202	10203	20668	20265	20828	20265							2	40113			0	0	0	0						
1831	10	2		2	1900	10205	10207		20510	20702	20826								3	40009			0	0	0							
1832	10	2	1	2	1900	10206	10209		20652	20502	20818								3	40011			0	0	0							
1833	10	2	2	2	1900	10209	10206	10208	20518	20786	20578	20586	20048						3	40014			0	0	0	0	0					
1834	10	2	3	2	1900	10205	10209	10206	20618	20662	20257	20612							3	40011			0	0	0	0						
1835	10	2	4	2	1900	10203	10206	10207	20448	20257	20361	20054							3	40003			0	0	0	0						
1836	10	3		2	1900	10206	10205		20734	20347	20768								4	40009			0	0	0							
1837	10	3	1	2	1900	10205	10209	10210	20618	20770	20770	20520	20144						4	40007			0	0	0	0	0					
1838	10	3	2	2	1900	10203	10202	10205	20810	20536	20820	20770							4	40115			0	0	0	0						
1839	10	3	3	2	1900	10203	10205	10209	20359	20349	20654	20512							4	40112			0	0	0	0						
1840	10	3	4	2	1900	10202	10203	10207	20510	20361	20162	20060	20542						4	40014			0	0	0	0	0					
1841	10	4		2	1900	10209	10202	10205	20255	20156	20444	20836	20156						5	40017	40008		0	0	0	0	0					
1842	10	4	1	2	1900	10207	10203	10210	20552	20554	20456	20662							5	40112	40102		0	0	0	0						
1843	10	4	2	2	1900	10202	10209	10201	20584	20586	20361	20162							5	40001	40102		0	0	0	0						
1844	10	4	3	2	1900	10207	10206	10203	20718	20528	20251	20720	20772						5	40112	40101		0	0	0	0	0					
1845	10	4	4	2	1900	10207	10206	10205	20728	20670	20338	20564	20696	20446	20538	20794			5	40017	40006		0	0	0	0	0	0	0	0		
1846	10	5		2	1900	10205	10206	10210	20106	20444	20720	20728							6	40015	40113		0	0	0	0						
1847	10	5	1	2	1900	10207	10206	10204	20752	20712	20536	20554							6	40114	40126		0	0	0	0						
1848	10	5	2	2	1900	10206	10207	10202	20347	20628	20586	20704	20540						6	40015	40008		0	0	0	0	0					
1849	10	5	3	2	1900	10201	10205	10202	20636	20570	20622	20722	20780	20638	20304	20806			6	40003	40124		0	0	0	0	0	0	0	0		
1850	10	5	4	2	1900	10204	10203	10202	20742	20336	20130	20756	20538	20690	20334	20764	20028	20304	6	40013	40009		0	0	0	0	0	0	0	0	0	0
1851	10	6		2	1900	10201	10204	10208	20534	20586	20048	20604							7	40016	40124		0	0	0	0						
1852	10	6	1	2	1900	10206	10201	10207	20110	20361	20520	20620	20722						7	40015	40022		0	0	0	0	0					
1853	10	6	2	2	1900	10209	10210	10205	20612	20670	20304	20580	20722	20730	20050	20226			7	40004	40105		0	0	0	0	0	0	0	0		
1854	10	6	3	2	1900	10207	10204	10208	20514	20432	20672	20764	20432	20062	20572	20351	20218	20200	7	40011	40005		0	0	0	0	0	0	0	0	0	0
1855	10	6	4	2	1900	10208	10205	10202	20840	20742	20050	20056	20564	20740	20572	20050	20514	20780	7	40016	40125		0	0	0	0	0	0	0	0	0	0
1856	10	7		2	1900	10208	10204	10209	20602	20604	20604	20670	20530						8	40012	40018		0	0	0	0	0					
1857	10	7	1	2	1900	10206	10210	10202	20562	20369	20794	20640	20630	20740	20158	20542			8	40014	40012		0	0	0	0	0	0	0	0		
1858	10	7	2	2	1900	10210	10205	10203	20680	20373	20696	20664	20434	20538	20540	20838	20544	20594	8	40009	40008		0	0	0	0	0	0	0	0	0	0
1859	10	7	3	2	1900	10205	10208	10210	20062	20690	20614	20259	20614	20351	20130	20050	20742	20638	8	40113	40013		0	0	0	0	0	0	0	0	0	0
1860	10	7	4	2	1900	10205	10207	10209	20130	20840	20214	20664	20224	20158	20218	20422	20132	20164	8	40009	40116		20130	20840	0	20664	0	0	0	0	0	0
1861	10	8		2	1900	10205	10206	10204	20820	20804	20544	20334	20588	20690	20269	20714			9	40114	40116	40126	0	0	0	0	0	0	0	0		
1862	10	8	1	2	1900	10209	10206	10205	20373	20214	20680	20158	20842	20764	20030	20434	20540	20028	9	40008	40018	40102	0	0	0	0	0	0	0	0	0	0
1863	10	8	2	2	1900	10201	10203	10202	20592	20638	20722	20422	20614	20664	20756	20588	20422	20640	9	40115	40017	40114	0	0	0	0	0	0	0	0	0	0
1864	10	8	3	2	1900	10205	10204	10210	20062	20218	20640	20792	20226	20614	20338	20334	20334	20672	9	40005	40008	40111	20062	0	20640	20792	20226	0	0	0	0	0
1865	10	8	4	2	1900	10203	10206	10202	20446	20226	20640	20790	20416	20542	20432	20741	20146	20722	9	40014	40105	40110	20446	20226	20640	20790	0	0	0	0	0	0
1866	10	9		2	1900	10206	10209	10208	20544	20050	20840	20422	20556	20373	20226	20590	20780	20688	10	40006	40103	40023	0	0	0	0	0	0	0	0	0	0
1867	10	9	1	2	1900	10201	10207	10204	20416	20224	20814	20357	20432	20722	20363	20614	20764	20840	10	40012	40114	40101	0	0	0	0	0	0	0	0	0	0
1868	10	9	2	2	1900	10201	10204	10209	20050	20630	20630	20422	20226	20672	20696	20050	20030	20640	10	40109	40114	40015	20050	20630	20630	0	20226	0	0	0	0	0
1869	10	9	3	2	1900	10204	10205	10201	20062	20130	20630	20338	20656	20841	20564	20269	20742	20740	10	40017	40004	40019	20062	20130	20630	20338	20656	0	0	0	0	0
1870	10	9	4	2	1900	10206	10203	10201	20792	20830	20640	20588	20432	20544	20373	20842	20373	20764	10	40004	40015	40107	20792	20830	20640	20588	20432	0	0	0	0	0
1871	10	10		2	1900	10206	10209	10208	20544	20050	20840	20422	20556	20373	20226	20590	20780	20688	10	40006	40103	40023	0	0	0	0	0	0	0	0	0	0
1872	10	10	1	2	1900	10201	10207	10204	20416	20224	20814	20357	20432	20722	20363	20614	20764	20840	10	40012	40114	40101	0	0	0	0	0	0	0	0	0	0
1873	10	10	2	2	1900	10201	10204	10209	20050	20630	20630	20422	20226	20672	20696	20050	20030	20640	10	40109	40114	40015	20050	20630	20630	0	20226	0	0	0	0	0
1874	10	10	3	2	1900	10204	10205	10201	20062	20130	20630	20338	20656	20841	20564	20269	20742	20740	10	40017	40004	40019	20062	20130	20630	20338	20656	0	0	0	0	0
1875	10	10	4	2	1900	10206	10203	10201	20792	20830	20640	20588	20432	20544	20373	20842	20373	20764	10	40004	40015	40107	20792	20830	20640	20588	20432	0	0	0	0	0
1876	10	11		2	1900	10206	10209	10208	20544	20050	20840	20422	20556	20373	20226	20590	20780	20688	10	40006	40103	40023	0	0	0	0	0	0	0	0	0	0
1877	10	11	1	2	1900	10201	10207	10204	20416	20224	20814	20357	20432	20722	20363	20614	20764	20840	10	40012	40114	40101	0	0	0	0	0	0	0	0	0	0
1878	10	11	2	2	1900	10201	10204	10209	20050	20630	20630	20422	20226	20672	20696	20050	20030	20640	10	40109	40114	40015	20050	20630	20630	0	20226	0	0	0	0	0
1879	10	11	3	2	1900	10204	10205	10201	20062	20130	20630	20338	20656	20841	20564	20269	20742	20740	10	40017	40004	40019	20062	20130	20630	20338	20656	0	0	0	0	0
1880	10	11	4	2	1900	10206	10203	10201	20792	20830	20640	20588	20432	20544	20373	20842	20373	20764	10	40004	40015	40107	20792	20830	20640	20588	20432	0	0	0	0	0
1881	10	12		2	1900	10206	10209	10208	20544	20050	20840	20422	20556	20373	20226	20590	20780	20688	10	40006	40103	40023	0	0	0	0	0	0	0	0	0	0
1882	10	12	1	2	1900	10201	10207	10204	20416	20224	20814	20357	20432	20722	20363	20614	20764	20840	10	40012	40114	40101	0	0	0	0	0	0	0	0	0	0
1883	10	12	2	2	1900	10201	10204	10209	20050	20630	20630	20422	20226	20672	20696	20050	20030	20640	10	40109	40114	40015	20050	20630	20630	0	20226	0	0	0	0	0
1884	10	12	3	2	1900	10204	10205	10201	20062	20130	20630	20338	20656	20841	20564	20269	20742	20740	10	40017	40004	40019	20062	20130	20630	20338	20656	0	0	0	0	0
1885	10	12	4	2	1900	10206	10203	10201	20792	20830	20640	20588	20432	20544	20373	20842	20373	20764	10	40004	40015	40107	20792	20830	20640	20588	20432	0	0	0	0	0
1886	10			3	1900	10006			20024	20724									1	40013			0	0								
1887	10		1	3	1900	10007			20566	20666	20700								1	40110			0	0	0							
1888	10		2	3	1900	10006	10002		20718	20702	20826								1	40007			0	0	0							
1889	10		3	3	1900	10006	10003		20154	20784	20760								1	40003			0	0	0							
1890	10		4	3	1900	10005	10001	10007	20826	20504	20604	20586	20048						1	40009			0	0	0	0	0					
1891	10	1		3	1900	10007			20800	20550	20318								2	40016			0	0	0							
1892	10	1	1	3	1900	10009	10007		20160	20602	20560								2	40014			0	0	0							
1893	10	1	2	3	1900	10010	10007		20668	20128	20518								2	40010			0	0	0							
1894	10	1	3	3	1900	10009	10004	10010	20652	20712	20450	20162	20536						2	40016			0	0	0	0	0					
1895	10	1	4	3	1900	10010	10008	10005	20710	20361	20804	20355							2	40002			0	0	0	0						
1896	10	2		3	1900	10008	10005		20668	20818	20046								3	40006			0	0	0							
1897	10	2	1	3	1900	10010	10006		20046	20359	20154								3	40013			0	0	0							
1898	10	2	2	3	1900	10008	10006	10007	20826	20444	20156	20586	20504						3	40112			0	0	0	0	0					
1899	10	2	3	3	1900	10001	10008	10009	20046	20720	20662	20361							3	40013			0	0	0	0						
1900	10	2	4	3	1900	10008	10006	10004	20106	20728	20536	20712							3	40011			0	0	0	0						
1901	10	3		3	1900	10006	10007		20576	20347	20560								4	40014			0	0	0							
1902	10	3	1	3	1900	10010	10003	10007	20710	20586	20265	20828	20369						4	40115			0	0	0	0	0					
1903	10	3	2	3	1900	10004	10003	10010	20668	20562	20054	20562							4	40015			0	0	0	0						
1904	10	3	3	3	1900	10006	10005	10007	20626	20728	20786	20728							4	40113			0	0	0	0						
1905	10	3	4	3	1900	10003	10005	10001	20652	20528	20628	20654	20164						4	40017			0	0	0	0	0					
1906	10	4		3	1900	10007	10005	10003	20526	20456	20369	20156	20628						5	40112	40010		0	0	0	0	0					
1907	10	4	1	3	1900	10001	10007	10006	20584	20728	20762	20450							5	40010	40104		0	0	0	0						
1908	10	4	2	3	1900	10006	10001	10009	20046	20156	20620	20060							5	40015	40110		0	0	0	0						
1909	10	4	3	3	1900	10009	10004	10008	20618	20828	20162	20048	20522						5	40006	40125		0	0	0	0	0					
1910	10	4	4	3	1900	10008	10007	10010	20770	20612	20030	20458	20740	20788	20838	20594			5	40109	40113		0	0	0	0	0	0	0	0		
1911	10	5		3	1900	10001	10005	10006	20046	20156	20712	20504							6	40011	40004		0	0	0	0						
1912	10	5	1	3	1900	10006	10001	10004	20710	20251	20361	20257							6	40007	40101		0	0	0	0						
1913	10	5	2	3	1900	10003	10010	10006	20526	20786	20245	20450	20630						6	40110	40015		0	0	0	0	0					
1914	10	5	3	3	1900	10008	10002	10009	20820	20265	20638	20838	20050	20228	20714	20432			6	40112	40017		0	0	0	0	0	0	0	0		
1915	10	5	4	3	1900	10009	10005	10006	20458	20592	20253	20514	20452	20814	20304	20640	20538	20542	6	40017	40105		0	0	0	0	0	0	0	0	0	0
1916	10	6		3	1900	10002	10008	10007	20784	20528	20048	20736							7	40002	40011		0	0	0	0						
1917	10	6	1	3	1900	10009	10010	10004	20752	20456	20770	20712	20794						7	40109	40115		0	0	0	0	0					
1918	10	6	2	3	1900	10008	10003	10010	20456	20704	20056	20269	20780	20672	20132	20334			7	40001	40106		0	0	0	0	0	0	0	0		
1919	10	6	3	3	1900	10010	10002	10006	20838	20269	20740	20351	20363	20214	20226	20538	20642	20806	7	40001	40015		0	0	0	0	0	0	0	0	0	0
1920	10	6	4	3	1900	10007	10005	10008	20556	20580	20690	20247	20130	20588	20690	20656	20564	20722	7	40003	40103		0	0	0	0	0	0	0	0	0	0
1921	10	7		3	1900	10002	10009	10003	20106	20654	20554	20054	20056						8	40109	40114		0	0	0	0	0					
1922	10	7	1	3	1900	10008	10002	10001	20450	20628	20772	20756	20458	20764	20730	20842			8	40014	40009		0	0	0	0	0	0	0	0		
1923	10	7	2	3	1900	10002	10007	10001	20742	20640	20690	20672	20050	20741	20780	20642	20226	20642	8	40009	40103		0	0	0	0	0	0	0	0	0	0
1924	10	7	3	3	1900	10001	10002	10004	20640	20446	20706	20740	20764	20030	20522	20730	20588	20446	8	40001	40124		0	0	0	0	0	0	0	0	0	0
1925	10	7	4	3	1900	10005	10008	10007	20694	20780	20304	20434	20228	20638	20680	20741	20814	20714	8	40110	40010		20694	20780	0	20434	20228	0	0	0	0	0
1926	10	8		3	1900	10008	10009	10005	20060	20512	20132	20373	20564	20259	20452	20446			9	40007	40107	40019	0	0	0	0	0	0	0	0		
1927	10	8	1	3	1900	10005	10010	10007	20830	20638	20638	20373	20714	20422	20304	20841	20756	20218	9	40015	40113	40104	0	0	0	0	0	0	0	0	0	0
1928	10	8	2	3	1900	10001	10007	10002	20722	20434	20458	20694	20656	20680	20062	20540	20338	20224	9	40007	40014	40022	0	0	0	0	0	0	0	0	0	0
1929	10	8	3	3	1900	10010	10008	10009	20590	20556	20247	20556	20363	20416	20062	20253	20780	20544	9	40008	40014	40105	20590	20556	20247	20556	20363	0	0	0	0	0
1930	10	8	4	3	1900	10002	10001	10005	20214	20351	20680	20334	20614	20794	20714	20452	20452	20542	9	40003	40014	40111	0	20351	20680	20334	20614	0	0	0	0	0
1931	10	9		3	1900	10005	10004	10009	20218	20640	20741	20269	20838	20253	20640	20588	20556	20564	10	40009	40102	40016	0	0	0	0	0	0	0	0	0	0
1932	10	9	1	3	1900	10004	10003	10008	20522	20672	20050	20556	20226	20790	20630	20050	20794	20351	10	40008	40111	40103	0	0	0	0	0	0	0	0	0	0
1933	10	9	2	3	1900	10005	10006	10003	20458	20030	20792	20792	20694	20416	20132	20158	20772	20741	10	40015	40019	40104	20458	20030	20792	20792	20694	0	0	0	0	0
1934	10	9	3	3	1900	10002	10005	10008	20540	20814	20690	20730	20840	20028	20841	20764	20218	20416	10	40114	40004	40023	20540	20814	20690	20730	20840	0	0	0	0	0
1935	10	9	4	3	1900	10004	10003	10002	20630	20706	20714	20338	20730	20622	20452	20334	20226	20630	10	40001	40107	40101	20630	20706	20714	20338	20730	0	0	0	0	0
1936	10	10		3	1900	10005	10004	10009	20218	20640	20741	20269	20838	20253	20640	20588	20556	20564	10	40009	40102	40016	0	0	0	0	0	0	0	0	0	0
1937	10	10	1	3	1900	10004	10003	10008	20522	20672	20050	20556	20226	20790	20630	20050	20794	20351	10	40008	40111	40103	0	0	0	0	0	0	0	0	0	0
1938	10	10	2	3	1900	10005	10006	10003	20458	20030	20792	20792	20694	20416	20132	20158	20772	20741	10	40015	40019	40104	20458	20030	20792	20792	20694	0	0	0	0	0
1939	10	10	3	3	1900	10002	10005	10008	20540	20814	20690	20730	20840	20028	20841	20764	20218	20416	10	40114	40004	40023	20540	20814	20690	20730	20840	0	0	0	0	0
1940	10	10	4	3	1900	10004	10003	10002	20630	20706	20714	20338	20730	20622	20452	20334	20226	20630	10	40001	40107	40101	20630	20706	20714	20338	20730	0	0	0	0	0
1941	10	11		3	1900	10005	10004	10009	20218	20640	20741	20269	20838	20253	20640	20588	20556	20564	10	40009	40102	40016	0	0	0	0	0	0	0	0	0	0
1942	10	11	1	3	1900	10004	10003	10008	20522	20672	20050	20556	20226	20790	20630	20050	20794	20351	10	40008	40111	40103	0	0	0	0	0	0	0	0	0	0
1943	10	11	2	3	1900	10005	10006	10003	20458	20030	20792	20792	20694	20416	20132	20158	20772	20741	10	40015	40019	40104	20458	20030	20792	20792	20694	0	0	0	0	0
1944	10	11	3	3	1900	10002	10005	10008	20540	20814	20690	20730	20840	20028	20841	20764	20218	20416	10	40114	40004	40023	20540	20814	20690	20730	20840	0	0	0	0	0
1945	10	11	4	3	1900	10004	10003	10002	20630	20706	20714	20338	20730	20622	20452	20334	20226	20630	10	40001	40107	40101	20630	20706	20714	20338	20730	0	0	0	0	0
1946	10	12		3	1900	10005	10004	10009	20218	20640	20741	20269	20838	20253	20640	20588	20556	20564	10	40009	40102	40016	0	0	0	0	0	0	0	0	0	0
1947	10	12	1	3	1900	10004	10003	10008	20522	20672	20050	20556	20226	20790	20630	20050	20794	20351	10	40008	40111	40103	0	0	0	0	0	0	0	0	0	0
1948	10	12	2	3	1900	10005	10006	10003	20458	20030	20792	20792	20694	20416	20132	20158	20772	20741	10	40015	40019	40104	20458	20030	20792	20792	20694	0	0	0	0	0
1949	10	12	3	3	1900	10002	10005	10008	20540	20814	20690	20730	20840	20028	20841	20764	20218	20416	10	40114	40004	40023	20540	20814	20690	20730	20840	0	0	0	0	0
1950	10	12	4	3	1900	10004	10003	10002	20630	20706	20714	20338	20730	20622	20452	20334	20226	20630	10	40001	40107	40101	20630	20706	20714	20338	20730	0	0	0	0	0
1951	11			1	2100	10104			20608	20832									1	40007			0	0								
1952	11		1	1	2100	10102			20516	20650	20766								1	40115			0	0	0							
1953	11		2	1	2100	10105	10110		20652	20760	20400								1	40115			0	0	0							
1954	11		3	1	2100	10110	10102		20534	20810	20502								1	40007			0	0	0							
1955	11		4	1	2100	10110	10108	10109	20752	20736	20265	20812	20712						1	40110			0	0	0	0	0					
1956	11	1		1	2100	10104			20524	20666	20724								2	40004			0	0	0							
1957	11	1	1	1	2100	10110	10109		20726	20510	20154								2	40011			0	0	0							
1958	11	1	2	1	2100	10105	10102		20818	20534	20154								2	40017			0	0	0							
1959	11	1	3	1	2100	10107	10106	10109	20752	20156	20728	20456	20162						2	40015			0	0	0	0	0					
1960	11	1	4	1	2100	10104	10105	10109	20626	20778	20762	20770							2	40004			0	0	0	0						
1961	11	2		1	2100	10109	10101		20243	20818	20046								3	40109			0	0	0							
1962	11	2	1	1	2100	10103	10105		20518	20626	20261								3	40109			0	0	0							
1963	11	2	2	1	2100	10107	10110	10103	20442	20054	20786	20770	20736						3	40002			0	0	0	0	0					
1964	11	2	3	1	2100	10105	10103	10104	20518	20444	20604	20048							3	40011			0	0	0	0						
1965	11	2	4	1	2100	10107	10109	10105	20142	20536	20812	20554							3	40012			0	0	0	0						
1966	11	3		1	2100	10106	10108		20359	20684	20058								4	40005			0	0	0							
1967	11	3	1	1	2100	10104	10110	10107	20634	20156	20060	20804	20786						4	40113			0	0	0	0	0					
1968	11	3	2	1	2100	10102	10108	10110	20261	20456	20736	20369							4	40008			0	0	0	0						
1969	11	3	3	1	2100	10106	10104	10103	20834	20570	20654	20604							4	40004			0	0	0	0						
1970	11	3	4	1	2100	10104	10102	10106	20552	20048	20686	20720	20452						4	40016			0	0	0	0	0					
1971	11	4		1	2100	10107	10105	10109	20652	20770	20450	20628	20736						5	40008	40115		0	0	0	0	0					
1972	11	4	1	1	2100	10104	10106	10107	20660	20265	20612	20828							5	40111	40124		0	0	0	0						
1973	11	4	2	1	2100	10105	10110	10104	20652	20812	20662	20604							5	40003	40116		0	0	0	0						
1974	11	4	3	1	2100	10110	10103	10105	20552	20586	20820	20245	20656						5	40109	40125		0	0	0	0	0					
1975	11	4	4	1	2100	10106	10107	10108	20257	20265	20247	20764	20522	20351	20544	20432			5	40013	40116		0	0	0	0	0	0	0	0		
1976	11	5		1	2100	10108	10104	10109	20652	20450	20144	20778							6	40114	40105		0	0	0	0						
1977	11	5	1	1	2100	10106	10104	10107	20249	20586	20361	20770							6	40008	40012		0	0	0	0						
1978	11	5	2	1	2100	10109	10107	10105	20526	20456	20504	20562	20630						6	40010	40103		0	0	0	0	0					
1979	11	5	3	1	2100	10101	10108	10104	20670	20778	20842	20218	20572	20028	20556	20738			6	40005	40015		0	0	0	0	0	0	0	0		
1980	11	5	4	1	2100	10106	10104	10109	20806	20230	20434	20452	20230	20740	20446	20373	20594	20228	6	40008	40124		0	0	0	0	0	0	0	0	0	0
1981	11	6		1	2100	10107	10110	10106	20726	20586	20245	20820							7	40015	40012		0	0	0	0						
1982	11	6	1	1	2100	10105	10102	10109	20834	20349	20828	20444	20706						7	40109	40007		0	0	0	0	0					
1983	11	6	2	1	2100	10109	10108	10110	20604	20578	20680	20218	20458	20336	20838	20422			7	40007	40106		0	0	0	0	0	0	0	0		
1984	11	6	3	1	2100	10110	10101	10106	20694	20741	20228	20764	20722	20648	20794	20614	20788	20200	7	40013	40017		0	0	0	0	0	0	0	0	0	0
1985	11	6	4	1	2100	10105	10110	10106	20630	20764	20830	20146	20694	20806	20542	20594	20214	20422	7	40111	40015		0	0	0	0	0	0	0	0	0	0
1986	11	7		1	2100	10108	10102	10107	20359	20728	20704	20620	20740						8	40006	40014		0	0	0	0	0					
1987	11	7	1	1	2100	10108	10106	10105	20048	20355	20622	20062	20622	20540	20838	20130			8	40003	40113		0	0	0	0	0	0	0	0		
1988	11	7	2	1	2100	10108	10109	10103	20432	20572	20742	20230	20640	20158	20694	20614	20696	20648	8	40111	40125		0	0	0	0	0	0	0	0	0	0
1989	11	7	3	1	2100	10105	10110	10103	20334	20780	20542	20130	20740	20572	20452	20200	20538	20590	8	40003	40113		0	0	0	0	0	0	0	0	0	0
1990	11	7	4	1	2100	10108	10105	10106	20788	20452	20690	20416	20452	20664	20373	20247	20764	20694	8	40005	40105		20788	20452	20690	0	20452	0	0	0	0	0
1991	11	8		1	2100	10107	10110	10102	20144	20536	20738	20416	20648	20434	20672	20656			9	40114	40106	40124	0	0	0	0	0	0	0	0		
1992	11	8	1	1	2100	10102	10103	10105	20030	20434	20841	20200	20706	20214	20218	20540	20062	20590	9	40110	40108	40111	0	0	0	0	0	0	0	0	0	0
1993	11	8	2	1	2100	10102	10105	10103	20028	20592	20452	20730	20030	20247	20530	20840	20062	20614	9	40115	40018	40126	0	0	0	0	0	0	0	0	0	0
1994	11	8	3	1	2100	10107	10109	10110	20590	20842	20594	20351	20050	20842	20259	20842	20838	20357	9	40006	40019	40101	20590	20842	20594	20351	20050	0	0	0	0	0
1995	11	8	4	1	2100	10104	10110	10102	20814	20756	20588	20590	20788	20656	20363	20050	20200	20564	9	40007	40103	40022	20814	20756	20588	20590	20788	0	0	0	0	0
1996	11	9		1	2100	10101	10104	10103	20788	20522	20506	20452	20606	20028	20434	20363	20200	20164	10	40012	40106	40112	0	0	0	0	0	0	0	0	0	0
1997	11	9	1	1	2100	10104	10105	10101	20218	20373	20630	20742	20146	20230	20542	20648	20522	20794	10	40008	40110	40107	0	0	0	0	0	0	0	0	0	0
1998	11	9	2	1	2100	10110	10103	10108	20056	20592	20742	20594	20741	20146	20780	20838	20056	20304	10	40017	40110	40018	20056	20592	20742	20594	20741	0	0	0	0	0
1999	11	9	3	1	2100	10103	10104	10105	20841	20741	20638	20224	20741	20630	20738	20452	20772	20218	10	40015	40107	40104	20841	20741	20638	0	20741	0	0	0	0	0
2000	11	9	4	1	2100	10108	10101	10106	20363	20530	20630	20672	20230	20164	20458	20706	20214	20838	10	40012	40005	40101	20363	20530	20630	20672	20230	0	0	0	0	0
2001	11	10		1	2100	10101	10104	10103	20788	20522	20506	20452	20606	20028	20434	20363	20200	20164	10	40012	40106	40112	0	0	0	0	0	0	0	0	0	0
2002	11	10	1	1	2100	10104	10105	10101	20218	20373	20630	20742	20146	20230	20542	20648	20522	20794	10	40008	40110	40107	0	0	0	0	0	0	0	0	0	0
2003	11	10	2	1	2100	10110	10103	10108	20056	20592	20742	20594	20741	20146	20780	20838	20056	20304	10	40017	40110	40018	20056	20592	20742	20594	20741	0	0	0	0	0
2004	11	10	3	1	2100	10103	10104	10105	20841	20741	20638	20224	20741	20630	20738	20452	20772	20218	10	40015	40107	40104	20841	20741	20638	0	20741	0	0	0	0	0
2005	11	10	4	1	2100	10108	10101	10106	20363	20530	20630	20672	20230	20164	20458	20706	20214	20838	10	40012	40005	40101	20363	20530	20630	20672	20230	0	0	0	0	0
2006	11	11		1	2100	10101	10104	10103	20788	20522	20506	20452	20606	20028	20434	20363	20200	20164	10	40012	40106	40112	0	0	0	0	0	0	0	0	0	0
2007	11	11	1	1	2100	10104	10105	10101	20218	20373	20630	20742	20146	20230	20542	20648	20522	20794	10	40008	40110	40107	0	0	0	0	0	0	0	0	0	0
2008	11	11	2	1	2100	10110	10103	10108	20056	20592	20742	20594	20741	20146	20780	20838	20056	20304	10	40017	40110	40018	20056	20592	20742	20594	20741	0	0	0	0	0
2009	11	11	3	1	2100	10103	10104	10105	20841	20741	20638	20224	20741	20630	20738	20452	20772	20218	10	40015	40107	40104	20841	20741	20638	0	20741	0	0	0	0	0
2010	11	11	4	1	2100	10108	10101	10106	20363	20530	20630	20672	20230	20164	20458	20706	20214	20838	10	40012	40005	40101	20363	20530	20630	20672	20230	0	0	0	0	0
2011	11	12		1	2100	10101	10104	10103	20788	20522	20506	20452	20606	20028	20434	20363	20200	20164	10	40012	40106	40112	0	0	0	0	0	0	0	0	0	0
2012	11	12	1	1	2100	10104	10105	10101	20218	20373	20630	20742	20146	20230	20542	20648	20522	20794	10	40008	40110	40107	0	0	0	0	0	0	0	0	0	0
2013	11	12	2	1	2100	10110	10103	10108	20056	20592	20742	20594	20741	20146	20780	20838	20056	20304	10	40017	40110	40018	20056	20592	20742	20594	20741	0	0	0	0	0
2014	11	12	3	1	2100	10103	10104	10105	20841	20741	20638	20224	20741	20630	20738	20452	20772	20218	10	40015	40107	40104	20841	20741	20638	0	20741	0	0	0	0	0
2015	11	12	4	1	2100	10108	10101	10106	20363	20530	20630	20672	20230	20164	20458	20706	20214	20838	10	40012	40005	40101	20363	20530	20630	20672	20230	0	0	0	0	0
2016	11			2	2100	10208			20824	20816									1	40001			0	0								
2017	11		1	2	2100	10209			20658	20508	20508								1	40007			0	0	0							
2018	11		2	2	2100	10208	10206		20534	20353	20684								1	40015			0	0	0							
2019	11		3	2	2100	10202	10207		20776	20142	20243								1	40112			0	0	0							
2020	11		4	2	2100	10204	10210	10206	20128	20728	20736	20156	20349						1	40006			0	0	0	0	0					
2021	11	1		2	2100	10206			20516	20832	20624								2	40009			0	0	0							
2022	11	1	1	2	2100	10203	10208		20784	20776	20353								2	40114			0	0	0							
2023	11	1	2	2	2100	10203	10210		20534	20448	20448								2	40111			0	0	0							
2024	11	1	3	2	2100	10206	10202	10210	20718	20712	20612	20251	20678						2	40110			0	0	0	0	0					
2025	11	1	4	2	2100	10209	10202	10203	20668	20265	20828	20265							2	40009			0	0	0	0						
2026	11	2		2	2100	10205	10207		20510	20702	20826								3	40009			0	0	0							
2027	11	2	1	2	2100	10206	10209		20652	20502	20818								3	40001			0	0	0							
2028	11	2	2	2	2100	10209	10206	10208	20518	20786	20578	20586	20048						3	40017			0	0	0	0	0					
2029	11	2	3	2	2100	10205	10209	10206	20618	20662	20257	20612							3	40112			0	0	0	0						
2030	11	2	4	2	2100	10203	10206	10207	20448	20257	20361	20054							3	40115			0	0	0	0						
2031	11	3		2	2100	10206	10205		20734	20347	20768								4	40007			0	0	0							
2032	11	3	1	2	2100	10205	10209	10210	20618	20770	20770	20520	20144						4	40001			0	0	0	0	0					
2033	11	3	2	2	2100	10203	10202	10205	20810	20536	20820	20770							4	40113			0	0	0	0						
2034	11	3	3	2	2100	10203	10205	10209	20359	20349	20654	20512							4	40005			0	0	0	0						
2035	11	3	4	2	2100	10202	10203	10207	20510	20361	20162	20060	20542						4	40113			0	0	0	0	0					
2036	11	4		2	2100	10209	10202	10205	20255	20156	20444	20836	20156						5	40006	40105		0	0	0	0	0					
2037	11	4	1	2	2100	10207	10203	10210	20552	20554	20456	20662							5	40016	40124		0	0	0	0						
2038	11	4	2	2	2100	10202	10209	10201	20584	20586	20361	20162							5	40010	40018		0	0	0	0						
2039	11	4	3	2	2100	10207	10206	10203	20718	20528	20251	20720	20772						5	40009	40114		0	0	0	0	0					
2040	11	4	4	2	2100	10207	10206	10205	20728	20670	20338	20564	20696	20446	20538	20794			5	40002	40022		0	0	0	0	0	0	0	0		
2041	11	5		2	2100	10205	10206	10210	20106	20444	20720	20728							6	40001	40126		0	0	0	0						
2042	11	5	1	2	2100	10207	10206	10204	20752	20712	20536	20554							6	40014	40012		0	0	0	0						
2043	11	5	2	2	2100	10206	10207	10202	20347	20628	20586	20704	20540						6	40114	40124		0	0	0	0	0					
2044	11	5	3	2	2100	10201	10205	10202	20636	20570	20622	20722	20780	20638	20304	20806			6	40011	40114		0	0	0	0	0	0	0	0		
2045	11	5	4	2	2100	10204	10203	10202	20742	20336	20130	20756	20538	20690	20334	20764	20028	20304	6	40115	40116		0	0	0	0	0	0	0	0	0	0
2046	11	6		2	2100	10201	10204	10208	20534	20586	20048	20604							7	40009	40115		0	0	0	0						
2047	11	6	1	2	2100	10206	10201	10207	20110	20361	20520	20620	20722						7	40006	40008		0	0	0	0	0					
2048	11	6	2	2	2100	10209	10210	10205	20612	20670	20304	20580	20722	20730	20050	20226			7	40001	40113		0	0	0	0	0	0	0	0		
2049	11	6	3	2	2100	10207	10204	10208	20514	20432	20672	20764	20432	20062	20572	20351	20218	20200	7	40011	40008		0	0	0	0	0	0	0	0	0	0
2050	11	6	4	2	2100	10208	10205	10202	20840	20742	20050	20056	20564	20740	20572	20050	20514	20780	7	40002	40106		0	0	0	0	0	0	0	0	0	0
2051	11	7		2	2100	10208	10204	10209	20602	20604	20604	20670	20530						8	40110	40110		0	0	0	0	0					
2052	11	7	1	2	2100	10206	10210	10202	20562	20369	20794	20640	20630	20740	20158	20542			8	40003	40106		0	0	0	0	0	0	0	0		
2053	11	7	2	2	2100	10210	10205	10203	20680	20373	20696	20664	20434	20538	20540	20838	20544	20594	8	40016	40106		0	0	0	0	0	0	0	0	0	0
2054	11	7	3	2	2100	10205	10208	10210	20062	20690	20614	20259	20614	20351	20130	20050	20742	20638	8	40012	40014		0	0	0	0	0	0	0	0	0	0
2055	11	7	4	2	2100	10205	10207	10209	20130	20840	20214	20664	20224	20158	20218	20422	20132	20164	8	40009	40109		20130	20840	0	20664	0	0	0	0	0	0
2056	11	8		2	2100	10205	10206	10204	20820	20804	20544	20334	20588	20690	20269	20714			9	40109	40005	40101	0	0	0	0	0	0	0	0		
2057	11	8	1	2	2100	10209	10206	10205	20373	20214	20680	20158	20842	20764	20030	20434	20540	20028	9	40009	40015	40102	0	0	0	0	0	0	0	0	0	0
2058	11	8	2	2	2100	10201	10203	10202	20592	20638	20722	20422	20614	20664	20756	20588	20422	20640	9	40001	40004	40017	0	0	0	0	0	0	0	0	0	0
2059	11	8	3	2	2100	10205	10204	10210	20062	20218	20640	20792	20226	20614	20338	20334	20334	20672	9	40113	40115	40115	20062	0	20640	20792	20226	0	0	0	0	0
2060	11	8	4	2	2100	10203	10206	10202	20446	20226	20640	20790	20416	20542	20432	20741	20146	20722	9	40113	40110	40112	20446	20226	20640	20790	0	0	0	0	0	0
2061	11	9		2	2100	10206	10209	10208	20544	20050	20840	20422	20556	20373	20226	20590	20780	20688	10	40111	40107	40101	0	0	0	0	0	0	0	0	0	0
2062	11	9	1	2	2100	10201	10207	10204	20416	20224	20814	20357	20432	20722	20363	20614	20764	20840	10	40009	40113	40104	0	0	0	0	0	0	0	0	0	0
2063	11	9	2	2	2100	10201	10204	10209	20050	20630	20630	20422	20226	20672	20696	20050	20030	20640	10	40113	40108	40107	20050	20630	20630	0	20226	0	0	0	0	0
2064	11	9	3	2	2100	10204	10205	10201	20062	20130	20630	20338	20656	20841	20564	20269	20742	20740	10	40010	40009	40022	20062	20130	20630	20338	20656	0	0	0	0	0
2065	11	9	4	2	2100	10206	10203	10201	20792	20830	20640	20588	20432	20544	20373	20842	20373	20764	10	40002	40022	40107	20792	20830	20640	20588	20432	0	0	0	0	0
2066	11	10		2	2100	10206	10209	10208	20544	20050	20840	20422	20556	20373	20226	20590	20780	20688	10	40111	40107	40101	0	0	0	0	0	0	0	0	0	0
2067	11	10	1	2	2100	10201	10207	10204	20416	20224	20814	20357	20432	20722	20363	20614	20764	20840	10	40009	40113	40104	0	0	0	0	0	0	0	0	0	0
2068	11	10	2	2	2100	10201	10204	10209	20050	20630	20630	20422	20226	20672	20696	20050	20030	20640	10	40113	40108	40107	20050	20630	20630	0	20226	0	0	0	0	0
2069	11	10	3	2	2100	10204	10205	10201	20062	20130	20630	20338	20656	20841	20564	20269	20742	20740	10	40010	40009	40022	20062	20130	20630	20338	20656	0	0	0	0	0
2070	11	10	4	2	2100	10206	10203	10201	20792	20830	20640	20588	20432	20544	20373	20842	20373	20764	10	40002	40022	40107	20792	20830	20640	20588	20432	0	0	0	0	0
2071	11	11		2	2100	10206	10209	10208	20544	20050	20840	20422	20556	20373	20226	20590	20780	20688	10	40111	40107	40101	0	0	0	0	0	0	0	0	0	0
2072	11	11	1	2	2100	10201	10207	10204	20416	20224	20814	20357	20432	20722	20363	20614	20764	20840	10	40009	40113	40104	0	0	0	0	0	0	0	0	0	0
2073	11	11	2	2	2100	10201	10204	10209	20050	20630	20630	20422	20226	20672	20696	20050	20030	20640	10	40113	40108	40107	20050	20630	20630	0	20226	0	0	0	0	0
2074	11	11	3	2	2100	10204	10205	10201	20062	20130	20630	20338	20656	20841	20564	20269	20742	20740	10	40010	40009	40022	20062	20130	20630	20338	20656	0	0	0	0	0
2075	11	11	4	2	2100	10206	10203	10201	20792	20830	20640	20588	20432	20544	20373	20842	20373	20764	10	40002	40022	40107	20792	20830	20640	20588	20432	0	0	0	0	0
2076	11	12		2	2100	10206	10209	10208	20544	20050	20840	20422	20556	20373	20226	20590	20780	20688	10	40111	40107	40101	0	0	0	0	0	0	0	0	0	0
2077	11	12	1	2	2100	10201	10207	10204	20416	20224	20814	20357	20432	20722	20363	20614	20764	20840	10	40009	40113	40104	0	0	0	0	0	0	0	0	0	0
2078	11	12	2	2	2100	10201	10204	10209	20050	20630	20630	20422	20226	20672	20696	20050	20030	20640	10	40113	40108	40107	20050	20630	20630	0	20226	0	0	0	0	0
2079	11	12	3	2	2100	10204	10205	10201	20062	20130	20630	20338	20656	20841	20564	20269	20742	20740	10	40010	40009	40022	20062	20130	20630	20338	20656	0	0	0	0	0
2080	11	12	4	2	2100	10206	10203	10201	20792	20830	20640	20588	20432	20544	20373	20842	20373	20764	10	40002	40022	40107	20792	20830	20640	20588	20432	0	0	0	0	0
2081	11			3	2100	10006			20024	20724									1	40006			0	0								
2082	11		1	3	2100	10007			20566	20666	20700								1	40008			0	0	0							
2083	11		2	3	2100	10006	10002		20718	20702	20826								1	40015			0	0	0							
2084	11		3	3	2100	10006	10003		20154	20784	20760								1	40017			0	0	0							
2085	11		4	3	2100	10005	10001	10007	20826	20504	20604	20586	20048						1	40006			0	0	0	0	0					
2086	11	1		3	2100	10007			20800	20550	20318								2	40002			0	0	0							
2087	11	1	1	3	2100	10009	10007		20160	20602	20560								2	40002			0	0	0							
2088	11	1	2	3	2100	10010	10007		20668	20128	20518								2	40002			0	0	0							
2089	11	1	3	3	2100	10009	10004	10010	20652	20712	20450	20162	20536						2	40115			0	0	0	0	0					
2090	11	1	4	3	2100	10010	10008	10005	20710	20361	20804	20355							2	40111			0	0	0	0						
2091	11	2		3	2100	10008	10005		20668	20818	20046								3	40112			0	0	0							
2092	11	2	1	3	2100	10010	10006		20046	20359	20154								3	40016			0	0	0							
2093	11	2	2	3	2100	10008	10006	10007	20826	20444	20156	20586	20504						3	40111			0	0	0	0	0					
2094	11	2	3	3	2100	10001	10008	10009	20046	20720	20662	20361							3	40109			0	0	0	0						
2095	11	2	4	3	2100	10008	10006	10004	20106	20728	20536	20712							3	40012			0	0	0	0						
2096	11	3		3	2100	10006	10007		20576	20347	20560								4	40006			0	0	0							
2097	11	3	1	3	2100	10010	10003	10007	20710	20586	20265	20828	20369						4	40016			0	0	0	0	0					
2098	11	3	2	3	2100	10004	10003	10010	20668	20562	20054	20562							4	40110			0	0	0	0						
2099	11	3	3	3	2100	10006	10005	10007	20626	20728	20786	20728							4	40004			0	0	0	0						
2100	11	3	4	3	2100	10003	10005	10001	20652	20528	20628	20654	20164						4	40004			0	0	0	0	0					
2101	11	4		3	2100	10007	10005	10003	20526	20456	20369	20156	20628						5	40017	40005		0	0	0	0	0					
2102	11	4	1	3	2100	10001	10007	10006	20584	20728	20762	20450							5	40014	40111		0	0	0	0						
2103	11	4	2	3	2100	10006	10001	10009	20046	20156	20620	20060							5	40005	40107		0	0	0	0						
2104	11	4	3	3	2100	10009	10004	10008	20618	20828	20162	20048	20522						5	40110	40007		0	0	0	0	0					
2105	11	4	4	3	2100	10008	10007	10010	20770	20612	20030	20458	20740	20788	20838	20594			5	40109	40126		0	0	0	0	0	0	0	0		
2106	11	5		3	2100	10001	10005	10006	20046	20156	20712	20504							6	40016	40108		0	0	0	0						
2107	11	5	1	3	2100	10006	10001	10004	20710	20251	20361	20257							6	40007	40012		0	0	0	0						
2108	11	5	2	3	2100	10003	10010	10006	20526	20786	20245	20450	20630						6	40005	40010		0	0	0	0	0					
2109	11	5	3	3	2100	10008	10002	10009	20820	20265	20638	20838	20050	20228	20714	20432			6	40014	40011		0	0	0	0	0	0	0	0		
2110	11	5	4	3	2100	10009	10005	10006	20458	20592	20253	20514	20452	20814	20304	20640	20538	20542	6	40112	40126		0	0	0	0	0	0	0	0	0	0
2111	11	6		3	2100	10002	10008	10007	20784	20528	20048	20736							7	40005	40102		0	0	0	0						
2112	11	6	1	3	2100	10009	10010	10004	20752	20456	20770	20712	20794						7	40005	40101		0	0	0	0	0					
2113	11	6	2	3	2100	10008	10003	10010	20456	20704	20056	20269	20780	20672	20132	20334			7	40010	40116		0	0	0	0	0	0	0	0		
2114	11	6	3	3	2100	10010	10002	10006	20838	20269	20740	20351	20363	20214	20226	20538	20642	20806	7	40112	40113		0	0	0	0	0	0	0	0	0	0
2115	11	6	4	3	2100	10007	10005	10008	20556	20580	20690	20247	20130	20588	20690	20656	20564	20722	7	40114	40114		0	0	0	0	0	0	0	0	0	0
2116	11	7		3	2100	10002	10009	10003	20106	20654	20554	20054	20056						8	40016	40112		0	0	0	0	0					
2117	11	7	1	3	2100	10008	10002	10001	20450	20628	20772	20756	20458	20764	20730	20842			8	40113	40124		0	0	0	0	0	0	0	0		
2118	11	7	2	3	2100	10002	10007	10001	20742	20640	20690	20672	20050	20741	20780	20642	20226	20642	8	40002	40009		0	0	0	0	0	0	0	0	0	0
2119	11	7	3	3	2100	10001	10002	10004	20640	20446	20706	20740	20764	20030	20522	20730	20588	20446	8	40017	40016		0	0	0	0	0	0	0	0	0	0
2120	11	7	4	3	2100	10005	10008	10007	20694	20780	20304	20434	20228	20638	20680	20741	20814	20714	8	40005	40102		20694	20780	0	20434	20228	0	0	0	0	0
2121	11	8		3	2100	10008	10009	10005	20060	20512	20132	20373	20564	20259	20452	20446			9	40016	40018	40108	0	0	0	0	0	0	0	0		
2122	11	8	1	3	2100	10005	10010	10007	20830	20638	20638	20373	20714	20422	20304	20841	20756	20218	9	40004	40107	40113	0	0	0	0	0	0	0	0	0	0
2123	11	8	2	3	2100	10001	10007	10002	20722	20434	20458	20694	20656	20680	20062	20540	20338	20224	9	40015	40108	40106	0	0	0	0	0	0	0	0	0	0
2124	11	8	3	3	2100	10010	10008	10009	20590	20556	20247	20556	20363	20416	20062	20253	20780	20544	9	40001	40005	40016	20590	20556	20247	20556	20363	0	0	0	0	0
2125	11	8	4	3	2100	10002	10001	10005	20214	20351	20680	20334	20614	20794	20714	20452	20452	20542	9	40006	40103	40105	0	20351	20680	20334	20614	0	0	0	0	0
2126	11	9		3	2100	10005	10004	10009	20218	20640	20741	20269	20838	20253	20640	20588	20556	20564	10	40015	40126	40112	0	0	0	0	0	0	0	0	0	0
2127	11	9	1	3	2100	10004	10003	10008	20522	20672	20050	20556	20226	20790	20630	20050	20794	20351	10	40001	40102	40113	0	0	0	0	0	0	0	0	0	0
2128	11	9	2	3	2100	10005	10006	10003	20458	20030	20792	20792	20694	20416	20132	20158	20772	20741	10	40009	40105	40125	20458	20030	20792	20792	20694	0	0	0	0	0
2129	11	9	3	3	2100	10002	10005	10008	20540	20814	20690	20730	20840	20028	20841	20764	20218	20416	10	40109	40114	40017	20540	20814	20690	20730	20840	0	0	0	0	0
2130	11	9	4	3	2100	10004	10003	10002	20630	20706	20714	20338	20730	20622	20452	20334	20226	20630	10	40109	40126	40016	20630	20706	20714	20338	20730	0	0	0	0	0
2131	11	10		3	2100	10005	10004	10009	20218	20640	20741	20269	20838	20253	20640	20588	20556	20564	10	40015	40126	40112	0	0	0	0	0	0	0	0	0	0
2132	11	10	1	3	2100	10004	10003	10008	20522	20672	20050	20556	20226	20790	20630	20050	20794	20351	10	40001	40102	40113	0	0	0	0	0	0	0	0	0	0
2133	11	10	2	3	2100	10005	10006	10003	20458	20030	20792	20792	20694	20416	20132	20158	20772	20741	10	40009	40105	40125	20458	20030	20792	20792	20694	0	0	0	0	0
2134	11	10	3	3	2100	10002	10005	10008	20540	20814	20690	20730	20840	20028	20841	20764	20218	20416	10	40109	40114	40017	20540	20814	20690	20730	20840	0	0	0	0	0
2135	11	10	4	3	2100	10004	10003	10002	20630	20706	20714	20338	20730	20622	20452	20334	20226	20630	10	40109	40126	40016	20630	20706	20714	20338	20730	0	0	0	0	0
2136	11	11		3	2100	10005	10004	10009	20218	20640	20741	20269	20838	20253	20640	20588	20556	20564	10	40015	40126	40112	0	0	0	0	0	0	0	0	0	0
2137	11	11	1	3	2100	10004	10003	10008	20522	20672	20050	20556	20226	20790	20630	20050	20794	20351	10	40001	40102	40113	0	0	0	0	0	0	0	0	0	0
2138	11	11	2	3	2100	10005	10006	10003	20458	20030	20792	20792	20694	20416	20132	20158	20772	20741	10	40009	40105	40125	20458	20030	20792	20792	20694	0	0	0	0	0
2139	11	11	3	3	2100	10002	10005	10008	20540	20814	20690	20730	20840	20028	20841	20764	20218	20416	10	40109	40114	40017	20540	20814	20690	20730	20840	0	0	0	0	0
2140	11	11	4	3	2100	10004	10003	10002	20630	20706	20714	20338	20730	20622	20452	20334	20226	20630	10	40109	40126	40016	20630	20706	20714	20338	20730	0	0	0	0	0
2141	11	12		3	2100	10005	10004	10009	20218	20640	20741	20269	20838	20253	20640	20588	20556	20564	10	40015	40126	40112	0	0	0	0	0	0	0	0	0	0
2142	11	12	1	3	2100	10004	10003	10008	20522	20672	20050	20556	20226	20790	20630	20050	20794	20351	10	40001	40102	40113	0	0	0	0	0	0	0	0	0	0
2143	11	12	2	3	2100	10005	10006	10003	20458	20030	20792	20792	20694	20416	20132	20158	20772	20741	10	40009	40105	40125	20458	20030	20792	20792	20694	0	0	0	0	0
2144	11	12	3	3	2100	10002	10005	10008	20540	20814	20690	20730	20840	20028	20841	20764	20218	20416	10	40109	40114	40017	20540	20814	20690	20730	20840	0	0	0	0	0
2145	11	12	4	3	2100	10004	10003	10002	20630	20706	20714	20338	20730	20622	20452	20334	20226	20630	10	40109	40126	40016	20630	20706	20714	20338	20730	0	0	0	0	0
2146	12			1	2300	10104			20608	20832									1	40002			0	0								
2147	12		1	1	2300	10102			20516	20650	20766								1	40011			0	0	0							
2148	12		2	1	2300	10105	10110		20652	20760	20400								1	40007			0	0	0							
2149	12		3	1	2300	10110	10102		20534	20810	20502								1	40112			0	0	0							
2150	12		4	1	2300	10110	10108	10109	20752	20736	20265	20812	20712						1	40001			0	0	0	0	0					
2151	12	1		1	2300	10104			20524	20666	20724								2	40109			0	0	0							
2152	12	1	1	1	2300	10110	10109		20726	20510	20154								2	40012			0	0	0							
2153	12	1	2	1	2300	10105	10102		20818	20534	20154								2	40111			0	0	0							
2154	12	1	3	1	2300	10107	10106	10109	20752	20156	20728	20456	20162						2	40111			0	0	0	0	0					
2155	12	1	4	1	2300	10104	10105	10109	20626	20778	20762	20770							2	40012			0	0	0	0						
2156	12	2		1	2300	10109	10101		20243	20818	20046								3	40017			0	0	0							
2157	12	2	1	1	2300	10103	10105		20518	20626	20261								3	40002			0	0	0							
2158	12	2	2	1	2300	10107	10110	10103	20442	20054	20786	20770	20736						3	40009			0	0	0	0	0					
2159	12	2	3	1	2300	10105	10103	10104	20518	20444	20604	20048							3	40002			0	0	0	0						
2160	12	2	4	1	2300	10107	10109	10105	20142	20536	20812	20554							3	40112			0	0	0	0						
2161	12	3		1	2300	10106	10108		20359	20684	20058								4	40016			0	0	0							
2162	12	3	1	1	2300	10104	10110	10107	20634	20156	20060	20804	20786						4	40017			0	0	0	0	0					
2163	12	3	2	1	2300	10102	10108	10110	20261	20456	20736	20369							4	40001			0	0	0	0						
2164	12	3	3	1	2300	10106	10104	10103	20834	20570	20654	20604							4	40005			0	0	0	0						
2165	12	3	4	1	2300	10104	10102	10106	20552	20048	20686	20720	20452						4	40001			0	0	0	0	0					
2166	12	4		1	2300	10107	10105	10109	20652	20770	20450	20628	20736						5	40003	40012		0	0	0	0	0					
2167	12	4	1	1	2300	10104	10106	10107	20660	20265	20612	20828							5	40009	40019		0	0	0	0						
2168	12	4	2	1	2300	10105	10110	10104	20652	20812	20662	20604							5	40003	40112		0	0	0	0						
2169	12	4	3	1	2300	10110	10103	10105	20552	20586	20820	20245	20656						5	40115	40008		0	0	0	0	0					
2170	12	4	4	1	2300	10106	10107	10108	20257	20265	20247	20764	20522	20351	20544	20432			5	40013	40008		0	0	0	0	0	0	0	0		
2171	12	5		1	2300	10108	10104	10109	20652	20450	20144	20778							6	40112	40016		0	0	0	0						
2172	12	5	1	1	2300	10106	10104	10107	20249	20586	20361	20770							6	40001	40009		0	0	0	0						
2173	12	5	2	1	2300	10109	10107	10105	20526	20456	20504	20562	20630						6	40016	40102		0	0	0	0	0					
2174	12	5	3	1	2300	10101	10108	10104	20670	20778	20842	20218	20572	20028	20556	20738			6	40010	40005		0	0	0	0	0	0	0	0		
2175	12	5	4	1	2300	10106	10104	10109	20806	20230	20434	20452	20230	20740	20446	20373	20594	20228	6	40009	40102		0	0	0	0	0	0	0	0	0	0
2176	12	6		1	2300	10107	10110	10106	20726	20586	20245	20820							7	40001	40012		0	0	0	0						
2177	12	6	1	1	2300	10105	10102	10109	20834	20349	20828	20444	20706						7	40010	40101		0	0	0	0	0					
2178	12	6	2	1	2300	10109	10108	10110	20604	20578	20680	20218	20458	20336	20838	20422			7	40007	40018		0	0	0	0	0	0	0	0		
2179	12	6	3	1	2300	10110	10101	10106	20694	20741	20228	20764	20722	20648	20794	20614	20788	20200	7	40006	40015		0	0	0	0	0	0	0	0	0	0
2180	12	6	4	1	2300	10105	10110	10106	20630	20764	20830	20146	20694	20806	20542	20594	20214	20422	7	40004	40007		0	0	0	0	0	0	0	0	0	0
2181	12	7		1	2300	10108	10102	10107	20359	20728	20704	20620	20740						8	40112	40022		0	0	0	0	0					
2182	12	7	1	1	2300	10108	10106	10105	20048	20355	20622	20062	20622	20540	20838	20130			8	40112	40112		0	0	0	0	0	0	0	0		
2183	12	7	2	1	2300	10108	10109	10103	20432	20572	20742	20230	20640	20158	20694	20614	20696	20648	8	40014	40112		0	0	0	0	0	0	0	0	0	0
2184	12	7	3	1	2300	10105	10110	10103	20334	20780	20542	20130	20740	20572	20452	20200	20538	20590	8	40006	40104		0	0	0	0	0	0	0	0	0	0
2185	12	7	4	1	2300	10108	10105	10106	20788	20452	20690	20416	20452	20664	20373	20247	20764	20694	8	40013	40009		20788	20452	20690	0	20452	0	0	0	0	0
2186	12	8		1	2300	10107	10110	10102	20144	20536	20738	20416	20648	20434	20672	20656			9	40004	40013	40114	0	0	0	0	0	0	0	0		
2187	12	8	1	1	2300	10102	10103	10105	20030	20434	20841	20200	20706	20214	20218	20540	20062	20590	9	40002	40022	40019	0	0	0	0	0	0	0	0	0	0
2188	12	8	2	1	2300	10102	10105	10103	20028	20592	20452	20730	20030	20247	20530	20840	20062	20614	9	40013	40006	40015	0	0	0	0	0	0	0	0	0	0
2189	12	8	3	1	2300	10107	10109	10110	20590	20842	20594	20351	20050	20842	20259	20842	20838	20357	9	40012	40017	40126	20590	20842	20594	20351	20050	0	0	0	0	0
2190	12	8	4	1	2300	10104	10110	10102	20814	20756	20588	20590	20788	20656	20363	20050	20200	20564	9	40113	40008	40023	20814	20756	20588	20590	20788	0	0	0	0	0
2191	12	9		1	2300	10101	10104	10103	20788	20522	20506	20452	20606	20028	20434	20363	20200	20164	10	40111	40019	40018	0	0	0	0	0	0	0	0	0	0
2192	12	9	1	1	2300	10104	10105	10101	20218	20373	20630	20742	20146	20230	20542	20648	20522	20794	10	40007	40019	40115	0	0	0	0	0	0	0	0	0	0
2193	12	9	2	1	2300	10110	10103	10108	20056	20592	20742	20594	20741	20146	20780	20838	20056	20304	10	40004	40104	40110	20056	20592	20742	20594	20741	0	0	0	0	0
2194	12	9	3	1	2300	10103	10104	10105	20841	20741	20638	20224	20741	20630	20738	20452	20772	20218	10	40016	40125	40112	20841	20741	20638	0	20741	0	0	0	0	0
2195	12	9	4	1	2300	10108	10101	10106	20363	20530	20630	20672	20230	20164	20458	20706	20214	20838	10	40009	40116	40126	20363	20530	20630	20672	20230	0	0	0	0	0
2196	12	10		1	2300	10101	10104	10103	20788	20522	20506	20452	20606	20028	20434	20363	20200	20164	10	40111	40019	40018	0	0	0	0	0	0	0	0	0	0
2197	12	10	1	1	2300	10104	10105	10101	20218	20373	20630	20742	20146	20230	20542	20648	20522	20794	10	40007	40019	40115	0	0	0	0	0	0	0	0	0	0
2198	12	10	2	1	2300	10110	10103	10108	20056	20592	20742	20594	20741	20146	20780	20838	20056	20304	10	40004	40104	40110	20056	20592	20742	20594	20741	0	0	0	0	0
2199	12	10	3	1	2300	10103	10104	10105	20841	20741	20638	20224	20741	20630	20738	20452	20772	20218	10	40016	40125	40112	20841	20741	20638	0	20741	0	0	0	0	0
2200	12	10	4	1	2300	10108	10101	10106	20363	20530	20630	20672	20230	20164	20458	20706	20214	20838	10	40009	40116	40126	20363	20530	20630	20672	20230	0	0	0	0	0
2201	12	11		1	2300	10101	10104	10103	20788	20522	20506	20452	20606	20028	20434	20363	20200	20164	10	40111	40019	40018	0	0	0	0	0	0	0	0	0	0
2202	12	11	1	1	2300	10104	10105	10101	20218	20373	20630	20742	20146	20230	20542	20648	20522	20794	10	40007	40019	40115	0	0	0	0	0	0	0	0	0	0
2203	12	11	2	1	2300	10110	10103	10108	20056	20592	20742	20594	20741	20146	20780	20838	20056	20304	10	40004	40104	40110	20056	20592	20742	20594	20741	0	0	0	0	0
2204	12	11	3	1	2300	10103	10104	10105	20841	20741	20638	20224	20741	20630	20738	20452	20772	20218	10	40016	40125	40112	20841	20741	20638	0	20741	0	0	0	0	0
2205	12	11	4	1	2300	10108	10101	10106	20363	20530	20630	20672	20230	20164	20458	20706	20214	20838	10	40009	40116	40126	20363	20530	20630	20672	20230	0	0	0	0	0
2206	12	12		1	2300	10101	10104	10103	20788	20522	20506	20452	20606	20028	20434	20363	20200	20164	10	40111	40019	40018	0	0	0	0	0	0	0	0	0	0
2207	12	12	1	1	2300	10104	10105	10101	20218	20373	20630	20742	20146	20230	20542	20648	20522	20794	10	40007	40019	40115	0	0	0	0	0	0	0	0	0	0
2208	12	12	2	1	2300	10110	10103	10108	20056	20592	20742	20594	20741	20146	20780	20838	20056	20304	10	40004	40104	40110	20056	20592	20742	20594	20741	0	0	0	0	0
2209	12	12	3	1	2300	10103	10104	10105	20841	20741	20638	20224	20741	20630	20738	20452	20772	20218	10	40016	40125	40112	20841	20741	20638	0	20741	0	0	0	0	0
2210	12	12	4	1	2300	10108	10101	10106	20363	20530	20630	20672	20230	20164	20458	20706	20214	20838	10	40009	40116	40126	20363	20530	20630	20672	20230	0	0	0	0	0
2211	12			2	2300	10208			20824	20816									1	40112			0	0								
2212	12		1	2	2300	10209			20658	20508	20508								1	40012			0	0	0							
2213	12		2	2	2300	10208	10206		20534	20353	20684								1	40014			0	0	0							
2214	12		3	2	2300	10202	10207		20776	20142	20243								1	40010			0	0	0							
2215	12		4	2	2300	10204	10210	10206	20128	20728	20736	20156	20349						1	40017			0	0	0	0	0					
2216	12	1		2	2300	10206			20516	20832	20624								2	40112			0	0	0							
2217	12	1	1	2	2300	10203	10208		20784	20776	20353								2	40109			0	0	0							
2218	12	1	2	2	2300	10203	10210		20534	20448	20448								2	40003			0	0	0							
2219	12	1	3	2	2300	10206	10202	10210	20718	20712	20612	20251	20678						2	40113			0	0	0	0	0					
2220	12	1	4	2	2300	10209	10202	10203	20668	20265	20828	20265							2	40114			0	0	0	0						
2221	12	2		2	2300	10205	10207		20510	20702	20826								3	40013			0	0	0							
2222	12	2	1	2	2300	10206	10209		20652	20502	20818								3	40112			0	0	0							
2223	12	2	2	2	2300	10209	10206	10208	20518	20786	20578	20586	20048						3	40013			0	0	0	0	0					
2224	12	2	3	2	2300	10205	10209	10206	20618	20662	20257	20612							3	40115			0	0	0	0						
2225	12	2	4	2	2300	10203	10206	10207	20448	20257	20361	20054							3	40010			0	0	0	0						
2226	12	3		2	2300	10206	10205		20734	20347	20768								4	40014			0	0	0							
2227	12	3	1	2	2300	10205	10209	10210	20618	20770	20770	20520	20144						4	40111			0	0	0	0	0					
2228	12	3	2	2	2300	10203	10202	10205	20810	20536	20820	20770							4	40017			0	0	0	0						
2229	12	3	3	2	2300	10203	10205	10209	20359	20349	20654	20512							4	40113			0	0	0	0						
2230	12	3	4	2	2300	10202	10203	10207	20510	20361	20162	20060	20542						4	40001			0	0	0	0	0					
2231	12	4		2	2300	10209	10202	10205	20255	20156	20444	20836	20156						5	40007	40101		0	0	0	0	0					
2232	12	4	1	2	2300	10207	10203	10210	20552	20554	20456	20662							5	40006	40006		0	0	0	0						
2233	12	4	2	2	2300	10202	10209	10201	20584	20586	20361	20162							5	40109	40112		0	0	0	0						
2234	12	4	3	2	2300	10207	10206	10203	20718	20528	20251	20720	20772						5	40003	40013		0	0	0	0	0					
2235	12	4	4	2	2300	10207	10206	10205	20728	20670	20338	20564	20696	20446	20538	20794			5	40017	40109		0	0	0	0	0	0	0	0		
2236	12	5		2	2300	10205	10206	10210	20106	20444	20720	20728							6	40112	40018		0	0	0	0						
2237	12	5	1	2	2300	10207	10206	10204	20752	20712	20536	20554							6	40016	40005		0	0	0	0						
2238	12	5	2	2	2300	10206	10207	10202	20347	20628	20586	20704	20540						6	40012	40106		0	0	0	0	0					
2239	12	5	3	2	2300	10201	10205	10202	20636	20570	20622	20722	20780	20638	20304	20806			6	40002	40005		0	0	0	0	0	0	0	0		
2240	12	5	4	2	2300	10204	10203	10202	20742	20336	20130	20756	20538	20690	20334	20764	20028	20304	6	40001	40111		0	0	0	0	0	0	0	0	0	0
2241	12	6		2	2300	10201	10204	10208	20534	20586	20048	20604							7	40004	40104		0	0	0	0						
2242	12	6	1	2	2300	10206	10201	10207	20110	20361	20520	20620	20722						7	40014	40109		0	0	0	0	0					
2243	12	6	2	2	2300	10209	10210	10205	20612	20670	20304	20580	20722	20730	20050	20226			7	40007	40018		0	0	0	0	0	0	0	0		
2244	12	6	3	2	2300	10207	10204	10208	20514	20432	20672	20764	20432	20062	20572	20351	20218	20200	7	40013	40104		0	0	0	0	0	0	0	0	0	0
2245	12	6	4	2	2300	10208	10205	10202	20840	20742	20050	20056	20564	20740	20572	20050	20514	20780	7	40004	40126		0	0	0	0	0	0	0	0	0	0
2246	12	7		2	2300	10208	10204	10209	20602	20604	20604	20670	20530						8	40001	40108		0	0	0	0	0					
2247	12	7	1	2	2300	10206	10210	10202	20562	20369	20794	20640	20630	20740	20158	20542			8	40113	40006		0	0	0	0	0	0	0	0		
2248	12	7	2	2	2300	10210	10205	10203	20680	20373	20696	20664	20434	20538	20540	20838	20544	20594	8	40012	40110		0	0	0	0	0	0	0	0	0	0
2249	12	7	3	2	2300	10205	10208	10210	20062	20690	20614	20259	20614	20351	20130	20050	20742	20638	8	40001	40113		0	0	0	0	0	0	0	0	0	0
2250	12	7	4	2	2300	10205	10207	10209	20130	20840	20214	20664	20224	20158	20218	20422	20132	20164	8	40008	40008		20130	20840	0	20664	0	0	0	0	0	0
2251	12	8		2	2300	10205	10206	10204	20820	20804	20544	20334	20588	20690	20269	20714			9	40012	40013	40114	0	0	0	0	0	0	0	0		
2252	12	8	1	2	2300	10209	10206	10205	20373	20214	20680	20158	20842	20764	20030	20434	20540	20028	9	40004	40116	40112	0	0	0	0	0	0	0	0	0	0
2253	12	8	2	2	2300	10201	10203	10202	20592	20638	20722	20422	20614	20664	20756	20588	20422	20640	9	40115	40103	40105	0	0	0	0	0	0	0	0	0	0
2254	12	8	3	2	2300	10205	10204	10210	20062	20218	20640	20792	20226	20614	20338	20334	20334	20672	9	40012	40007	40018	20062	0	20640	20792	20226	0	0	0	0	0
2255	12	8	4	2	2300	10203	10206	10202	20446	20226	20640	20790	20416	20542	20432	20741	20146	20722	9	40004	40005	40107	20446	20226	20640	20790	0	0	0	0	0	0
2256	12	9		2	2300	10206	10209	10208	20544	20050	20840	20422	20556	20373	20226	20590	20780	20688	10	40004	40104	40115	0	0	0	0	0	0	0	0	0	0
2257	12	9	1	2	2300	10201	10207	10204	20416	20224	20814	20357	20432	20722	20363	20614	20764	20840	10	40114	40022	40104	0	0	0	0	0	0	0	0	0	0
2258	12	9	2	2	2300	10201	10204	10209	20050	20630	20630	20422	20226	20672	20696	20050	20030	20640	10	40007	40015	40112	20050	20630	20630	0	20226	0	0	0	0	0
2259	12	9	3	2	2300	10204	10205	10201	20062	20130	20630	20338	20656	20841	20564	20269	20742	20740	10	40112	40107	40112	20062	20130	20630	20338	20656	0	0	0	0	0
2260	12	9	4	2	2300	10206	10203	10201	20792	20830	20640	20588	20432	20544	20373	20842	20373	20764	10	40110	40017	40018	20792	20830	20640	20588	20432	0	0	0	0	0
2261	12	10		2	2300	10206	10209	10208	20544	20050	20840	20422	20556	20373	20226	20590	20780	20688	10	40004	40104	40115	0	0	0	0	0	0	0	0	0	0
2262	12	10	1	2	2300	10201	10207	10204	20416	20224	20814	20357	20432	20722	20363	20614	20764	20840	10	40114	40022	40104	0	0	0	0	0	0	0	0	0	0
2263	12	10	2	2	2300	10201	10204	10209	20050	20630	20630	20422	20226	20672	20696	20050	20030	20640	10	40007	40015	40112	20050	20630	20630	0	20226	0	0	0	0	0
2264	12	10	3	2	2300	10204	10205	10201	20062	20130	20630	20338	20656	20841	20564	20269	20742	20740	10	40112	40107	40112	20062	20130	20630	20338	20656	0	0	0	0	0
2265	12	10	4	2	2300	10206	10203	10201	20792	20830	20640	20588	20432	20544	20373	20842	20373	20764	10	40110	40017	40018	20792	20830	20640	20588	20432	0	0	0	0	0
2266	12	11		2	2300	10206	10209	10208	20544	20050	20840	20422	20556	20373	20226	20590	20780	20688	10	40004	40104	40115	0	0	0	0	0	0	0	0	0	0
2267	12	11	1	2	2300	10201	10207	10204	20416	20224	20814	20357	20432	20722	20363	20614	20764	20840	10	40114	40022	40104	0	0	0	0	0	0	0	0	0	0
2268	12	11	2	2	2300	10201	10204	10209	20050	20630	20630	20422	20226	20672	20696	20050	20030	20640	10	40007	40015	40112	20050	20630	20630	0	20226	0	0	0	0	0
2269	12	11	3	2	2300	10204	10205	10201	20062	20130	20630	20338	20656	20841	20564	20269	20742	20740	10	40112	40107	40112	20062	20130	20630	20338	20656	0	0	0	0	0
2270	12	11	4	2	2300	10206	10203	10201	20792	20830	20640	20588	20432	20544	20373	20842	20373	20764	10	40110	40017	40018	20792	20830	20640	20588	20432	0	0	0	0	0
2271	12	12		2	2300	10206	10209	10208	20544	20050	20840	20422	20556	20373	20226	20590	20780	20688	10	40004	40104	40115	0	0	0	0	0	0	0	0	0	0
2272	12	12	1	2	2300	10201	10207	10204	20416	20224	20814	20357	20432	20722	20363	20614	20764	20840	10	40114	40022	40104	0	0	0	0	0	0	0	0	0	0
2273	12	12	2	2	2300	10201	10204	10209	20050	20630	20630	20422	20226	20672	20696	20050	20030	20640	10	40007	40015	40112	20050	20630	20630	0	20226	0	0	0	0	0
2274	12	12	3	2	2300	10204	10205	10201	20062	20130	20630	20338	20656	20841	20564	20269	20742	20740	10	40112	40107	40112	20062	20130	20630	20338	20656	0	0	0	0	0
2275	12	12	4	2	2300	10206	10203	10201	20792	20830	20640	20588	20432	20544	20373	20842	20373	20764	10	40110	40017	40018	20792	20830	20640	20588	20432	0	0	0	0	0
2276	12			3	2300	10006			20024	20724									1	40109			0	0								
2277	12		1	3	2300	10007			20566	20666	20700								1	40015			0	0	0							
2278	12		2	3	2300	10006	10002		20718	20702	20826								1	40112			0	0	0							
2279	12		3	3	2300	10006	10003		20154	20784	20760								1	40109			0	0	0							
2280	12		4	3	2300	10005	10001	10007	20826	20504	20604	20586	20048						1	40017			0	0	0	0	0					
2281	12	1		3	2300	10007			20800	20550	20318								2	40016			0	0	0							
2282	12	1	1	3	2300	10009	10007		20160	20602	20560								2	40009			0	0	0							
2283	12	1	2	3	2300	10010	10007		20668	20128	20518								2	40115			0	0	0							
2284	12	1	3	3	2300	10009	10004	10010	20652	20712	20450	20162	20536						2	40002			0	0	0	0	0					
2285	12	1	4	3	2300	10010	10008	10005	20710	20361	20804	20355							2	40115			0	0	0	0						
2286	12	2		3	2300	10008	10005		20668	20818	20046								3	40001			0	0	0							
2287	12	2	1	3	2300	10010	10006		20046	20359	20154								3	40113			0	0	0							
2288	12	2	2	3	2300	10008	10006	10007	20826	20444	20156	20586	20504						3	40012			0	0	0	0	0					
2289	12	2	3	3	2300	10001	10008	10009	20046	20720	20662	20361							3	40012			0	0	0	0						
2290	12	2	4	3	2300	10008	10006	10004	20106	20728	20536	20712							3	40110			0	0	0	0						
2291	12	3		3	2300	10006	10007		20576	20347	20560								4	40003			0	0	0							
2292	12	3	1	3	2300	10010	10003	10007	20710	20586	20265	20828	20369						4	40009			0	0	0	0	0					
2293	12	3	2	3	2300	10004	10003	10010	20668	20562	20054	20562							4	40115			0	0	0	0						
2294	12	3	3	3	2300	10006	10005	10007	20626	20728	20786	20728							4	40011			0	0	0	0						
2295	12	3	4	3	2300	10003	10005	10001	20652	20528	20628	20654	20164						4	40013			0	0	0	0	0					
2296	12	4		3	2300	10007	10005	10003	20526	20456	20369	20156	20628						5	40008	40107		0	0	0	0	0					
2297	12	4	1	3	2300	10001	10007	10006	20584	20728	20762	20450							5	40110	40101		0	0	0	0						
2298	12	4	2	3	2300	10006	10001	10009	20046	20156	20620	20060							5	40109	40009		0	0	0	0						
2299	12	4	3	3	2300	10009	10004	10008	20618	20828	20162	20048	20522						5	40111	40102		0	0	0	0	0					
2300	12	4	4	3	2300	10008	10007	10010	20770	20612	20030	20458	20740	20788	20838	20594			5	40003	40124		0	0	0	0	0	0	0	0		
2301	12	5		3	2300	10001	10005	10006	20046	20156	20712	20504							6	40016	40113		0	0	0	0						
2302	12	5	1	3	2300	10006	10001	10004	20710	20251	20361	20257							6	40114	40113		0	0	0	0						
2303	12	5	2	3	2300	10003	10010	10006	20526	20786	20245	20450	20630						6	40015	40008		0	0	0	0	0					
2304	12	5	3	3	2300	10008	10002	10009	20820	20265	20638	20838	20050	20228	20714	20432			6	40110	40010		0	0	0	0	0	0	0	0		
2305	12	5	4	3	2300	10009	10005	10006	20458	20592	20253	20514	20452	20814	20304	20640	20538	20542	6	40001	40010		0	0	0	0	0	0	0	0	0	0
2306	12	6		3	2300	10002	10008	10007	20784	20528	20048	20736							7	40011	40017		0	0	0	0						
2307	12	6	1	3	2300	10009	10010	10004	20752	20456	20770	20712	20794						7	40014	40006		0	0	0	0	0					
2308	12	6	2	3	2300	10008	10003	10010	20456	20704	20056	20269	20780	20672	20132	20334			7	40006	40012		0	0	0	0	0	0	0	0		
2309	12	6	3	3	2300	10010	10002	10006	20838	20269	20740	20351	20363	20214	20226	20538	20642	20806	7	40002	40105		0	0	0	0	0	0	0	0	0	0
2310	12	6	4	3	2300	10007	10005	10008	20556	20580	20690	20247	20130	20588	20690	20656	20564	20722	7	40012	40017		0	0	0	0	0	0	0	0	0	0
2311	12	7		3	2300	10002	10009	10003	20106	20654	20554	20054	20056						8	40112	40116		0	0	0	0	0					
2312	12	7	1	3	2300	10008	10002	10001	20450	20628	20772	20756	20458	20764	20730	20842			8	40114	40016		0	0	0	0	0	0	0	0		
2313	12	7	2	3	2300	10002	10007	10001	20742	20640	20690	20672	20050	20741	20780	20642	20226	20642	8	40006	40012		0	0	0	0	0	0	0	0	0	0
2314	12	7	3	3	2300	10001	10002	10004	20640	20446	20706	20740	20764	20030	20522	20730	20588	20446	8	40112	40111		0	0	0	0	0	0	0	0	0	0
2315	12	7	4	3	2300	10005	10008	10007	20694	20780	20304	20434	20228	20638	20680	20741	20814	20714	8	40011	40103		20694	20780	0	20434	20228	0	0	0	0	0
2316	12	8		3	2300	10008	10009	10005	20060	20512	20132	20373	20564	20259	20452	20446			9	40115	40125	40110	0	0	0	0	0	0	0	0		
2317	12	8	1	3	2300	10005	10010	10007	20830	20638	20638	20373	20714	20422	20304	20841	20756	20218	9	40008	40107	40104	0	0	0	0	0	0	0	0	0	0
2318	12	8	2	3	2300	10001	10007	10002	20722	20434	20458	20694	20656	20680	20062	20540	20338	20224	9	40013	40006	40110	0	0	0	0	0	0	0	0	0	0
2319	12	8	3	3	2300	10010	10008	10009	20590	20556	20247	20556	20363	20416	20062	20253	20780	20544	9	40109	40101	40104	20590	20556	20247	20556	20363	0	0	0	0	0
2320	12	8	4	3	2300	10002	10001	10005	20214	20351	20680	20334	20614	20794	20714	20452	20452	20542	9	40113	40111	40017	0	20351	20680	20334	20614	0	0	0	0	0
2321	12	9		3	2300	10005	10004	10009	20218	20640	20741	20269	20838	20253	20640	20588	20556	20564	10	40008	40009	40019	0	0	0	0	0	0	0	0	0	0
2322	12	9	1	3	2300	10004	10003	10008	20522	20672	20050	20556	20226	20790	20630	20050	20794	20351	10	40114	40009	40102	0	0	0	0	0	0	0	0	0	0
2323	12	9	2	3	2300	10005	10006	10003	20458	20030	20792	20792	20694	20416	20132	20158	20772	20741	10	40111	40010	40016	20458	20030	20792	20792	20694	0	0	0	0	0
2324	12	9	3	3	2300	10002	10005	10008	20540	20814	20690	20730	20840	20028	20841	20764	20218	20416	10	40111	40104	40111	20540	20814	20690	20730	20840	0	0	0	0	0
2325	12	9	4	3	2300	10004	10003	10002	20630	20706	20714	20338	20730	20622	20452	20334	20226	20630	10	40009	40115	40018	20630	20706	20714	20338	20730	0	0	0	0	0
2326	12	10		3	2300	10005	10004	10009	20218	20640	20741	20269	20838	20253	20640	20588	20556	20564	10	40008	40009	40019	0	0	0	0	0	0	0	0	0	0
2327	12	10	1	3	2300	10004	10003	10008	20522	20672	20050	20556	20226	20790	20630	20050	20794	20351	10	40114	40009	40102	0	0	0	0	0	0	0	0	0	0
2328	12	10	2	3	2300	10005	10006	10003	20458	20030	20792	20792	20694	20416	20132	20158	20772	20741	10	40111	40010	40016	20458	20030	20792	20792	20694	0	0	0	0	0
2329	12	10	3	3	2300	10002	10005	10008	20540	20814	20690	20730	20840	20028	20841	20764	20218	20416	10	40111	40104	40111	20540	20814	20690	20730	20840	0	0	0	0	0
2330	12	10	4	3	2300	10004	10003	10002	20630	20706	20714	20338	20730	20622	20452	20334	20226	20630	10	40009	40115	40018	20630	20706	20714	20338	20730	0	0	0	0	0
2331	12	11		3	2300	10005	10004	10009	20218	20640	20741	20269	20838	20253	20640	20588	20556	20564	10	40008	40009	40019	0	0	0	0	0	0	0	0	0	0
2332	12	11	1	3	2300	10004	10003	10008	20522	20672	20050	20556	20226	20790	20630	20050	20794	20351	10	40114	40009	40102	0	0	0	0	0	0	0	0	0	0
2333	12	11	2	3	2300	10005	10006	10003	20458	20030	20792	20792	20694	20416	20132	20158	20772	20741	10	40111	40010	40016	20458	20030	20792	20792	20694	0	0	0	0	0
2334	12	11	3	3	2300	10002	10005	10008	20540	20814	20690	20730	20840	20028	20841	20764	20218	20416	10	40111	40104	40111	20540	20814	20690	20730	20840	0	0	0	0	0
2335	12	11	4	3	2300	10004	10003	10002	20630	20706	20714	20338	20730	20622	20452	20334	20226	20630	10	40009	40115	40018	20630	20706	20714	20338	20730	0	0	0	0	0
2336	12	12		3	2300	10005	10004	10009	20218	20640	20741	20269	20838	20253	20640	20588	20556	20564	10	40008	40009	40019	0	0	0	0	0	0	0	0	0	0
2337	12	12	1	3	2300	10004	10003	10008	20522	20672	20050	20556	20226	20790	20630	20050	20794	20351	10	40114	40009	40102	0	0	0	0	0	0	0	0	0	0
2338	12	12	2	3	2300	10005	10006	10003	20458	20030	20792	20792	20694	20416	20132	20158	20772	20741	10	40111	40010	40016	20458	20030	20792	20792	20694	0	0	0	0	0
2339	12	12	3	3	2300	10002	10005	10008	20540	20814	20690	20730	20840	20028	20841	20764	20218	20416	10	40111	40104	40111	20540	20814	20690	20730	20840	0	0	0	0	0
2340	12	12	4	3	2300	10004	10003	10002	20630	20706	20714	20338	20730	20622	20452	20334	20226	20630	10	40009	40115	40018	20630	20706	20714	20338	20730	0	0	0	0	0
2341	13			1	2500	10105			20750	20758									1	40016			0	0								
2342	13		1	1	2500	10104			20574	20824	20716								1	40014			0	0	0							
2343	13		2	1	2500	10101	10102		20502	20154	20359	20160							1	40111			0	0	0	0						
2344	13		3	1	2500	10110	10109		20560	20510	20704								1	40112			0	0	0							
2345	13		4	1	2500	10104	10110	10108	20754	20820	20636	20736	20712	20612					1	40006			0	0	0	0	0	0				
2346	13	1		1	2500	10108			20326	20632	20308								2	40007			0	0	0							
2347	13	1	1	1	2500	10106	10103		20110	20359	20359	20353							2	40014			0	0	0	0						
2348	13	1	2	1	2500	10109	10110		20359	20726	20156								2	40011			0	0	0							
2349	13	1	3	1	2500	10105	10101	10102	20156	20369	20720	20562	20156	20762					2	40007			0	0	0	0	0	0				
2350	13	1	4	1	2500	10104	10110	10107	20636	20586	20628	20257	20686						2	40007			0	0	0	0	0					
2351	13	2		1	2500	10107	10102		20784	20576	20626	20602							3	40007			0	0	0	0						
2352	13	2	1	1	2500	10104	10101		20347	20834	20712								3	40017			0	0	0							
2353	13	2	2	1	2500	10109	10105	10108	20812	20048	20820	20812	20520	20528					3	40012			0	0	0	0	0	0				
2354	13	2	3	1	2500	10110	10107	10109	20770	20712	20604	20156	20670						3	40109			0	0	0	0	0					
2355	13	2	4	1	2500	10108	10110	10102	20251	20604	20804	20144	20704						3	40016			0	0	0	0	0					
2356	13	3		1	2500	10103	10101		20684	20560	20536								4	40004			0	0	0							
2357	13	3	1	1	2500	10107	10110	10105	20628	20728	20662	20654	20728	20836					4	40012			0	0	0	0	0	0				
2358	13	3	2	1	2500	10109	10102	10104	20712	20156	20156	20578	20054						4	40006			0	0	0	0	0					
2359	13	3	3	1	2500	10104	10105	10110	20361	20670	20060	20060	20361						4	40012			0	0	0	0	0					
2360	13	3	4	1	2500	10108	10103	10104	20712	20820	20355	20369	20028	20664					4	40002			0	0	0	0	0	0				
2361	13	4		1	2500	10103	10105	10108	20554	20720	20349	20836	20361	20770					5	40001	40104		0	0	0	0	0	0				
2362	13	4	1	1	2500	10110	10107	10101	20604	20570	20245	20369	20369						5	40111	40006		0	0	0	0	0					
2363	13	4	2	1	2500	10107	10104	10103	20828	20562	20678	20562	20762						5	40005	40111		0	0	0	0	0					
2364	13	4	3	1	2500	10102	10108	10105	20456	20704	20162	20504	20214	20338					5	40001	40011		0	0	0	0	0	0				
2365	13	4	4	1	2500	10104	10102	10107	20604	20434	20642	20540	20696	20580	20056	20357	20656		5	40008	40010		0	0	0	0	0	0	0	0	0	
2366	13	5		1	2500	10105	10106	10104	20628	20820	20450	20670	20144						6	40114	40114		0	0	0	0	0					
2367	13	5	1	1	2500	10108	10109	10102	20578	20361	20245	20628	20678						6	40012	40103		0	0	0	0	0					
2368	13	5	2	1	2500	10103	10101	10110	20162	20156	20736	20712	20373	20538					6	40008	40115		0	0	0	0	0	0				
2369	13	5	3	1	2500	10110	10103	10109	20048	20132	20696	20722	20794	20146	20672	20538	20224		6	40007	40019		0	0	0	0	0	0	0	0	0	
2370	13	5	4	1	2500	10109	10106	10107	20614	20622	20062	20792	20540	20792	20132	20446	20622	20259	6	40014	40014		0	0	0	0	0	0	0	0	0	0
2371	13	6		1	2500	10107	10108	10109	20704	20578	20554	20670	20604						7	40009	40111		0	0	0	0	0					
2372	13	6	1	1	2500	10103	10109	10102	20251	20770	20620	20355	20592	20792					7	40013	40022		0	0	0	0	0	0				
2373	13	6	2	1	2500	10106	10103	10102	20836	20780	20741	20840	20544	20224	20446	20841	20694		7	40002	40005		0	0	0	0	0	0	0	0	0	
2374	13	6	3	1	2500	10109	10108	10105	20706	20538	20741	20648	20780	20132	20680	20590	20050	20338	7	40003	40112		0	0	0	0	0	0	0	0	0	0
2375	13	6	4	1	2500	10101	10105	10109	20247	20544	20792	20132	20416	20638	20742	20790	20838	20452	7	40113	40014		0	0	0	0	0	0	0	0	0	0
2376	13	7		1	2500	10102	10105	10106	20251	20604	20144	20670	20247	20630					8	40004	40106		0	0	0	0	0	0				
2377	13	7	1	1	2500	10102	10106	10107	20054	20572	20218	20842	20830	20538	20822	20742	20688		8	40004	40107		0	0	0	0	0	0	0	0	0	
2378	13	7	2	1	2500	10106	10108	10105	20822	20230	20334	20218	20132	20434	20792	20792	20590	20694	8	40015	40113		0	0	0	0	0	0	0	0	0	0
2379	13	7	3	1	2500	10103	10110	10104	20664	20530	20840	20742	20130	20648	20146	20630	20416	20218	8	40115	40112		0	0	0	0	0	0	0	0	0	0
2380	13	7	4	1	2500	10101	10103	10102	20373	20351	20722	20580	20638	20434	20230	20253	20822	20788	8	40017	40105		20373	20351	20722	20580	20638	0	0	0	0	0
2381	13	8		1	2500	10102	10108	10101	20536	20230	20580	20247	20158	20656	20544	20788	20259		9	40012	40013	40022	0	0	0	0	0	0	0	0	0	
2382	13	8	1	1	2500	10102	10101	10106	20606	20542	20688	20030	20572	20200	20788	20790	20351	20357	9	40016	40110	40113	0	0	0	0	0	0	0	0	0	0
2383	13	8	2	1	2500	10108	10109	10105	20740	20664	20564	20740	20062	20556	20741	20830	20363	20840	9	40011	40008	40018	0	0	0	0	0	0	0	0	0	0
2384	13	8	3	1	2500	10101	10104	10103	20788	20452	20514	20572	20730	20542	20357	20130	20230	20434	9	40015	40106	40022	20788	20452	20514	20572	20730	0	0	0	0	0
2385	13	8	4	1	2500	10108	10109	10110	20706	20614	20230	20622	20772	20672	20842	20738	20540	20522	9	40007	40109	40103	20706	20614	20230	20622	20772	0	0	0	0	0
2386	13	9		1	2500	10108	10104	10105	20630	20351	20062	20642	20514	20664	20432	20740	20630	20253	10	40003	40016	40102	0	0	0	0	0	0	0	0	0	0
2387	13	9	1	1	2500	10105	10101	10107	20792	20690	20218	20696	20132	20780	20606	20790	20690	20542	10	40114	40014	40106	0	0	0	0	0	0	0	0	0	0
2388	13	9	2	1	2500	10107	10101	10106	20606	20363	20730	20722	20588	20790	20132	20363	20334	20164	10	40113	40017	40015	20606	20363	20730	20722	20588	0	0	0	0	0
2389	13	9	3	1	2500	10109	10104	10105	20224	20458	20630	20214	20146	20269	20338	20422	20688	20656	10	40004	40109	40112	0	20458	20630	0	20146	0	0	0	0	0
2390	13	9	4	1	2500	10110	10106	10102	20614	20228	20830	20458	20664	20588	20564	20696	20738	20580	10	40112	40015	40111	20614	20228	20830	20458	20664	0	0	0	0	0
2391	13	10		1	2500	10108	10104	10105	20630	20351	20062	20642	20514	20664	20432	20740	20630	20253	10	40003	40016	40102	0	0	0	0	0	0	0	0	0	0
2392	13	10	1	1	2500	10105	10101	10107	20792	20690	20218	20696	20132	20780	20606	20790	20690	20542	10	40114	40014	40106	0	0	0	0	0	0	0	0	0	0
2393	13	10	2	1	2500	10107	10101	10106	20606	20363	20730	20722	20588	20790	20132	20363	20334	20164	10	40113	40017	40015	20606	20363	20730	20722	20588	0	0	0	0	0
2394	13	10	3	1	2500	10109	10104	10105	20224	20458	20630	20214	20146	20269	20338	20422	20688	20656	10	40004	40109	40112	0	20458	20630	0	20146	0	0	0	0	0
2395	13	10	4	1	2500	10110	10106	10102	20614	20228	20830	20458	20664	20588	20564	20696	20738	20580	10	40112	40015	40111	20614	20228	20830	20458	20664	0	0	0	0	0
2396	13	11		1	2500	10108	10104	10105	20630	20351	20062	20642	20514	20664	20432	20740	20630	20253	10	40003	40016	40102	0	0	0	0	0	0	0	0	0	0
2397	13	11	1	1	2500	10105	10101	10107	20792	20690	20218	20696	20132	20780	20606	20790	20690	20542	10	40114	40014	40106	0	0	0	0	0	0	0	0	0	0
2398	13	11	2	1	2500	10107	10101	10106	20606	20363	20730	20722	20588	20790	20132	20363	20334	20164	10	40113	40017	40015	20606	20363	20730	20722	20588	0	0	0	0	0
2399	13	11	3	1	2500	10109	10104	10105	20224	20458	20630	20214	20146	20269	20338	20422	20688	20656	10	40004	40109	40112	0	20458	20630	0	20146	0	0	0	0	0
2400	13	11	4	1	2500	10110	10106	10102	20614	20228	20830	20458	20664	20588	20564	20696	20738	20580	10	40112	40015	40111	20614	20228	20830	20458	20664	0	0	0	0	0
2401	13	12		1	2500	10108	10104	10105	20630	20351	20062	20642	20514	20664	20432	20740	20630	20253	10	40003	40016	40102	0	0	0	0	0	0	0	0	0	0
2402	13	12	1	1	2500	10105	10101	10107	20792	20690	20218	20696	20132	20780	20606	20790	20690	20542	10	40114	40014	40106	0	0	0	0	0	0	0	0	0	0
2403	13	12	2	1	2500	10107	10101	10106	20606	20363	20730	20722	20588	20790	20132	20363	20334	20164	10	40113	40017	40015	20606	20363	20730	20722	20588	0	0	0	0	0
2404	13	12	3	1	2500	10109	10104	10105	20224	20458	20630	20214	20146	20269	20338	20422	20688	20656	10	40004	40109	40112	0	20458	20630	0	20146	0	0	0	0	0
2405	13	12	4	1	2500	10110	10106	10102	20614	20228	20830	20458	20664	20588	20564	20696	20738	20580	10	40112	40015	40111	20614	20228	20830	20458	20664	0	0	0	0	0
2406	13			2	2500	10208			20326	20582									1	40011			0	0								
2407	13		1	2	2500	10206			20582	20500	20616								1	40015			0	0	0							
2408	13		2	2	2500	10205	10209		20776	20448	20660	20818							1	40002			0	0	0	0						
2409	13		3	2	2500	10203	10207		20353	20353	20504								1	40113			0	0	0							
2410	13		4	2	2500	10203	10208	10210	20828	20257	20570	20265	20662	20450					1	40001			0	0	0	0	0	0				
2411	13	1		2	2500	10207			20608	20566	20524								2	40017			0	0	0							
2412	13	1	1	2	2500	10206	10202		20046	20684	20834	20668							2	40002			0	0	0	0						
2413	13	1	2	2	2500	10210	10208		20784	20058	20736								2	40016			0	0	0							
2414	13	1	3	2	2500	10205	10208	10210	20554	20604	20628	20156	20060	20804					2	40112			0	0	0	0	0	0				
2415	13	1	4	2	2500	10205	10207	10204	20736	20754	20048	20754	20728						2	40013			0	0	0	0	0					
2416	13	2		2	2500	10207	10201		20347	20454	20568	20576							3	40011			0	0	0	0						
2417	13	2	1	2	2500	10203	10201		20834	20249	20349								3	40015			0	0	0							
2418	13	2	2	2	2500	10206	10202	10203	20528	20156	20144	20265	20778	20444					3	40112			0	0	0	0	0	0				
2419	13	2	3	2	2500	10208	10209	10201	20156	20156	20736	20444	20251						3	40009			0	0	0	0	0					
2420	13	2	4	2	2500	10201	10207	10209	20361	20578	20586	20712	20786						3	40006			0	0	0	0	0					
2421	13	3		2	2500	10204	10210		20110	20526	20704								4	40114			0	0	0							
2422	13	3	1	2	2500	10203	10209	10201	20720	20770	20828	20678	20604	20054					4	40007			0	0	0	0	0	0				
2423	13	3	2	2	2500	10208	10203	10204	20670	20804	20686	20144	20450						4	40110			0	0	0	0	0					
2424	13	3	3	2	2500	10206	10204	10201	20536	20678	20628	20060	20265						4	40017			0	0	0	0	0					
2425	13	3	4	2	2500	10206	10201	10205	20520	20504	20156	20786	20422	20680					4	40008			0	0	0	0	0	0				
2426	13	4		2	2500	10202	10206	10201	20528	20678	20736	20162	20450	20578					5	40110	40005		0	0	0	0	0	0				
2427	13	4	1	2	2500	10203	10202	10209	20720	20804	20636	20361	20504						5	40110	40104		0	0	0	0	0					
2428	13	4	2	2	2500	10203	10208	10207	20512	20636	20251	20355	20586						5	40114	40109		0	0	0	0	0					
2429	13	4	3	2	2500	10207	10210	10204	20162	20554	20361	20456	20146	20458					5	40111	40010		0	0	0	0	0	0				
2430	13	4	4	2	2500	10209	10202	10207	20570	20056	20214	20756	20158	20722	20794	20642	20224		5	40002	40110		0	0	0	0	0	0	0	0	0	
2431	13	5		2	2500	10201	10205	10202	20528	20265	20604	20444	20369						6	40014	40125		0	0	0	0	0					
2432	13	5	1	2	2500	10210	10203	10207	20450	20349	20586	20804	20144						6	40111	40107		0	0	0	0	0					
2433	13	5	2	2	2500	10206	10202	10208	20156	20728	20636	20361	20656	20841					6	40110	40017		0	0	0	0	0	0				
2434	13	5	3	2	2500	10207	10204	10201	20636	20432	20794	20158	20694	20434	20050	20741	20788		6	40109	40008		0	0	0	0	0	0	0	0	0	
2435	13	5	4	2	2500	10201	10210	10209	20432	20580	20706	20224	20146	20050	20622	20672	20214	20458	6	40006	40009		0	0	0	0	0	0	0	0	0	0
2436	13	6		2	2500	10201	10210	10207	20512	20355	20762	20786	20361						7	40001	40013		0	0	0	0	0					
2437	13	6	1	2	2500	10206	10201	10210	20162	20156	20512	20512	20253	20304					7	40005	40126		0	0	0	0	0	0				
2438	13	6	2	2	2500	10210	10207	10209	20778	20158	20740	20363	20373	20226	20840	20200	20228		7	40114	40105		0	0	0	0	0	0	0	0	0	
2439	13	6	3	2	2500	10201	10208	10206	20530	20416	20742	20648	20158	20028	20622	20506	20357	20772	7	40006	40115		0	0	0	0	0	0	0	0	0	0
2440	13	6	4	2	2500	10209	10205	10204	20756	20247	20218	20452	20542	20706	20351	20794	20132	20422	7	40115	40125		0	0	0	0	0	0	0	0	0	0
2441	13	7		2	2500	10206	10207	10202	20578	20450	20048	20355	20740	20841					8	40009	40112		0	0	0	0	0	0				
2442	13	7	1	2	2500	10206	10202	10204	20786	20680	20230	20506	20594	20614	20214	20247	20452		8	40115	40015		0	0	0	0	0	0	0	0	0	
2443	13	7	2	2	2500	10207	10210	10203	20814	20336	20830	20792	20158	20664	20772	20363	20542	20540	8	40017	40126		0	0	0	0	0	0	0	0	0	0
2444	13	7	3	2	2500	10205	10209	10208	20822	20544	20164	20373	20694	20592	20226	20373	20656	20840	8	40003	40013		0	0	0	0	0	0	0	0	0	0
2445	13	7	4	2	2500	10208	10204	10202	20688	20690	20794	20830	20588	20132	20446	20842	20130	20672	8	40016	40125		20688	20690	20794	20830	20588	0	0	0	0	0
2446	13	8		2	2500	10208	10210	10206	20820	20218	20522	20357	20542	20164	20764	20373	20690		9	40004	40125	40023	0	0	0	0	0	0	0	0	0	
2447	13	8	1	2	2500	10202	10201	10209	20614	20840	20694	20164	20722	20694	20780	20422	20648	20269	9	40014	40009	40106	0	0	0	0	0	0	0	0	0	0
2448	13	8	2	2	2500	10206	10209	10208	20714	20336	20050	20351	20696	20642	20794	20642	20050	20538	9	40017	40104	40022	0	0	0	0	0	0	0	0	0	0
2449	13	8	3	2	2500	10206	10203	10201	20432	20780	20200	20224	20756	20730	20200	20132	20506	20772	9	40115	40012	40124	20432	20780	0	0	20756	0	0	0	0	0
2450	13	8	4	2	2500	10207	10206	10210	20422	20630	20351	20842	20336	20792	20780	20522	20544	20780	9	40114	40022	40115	0	20630	20351	20842	20336	0	0	0	0	0
2451	13	9		2	2500	10206	10205	10204	20738	20730	20230	20642	20269	20780	20522	20822	20506	20714	10	40005	40115	40101	0	0	0	0	0	0	0	0	0	0
2452	13	9	1	2	2500	10203	10206	10204	20814	20259	20214	20722	20062	20840	20132	20756	20432	20200	10	40112	40106	40115	0	0	0	0	0	0	0	0	0	0
2453	13	9	2	2	2500	10206	10207	10205	20730	20588	20164	20842	20432	20694	20780	20130	20740	20580	10	40111	40008	40104	20730	20588	20164	20842	20432	0	0	0	0	0
2454	13	9	3	2	2500	10201	10202	10206	20522	20452	20304	20622	20714	20373	20506	20214	20452	20592	10	40010	40115	40104	20522	20452	0	20622	20714	0	0	0	0	0
2455	13	9	4	2	2500	10208	10210	10207	20050	20458	20656	20688	20764	20522	20446	20363	20224	20357	10	40002	40015	40112	20050	20458	20656	20688	20764	0	0	0	0	0
2456	13	10		2	2500	10206	10205	10204	20738	20730	20230	20642	20269	20780	20522	20822	20506	20714	10	40005	40115	40101	0	0	0	0	0	0	0	0	0	0
2457	13	10	1	2	2500	10203	10206	10204	20814	20259	20214	20722	20062	20840	20132	20756	20432	20200	10	40112	40106	40115	0	0	0	0	0	0	0	0	0	0
2458	13	10	2	2	2500	10206	10207	10205	20730	20588	20164	20842	20432	20694	20780	20130	20740	20580	10	40111	40008	40104	20730	20588	20164	20842	20432	0	0	0	0	0
2459	13	10	3	2	2500	10201	10202	10206	20522	20452	20304	20622	20714	20373	20506	20214	20452	20592	10	40010	40115	40104	20522	20452	0	20622	20714	0	0	0	0	0
2460	13	10	4	2	2500	10208	10210	10207	20050	20458	20656	20688	20764	20522	20446	20363	20224	20357	10	40002	40015	40112	20050	20458	20656	20688	20764	0	0	0	0	0
2461	13	11		2	2500	10206	10205	10204	20738	20730	20230	20642	20269	20780	20522	20822	20506	20714	10	40005	40115	40101	0	0	0	0	0	0	0	0	0	0
2462	13	11	1	2	2500	10203	10206	10204	20814	20259	20214	20722	20062	20840	20132	20756	20432	20200	10	40112	40106	40115	0	0	0	0	0	0	0	0	0	0
2463	13	11	2	2	2500	10206	10207	10205	20730	20588	20164	20842	20432	20694	20780	20130	20740	20580	10	40111	40008	40104	20730	20588	20164	20842	20432	0	0	0	0	0
2464	13	11	3	2	2500	10201	10202	10206	20522	20452	20304	20622	20714	20373	20506	20214	20452	20592	10	40010	40115	40104	20522	20452	0	20622	20714	0	0	0	0	0
2465	13	11	4	2	2500	10208	10210	10207	20050	20458	20656	20688	20764	20522	20446	20363	20224	20357	10	40002	40015	40112	20050	20458	20656	20688	20764	0	0	0	0	0
2466	13	12		2	2500	10206	10205	10204	20738	20730	20230	20642	20269	20780	20522	20822	20506	20714	10	40005	40115	40101	0	0	0	0	0	0	0	0	0	0
2467	13	12	1	2	2500	10203	10206	10204	20814	20259	20214	20722	20062	20840	20132	20756	20432	20200	10	40112	40106	40115	0	0	0	0	0	0	0	0	0	0
2468	13	12	2	2	2500	10206	10207	10205	20730	20588	20164	20842	20432	20694	20780	20130	20740	20580	10	40111	40008	40104	20730	20588	20164	20842	20432	0	0	0	0	0
2469	13	12	3	2	2500	10201	10202	10206	20522	20452	20304	20622	20714	20373	20506	20214	20452	20592	10	40010	40115	40104	20522	20452	0	20622	20714	0	0	0	0	0
2470	13	12	4	2	2500	10208	10210	10207	20050	20458	20656	20688	20764	20522	20446	20363	20224	20357	10	40002	40015	40112	20050	20458	20656	20688	20764	0	0	0	0	0
2471	13			3	2500	10001			20532	20758									1	40014			0	0								
2472	13		1	3	2500	10001			20632	20558	20508								1	40009			0	0	0							
2473	13		2	3	2500	10009	10008		20818	20676	20810	20760							1	40112			0	0	0	0						
2474	13		3	3	2500	10001	10009		20261	20454	20654								1	40114			0	0	0							
2475	13		4	3	2500	10010	10001	10008	20654	20578	20162	20361	20578	20265					1	40012			0	0	0	0	0	0				
2476	13	1		3	2500	10010			20308	20758	20318								2	40007			0	0	0							
2477	13	1	1	3	2500	10002	10004		20454	20784	20760	20106							2	40009			0	0	0	0						
2478	13	1	2	3	2500	10010	10003		20442	20684	20762								2	40012			0	0	0							
2479	13	1	3	3	2500	10009	10005	10010	20712	20804	20728	20586	20778	20628					2	40003			0	0	0	0	0	0				
2480	13	1	4	3	2500	10009	10006	10003	20265	20662	20054	20820	20570						2	40112			0	0	0	0	0					
2481	13	2		3	2500	10008	10009		20526	20734	20826	20676							3	40002			0	0	0	0						
2482	13	2	1	3	2500	10005	10008		20128	20442	20670								3	40017			0	0	0							
2483	13	2	2	3	2500	10009	10010	10007	20520	20754	20512	20554	20361	20257					3	40010			0	0	0	0	0	0				
2484	13	2	3	3	2500	10002	10009	10008	20604	20620	20712	20361	20586						3	40014			0	0	0	0	0					
2485	13	2	4	3	2500	10001	10002	10004	20654	20678	20670	20704	20654						3	40015			0	0	0	0	0					
2486	13	3		3	2500	10005	10006		20347	20058	20712								4	40013			0	0	0							
2487	13	3	1	3	2500	10005	10004	10010	20578	20562	20144	20762	20251	20778					4	40013			0	0	0	0	0	0				
2488	13	3	2	3	2500	10009	10004	10002	20520	20060	20504	20520	20536						4	40017			0	0	0	0	0					
2489	13	3	3	3	2500	10008	10009	10005	20678	20678	20156	20828	20144						4	40110			0	0	0	0	0					
2490	13	3	4	3	2500	10008	10002	10006	20536	20257	20754	20628	20056	20351					4	40113			0	0	0	0	0	0				
2491	13	4		3	2500	10004	10003	10006	20570	20820	20836	20820	20536	20060					5	40111	40016		0	0	0	0	0	0				
2492	13	4	1	3	2500	10006	10001	10008	20770	20678	20836	20444	20450						5	40110	40004		0	0	0	0	0					
2493	13	4	2	3	2500	10003	10009	10004	20670	20770	20349	20820	20504						5	40013	40010		0	0	0	0	0					
2494	13	4	3	3	2500	10010	10001	10009	20156	20265	20156	20251	20304	20530					5	40006	40016		0	0	0	0	0	0				
2495	13	4	4	3	2500	10004	10006	10009	20245	20592	20840	20672	20556	20648	20522	20672	20790		5	40109	40108		0	0	0	0	0	0	0	0	0	
2496	13	5		3	2500	10007	10004	10010	20712	20778	20754	20251	20450						6	40017	40008		0	0	0	0	0					
2497	13	5	1	3	2500	10006	10002	10010	20265	20520	20456	20450	20369						6	40109	40108		0	0	0	0	0					
2498	13	5	2	3	2500	10004	10006	10008	20257	20444	20355	20678	20540	20030					6	40109	40017		0	0	0	0	0	0				
2499	13	5	3	3	2500	10003	10002	10006	20048	20542	20722	20706	20530	20030	20214	20638	20822		6	40113	40116		0	0	0	0	0	0	0	0	0	
2500	13	5	4	3	2500	10004	10010	10002	20253	20259	20458	20432	20050	20030	20530	20664	20146	20434	6	40111	40012		0	0	0	0	0	0	0	0	0	0
2501	13	6		3	2500	10010	10008	10005	20570	20570	20054	20762	20662						7	40014	40013		0	0	0	0	0					
2502	13	6	1	3	2500	10008	10009	10005	20162	20770	20778	20736	20648	20592					7	40007	40004		0	0	0	0	0	0				
2503	13	6	2	3	2500	10005	10008	10006	20728	20050	20304	20226	20164	20656	20630	20538	20822		7	40013	40017		0	0	0	0	0	0	0	0	0	
2504	13	6	3	3	2500	10006	10005	10010	20764	20416	20806	20706	20130	20806	20741	20363	20218	20253	7	40015	40116		0	0	0	0	0	0	0	0	0	0
2505	13	6	4	3	2500	10007	10008	10004	20130	20056	20514	20688	20842	20334	20640	20146	20538	20606	7	40111	40126		0	0	0	0	0	0	0	0	0	0
2506	13	7		3	2500	10008	10005	10004	20754	20836	20444	20349	20564	20530					8	40008	40105		0	0	0	0	0	0				
2507	13	7	1	3	2500	10004	10001	10002	20578	20544	20622	20446	20336	20738	20572	20226	20452		8	40009	40018		0	0	0	0	0	0	0	0	0	
2508	13	7	2	3	2500	10008	10006	10002	20814	20648	20446	20814	20580	20688	20363	20594	20572	20696	8	40005	40103		0	0	0	0	0	0	0	0	0	0
2509	13	7	3	3	2500	10009	10002	10010	20540	20790	20304	20840	20434	20830	20530	20622	20214	20756	8	40109	40022		0	0	0	0	0	0	0	0	0	0
2510	13	7	4	3	2500	10003	10001	10002	20664	20132	20614	20690	20028	20132	20030	20764	20458	20050	8	40017	40101		20664	20132	20614	20690	20028	0	0	0	0	0
2511	13	8		3	2500	10007	10003	10009	20048	20822	20630	20446	20214	20336	20422	20200	20588		9	40012	40016	40111	0	0	0	0	0	0	0	0	0	
2512	13	8	1	3	2500	10007	10001	10010	20742	20622	20050	20756	20452	20694	20373	20822	20706	20694	9	40005	40007	40104	0	0	0	0	0	0	0	0	0	0
2513	13	8	2	3	2500	10008	10009	10005	20158	20556	20200	20794	20146	20730	20132	20434	20741	20434	9	40110	40126	40105	0	0	0	0	0	0	0	0	0	0
2514	13	8	3	3	2500	10010	10004	10008	20780	20338	20432	20304	20794	20730	20830	20680	20841	20542	9	40112	40005	40113	20780	20338	20432	0	20794	0	0	0	0	0
2515	13	8	4	3	2500	10005	10009	10008	20214	20814	20822	20840	20688	20838	20606	20572	20363	20228	9	40017	40109	40112	0	20814	20822	20840	20688	0	0	0	0	0
2516	13	9		3	2500	10004	10003	10009	20458	20452	20814	20200	20580	20530	20434	20158	20304	20452	10	40016	40103	40114	0	0	0	0	0	0	0	0	0	0
2517	13	9	1	3	2500	10010	10004	10005	20351	20742	20842	20030	20247	20722	20742	20790	20336	20130	10	40004	40102	40018	0	0	0	0	0	0	0	0	0	0
2518	13	9	2	3	2500	10002	10006	10007	20432	20592	20542	20540	20592	20830	20742	20452	20696	20790	10	40004	40022	40108	20432	20592	20542	20540	20592	0	0	0	0	0
2519	13	9	3	3	2500	10005	10010	10009	20794	20164	20050	20840	20590	20764	20253	20694	20522	20714	10	40014	40022	40102	20794	20164	20050	20840	20590	0	0	0	0	0
2520	13	9	4	3	2500	10006	10009	10010	20269	20640	20642	20680	20841	20822	20740	20028	20790	20638	10	40008	40114	40017	20269	20640	20642	20680	20841	0	0	0	0	0
2521	13	10		3	2500	10004	10003	10009	20458	20452	20814	20200	20580	20530	20434	20158	20304	20452	10	40016	40103	40114	0	0	0	0	0	0	0	0	0	0
2522	13	10	1	3	2500	10010	10004	10005	20351	20742	20842	20030	20247	20722	20742	20790	20336	20130	10	40004	40102	40018	0	0	0	0	0	0	0	0	0	0
2523	13	10	2	3	2500	10002	10006	10007	20432	20592	20542	20540	20592	20830	20742	20452	20696	20790	10	40004	40022	40108	20432	20592	20542	20540	20592	0	0	0	0	0
2524	13	10	3	3	2500	10005	10010	10009	20794	20164	20050	20840	20590	20764	20253	20694	20522	20714	10	40014	40022	40102	20794	20164	20050	20840	20590	0	0	0	0	0
2525	13	10	4	3	2500	10006	10009	10010	20269	20640	20642	20680	20841	20822	20740	20028	20790	20638	10	40008	40114	40017	20269	20640	20642	20680	20841	0	0	0	0	0
2526	13	11		3	2500	10004	10003	10009	20458	20452	20814	20200	20580	20530	20434	20158	20304	20452	10	40016	40103	40114	0	0	0	0	0	0	0	0	0	0
2527	13	11	1	3	2500	10010	10004	10005	20351	20742	20842	20030	20247	20722	20742	20790	20336	20130	10	40004	40102	40018	0	0	0	0	0	0	0	0	0	0
2528	13	11	2	3	2500	10002	10006	10007	20432	20592	20542	20540	20592	20830	20742	20452	20696	20790	10	40004	40022	40108	20432	20592	20542	20540	20592	0	0	0	0	0
2529	13	11	3	3	2500	10005	10010	10009	20794	20164	20050	20840	20590	20764	20253	20694	20522	20714	10	40014	40022	40102	20794	20164	20050	20840	20590	0	0	0	0	0
2530	13	11	4	3	2500	10006	10009	10010	20269	20640	20642	20680	20841	20822	20740	20028	20790	20638	10	40008	40114	40017	20269	20640	20642	20680	20841	0	0	0	0	0
2531	13	12		3	2500	10004	10003	10009	20458	20452	20814	20200	20580	20530	20434	20158	20304	20452	10	40016	40103	40114	0	0	0	0	0	0	0	0	0	0
2532	13	12	1	3	2500	10010	10004	10005	20351	20742	20842	20030	20247	20722	20742	20790	20336	20130	10	40004	40102	40018	0	0	0	0	0	0	0	0	0	0
2533	13	12	2	3	2500	10002	10006	10007	20432	20592	20542	20540	20592	20830	20742	20452	20696	20790	10	40004	40022	40108	20432	20592	20542	20540	20592	0	0	0	0	0
2534	13	12	3	3	2500	10005	10010	10009	20794	20164	20050	20840	20590	20764	20253	20694	20522	20714	10	40014	40022	40102	20794	20164	20050	20840	20590	0	0	0	0	0
2535	13	12	4	3	2500	10006	10009	10010	20269	20640	20642	20680	20841	20822	20740	20028	20790	20638	10	40008	40114	40017	20269	20640	20642	20680	20841	0	0	0	0	0
