Id	Life	AttackNormal	DefenseNormal	Crit
1	0x0001869F00000000	0x0000000F00000000	0x0000000000000000	0x0000000000000000
2	0x0000000A00000000	0x0000000F00000000	0x0000000000000000	0x0000000000000000
3	0x000F423F00000000	0x0000000F00000000	0x0000000000000000	0x0000000000000000
4	0x000F423F00000000	0x0000000F00000000	0x0000000000000000	0x0000000000000000
5	0x000F423F00000000	0x0000000F00000000	0x0000000000000000	0x0000000000000000
6	0x000F423F00000000	0x0000000F00000000	0x0000000000000000	0x0000000000000000
7	0x0000000100000000	0x0000000100000000	0x0000000100000000	0x0000000100000000
8	0x0000000100000000	0x0000000100000000	0x0000000100000000	0x0000000100000000
10	0x0001869F00000000	0x0000000F00000000	0x0000000000000000	0x0000000000000000
11	0x000F423F00000000	0x0000000F00000000	0x0000000000000000	0x0000000000000000
12	0x0001869F00000000	0x0000000F00000000	0x0000000000000000	0x0000000000000000
13	0x0001869F00000000	0x0000000F00000000	0x0000000000000000	0x0000000000000000
14	0x0000000400000000	0x0000000100000000	0x0000000000000000	0x0000000000000000
15	0x0000000200000000	0x0000000100000000	0x0000000000000000	0x0000000000000000
16	0x0000000500000000	0x0000000100000000	0x0000000000000000	0x0000000000000000
17	0x0000000A00000000	0x0000000100000000	0x0000000000000000	0x0000000000000000
18	0x0000001400000000	0x0000000100000000	0x0000000000000000	0x0000000000000000
19	0x0000001E00000000	0x0000000100000000	0x0000000000000000	0x0000000000000000
20	0x000001F400000000	0x0000000100000000	0x0000000000000000	0x0000000000000000
21	0x0000C35000000000	0x0000000100000000	0x0000000000000000	0x0000000000000000
22	0x000F423F00000000	0x0000006400000000	0x0000006400000000	0x0000000000000000
23	0x0000000100000000	0x0000000000000000	0x0000000000000000	0x0000000000000000
24	0x0000000A00000000	0x0000000F00000000	0x0000000000000000	0x0000000000000000
83	0x0000057800000000	0x0000006400000000	0x0000000000000000	0x0000000000000000
84	0x0000005000000000	0x0000003200000000	0x0000000000000000	0x0000000000000000
85	0x0000057800000000	0x0000006400000000	0x0000000000000000	0x0000000000000000
86	0x0001869F00000000	0x0000006400000000	0x0000000000000000	0x0000000000000000
87	0x0001869F00000000	0x0000000F00000000	0x0000000000000000	0x0000000000000000
88	0x000001F400000000	0x0000000F00000000	0x0000000000000000	0x0000000000000000
89	0x000001F400000000	0x0000000F00000000	0x0000000000000000	0x0000000000000000
832	0x000001F400000000	0x0000000F00000000	0x0000000000000000	0x0000000000000000
833	0x000001F400000000	0x0000000F00000000	0x0000000000000000	0x0000000000000000
835	0x000001F400000000	0x0000000F00000000	0x0000000000000000	0x0000000000000000
90	0x0001869F00000000	0x0000000F00000000	0x0000000000000000	0x0000000000000000
91	0x0001869F00000000	0x0000000F00000000	0x0000000000000000	0x0000000000000000
92	0x0001869F00000000	0x0000000F00000000	0x0000000000000000	0x0000000000000000
93	0x0001869F00000000	0x0000000F00000000	0x0000000000000000	0x0000000000000000
94	0x0001869F00000000	0x0000000F00000000	0x0000000000000000	0x0000000000000000
95	0x0001869F00000000	0x0000000F00000000	0x0000000000000000	0x0000000000000000
96	0x0001869F00000000	0x0000000F00000000	0x0000000000000000	0x0000000000000000
8742	0x0000000100000000	0x0000000100000000	0x0000000100000000	0x0000000100000000
8744	0x0000000100000000	0x0000000100000000	0x0000000100000000	0x0000000100000000
1018	0x0001869F00000000	0x0000006400000000	0x0000006400000000	0x0000000000000000
1002	0x0001869F00000000	0x0000006400000000	0x0000006400000000	0x0000000000000000
1009	0x0001869F00000000	0x0000006400000000	0x0000006400000000	0x0000000000000000
1004	0x0001869F00000000	0x0000006400000000	0x0000006400000000	0x0000000000000000
1016	0x0001869F00000000	0x0000006400000000	0x0000006400000000	0x0000000000000000
1023	0x0001869F00000000	0x0000006400000000	0x0000006400000000	0x0000000000000000
1033	0x0001869F00000000	0x0000006400000000	0x0000006400000000	0x0000000000000000
1017	0x0001869F00000000	0x0000006400000000	0x0000006400000000	0x0000000000000000
1006	0x0001869F00000000	0x0000006400000000	0x0000006400000000	0x0000000000000000
1011	0x0001869F00000000	0x0000006400000000	0x0000006400000000	0x0000000000000000
1003	0x0001869F00000000	0x0000006400000000	0x0000006400000000	0x0000000000000000
1012	0x0001869F00000000	0x0000006400000000	0x0000006400000000	0x0000000000000000
1001	0x0001869F00000000	0x0000006400000000	0x0000006400000000	0x0000000000000000
1005	0x0001869F00000000	0x0000006400000000	0x0000006400000000	0x0000000000000000
1007	0x0001869F00000000	0x0000006400000000	0x0000006400000000	0x0000000000000000
1008	0x0001869F00000000	0x0000006400000000	0x0000006400000000	0x0000000000000000
1013	0x0001869F00000000	0x0000006400000000	0x0000006400000000	0x0000000000000000
1014	0x0001869F00000000	0x0000006400000000	0x0000006400000000	0x0000000000000000
1022	0x0001869F00000000	0x0000006400000000	0x0000006400000000	0x0000000000000000
1062	0x0001869F00000000	0x0000006400000000	0x0000006400000000	0x0000000000000000
1015	0x0001869F00000000	0x0000006400000000	0x0000006400000000	0x0000000000000000
1318	0x0001869F00000000	0x0000006400000000	0x0000006400000000	0x0000000000000000
1101	0x0001869F00000000	0x0000006400000000	0x0000006400000000	0x0000000000000000
1032	0x0001869F00000000	0x0000006400000000	0x0000006400000000	0x0000000000000000
1041	0x0001869F00000000	0x0000006400000000	0x0000006400000000	0x0000000000000000
1132	0x0001869F00000000	0x0000006400000000	0x0000006400000000	0x0000000000000000
1200	0x0000270F00000000	0x0000006400000000	0x0000000000000000	0x0000000000000000
1102	0x0001869F00000000	0x0000006400000000	0x0000006400000000	0x0000000000000000
1232	0x0001869F00000000	0x0000006400000000	0x0000006400000000	0x0000000000000000
1103	0x0001869F00000000	0x0000006400000000	0x0000006400000000	0x0000000000000000
1104	0x0001869F00000000	0x0000006400000000	0x0000006400000000	0x0000000000000000
1105	0x0001869F00000000	0x0000006400000000	0x0000006400000000	0x0000000000000000
1115	0x0001869F00000000	0x0000006400000000	0x0000006400000000	0x0000000000000000
1106	0x0001869F00000000	0x0000006400000000	0x0000006400000000	0x0000000000000000
1107	0x0001869F00000000	0x0000006400000000	0x0000006400000000	0x0000000000000000
1108	0x0001869F00000000	0x0000006400000000	0x0000006400000000	0x0000000000000000
1109	0x0001869F00000000	0x0000006400000000	0x0000006400000000	0x0000000000000000
1112	0x000001F400000000	0x0000006400000000	0x0000006400000000	0x0000000000000000
1113	0x000001F400000000	0x0000006400000000	0x0000006400000000	0x0000000000000000
875	0x0001869F00000000	0x0000000F00000000	0x0000000000000000	0x0000000000000000
1201	0x0001869F00000000	0x0000006400000000	0x0000006400000000	0x0000000000000000
1202	0x0000271000000000	0x0000006400000000	0x0000006400000000	0x0000000000000000
1203	0x0001869F00000000	0x0000006400000000	0x0000006400000000	0x0000000000000000
1204	0x0001869F00000000	0x0000006400000000	0x0000006400000000	0x0000000000000000
1205	0x0001869F00000000	0x0000006400000000	0x0000006400000000	0x0000000000000000
1206	0x0001869F00000000	0x0000006400000000	0x0000006400000000	0x0000000000000000
1218	0x0001869F00000000	0x0000006400000000	0x0000006400000000	0x0000000000000000
1213	0x0001869F00000000	0x0000006400000000	0x0000006400000000	0x0000000000000000
1289	0x000001F400000000	0x0000000F00000000	0x0000000000000000	0x0000000000000000
1223	0x0001869F00000000	0x0000006400000000	0x0000006400000000	0x0000000000000000
1211	0x0001869F00000000	0x0000006400000000	0x0000006400000000	0x0000000000000000
1215	0x0001869F00000000	0x0000006400000000	0x0000006400000000	0x0000000000000000
1301	0x0001869F00000000	0x0000006400000000	0x0000006400000000	0x0000000000000000
1302	0x0001869F00000000	0x0000006400000000	0x0000006400000000	0x0000000000000000
1311	0x0001869F00000000	0x0000006400000000	0x0000006400000000	0x0000000000000000
1312	0x0001869F00000000	0x0000006400000000	0x0000006400000000	0x0000000000000000
1303	0x0001869F00000000	0x0000006400000000	0x0000006400000000	0x0000000000000000
1304	0x0001869F00000000	0x0000006400000000	0x0000006400000000	0x0000000000000000
1305	0x0001869F00000000	0x0000006400000000	0x0000006400000000	0x0000000000000000
1306	0x0001869F00000000	0x0000006400000000	0x0000006400000000	0x0000000000000000
4101	0x0001869F00000000	0x000003E800000000	0x0000006400000000	0x0000000000000000
4201	0x0001869F00000000	0x000003E800000000	0x0000006400000000	0x0000000000000000
4301	0x0001869F00000000	0x000003E800000000	0x0000006400000000	0x0000000000000000
4401	0x0001869F00000000	0x000003E800000000	0x0000006400000000	0x0000000000000000
4103	0x0001869F00000000	0x000003E800000000	0x0000006400000000	0x0000000000000000
4203	0x0001869F00000000	0x000003E800000000	0x0000006400000000	0x0000000000000000
4105	0x0001869F00000000	0x000003E800000000	0x0000006400000000	0x0000000000000000
4205	0x0001869F00000000	0x000003E800000000	0x0000006400000000	0x0000000000000000
5005	0x0001869F00000000	0x000003E800000000	0x0000006400000000	0x0000000000000000
9	0x0000000100000000	0x0000000100000000	0x0000000100000000	0x0000000100000000
100	0x0000000100000000	0x0000000100000000	0x0000000100000000	0x0000000100000000
101	0x0000000100000000	0x0000000100000000	0x0000000100000000	0x0000000100000000
1026	0x0000032461468070	0x00000083A1477CB8	0x00000076733306C8	0x00000043451E9F18
1393	0x0001869F00000000	0x0000006400000000	0x0000006400000000	0x0000000000000000
1093	0x0001869F00000000	0x0000006400000000	0x0000006400000000	0x0000000000000000
2004	0x000001F400000000	0x0000001400000000	0x0000000733333308	0x000000067AE14540
2005	0x0000006400000000	0x0000000A00000000	0x0000000000000000	0x0000000000000000
4001	0x000000D5BFFFAFD8	0x0000002F3FFFEE48	0x0000001CB0A3CC48	0x000000167FFFFF79
4703	0x00004E2000000000	0x000007D000000000	0x000005DC00000000	0x0000000000000000
4705	0x0001869F00000000	0x0000006400000000	0x0000006400000000	0x0000000000000000
4706	0x0000000100000000	0x0000006400000000	0x000005DC00000000	0x0000000000000000
4710	0x0000000100000000	0x0000000100000000	0x000005DC00000000	0x0000000000000000
4712	0x00004E2000000000	0x000007D000000000	0x000005DC00000000	0x0000000000000000
4713	0x0016E36000000000	0x0000000100000000	0x000005DC00000000	0x0000000000000000
5001	0x000007D000000000	0x000003E800000000	0x000002EE00000000	0x0000027100000000
7001	0x0000000100000000	0x0000000100000000	0x0000000100000000	0x0000000100000000
7002	0x0000000100000000	0x0000000100000000	0x0000000100000000	0x0000000100000000
7003	0x0000000100000000	0x0000000100000000	0x0000000100000000	0x0000000100000000
7004	0x0000000100000000	0x0000000100000000	0x0000000100000000	0x0000000100000000
7005	0x0000000100000000	0x0000000100000000	0x0000000100000000	0x0000000100000000
7006	0x0000000100000000	0x0000000100000000	0x0000000100000000	0x0000000100000000
7007	0x0000000100000000	0x0000000100000000	0x0000000100000000	0x0000000100000000
7008	0x0000000100000000	0x0000000100000000	0x0000000100000000	0x0000000100000000
7012	0x0000000100000000	0x0000000100000000	0x0000000100000000	0x0000000100000000
7013	0x0000000100000000	0x0000000100000000	0x0000000100000000	0x0000000100000000
7102	0x0000000100000000	0x0000000100000000	0x0000000100000000	0x0000000100000000
7300	0x0000000100000000	0x0000000100000000	0x000005DC00000000	0x0000000000000000
7301	0x0000000100000000	0x0000000100000000	0x000005DC00000000	0x0000000000000000
7302	0x0000000100000000	0x0000000100000000	0x000005DC00000000	0x0000000000000000
7303	0x0000000100000000	0x0000000100000000	0x000005DC00000000	0x0000000000000000
7304	0x0000000100000000	0x0000000100000000	0x000005DC00000000	0x0000000000000000
7305	0x0000000100000000	0x0000000100000000	0x000005DC00000000	0x0000000000000000
7306	0x0000000100000000	0x0000000100000000	0x000005DC00000000	0x0000000000000000
7307	0x0000000100000000	0x0000000100000000	0x000005DC00000000	0x0000000000000000
7308	0x0000000100000000	0x0000000100000000	0x0000000100000000	0x0000000000000000
7309	0x0000000100000000	0x0000000100000000	0x0000000100000000	0x0000000100000000
7401	0x0000000100000000	0x0000000100000000	0x000005DC00000000	0x0000000000000000
7402	0x0000000100000000	0x0000000100000000	0x000005DC00000000	0x0000000000000000
7403	0x0000000100000000	0x0000000100000000	0x000005DC00000000	0x0000000000000000
7404	0x0000000100000000	0x0000000100000000	0x000005DC00000000	0x0000000100000000
7405	0x0000000100000000	0x0000000100000000	0x000005DC00000000	0x0000000000000000
7406	0x0000000100000000	0x0000000100000000	0x000005DC00000000	0x0000000000000000
7407	0x0000000100000000	0x0000000100000000	0x000005DC00000000	0x0000000100000000
7408	0x0000000100000000	0x0000000100000000	0x000005DC00000000	0x0000000000000000
7409	0x0000000100000000	0x0000000100000000	0x000005DC00000000	0x0000000000000000
7410	0x0000000100000000	0x0000000100000000	0x000005DC00000000	0x0000000000000000
7411	0x0000000100000000	0x0000000100000000	0x000005DC00000000	0x0000000000000000
7412	0x0000000100000000	0x0000000100000000	0x000005DC00000000	0x0000000000000000
7413	0x0000000100000000	0x0000000100000000	0x000005DC00000000	0x0000000000000000
7414	0x0000000100000000	0x0000000100000000	0x000005DC00000000	0x0000000000000000
8021	0x0000000100000000	0x0000000100000000	0x000005DC00000000	0x0000000000000000
8025	0x0000000100000000	0x0000000100000000	0x000005DC00000000	0x0000000000000000
8033	0x0000000100000000	0x0000000100000000	0x000005DC00000000	0x0000000000000000
8036	0x0000000100000000	0x0000000100000000	0x000005DC00000000	0x0000000000000000
8048	0x0000000100000000	0x0000000100000000	0x000005DC00000000	0x0000000000000000
8050	0x0000000100000000	0x0000000100000000	0x000005DC00000000	0x0000000000000000
8051	0x0000000100000000	0x0000000100000000	0x000005DC00000000	0x0000000000000000
8052	0x0001869F00000000	0x0000000100000000	0x000005DC00000000	0x0000000000000000
8110	0x0000000100000000	0x0000000100000000	0x0000000100000000	0x0000000100000000
8120	0x0000000100000000	0x0000000100000000	0x0000000100000000	0x0000000100000000
8130	0x0000000100000000	0x0000000100000000	0x0000000100000000	0x0000000100000000
8131	0x0000000100000000	0x0000000100000000	0x0000000100000000	0x0000000100000000
8132	0x0000000100000000	0x0000000100000000	0x0000000100000000	0x0000000100000000
8140	0x0000000100000000	0x0000000100000000	0x0000000100000000	0x0000000100000000
8141	0x0000000100000000	0x0000000100000000	0x0000000100000000	0x0000000100000000
8142	0x0000000100000000	0x0000000100000000	0x0000000100000000	0x0000000100000000
8143	0x0000000100000000	0x0000000100000000	0x0000000100000000	0x0000000100000000
8150	0x0000000100000000	0x0000000100000000	0x0000000100000000	0x0000000100000000
8151	0x0000000100000000	0x0000000100000000	0x0000000100000000	0x0000000100000000
8152	0x0000000100000000	0x0000000100000000	0x0000000100000000	0x0000000100000000
8160	0x0000000100000000	0x0000000100000000	0x0000000100000000	0x0000000100000000
8161	0x0000000100000000	0x0000000100000000	0x0000000100000000	0x0000000100000000
8170	0x0000000100000000	0x0000000100000000	0x0000000100000000	0x0000000100000000
8171	0x0000000100000000	0x0000000100000000	0x0000000100000000	0x0000000100000000
8172	0x0000000100000000	0x0000000100000000	0x0000000100000000	0x0000000100000000
8175	0x000186A000000000	0x0000000100000000	0x000005DC00000000	0x0000000100000000
8180	0x0000000100000000	0x0000000100000000	0x0000000100000000	0x0000000100000000
8181	0x0000000100000000	0x0000000100000000	0x0000000100000000	0x0000000100000000
8190	0x0000000100000000	0x0000000100000000	0x0000000100000000	0x0000000100000000
8191	0x0000000100000000	0x0000000100000000	0x0000000100000000	0x0000000100000000
8192	0x0000000100000000	0x0000000100000000	0x0000000100000000	0x0000000100000000
8210	0x0000000100000000	0x0000000100000000	0x0000000100000000	0x0000000100000000
8213	0x0000000100000000	0x0000000100000000	0x0000000100000000	0x0000000100000000
8214	0x0000000100000000	0x0000000100000000	0x0000000100000000	0x0000000100000000
8215	0x0000000100000000	0x0000000100000000	0x0000000100000000	0x0000000100000000
8216	0x0000000100000000	0x0000000100000000	0x0000000100000000	0x0000000100000000
8235	0x000186A000000000	0x0000000100000000	0x000005DC00000000	0x0000000100000000
8060	0x000186A000000000	0x0000000100000000	0x000005DC00000000	0x0000000100000000
8759	0x0000000100000000	0x0000000100000000	0x000005DC00000000	0x0000000000000000
8760	0x0000000100000000	0x000012A500000000	0x000005DC00000000	0x0000000000000000
8245	0x000186A000000000	0x0000000100000000	0x000005DC00000000	0x0000000100000000
8310	0x0000000100000000	0x0000000100000000	0x0000000100000000	0x0000000100000000
8311	0x0000000100000000	0x0000000100000000	0x0000000100000000	0x0000000100000000
8312	0x0000000100000000	0x0000000100000000	0x0000000100000000	0x0000000100000000
8313	0x0000000100000000	0x0000000100000000	0x000005DC00000000	0x0000000000000000
8316	0x0000000100000000	0x0000000100000000	0x000005DC00000000	0x0000000000000000
8318	0x0000000100000000	0x0000000100000000	0x000005DC00000000	0x0000000000000000
8320	0x0000000100000000	0x0000000100000000	0x0000000100000000	0x0000000100000000
8330	0x0000000100000000	0x0000000100000000	0x0000000100000000	0x0000000100000000
8331	0x0000000100000000	0x0000000100000000	0x0000000100000000	0x0000000100000000
8334	0x0000000100000000	0x0000000100000000	0x000005DC00000000	0x0000000000000000
8340	0x0000000100000000	0x0000000100000000	0x0000000100000000	0x0000000100000000
8350	0x0000000100000000	0x0000000100000000	0x0000000100000000	0x0000000100000000
8351	0x0000000100000000	0x0000000100000000	0x000005DC00000000	0x0000000100000000
8352	0x0000000100000000	0x0000000100000000	0x0000000100000000	0x0000000100000000
8353	0x0000000100000000	0x0000000100000000	0x0000000100000000	0x0000000100000000
8360	0x0000000100000000	0x0000000100000000	0x0000000100000000	0x0000000100000000
8380	0x0000000A00000000	0x0000000100000000	0x0000000100000000	0x0000000000000000
8381	0x0000000100000000	0x000003E800000000	0x0000000100000000	0x0000000100000000
8382	0x0000000100000000	0x0000000100000000	0x000005DC00000000	0x0000000100000000
8390	0x0000000100000000	0x0000000100000000	0x000005DC00000000	0x0000000100000000
8391	0x0000000100000000	0x0000000100000000	0x0000000100000000	0x0000000100000000
8393	0x0000000100000000	0x0000000100000000	0x000005DC00000000	0x0000000100000000
8400	0x0000000100000000	0x0000000100000000	0x000005DC00000000	0x0000000100000000
8420	0x0000000100000000	0x0000000100000000	0x000005DC00000000	0x0000000100000000
8426	0x0000000100000000	0x0000000100000000	0x000005DC00000000	0x0000000100000000
8430	0x0000000100000000	0x0000000100000000	0x0000000000000000	0x0000000100000000
8431	0x0000000100000000	0x0000000100000000	0x0000000000000000	0x0000000100000000
8432	0x0000000100000000	0x0000000100000000	0x000005DC00000000	0x0000000100000000
8433	0x0000000100000000	0x0000000100000000	0x000005DC00000000	0x0000000100000000
8434	0x0000000100000000	0x0000000100000000	0x000005DC00000000	0x0000000100000000
8440	0x0000000100000000	0x0000000100000000	0x0000000000000000	0x0000000100000000
8460	0x0000000100000000	0x0000000100000000	0x000005DC00000000	0x0000000100000000
8461	0x0000000100000000	0x0000000100000000	0x000005DC00000000	0x0000000100000000
8462	0x0000000100000000	0x0000000100000000	0x000005DC00000000	0x0000000100000000
8470	0x0000000100000000	0x0000000100000000	0x000005DC00000000	0x0000000000000000
8471	0x0000000100000000	0x0000000100000000	0x000005DC00000000	0x0000000000000000
8472	0x0000271000000000	0x0000000100000000	0x000005DC00000000	0x0000000000000000
8482	0x0000000100000000	0x0000000100000000	0x000005DC00000000	0x0000000100000000
8483	0x0000000100000000	0x0000009600000000	0x000005DC00000000	0x0000000100000000
8490	0x0000000100000000	0x0000000100000000	0x000005DC00000000	0x0000000100000000
8491	0x0000000100000000	0x000002E09C27E188	0x000005DC00000000	0x0000000100000000
8510	0x000186A000000000	0x0000000100000000	0x000005DC00000000	0x0000000100000000
8511	0x00000A2800000000	0x000001A400000000	0x0000004E00000000	0x0000003400000000
8512	0x000186A000000000	0x0000000100000000	0x000005DC00000000	0x0000000100000000
8513	0x000186A000000000	0x000003BA00000000	0x000005DC00000000	0x0000000100000000
8530	0x0000000100000000	0x0000000100000000	0x000005DC00000000	0x0000000000000000
8531	0x0000000100000000	0x0000000100000000	0x000005DC00000000	0x0000000000000000
8532	0x0000000100000000	0x000003FB00000000	0x000005DC00000000	0x0000000000000000
8535	0x0000000100000000	0x0000000100000000	0x000005DC00000000	0x0000000000000000
8536	0x0000000100000000	0x0000000100000000	0x000005DC00000000	0x0000000000000000
8537	0x0000000100000000	0x0000000100000000	0x000005DC00000000	0x0000000000000000
8550	0x0000000100000000	0x0000000100000000	0x000005DC00000000	0x0000000000000000
8555	0x0000000100000000	0x0000000100000000	0x000005DC00000000	0x0000000000000000
8556	0x0000000100000000	0x0000000100000000	0x000005DC00000000	0x0000000000000000
8557	0x0000000100000000	0x0000055000000000	0x000005DC00000000	0x0000000000000000
8558	0x0000000100000000	0x0000021600000000	0x000005DC00000000	0x0000000000000000
8562	0x0000000100000000	0x0000000100000000	0x000005DC00000000	0x0000000000000000
8563	0x0000000100000000	0x0000000100000000	0x000005DC00000000	0x0000000000000000
8565	0x0016E36000000000	0x0000000100000000	0x000005DC00000000	0x0000000000000000
8566	0x0016E36000000000	0x0000000100000000	0x000005DC00000000	0x0000000000000000
8567	0x0000000100000000	0x0000000100000000	0x000005DC00000000	0x0000000000000000
8568	0x0000000100000000	0x0000000100000000	0x000005DC00000000	0x0000000000000000
8570	0x0000000100000000	0x0000000100000000	0x000005DC00000000	0x0000000000000000
8571	0x0000000100000000	0x0000000100000000	0x000005DC00000000	0x0000000000000000
8572	0x0000000100000000	0x0000000100000000	0x000005DC00000000	0x0000000000000000
8575	0x0000000100000000	0x0000000100000000	0x000005DC00000000	0x0000000000000000
8220	0x0000000100000000	0x0000000100000000	0x000005DC00000000	0x0000000100000000
8221	0x0000000100000000	0x0000000100000000	0x000005DC00000000	0x0000000100000000
8701	0x0000000100000000	0x0000000100000000	0x0000000100000000	0x0000000100000000
8704	0x000186A000000000	0x0000006400000000	0x000005DC00000000	0x0000000000000000
8705	0x000186A000000000	0x0000006400000000	0x000005DC00000000	0x0000000000000000
8731	0x0000000100000000	0x0000000100000000	0x0000000100000000	0x0000000100000000
8736	0x0000000100000000	0x0000000100000000	0x0000000100000000	0x0000000100000000
8737	0x0000000100000000	0x0000000100000000	0x0000000100000000	0x0000000100000000
8750	0x0000000100000000	0x0000000100000000	0x0000000100000000	0x0000000100000000
8751	0x0000000100000000	0x0000000100000000	0x0000000100000000	0x0000000100000000
8752	0x0000000100000000	0x0000000100000000	0x0000000100000000	0x0000000100000000
8753	0x0000038400000000	0x0000000100000000	0x0000000100000000	0x0000000100000000
8754	0x0000000100000000	0x0000055000000000	0x000005DC00000000	0x0000000000000000
8755	0x0000000100000000	0x0000055000000000	0x000005DC00000000	0x0000000000000000
8756	0x0000000100000000	0x0000055000000000	0x000005DC00000000	0x0000000000000000
8762	0x0000000100000000	0x0000000100000000	0x000005DC00000000	0x0000000000000000
8765	0x0000000100000000	0x0000000100000000	0x000005DC00000000	0x0000000000000000
8769	0x0000000100000000	0x0000000100000000	0x000005DC00000000	0x0000000000000000
8775	0x0000000100000000	0x0000000100000000	0x000005DC00000000	0x0000000000000000
8781	0x0000000100000000	0x0000000100000000	0x000005DC00000000	0x0000000000000000
8782	0x000F424000000000	0x0000000100000000	0x000005DC00000000	0x0000000000000000
8783	0x000F424000000000	0x0000000100000000	0x000005DC00000000	0x0000000000000000
8790	0x0000000100000000	0x0000000100000000	0x000005DC00000000	0x0000000000000000
8791	0x0000000100000000	0x0000000100000000	0x000005DC00000000	0x0000000000000000
8792	0x00802C8000000000	0x000017D400000000	0x000005DC00000000	0x0000000000000000
8793	0x0007B0C000000000	0x000004C400000000	0x000005DC00000000	0x0000000000000000
8801	0x0000000100000000	0x000003E800000000	0x000005DC00000000	0x0000000100000000
8802	0x0000000100000000	0x0000032000000000	0x000005DC00000000	0x0000000100000000
8803	0x0000000100000000	0x0000064000000000	0x000005DC00000000	0x0000000000000000
8804	0x000002BC00000000	0x0000004600000000	0x0000005000000000	0x0000003C00000000
8805	0x0000000100000000	0x0000032000000000	0x000005DC00000000	0x0000000100000000
8806	0x000002BC00000000	0x0000004600000000	0x0000005000000000	0x0000003C00000000
8807	0x0000000100000000	0x0000032000000000	0x000005DC00000000	0x0000000100000000
8808	0x0000000100000000	0x000003E800000000	0x000005DC00000000	0x0000000100000000
8809	0x0000000100000000	0x000003E800000000	0x000005DC00000000	0x0000000100000000
8810	0x0000000100000000	0x0000064000000000	0x000005DC00000000	0x0000000000000000
8811	0x0000000100000000	0x0000032000000000	0x000005DC00000000	0x0000000100000000
8812	0x0000000100000000	0x0000064000000000	0x000005DC00000000	0x0000000000000000
8813	0x0000000100000000	0x0000064000000000	0x000005DC00000000	0x0000000000000000
8814	0x0000000100000000	0x000003E800000000	0x000005DC00000000	0x0000000000000000
8815	0x0000000100000000	0x0000064000000000	0x000005DC00000000	0x0000000000000000
8816	0x0000000100000000	0x0000064000000000	0x000005DC00000000	0x0000000000000000
8817	0x0000000100000000	0x0000064000000000	0x000005DC00000000	0x0000000000000000
8495	0x0010C8E000000000	0x0000138800000000	0x000005DC00000000	0x0000000100000000
8496	0x000F424000000000	0x0000138800000000	0x000005DC00000000	0x0000000100000000
8497	0x00B71B0000000000	0x0000177000000000	0x000005DC00000000	0x0000000000000000
8498	0x00B71B0000000000	0x0000095300000000	0x000005DC00000000	0x0000000000000000
9001	0x0000000100000000	0x0000000100000000	0x0000000100000000	0x0000000100000000
9002	0x0000000100000000	0x0000000000000000	0x0000000000000000	0x0000000000000000
9003	0x0000000100000000	0x0000000100000000	0x0000000100000000	0x0000000100000000
9004	0x0000000100000000	0x0000000100000000	0x000005DC00000000	0x0000000100000000
9008	0x000001711EB7C780	0x0000002B00000000	0x000000213851DF10	0x00000018028F5328
9009	0x0000000100000000	0x0000000100000000	0x0000000100000000	0x0000000100000000
9010	0x0000000100000000	0x0000000100000000	0x0000000100000000	0x0000000100000000
9011	0x0000000100000000	0x0000000100000000	0x0000000100000000	0x0000000100000000
9012	0x0000000100000000	0x0000000100000000	0x0000000100000000	0x0000000100000000
9013	0x0000000100000000	0x0000000100000000	0x0000000100000000	0x0000000100000000
9014	0x0000000100000000	0x0000000100000000	0x0000000100000000	0x0000000100000000
9015	0x0000000100000000	0x0000000100000000	0x0000000100000000	0x0000000100000000
9016	0x0000000100000000	0x0000000100000000	0x0000000100000000	0x0000000100000000
9017	0x0000000100000000	0x0000000100000000	0x0000000100000000	0x0000000100000000
9018	0x0000000100000000	0x0000000100000000	0x0000000100000000	0x0000000100000000
9019	0x0000000100000000	0x0000000100000000	0x0000000100000000	0x0000000100000000
9020	0x0000000100000000	0x0000000100000000	0x0000000100000000	0x0000000100000000
9021	0x0000000100000000	0x0000000100000000	0x0000000100000000	0x0000000100000000
9022	0x0000000100000000	0x0000000100000000	0x0000000100000000	0x0000000100000000
9023	0x0000000100000000	0x0000000100000000	0x000005DC00000000	0x0000000100000000
9025	0x0000000100000000	0x0000000100000000	0x0000000100000000	0x0000000100000000
9026	0x0000000100000000	0x0000000100000000	0x0000000100000000	0x0000000100000000
9027	0x0000000100000000	0x0000000100000000	0x000005DC00000000	0x0000000100000000
9028	0x0000000100000000	0x0000000100000000	0x000005DC00000000	0x0000000100000000
9029	0x0000000100000000	0x0000000100000000	0x000005DC00000000	0x0000000100000000
9030	0x0000000100000000	0x0000000100000000	0x000005DC00000000	0x0000000100000000
9031	0x0000000100000000	0x0000000100000000	0x000005DC00000000	0x0000000100000000
9033	0x0000000100000000	0x0000000100000000	0x0000000100000000	0x0000000100000000
9034	0x0000000100000000	0x0000000100000000	0x0000000100000000	0x0000000100000000
9035	0x0000000100000000	0x0000000100000000	0x0000000100000000	0x0000000100000000
9036	0x0000000100000000	0x0000000100000000	0x0000000100000000	0x0000000100000000
9037	0x0000000100000000	0x0000000100000000	0x0000000100000000	0x0000000100000000
9038	0x0000000100000000	0x0000000100000000	0x0000000100000000	0x0000000100000000
9039	0x0000000100000000	0x0000000100000000	0x0000000100000000	0x0000000100000000
9040	0x0000000100000000	0x0000000100000000	0x0000000100000000	0x0000000000000000
9041	0x0000000100000000	0x0000000100000000	0x0000000100000000	0x0000000000000000
9042	0x0000000100000000	0x0000000100000000	0x0000000100000000	0x0000000000000000
9043	0x0000000100000000	0x0000000100000000	0x0000000100000000	0x0000000000000000
9044	0x0000000100000000	0x0000000100000000	0x0000000100000000	0x0000000000000000
9045	0x0000000100000000	0x0000000100000000	0x0000000100000000	0x0000000100000000
9046	0x0000000100000000	0x0000000100000000	0x0000000100000000	0x0000000100000000
9047	0x0000000100000000	0x0000000100000000	0x000005DC00000000	0x0000000000000000
9048	0x0000000100000000	0x0000000100000000	0x000005DC00000000	0x0000000100000000
9049	0x0000000100000000	0x0000000100000000	0x000005DC00000000	0x0000000100000000
9050	0x0000000100000000	0x0000000100000000	0x0000000100000000	0x0000000000000000
9051	0x0000000100000000	0x0000000100000000	0x0000000100000000	0x0000000000000000
9052	0x0000000100000000	0x0000000100000000	0x000005DC00000000	0x0000000100000000
9053	0x0000000100000000	0x0000000100000000	0x000005DC00000000	0x0000000000000000
9054	0x0000000100000000	0x0000000100000000	0x000005DC00000000	0x0000000100000000
9055	0x0000000100000000	0x0000000100000000	0x000005DC00000000	0x0000000100000000
9056	0x0000000100000000	0x0000000100000000	0x000005DC00000000	0x0000000100000000
9060	0x0000000100000000	0x0000000100000000	0x0000000100000000	0x0000000000000000
9061	0x0000000100000000	0x0000000100000000	0x0000000100000000	0x0000000000000000
9062	0x0000000100000000	0x0000000100000000	0x0000000100000000	0x0000000000000000
9063	0x0000000100000000	0x0000000100000000	0x0000000100000000	0x0000000000000000
9064	0x0000000100000000	0x0000000100000000	0x0000000100000000	0x0000000000000000
9065	0x0000000100000000	0x0000000100000000	0x0000000100000000	0x0000000000000000
9066	0x0000000100000000	0x0000000100000000	0x0000000100000000	0x0000000000000000
9067	0x0000000100000000	0x0000000100000000	0x0000000100000000	0x0000000000000000
9068	0x0000000100000000	0x0000000100000000	0x0000000100000000	0x0000000000000000
9069	0x0000000100000000	0x0000000100000000	0x0000000100000000	0x0000000000000000
9070	0x0000000100000000	0x0000000100000000	0x0000000100000000	0x0000000000000000
9071	0x0000000100000000	0x0000000100000000	0x0000000100000000	0x0000000000000000
9072	0x0000000100000000	0x0000000100000000	0x0000000100000000	0x0000000000000000
9073	0x0000000100000000	0x0000000100000000	0x0000000100000000	0x0000000000000000
9074	0x0000000100000000	0x0000000100000000	0x0000000100000000	0x0000000000000000
9075	0x0000000100000000	0x0000000100000000	0x0000000100000000	0x0000000000000000
9076	0x0000000100000000	0x0000000100000000	0x0000000100000000	0x0000000000000000
9077	0x0000000100000000	0x0000000100000000	0x0000000100000000	0x0000000000000000
9078	0x0000000100000000	0x0000000100000000	0x0000000100000000	0x0000000000000000
9079	0x0000000100000000	0x0000000100000000	0x0000000100000000	0x0000000000000000
9080	0x0000000100000000	0x0000000100000000	0x0000000100000000	0x0000000000000000
9081	0x0000000100000000	0x0000000100000000	0x0000000100000000	0x0000000000000000
9082	0x0000000100000000	0x0000000100000000	0x000005DC00000000	0x0000000000000000
9086	0x0000000100000000	0x0000000100000000	0x000005DC00000000	0x0000000000000000
9087	0x0000000100000000	0x0000000100000000	0x000005DC00000000	0x0000000000000000
9089	0x0000000100000000	0x0000000100000000	0x000005DC00000000	0x0000000000000000
9090	0x0000000100000000	0x0000000100000000	0x000005DC00000000	0x0000000000000000
9091	0x0000000100000000	0x0000000100000000	0x000005DC00000000	0x0000000000000000
9095	0x0000000100000000	0x0000000100000000	0x000005DC00000000	0x0000000000000000
9096	0x0000000100000000	0x0000000100000000	0x000005DC00000000	0x0000000000000000
9097	0x0000000100000000	0x0000000100000000	0x000005DC00000000	0x0000000000000000
9098	0x0000000100000000	0x0000000100000000	0x000005DC00000000	0x0000000000000000
9099	0x0000000100000000	0x0000000100000000	0x000005DC00000000	0x0000000000000000
9093	0x0000000100000000	0x0000000100000000	0x000005DC00000000	0x0000000000000000
9094	0x0000000100000000	0x0000000100000000	0x000005DC00000000	0x0000000000000000
9104	0x0001869F00000000	0x0000000100000000	0x000005DC00000000	0x0000000000000000
9301	0x0000000100000000	0x0000000100000000	0x000005DC00000000	0x0000000000000000
9302	0x0000000100000000	0x0000000100000000	0x000005DC00000000	0x0000000000000000
9303	0x0000000100000000	0x0000000100000000	0x000005DC00000000	0x0000000000000000
9304	0x0000000100000000	0x0000000100000000	0x000005DC00000000	0x0000000000000000
9305	0x0000000100000000	0x0000000100000000	0x000005DC00000000	0x0000000000000000
9306	0x0000000100000000	0x0000000100000000	0x000005DC00000000	0x0000000000000000
9307	0x0000000100000000	0x0000000100000000	0x000005DC00000000	0x0000000000000000
9308	0x0000000100000000	0x0000000100000000	0x000005DC00000000	0x0000000000000000
9310	0x0000000100000000	0x0000000100000000	0x000005DC00000000	0x0000000000000000
9311	0x0000000100000000	0x0000000100000000	0x000005DC00000000	0x0000000000000000
9312	0x0000000100000000	0x0000000100000000	0x000005DC00000000	0x0000000000000000
9313	0x0000000100000000	0x0000000100000000	0x000005DC00000000	0x0000000000000000
9314	0x0000000100000000	0x0000000100000000	0x000005DC00000000	0x0000000000000000
9316	0x0000000100000000	0x0000000100000000	0x000005DC00000000	0x0000000000000000
9317	0x0000000100000000	0x0000000100000000	0x000005DC00000000	0x0000000000000000
9318	0x0000000100000000	0x0000000100000000	0x000005DC00000000	0x0000000000000000
9319	0x0000000100000000	0x0000000100000000	0x000005DC00000000	0x0000000000000000
9320	0x0000000100000000	0x0000000100000000	0x000005DC00000000	0x0000000000000000
9322	0x0000003200000000	0x0000000100000000	0x000005DC00000000	0x0000000000000000
9323	0x0000000100000000	0x0000000100000000	0x000005DC00000000	0x0000000000000000
9324	0x0000000100000000	0x0000000100000000	0x000005DC00000000	0x0000000000000000
9325	0x0000000100000000	0x0000000100000000	0x000005DC00000000	0x0000000000000000
9329	0x0000000100000000	0x0000000100000000	0x000005DC00000000	0x0000000000000000
9330	0x0000000100000000	0x0000000100000000	0x000005DC00000000	0x0000000000000000
9331	0x0000000100000000	0x0000000100000000	0x000005DC00000000	0x0000000000000000
9332	0x0000000100000000	0x0000000100000000	0x000005DC00000000	0x0000000000000000
9333	0x0000000100000000	0x0000000100000000	0x000005DC00000000	0x0000000000000000
9334	0x0000000100000000	0x0000000100000000	0x000005DC00000000	0x0000000000000000
9335	0x0000000100000000	0x0000000100000000	0x000005DC00000000	0x0000000000000000
9336	0x0000000100000000	0x0000000100000000	0x000005DC00000000	0x0000000000000000
9337	0x0000000100000000	0x0000000100000000	0x000005DC00000000	0x0000000000000000
9338	0x0000000100000000	0x0000000100000000	0x000005DC00000000	0x0000000000000000
9339	0x0000000100000000	0x0000000100000000	0x000005DC00000000	0x0000000000000000
9340	0x0000000100000000	0x0000000100000000	0x000005DC00000000	0x0000000000000000
9342	0x0000000100000000	0x0000000100000000	0x000005DC00000000	0x0000000000000000
9343	0x0000000100000000	0x0000000100000000	0x000005DC00000000	0x0000000000000000
9344	0x0000000100000000	0x0000000100000000	0x000005DC00000000	0x0000000000000000
9345	0x0000000100000000	0x0000000100000000	0x000005DC00000000	0x0000000000000000
9346	0x0000000100000000	0x0000000100000000	0x000005DC00000000	0x0000000000000000
9347	0x0000000100000000	0x0000000100000000	0x000005DC00000000	0x0000000000000000
9348	0x0000000100000000	0x0000000100000000	0x000005DC00000000	0x0000000000000000
9349	0x0000000100000000	0x0000000100000000	0x000005DC00000000	0x0000000000000000
9350	0x0000000100000000	0x0000000100000000	0x000005DC00000000	0x0000000000000000
9351	0x0000000100000000	0x0000000100000000	0x000005DC00000000	0x0000000000000000
9352	0x0000000100000000	0x0000000100000000	0x000005DC00000000	0x0000000000000000
9353	0x0000000100000000	0x0000000100000000	0x000005DC00000000	0x0000000000000000
9354	0x0000000100000000	0x0000000100000000	0x000005DC00000000	0x0000000000000000
9355	0x0000000100000000	0x0000000100000000	0x000005DC00000000	0x0000000000000000
9356	0x0000000100000000	0x0000000100000000	0x000005DC00000000	0x0000000000000000
9357	0x0000000100000000	0x0000000100000000	0x000005DC00000000	0x0000000000000000
9358	0x0000000100000000	0x0000000100000000	0x000005DC00000000	0x0000000000000000
9359	0x0000000100000000	0x0000000100000000	0x000005DC00000000	0x0000000000000000
9363	0x0000000100000000	0x0000000100000000	0x000005DC00000000	0x0000000000000000
9365	0x0000000100000000	0x0000000100000000	0x000005DC00000000	0x0000000000000000
9366	0x0000000100000000	0x0000000100000000	0x000005DC00000000	0x0000000000000000
9367	0x0000000100000000	0x0000000100000000	0x000005DC00000000	0x0000000000000000
9369	0x0000000100000000	0x0000000100000000	0x000005DC00000000	0x0000000000000000
9370	0x0000000100000000	0x0000000100000000	0x000005DC00000000	0x0000000000000000
9371	0x0000000100000000	0x0000000100000000	0x000005DC00000000	0x0000000000000000
9372	0x0000000100000000	0x0000000100000000	0x000005DC00000000	0x0000000000000000
9374	0x0000000100000000	0x0000000100000000	0x000005DC00000000	0x0000000000000000
9375	0x0000000100000000	0x0000000100000000	0x000005DC00000000	0x0000000000000000
9376	0x0000000100000000	0x0000000100000000	0x000005DC00000000	0x0000000000000000
9377	0x0000000100000000	0x0000000100000000	0x000005DC00000000	0x0000000100000000
9378	0x0000000100000000	0x0000000100000000	0x000005DC00000000	0x0000000000000000
9379	0x0000000100000000	0x0000000100000000	0x000005DC00000000	0x0000000000000000
9380	0x0000000100000000	0x0000000100000000	0x000005DC00000000	0x0000000000000000
9522	0x0000000100000000	0x0000000100000000	0x0000000100000000	0x0000000100000000
9523	0x0000000100000000	0x0000000100000000	0x0000000100000000	0x0000000100000000
9524	0x0000000100000000	0x0000000100000000	0x0000000100000000	0x0000000100000000
9525	0x0000000100000000	0x0000000100000000	0x0000000100000000	0x0000000100000000
9526	0x0000000100000000	0x0000000100000000	0x0000000100000000	0x0000000100000000
9527	0x0000000100000000	0x0000000100000000	0x0000000100000000	0x0000000100000000
9528	0x0000000100000000	0x0000000100000000	0x0000000100000000	0x0000000100000000
9529	0x0000000100000000	0x0000000100000000	0x0000000100000000	0x0000000100000000
9530	0x0000000100000000	0x0000000100000000	0x0000000100000000	0x0000000100000000
9531	0x0000000100000000	0x0000000100000000	0x0000000100000000	0x0000000100000000
9532	0x0000000100000000	0x0000000100000000	0x0000000100000000	0x0000000100000000
9533	0x0000000100000000	0x0000000100000000	0x0000000100000000	0x0000000100000000
9534	0x0000000100000000	0x0000000100000000	0x0000000100000000	0x0000000100000000
9535	0x0000000100000000	0x0000000100000000	0x0000000100000000	0x0000000100000000
9536	0x0000000100000000	0x0000000100000000	0x0000000100000000	0x0000000100000000
9537	0x0000000100000000	0x0000000100000000	0x0000000100000000	0x0000000100000000
9538	0x0000000100000000	0x0000000100000000	0x0000000100000000	0x0000000100000000
9539	0x0000000100000000	0x0000000100000000	0x0000000100000000	0x0000000100000000
9540	0x0000000100000000	0x0000000100000000	0x0000000100000000	0x0000000100000000
9547	0x0000000100000000	0x0000000100000000	0x0000000100000000	0x0000000100000000
9620	0x00004E2000000000	0x0000000100000000	0x0000000000000000	0x0000000000000000
9701	0x0000000100000000	0x0000000100000000	0x0000000100000000	0x0000000000000000
9702	0x0000000100000000	0x0000000100000000	0x0000000100000000	0x0000000000000000
9704	0x0000000100000000	0x0000000100000000	0x0000000100000000	0x0000000000000000
9711	0x0000000100000000	0x0000000100000000	0x0000000100000000	0x0000000000000000
9712	0x0000000100000000	0x0000000100000000	0x0000000100000000	0x0000000000000000
9721	0x0000000100000000	0x0000000100000000	0x0000000100000000	0x0000000000000000
9722	0x0000000100000000	0x0000000100000000	0x0000000100000000	0x0000000000000000
9723	0x0000000100000000	0x0000000100000000	0x0000000100000000	0x0000000000000000
9724	0x0000000100000000	0x0000000100000000	0x0000000100000000	0x0000000000000000
9731	0x0000000100000000	0x0000000100000000	0x0000000100000000	0x0000000000000000
9732	0x0000000100000000	0x0000000100000000	0x0000000100000000	0x0000000000000000
9734	0x0000000100000000	0x0000000100000000	0x0000000100000000	0x0000000000000000
9735	0x0000000100000000	0x0000000100000000	0x0000000100000000	0x0000000000000000
9741	0x0000000100000000	0x0000000100000000	0x0000000100000000	0x0000000000000000
9742	0x0000000100000000	0x0000000100000000	0x0000000100000000	0x0000000000000000
9744	0x0000000100000000	0x0000000100000000	0x0000000100000000	0x0000000000000000
9751	0x0000000100000000	0x0000000100000000	0x0000000100000000	0x0000000000000000
9752	0x0000000100000000	0x0000000100000000	0x0000000100000000	0x0000000000000000
9754	0x0000000100000000	0x0000000100000000	0x0000000100000000	0x0000000000000000
9760	0x0000000100000000	0x0000000100000000	0x0000000100000000	0x0000000000000000
9761	0x0000000100000000	0x0000000100000000	0x0000000100000000	0x0000000000000000
9762	0x0000000100000000	0x0000000100000000	0x0000000100000000	0x0000000000000000
9763	0x0000000100000000	0x0000000100000000	0x000005DC00000000	0x0000000000000000
9764	0x0000000100000000	0x0000000100000000	0x000005DC00000000	0x0000000000000000
9765	0x0000000100000000	0x0000000100000000	0x000005DC00000000	0x0000000000000000
9801	0x0000000100000000	0x0000000100000000	0x0000000100000000	0x0000000000000000
9803	0x0000000100000000	0x0000000100000000	0x0000000100000000	0x0000000000000000
9942	0x00004E2000000000	0x0000000100000000	0x0000000000000000	0x0000000000000000
9943	0x0000000A00000000	0x0000000F00000000	0x0000000000000000	0x0000000000000000
9945	0x00004E2000000000	0x0000000100000000	0x0000000000000000	0x0000000000000000
9623	0x00004E2000000000	0x0000000100000000	0x0000000000000000	0x0000000000000000
9700	0x00004E2000000000	0x0000000100000000	0x0000000000000000	0x0000000000000000
9705	0x000F423F00000000	0x0000177000000000	0x000005DC00000000	0x0000000000000000
9706	0x0040164000000000	0x0000138800000000	0x000005DC00000000	0x0000000000000000
9707	0x002AB98000000000	0x0000157C00000000	0x000005DC00000000	0x0000000000000000
9708	0x0038752000000000	0x0000157C00000000	0x000005DC00000000	0x0000000000000000
60010	0x000007D000000000	0x0000000000000000	0x0000000000000000	0x0000000000000000
60011	0x000023CE00000000	0x0000067700000000	0x000004A300000000	0x0000035300000000
60012	0x000023CE00000000	0x0000067700000000	0x000004A300000000	0x0000035300000000
70010	0x0000000100000000	0x0000000100000000	0x0000000100000000	0x0000000100000000
81100	0x0000000100000000	0x0000000100000000	0x0000000100000000	0x0000000100000000
81200	0x0000000100000000	0x0000000100000000	0x0000000100000000	0x0000000100000000
81300	0x0000000100000000	0x0000000100000000	0x0000000100000000	0x0000000100000000
81310	0x0000000100000000	0x0000000100000000	0x0000000100000000	0x0000000100000000
81400	0x0000000100000000	0x0000000100000000	0x0000000100000000	0x0000000100000000
81410	0x0000000100000000	0x0000000100000000	0x0000000100000000	0x0000000100000000
81420	0x0000000100000000	0x0000000100000000	0x0000000100000000	0x0000000100000000
81430	0x0000000100000000	0x0000000100000000	0x0000000100000000	0x0000000100000000
81500	0x0000000100000000	0x0000000100000000	0x0000000100000000	0x0000000100000000
81600	0x0000000100000000	0x0000000100000000	0x0000000100000000	0x0000000100000000
81700	0x0000000100000000	0x0000000100000000	0x0000000100000000	0x0000000100000000
81800	0x0000000100000000	0x0000000100000000	0x0000000100000000	0x0000000100000000
81900	0x0000000100000000	0x0000000100000000	0x0000000100000000	0x0000000100000000
82100	0x0000000100000000	0x0000000100000000	0x0000000100000000	0x0000000100000000
82130	0x0000000100000000	0x0000000100000000	0x0000000100000000	0x0000000100000000
82140	0x0000000100000000	0x0000000100000000	0x0000000100000000	0x0000000100000000
82150	0x0000000100000000	0x0000000100000000	0x0000000100000000	0x0000000100000000
82151	0x0000000100000000	0x0000000100000000	0x0000000100000000	0x0000000100000000
82160	0x0000000100000000	0x0000000100000000	0x0000000100000000	0x0000000100000000
83100	0x0000000100000000	0x0000000100000000	0x0000000100000000	0x0000000100000000
83101	0x0000000100000000	0x0000000100000000	0x0000000100000000	0x0000000100000000
83110	0x0000000100000000	0x0000000100000000	0x0000000100000000	0x0000000100000000
83500	0x0000000100000000	0x0000000100000000	0x0000000100000000	0x0000000100000000
83520	0x0000000100000000	0x0000000100000000	0x0000000100000000	0x0000000100000000
83521	0x0000000100000000	0x0000000100000000	0x0000000100000000	0x0000000100000000
83600	0x0000000100000000	0x0000000100000000	0x0000000100000000	0x0000000100000000
83601	0x0000000100000000	0x0000000100000000	0x0000000100000000	0x0000000100000000
83602	0x0000000100000000	0x0000000100000000	0x000005DC00000000	0x0000000100000000
83700	0x0000000100000000	0x0000000100000000	0x0000000100000000	0x0000000000000000
83705	0x0000000100000000	0x0000000100000000	0x000005DC00000000	0x0000000000000000
83710	0x0000000100000000	0x0000000100000000	0x0000000100000000	0x0000000000000000
83711	0x0000000100000000	0x000001D0E6665B81	0x000005DC00000000	0x0000000000000000
84100	0x0000000100000000	0x0000000100000000	0x000005DC00000000	0x0000000000000000
84110	0x0000000100000000	0x0000000100000000	0x000005DC00000000	0x0000000000000000
84120	0x0000000100000000	0x0000000100000000	0x000005DC00000000	0x0000000000000000
84130	0x0000000100000000	0x0000000100000000	0x000005DC00000000	0x0000000000000000
87010	0x0000000100000000	0x0000000100000000	0x0000000100000000	0x0000000100000000
87311	0x0000000100000000	0x0000000100000000	0x0000000100000000	0x0000000100000000
87601	0x0000000100000000	0x0000000100000000	0x0000000100000000	0x0000000100000000
87606	0x0000000100000000	0x0000000100000000	0x0000000100000000	0x0000000100000000
87607	0x0000000100000000	0x0000000100000000	0x0000000100000000	0x0000000100000000
87620	0x0000000100000000	0x0000000100000000	0x0000000100000000	0x0000000100000000
90000	0x0000000100000000	0x0000000100000000	0x0000000100000000	0x0000000100000000
90002	0x0000000100000000	0x0000000000000000	0x0000000000000000	0x0000000000000000
90003	0x0000000100000000	0x0000000000000000	0x0000000000000000	0x0000000000000000
90004	0x0000000100000000	0x0000000000000000	0x0000000000000000	0x0000000000000000
90005	0x0000000100000000	0x0000000000000000	0x0000000000000000	0x0000000000000000
90007	0x0000000100000000	0x0000000000000000	0x0000000000000000	0x0000000000000000
90008	0x0000000100000000	0x0000000000000000	0x0000000000000000	0x0000000000000000
90009	0x0000000100000000	0x0000000000000000	0x0000000000000000	0x0000000000000000
90431	0x0000000100000000	0x0000270F00000000	0x0000000100000000	0x0000000000000000
90030	0x0000006400000000	0x0000001400000000	0x0000000000000000	0x0000000000000000
90090	0x0000006400000000	0x0000001400000000	0x0000000000000000	0x0000000000000000
90130	0x0000006400000000	0x0000001400000000	0x0000000000000000	0x0000000000000000
90150	0x0000006400000000	0x0000001400000000	0x0000000000000000	0x0000000000000000
90180	0x0000006400000000	0x0000001400000000	0x0000000000000000	0x0000000000000000
90190	0x0000006400000000	0x0000001400000000	0x0000000000000000	0x0000000000000000
90210	0x0000006400000000	0x0000001400000000	0x0000000000000000	0x0000000000000000
90220	0x0000006400000000	0x0000001400000000	0x0000000000000000	0x0000000000000000
90250	0x0000006400000000	0x0000001400000000	0x0000000000000000	0x0000000000000000
90260	0x0000006400000000	0x0000001400000000	0x0000000000000000	0x0000000000000000
90330	0x0000006400000000	0x0000001400000000	0x0000000000000000	0x0000000000000000
90360	0x0000006400000000	0x0000001400000000	0x0000000000000000	0x0000000000000000
90370	0x0000006400000000	0x0000001400000000	0x0000000000000000	0x0000000000000000
90440	0x0000006400000000	0x0000001400000000	0x0000000000000000	0x0000000000000000
90450	0x0000006400000000	0x0000001400000000	0x0000000000000000	0x0000000000000000
90620	0x0000006400000000	0x0000001400000000	0x0000000000000000	0x0000000000000000
90640	0x0000006400000000	0x0000001400000000	0x0000000000000000	0x0000000000000000
90650	0x0000006400000000	0x0000001400000000	0x0000000000000000	0x0000000000000000
90700	0x0000006400000000	0x0000001400000000	0x0000000000000000	0x0000000000000000
821500	0x000004B000000000	0x0000001600000000	0x0000000000000000	0x0000000000000000
831000	0x0000038400000000	0x0000002000000000	0x0000000000000000	0x0000000000000000
973500	0x000002BC00000000	0x0000002300000000	0x0000000000000000	0x0000000000000000
813000	0x0000032000000000	0x0000002800000000	0x0000000000000000	0x0000000000000000
101021	0x000000D5BFFFAFD8	0x0000002F3FFFEE48	0x0000001CB0A3CC48	0x000000167FFFFF79
101022	0x00000135F0A362D0	0x00000044828F4278	0x00000029970A2DD8	0x000000209EB845B0
101023	0x00000196214715C8	0x00000059C7ADF2D0	0x000000367FFFFEB9	0x0000002ABFFFEFF8
101024	0x000001F64F5B6C98	0x0000006F0A3D4700	0x0000004368F5A948	0x00000034DEB83E18
101025	0x000002567FFFF1F9	0x000000844CCCC9B3	0x00000050547AC328	0x0000003F00000000
101026	0x000002B6B0A2D288	0x000000998F5BEF60	0x0000005D3AE124B8	0x000000491EB83680
101031	0x000000E100000000	0x000000317FFFFED7	0x0000001CB0A3CC48	0x00000017A147A538
101032	0x000001463FFF85A8	0x00000047C7ADF990	0x00000029970A2DD8	0x000000223FFFF328
101033	0x000001AB7FFFF5FB	0x0000005E0CCCA988	0x000000367FFFFEB9	0x0000002CE3D6F968
101034	0x00000210BFFF39B8	0x00000074547AB5A8	0x0000004368F5A948	0x00000037828F4758
101035	0x0000027600000000	0x0000008A9999965A	0x00000050547AC328	0x0000004226664D98
101036	0x000002DB3FFEEDC8	0x000000A0E14771C0	0x0000005D3AE124B8	0x0000004CC7ADF7B0
101201	0x0000000000000000	0x0000000000000000	0x0000000000000000	0x0000000000000000
101202	0x000000267AE13940	0x00000008828F58F8	0x0000000528F5C0A0	0x000000040CCCCB48
101203	0x000000535C28D680	0x000000126E1473F8	0x0000000B2E1476B0	0x00000008C51EB508
101204	0x00000086A8F59010	0x0000001DC51EAD28	0x000000120F5C2230	0x0000000E2B851968
101205	0x000000C0614765F0	0x0000002A87AE0488	0x00000019CF5C1F48	0x000000143D709C40
101206	0x000001007FFFF9FD	0x00000038B33331DF	0x0000002268F5B5A8	0x0000001AFD7099B8
101207	0x0000014D7332B628	0x00000049B5C273B8	0x0000002CBD709310	0x00000023170A3048
101208	0x000001A73AE0A8F8	0x0000005D8F5C05E0	0x00000038C7ADFF30	0x0000002C8A3D5FF0
101209	0x0000020DD47A1C18	0x000000743D707840	0x000000468CCCB258	0x00000037570A28B0
101210	0x000002813FFF0F88	0x0000008DBFFFCAD8	0x000000560A3D5060	0x000000437D708A88
101211	0x000003017FFFEDF7	0x000000AA1999959D	0x000000673FFFD948	0x00000050FD708578
101212	0x0000038E94798BD0	0x000000C94A3D2528	0x0000007A2E144D10	0x0000005FD70A1980
101213	0x000004354CCCB38D	0x000000EE23D6B0F0	0x000000908CCC9698	0x0000007163D6DFB8
101214	0x000005027FFFE1F1	0x0000011B7FFFF95B	0x000000AC1709FCE8	0x00000086FD707138
101301	0x0000000000000000	0x0000000000000000	0x0000000000000000	0x0000000000000000
101302	0x000000287FFFFF0D	0x00000008E8F5BF38	0x0000000528F5C0A0	0x000000043FFFFE68
101303	0x00000057BFFFDF18	0x000000134F5C21B8	0x0000000B2E1476B0	0x0000000935C28BE8
101304	0x0000008DBFFFCAD8	0x0000001F30A3CB58	0x000000120F5C2230	0x0000000EE147A880
101305	0x000000CA7FFFFB41	0x0000002C8CCCBC18	0x00000019CF5C1F48	0x000000153FFFF808
101306	0x0000010E00000000	0x0000003B66666502	0x0000002268F5B5A8	0x0000001C570A32D0
101307	0x0000015F00000000	0x0000004D3851CE90	0x0000002CBD709310	0x00000024D70A2FA0
101308	0x000001BD7FFFF58F	0x00000062028F3768	0x00000038C7ADFF30	0x0000002EC51EA6C8
101309	0x000002297FFFF307	0x00000079C51E8AA8	0x000000468CCCB258	0x0000003A1C28DFF8
101310	0x000002A300000000	0x000000947FFFFC85	0x000000560A3D5060	0x00000046DC28DB30
101311	0x0000032A00000000	0x000000B233332F06	0x000000673FFFD948	0x000000550A3D50C0
101312	0x000003BE7FFFE989	0x000000D2DEB802D8	0x0000007A2E144D10	0x00000064A1478858
101313	0x0000046E00000000	0x000000F97AE0EA20	0x000000908CCC9698	0x000000770F5BFC50
101314	0x0000054600000000	0x0000012900000000	0x000000AC1709FCE8	0x0000008DBD706EB0
102011	0x000000E100000000	0x0000002D00000000	0x000000200F5C1CF0	0x000000143FFFF868
102012	0x000001463FFF85A8	0x000000413FFFE788	0x0000002E7AE13640	0x0000001D5C28EAC0
102013	0x000001AB7FFFF5FB	0x000000557FFFFDFF	0x0000003CE8F5ABB8	0x000000267AE13940
102014	0x00000210BFFF39B8	0x00000069BFFFD858	0x0000004B570A2130	0x0000002F947ACF70
102015	0x0000027600000000	0x0000007E00000000	0x00000059C7ADF2D0	0x00000038B33331DF
102016	0x000002DB3FFEEDC8	0x000000923FFFC928	0x00000068333330C2	0x00000041CF5C1048
102021	0x000000EC3FFFA768	0x0000002D00000000	0x00000021BFFFF358	0x000000156147A610
102022	0x000001568F5BA880	0x000000413FFFE788	0x00000030EE146888	0x0000001EFD709838
102023	0x000001C0E14705C0	0x000000557FFFFDFF	0x000000401EB839E0	0x000000289C28E688
102024	0x0000022B30A306D8	0x00000069BFFFD858	0x0000004F4F5C0B38	0x000000323AE134D8
102025	0x000002957FFFF07F	0x0000007E00000000	0x0000005E7FFFFDC9	0x0000003BD9998328
102026	0x000002FFCF5B0908	0x000000923FFFC928	0x0000006DAE1451C0	0x0000004575C27550
102031	0x000000D5BFFFAFD8	0x000000317FFFFED7	0x000000200F5C1CF0	0x00000017A147A538
102032	0x00000135F0A362D0	0x00000047C7ADF990	0x0000002E7AE13640	0x000000223FFFF328
102033	0x00000196214715C8	0x0000005E0CCCA988	0x0000003CE8F5ABB8	0x0000002CE3D6F968
102034	0x000001F64F5B6C98	0x00000074547AB5A8	0x0000004B570A2130	0x00000037828F4758
102035	0x000002567FFFF1F9	0x0000008A9999965A	0x00000059C7ADF2D0	0x0000004226664D98
102036	0x000002B6B0A2D288	0x000000A0E14771C0	0x00000068333330C2	0x0000004CC7ADF7B0
102041	0x000000E57FFFFA9F	0x000000317FFFFED7	0x000000226E146DF8	0x0000001599999918
102042	0x0000014CC7AD97B0	0x00000047C7ADF990	0x00000031E8F5AFD8	0x0000001F51EB7960
102043	0x000001B40CCC2948	0x0000005E0CCCA988	0x00000041666664DE	0x000000290A3D6140
102044	0x0000021B547A1708	0x00000074547AB5A8	0x00000050E6666481	0x00000032C28F4920
102045	0x0000028299998A8A	0x0000008A9999965A	0x0000006063D6E618	0x0000003C7AE13100
102046	0x000002E9E1469660	0x000000A0E14771C0	0x0000006FDEB827F8	0x000000463333318E
102101	0x0000000000000000	0x0000000000000000	0x0000000000000000	0x0000000000000000
102102	0x000000287FFFFF0D	0x0000000819999969	0x00000005C51EB628	0x00000003A6666508
102103	0x00000057BFFFDF18	0x000000118CCCC638	0x0000000C7D709F28	0x00000007E3D70748
102104	0x0000008DBFFFCAD8	0x0000001C59998EF8	0x0000001430A3CF78	0x0000000CBFFFFB38
102105	0x000000CA7FFFFB41	0x000000287FFFFF0D	0x0000001CD70A32A0	0x000000123851E4B0
102106	0x0000010E00000000	0x0000003600000000	0x0000002675C280F0	0x000000184A3D6788
102107	0x0000015F00000000	0x000000463333318E	0x0000003200000000	0x0000001F947AD570
102108	0x000001BD7FFFF58F	0x0000005919999783	0x0000003F75C27790	0x00000028170A2E68
102109	0x000002297FFFF307	0x0000006EB333309B	0x0000004ED9997C08	0x00000031CF5C1648
102110	0x000002A300000000	0x0000008700000000	0x0000006028F59E80	0x0000003CBD708D10
102111	0x0000032A00000000	0x000000A200000000	0x00000073666663B2	0x00000048E3D6EEE8
102112	0x000003BE7FFFE989	0x000000BFB3332EB5	0x000000888CCC9998	0x00000056428F3BD0
102113	0x0000046E00000000	0x000000E2CCCCC77C	0x000000A18F5BEC60	0x000000660CCCA688
102114	0x0000054600000000	0x0000010E00000000	0x000000C05709F550	0x000000797D707648
102201	0x0000000000000000	0x0000000000000000	0x0000000000000000	0x0000000000000000
102202	0x0000002A87AE0488	0x0000000819999969	0x0000000611EB82D8	0x00000003D9999828
102203	0x0000005C23D6E7B0	0x000000118CCCC638	0x0000000D26666178	0x00000008547ADE28
102204	0x00000094D70A05A0	0x0000001C59998EF8	0x000000153FFFF808	0x0000000D75C28A50
102205	0x000000D4A1475E58	0x000000287FFFFF0D	0x0000001E5C28EA60	0x000000133AE14078
102206	0x0000011B7FFFF95B	0x0000003600000000	0x000000287AE13880	0x00000019A3D700A0
102207	0x000001708CCC4298	0x000000463333318E	0x00000034A1479A58	0x00000021570A30F0
102208	0x000001D3C7AD6510	0x0000005919999783	0x00000042CCCCCB3C	0x0000002A4F5C1918
102209	0x000002452E13A0F0	0x0000006EB333309B	0x0000005300000000	0x0000003491EB7168
102210	0x000002C4BFFEF638	0x0000008700000000	0x000000653851C590	0x000000401EB839E0
102211	0x000003527FFFEC11	0x000000A200000000	0x000000797851BDF8	0x0000004CF0A3BA30
102212	0x000003EE6E130178	0x000000BFB3332EB5	0x0000008FBD706DF0	0x0000005B0CCCAAA8
102213	0x000004A6B333174B	0x000000E2CCCCC77C	0x000000AA0F5BE930	0x0000006BB851C320
102214	0x000005897FFFDEC7	0x0000010E00000000	0x000000CA75C24370	0x000000803D7073C0
102301	0x0000000000000000	0x0000000000000000	0x0000000000000000	0x0000000000000000
102302	0x000000267AE13940	0x00000008E8F5BF38	0x00000005C51EB628	0x000000043FFFFE68
102303	0x000000535C28D680	0x000000134F5C21B8	0x0000000C7D709F28	0x0000000935C28BE8
102304	0x00000086A8F59010	0x0000001F30A3CB58	0x0000001430A3CF78	0x0000000EE147A880
102305	0x000000C0614765F0	0x0000002C8CCCBC18	0x0000001CD70A32A0	0x000000153FFFF808
102306	0x000001007FFFF9FD	0x0000003B66666502	0x0000002675C280F0	0x0000001C570A32D0
102307	0x0000014D7332B628	0x0000004D3851CE90	0x0000003200000000	0x00000024D70A2FA0
102308	0x000001A73AE0A8F8	0x00000062028F3768	0x0000003F75C27790	0x0000002EC51EA6C8
102309	0x0000020DD47A1C18	0x00000079C51E8AA8	0x0000004ED9997C08	0x0000003A1C28DFF8
102310	0x000002813FFF0F88	0x000000947FFFFC85	0x0000006028F59E80	0x00000046DC28DB30
102311	0x000003017FFFEDF7	0x000000B233332F06	0x00000073666663B2	0x000000550A3D50C0
102312	0x0000038E94798BD0	0x000000D2DEB802D8	0x000000888CCC9998	0x00000064A1478858
102313	0x000004354CCCB38D	0x000000F97AE0EA20	0x000000A18F5BEC60	0x000000770F5BFC50
102314	0x000005027FFFE1F1	0x0000012900000000	0x000000C05709F550	0x0000008DBD706EB0
102401	0x0000000000000000	0x0000000000000000	0x0000000000000000	0x0000000000000000
102402	0x000000294F5C1978	0x00000008E8F5BF38	0x0000000630A3D4B8	0x00000003E3D708C8
102403	0x00000059828F3A98	0x000000134F5C21B8	0x0000000D68F5BD88	0x000000086B851B90
102404	0x00000090970A0738	0x0000001F30A3CB58	0x00000015AE1472C0	0x0000000D99999948
102405	0x000000CE8CCC7F58	0x0000002C8CCCBC18	0x0000001EF851DFE8	0x000000136E147398
102406	0x0000011366665FF2	0x0000003B66666502	0x000000294A3D6128	0x00000019E8F5B8D8
102407	0x00000166051E3210	0x0000004D3851CE90	0x00000035AE1466C0	0x00000021B0A3CA68
102408	0x000001C668F51828	0x00000062028F3768	0x0000004423D6F0B0	0x0000002AC28F4C20
102409	0x0000023491EAB168	0x00000079C51E8AA8	0x00000054A8F5A2D0	0x0000003521479A28
102410	0x000002B07FFFEFDD	0x000000947FFFFC85	0x000000673D707D20	0x00000040CA3D5858
102411	0x0000033A33331FD6	0x000000B233332F06	0x0000007BE666637F	0x0000004DBFFFE2D8
102412	0x000003D1AB83B018	0x000000D2DEB802D8	0x000000929C28BEC8	0x0000005C028F39A8
102413	0x00000484AE12C920	0x000000F97AE0EA20	0x000000AD75C24E50	0x0000006CD99970C8
102414	0x0000056100000000	0x0000012900000000	0x000000CE828F0EB8	0x00000081970A0CD8
103011	0x000000D5BFFFAFD8	0x0000002D00000000	0x0000001CB0A3CC48	0x000000167FFFFF79
103012	0x00000135F0A362D0	0x000000413FFFE788	0x00000029970A2DD8	0x000000209EB845B0
103013	0x00000196214715C8	0x000000557FFFFDFF	0x000000367FFFFEB9	0x0000002ABFFFEFF8
103014	0x000001F64F5B6C98	0x00000069BFFFD858	0x0000004368F5A948	0x00000034DEB83E18
103015	0x000002567FFFF1F9	0x0000007E00000000	0x00000050547AC328	0x0000003F00000000
103016	0x000002B6B0A2D288	0x000000923FFFC928	0x0000005D3AE124B8	0x000000491EB83680
103021	0x000000D5BFFFAFD8	0x0000002D00000000	0x0000001E6147A2B0	0x000000167FFFFF79
103022	0x00000135F0A362D0	0x000000413FFFE788	0x0000002C0A3D6020	0x000000209EB845B0
103023	0x00000196214715C8	0x000000557FFFFDFF	0x00000039B5C279B8	0x0000002ABFFFEFF8
103024	0x000001F64F5B6C98	0x00000069BFFFD858	0x0000004761479350	0x00000034DEB83E18
103025	0x000002567FFFF1F9	0x0000007E00000000	0x000000550CCCACE8	0x0000003F00000000
103026	0x000002B6B0A2D288	0x000000923FFFC928	0x00000062B5C26A58	0x000000491EB83680
103031	0x000000E100000000	0x0000002D00000000	0x00000021BFFFF358	0x000000167FFFFF79
103032	0x000001463FFF85A8	0x000000413FFFE788	0x00000030EE146888	0x000000209EB845B0
103033	0x000001AB7FFFF5FB	0x000000557FFFFDFF	0x000000401EB839E0	0x0000002ABFFFEFF8
103034	0x00000210BFFF39B8	0x00000069BFFFD858	0x0000004F4F5C0B38	0x00000034DEB83E18
103035	0x0000027600000000	0x0000007E00000000	0x0000005E7FFFFDC9	0x0000003F00000000
103036	0x000002DB3FFEEDC8	0x000000923FFFC928	0x0000006DAE1451C0	0x000000491EB83680
103101	0x0000000000000000	0x0000000000000000	0x0000000000000000	0x0000000000000000
103102	0x000000267AE13940	0x0000000819999969	0x0000000528F5C0A0	0x000000040CCCCB48
103103	0x000000535C28D680	0x000000118CCCC638	0x0000000B2E1476B0	0x00000008C51EB508
103104	0x00000086A8F59010	0x0000001C59998EF8	0x000000120F5C2230	0x0000000E2B851968
103105	0x000000C0614765F0	0x000000287FFFFF0D	0x00000019CF5C1F48	0x000000143D709C40
103106	0x000001007FFFF9FD	0x0000003600000000	0x0000002268F5B5A8	0x0000001AFD7099B8
103107	0x0000014D7332B628	0x000000463333318E	0x0000002CBD709310	0x00000023170A3048
103108	0x000001A73AE0A8F8	0x0000005919999783	0x00000038C7ADFF30	0x0000002C8A3D5FF0
103109	0x0000020DD47A1C18	0x0000006EB333309B	0x000000468CCCB258	0x00000037570A28B0
103110	0x000002813FFF0F88	0x0000008700000000	0x000000560A3D5060	0x000000437D708A88
103111	0x000003017FFFEDF7	0x000000A200000000	0x000000673FFFD948	0x00000050FD708578
103112	0x0000038E94798BD0	0x000000BFB3332EB5	0x0000007A2E144D10	0x0000005FD70A1980
103113	0x000004354CCCB38D	0x000000E2CCCCC77C	0x000000908CCC9698	0x0000007163D6DFB8
103114	0x000005027FFFE1F1	0x0000010E00000000	0x000000AC1709FCE8	0x00000086FD707138
103201	0x0000000000000000	0x0000000000000000	0x0000000000000000	0x0000000000000000
103202	0x000000267AE13940	0x0000000819999969	0x0000000575C28D50	0x000000040CCCCB48
103203	0x000000535C28D680	0x000000118CCCC638	0x0000000BD70A3900	0x00000008C51EB508
103204	0x00000086A8F59010	0x0000001C59998EF8	0x000000132147A6E8	0x0000000E2B851968
103205	0x000000C0614765F0	0x000000287FFFFF0D	0x0000001B51EB7AE0	0x000000143D709C40
103206	0x000001007FFFF9FD	0x0000003600000000	0x000000246E146D38	0x0000001AFD7099B8
103207	0x0000014D7332B628	0x000000463333318E	0x0000002F5EB84028	0x00000023170A3048
103208	0x000001A73AE0A8F8	0x0000005919999783	0x0000003C1EB83B60	0x0000002C8A3D5FF0
103209	0x0000020DD47A1C18	0x0000006EB333309B	0x0000004AB3333173	0x00000037570A28B0
103210	0x000002813FFF0F88	0x0000008700000000	0x0000005B19999777	0x000000437D708A88
103211	0x000003017FFFEDF7	0x000000A200000000	0x0000006D51EB5C20	0x00000050FD708578
103212	0x0000038E94798BD0	0x000000BFB3332EB5	0x000000815EB82168	0x0000005FD70A1980
103213	0x000004354CCCB38D	0x000000E2CCCCC77C	0x000000990CCC9368	0x0000007163D6DFB8
103214	0x000005027FFFE1F1	0x0000010E00000000	0x000000B635C24B08	0x00000086FD707138
103301	0x0000000000000000	0x0000000000000000	0x0000000000000000	0x0000000000000000
103302	0x000000287FFFFF0D	0x0000000819999969	0x0000000611EB82D8	0x000000040CCCCB48
103303	0x00000057BFFFDF18	0x000000118CCCC638	0x0000000D26666178	0x00000008C51EB508
103304	0x0000008DBFFFCAD8	0x0000001C59998EF8	0x000000153FFFF808	0x0000000E2B851968
103305	0x000000CA7FFFFB41	0x000000287FFFFF0D	0x0000001E5C28EA60	0x000000143D709C40
103306	0x0000010E00000000	0x0000003600000000	0x000000287AE13880	0x0000001AFD7099B8
103307	0x0000015F00000000	0x000000463333318E	0x00000034A1479A58	0x00000023170A3048
103308	0x000001BD7FFFF58F	0x0000005919999783	0x00000042CCCCCB3C	0x0000002C8A3D5FF0
103309	0x000002297FFFF307	0x0000006EB333309B	0x0000005300000000	0x00000037570A28B0
103310	0x000002A300000000	0x0000008700000000	0x000000653851C590	0x000000437D708A88
103311	0x0000032A00000000	0x000000A200000000	0x000000797851BDF8	0x00000050FD708578
103312	0x000003BE7FFFE989	0x000000BFB3332EB5	0x0000008FBD706DF0	0x0000005FD70A1980
103313	0x0000046E00000000	0x000000E2CCCCC77C	0x000000AA0F5BE930	0x0000007163D6DFB8
103314	0x0000054600000000	0x0000010E00000000	0x000000CA75C24370	0x00000086FD707138
104021	0x000000B400000000	0x000000317FFFFED7	0x0000001B00000000	0x00000018BFFFF6B8
104022	0x0000010500000000	0x00000047C7ADF990	0x0000002723D6FB90	0x00000023E147A0A0
104023	0x0000015600000000	0x0000005E0CCCA988	0x000000334CCCCB99	0x0000002F07AE02D8
104024	0x000001A700000000	0x00000074547AB5A8	0x0000003F73331B68	0x0000003A28F5ACC0
104025	0x000001F800000000	0x0000008A9999965A	0x0000004B999997D4	0x000000454CCCCB2D
104026	0x0000024900000000	0x000000A0E14771C0	0x00000057BD7082F0	0x000000506E145CB8
104031	0x000000E100000000	0x000000317FFFFED7	0x00000021BFFFF358	0x000000156147A610
104032	0x000001463FFF85A8	0x00000047C7ADF990	0x00000030EE146888	0x0000001EFD709838
104033	0x000001AB7FFFF5FB	0x0000005E0CCCA988	0x000000401EB839E0	0x000000289C28E688
104034	0x00000210BFFF39B8	0x00000074547AB5A8	0x0000004F4F5C0B38	0x000000323AE134D8
104035	0x0000027600000000	0x0000008A9999965A	0x0000005E7FFFFDC9	0x0000003BD9998328
104036	0x000002DB3FFEEDC8	0x000000A0E14771C0	0x0000006DAE1451C0	0x0000004575C27550
104201	0x0000000000000000	0x0000000000000000	0x0000000000000000	0x0000000000000000
104202	0x00000020666665A4	0x00000008E8F5BF38	0x00000004DC28F3F0	0x0000000475C28DB0
104203	0x000000463333318E	0x000000134F5C21B8	0x0000000A851EB460	0x00000009A66662C8
104204	0x00000071666663BE	0x0000001F30A3CB58	0x0000001100000000	0x0000000F970A3798
104205	0x000000A200000000	0x0000002C8CCCBC18	0x000000184A3D6788	0x00000016428F53D0
104206	0x000000D800000000	0x0000003B66666502	0x000000206147A1F0	0x0000001DB0A3CBE8
104207	0x00000118CCCCC638	0x0000004D3851CE90	0x0000002A1999989D	0x00000026999998B2
104208	0x0000016466665E0C	0x00000062028F3768	0x0000003570A3C300	0x00000030FD709178
104209	0x000001BACCCCC26C	0x00000079C51E8AA8	0x00000042666664D8	0x0000003CDEB83B18
104210	0x0000021C00000000	0x000000947FFFFC85	0x00000050FAE12950	0x0000004A3D708800
104211	0x0000028800000000	0x000000B233332F06	0x000000612E145670	0x00000059170A1C08
104212	0x000002FECCCCBAD4	0x000000D2DEB802D8	0x00000072FD7078B8	0x000000696B84F730
104213	0x0000038B33331DF0	0x000000F97AE0EA20	0x000000880CCC99C8	0x0000007CBAE118E8
104214	0x0000043800000000	0x0000012900000000	0x000000A1F851AEC8	0x000000947D706C28
104301	0x0000000000000000	0x0000000000000000	0x0000000000000000	0x0000000000000000
104302	0x000000287FFFFF0D	0x00000008E8F5BF38	0x0000000611EB82D8	0x00000003D9999828
104303	0x00000057BFFFDF18	0x000000134F5C21B8	0x0000000D26666178	0x00000008547ADE28
104304	0x0000008DBFFFCAD8	0x0000001F30A3CB58	0x000000153FFFF808	0x0000000D75C28A50
104305	0x000000CA7FFFFB41	0x0000002C8CCCBC18	0x0000001E5C28EA60	0x000000133AE14078
104306	0x0000010E00000000	0x0000003B66666502	0x000000287AE13880	0x00000019A3D700A0
104307	0x0000015F00000000	0x0000004D3851CE90	0x00000034A1479A58	0x00000021570A30F0
104308	0x000001BD7FFFF58F	0x00000062028F3768	0x00000042CCCCCB3C	0x0000002A4F5C1918
104309	0x000002297FFFF307	0x00000079C51E8AA8	0x0000005300000000	0x0000003491EB7168
104310	0x000002A300000000	0x000000947FFFFC85	0x000000653851C590	0x000000401EB839E0
104311	0x0000032A00000000	0x000000B233332F06	0x000000797851BDF8	0x0000004CF0A3BA30
104312	0x000003BE7FFFE989	0x000000D2DEB802D8	0x0000008FBD706DF0	0x0000005B0CCCAAA8
104313	0x0000046E00000000	0x000000F97AE0EA20	0x000000AA0F5BE930	0x0000006BB851C320
104314	0x0000054600000000	0x0000012900000000	0x000000CA75C24370	0x000000803D7073C0
105011	0x000000FC00000000	0x000000287FFFFF0D	0x0000002575C28150	0x000000143FFFF868
105012	0x0000016D66665DD6	0x0000003ABAE131A8	0x000000364F5C1498	0x0000001D5C28EAC0
105013	0x000001DECCCCC194	0x0000004CF3331658	0x000000472B850408	0x000000267AE13940
105014	0x0000025033332552	0x0000005F2E145730	0x0000005807ADF378	0x0000002F947ACF70
105015	0x000002C199998910	0x00000071666663BE	0x00000068E66663F1	0x00000038B33331DF
105016	0x0000033300000000	0x00000083A1477CB8	0x00000079BD707630	0x00000041CF5C1048
105031	0x00000102BFFF9EF8	0x0000002ABFFFEFF8	0x0000002370A3C9C0	0x000000143FFFF868
105032	0x0000017730A34A58	0x0000003DFD708C98	0x0000003361479AD0	0x0000001D5C28EAC0
105033	0x000001EBA146F5B8	0x000000513AE12938	0x00000043547AC808	0x000000267AE13940
105034	0x000002600F5B44F0	0x0000006475C269B0	0x0000005347ADF540	0x0000002F947ACF70
105035	0x000002D47FFFEF05	0x00000077B3333065	0x000000633AE12278	0x00000038B33331DF
105036	0x00000348F0A29BB0	0x0000008AF0A3A2F0	0x0000007328F59760	0x00000041CF5C1048
105101	0x0000000000000000	0x0000000000000000	0x0000000000000000	0x0000000000000000
105102	0x0000002D5C28E4C0	0x000000074A3D6DE8	0x00000006BD70A150	0x00000003A6666508
105103	0x0000006247ADEFA0	0x0000000FCCCCCC6E	0x0000000E99999942	0x00000007E3D70748
105104	0x0000009EC28F20A0	0x00000019851EAEC0	0x00000017970A3498	0x0000000CBFFFFB38
105105	0x000000E2CCCCC77C	0x0000002473332588	0x00000021B3333269	0x000000123851E4B0
105106	0x0000012E66665F50	0x0000003099999876	0x0000002CEE146A08	0x000000184A3D6788
105107	0x000001891EB7BE80	0x0000003F2E146330	0x0000003A6B8508D0	0x0000001F947AD570
105108	0x000001F2F5C1D440	0x0000005030A3B8F8	0x0000004A26664A98	0x00000028170A2E68
105109	0x0000026BEB843640	0x00000063A14788B8	0x0000005C21478B88	0x00000031CF5C1648
105110	0x000002F400000000	0x000000797FFFFD27	0x0000007059996F78	0x0000003CBD708D10
105111	0x0000038B33331DF0	0x00000091CCCCC962	0x00000086D47AAEB8	0x00000048E3D6EEE8
105112	0x00000431851D25C0	0x000000AC87ADD3C8	0x0000009F8CCC90F8	0x00000056428F3BD0
105113	0x000004F614790500	0x000000CC1EB80560	0x000000BCC51E7188	0x000000660CCCA688
105114	0x000005E800000000	0x000000F300000000	0x000000E0BAE0F368	0x000000797D707648
105301	0x0000000000000000	0x0000000000000000	0x0000000000000000	0x0000000000000000
105302	0x0000002E947ACFD0	0x00000007B3333305	0x000000065EB84F88	0x00000003A6666508
105303	0x00000064E8F59CB8	0x00000010AB851878	0x0000000DCF5C23C8	0x00000007E3D70748
105304	0x000000A3028F1F08	0x0000001AEE1470C8	0x000000164F5C2098	0x0000000CBFFFFB38
105305	0x000000E8E14756C0	0x000000267AE13940	0x0000001FE147A220	0x000000123851E4B0
105306	0x000001367FFFF8B9	0x000000334CCCCB99	0x0000002A7FFFFF01	0x000000184A3D6788
105307	0x00000193A665CF08	0x00000042B0A3BE08	0x00000037428F4770	0x0000001F947AD570
105308	0x00000200547A2128	0x00000054A66646A8	0x0000004623D6EFF0	0x00000028170A2E68
105309	0x0000027C87AD25C8	0x000000692B84F748	0x00000057266645B8	0x00000031CF5C1648
105310	0x000003083FFEDCE8	0x000000803FFFCFE8	0x0000006A47ADECA0	0x0000003CBD708D10
105311	0x000003A37FFFEA2B	0x00000099E66662CB	0x0000007F8A3D40D0	0x00000048E3D6EEE8
105312	0x0000044E47AC7720	0x000000B61EB80DA0	0x00000096EE144248	0x00000056428F3BD0
105313	0x0000051819997B09	0x000000D775C23E90	0x000000B28F5BE600	0x000000660CCCA688
105314	0x000006107FFFDB9D	0x000001007FFFF9FD	0x000000D4947A9190	0x000000797D707648
106021	0x000000F77FFFFA33	0x000000287FFFFF0D	0x0000002473332588	0x00000014B33332B7
106022	0x00000166E1472780	0x0000003ABAE131A8	0x00000034D70A29A0	0x0000001E028F50E8
106023	0x000001D63FFF4FA8	0x0000004CF3331658	0x000000453FFFE608	0x00000027547AD288
106024	0x00000245A146D3F8	0x0000005F2E145730	0x00000055A6664648	0x00000030A3D6F800
106025	0x000002B500000000	0x00000071666663BE	0x000000660F5C02B0	0x00000039F5C279A0
106026	0x0000032461468070	0x00000083A1477CB8	0x00000076733306C8	0x00000043451E9F18
106031	0x0000010E00000000	0x000000287FFFFF0D	0x000000252147A028	0x000000143FFFF868
106032	0x000001877FFFF6D3	0x0000003ABAE131A8	0x00000035D1EB70F0	0x0000001D5C28EAC0
106033	0x0000020100000000	0x0000004CF3331658	0x0000004687ADFA08	0x000000267AE13940
106034	0x0000027A7FFFF121	0x0000005F2E145730	0x000000573D708320	0x0000002F947ACF70
106035	0x000002F400000000	0x00000071666663BE	0x00000067F3330C38	0x00000038B33331DF
106036	0x0000036D7FFFEB6F	0x00000083A1477CB8	0x00000078A6663928	0x00000041CF5C1048
106201	0x0000000000000000	0x0000000000000000	0x0000000000000000	0x0000000000000000
106202	0x0000002C8CCCBC18	0x000000074A3D6DE8	0x000000068F5C2680	0x00000003BAE14648
106203	0x0000006087ADF048	0x0000000FCCCCCC6E	0x0000000E333332DE	0x0000000811EB8218
106204	0x0000009BEE144068	0x00000019851EAEC0	0x00000016F3332A98	0x0000000D0A3D6BC0
106205	0x000000DEBFFFAC78	0x0000002473332588	0x00000020CA3D6458	0x000000129EB84AF0
106206	0x0000012900000000	0x0000003099999876	0x0000002BB851DB20	0x00000018D47AD7F8
106207	0x000001821999908D	0x0000003F2E146330	0x00000038D70A2820	0x0000002047AE0860
106208	0x000001EA0CCC1508	0x0000005030A3B8F8	0x0000004823D6EF30	0x00000028FAE13850
106209	0x00000260D998B548	0x00000063A14788B8	0x00000059A3D6E8A0	0x00000032E8F5AF78
106210	0x000002E67FFFEE99	0x000000797FFFFD27	0x0000006D51EB5C20	0x0000003E170A2628
106211	0x0000037B00000000	0x00000091CCCCC962	0x0000008330A3A5D8	0x0000004A828F4038
106212	0x0000041E59980E38	0x000000AC87ADD3C8	0x0000009B3D7069A0	0x000000582B84FDA8
106213	0x000004DF6666492A	0x000000CC1EB80560	0x000000B7A8F57DB0	0x0000006851EB5E00
106214	0x000005CD00000000	0x000000F300000000	0x000000DAA8F57090	0x0000007C30A3A878
106301	0x0000000000000000	0x0000000000000000	0x0000000000000000	0x0000000000000000
106302	0x0000003099999876	0x000000074A3D6DE8	0x00000006AE147860	0x00000003A6666508
106303	0x000000694CCCCA55	0x0000000FCCCCCC6E	0x0000000E7851E618	0x00000007E3D70748
106304	0x000000AA1999959D	0x00000019851EAEC0	0x000000176147A550	0x0000000CBFFFFB38
106305	0x000000F300000000	0x0000002473332588	0x000000216666659E	0x000000123851E4B0
106306	0x0000014400000000	0x0000003099999876	0x0000002C87AE03C8	0x000000184A3D6788
106307	0x000001A533332954	0x0000003F2E146330	0x00000039E3D6F488	0x0000001F947AD570
106308	0x0000021699998D12	0x0000005030A3B8F8	0x000000497AE12C20	0x00000028170A2E68
106309	0x00000298333323A2	0x00000063A14788B8	0x0000005B4CCCCAA9	0x00000031CF5C1648
106310	0x0000032A00000000	0x000000797FFFFD27	0x0000006F570A13B0	0x0000003CBD708D10
106311	0x000003CC00000000	0x00000091CCCCC962	0x000000859EB81FD0	0x00000048E3D6EEE8
106312	0x0000047E3333183E	0x000000AC87ADD3C8	0x0000009E1C28BA78	0x00000056428F3BD0
106313	0x00000550CCCCACE8	0x000000CC1EB80560	0x000000BB11EB3EF8	0x000000660CCCA688
106314	0x0000065400000000	0x000000F300000000	0x000000DEB5C23BD8	0x000000797D707648
107021	0x000000E100000000	0x0000002F3FFFEE48	0x000000200F5C1CF0	0x000000167FFFFF79
107022	0x000001463FFF85A8	0x00000044828F4278	0x0000002E7AE13640	0x000000209EB845B0
107023	0x000001AB7FFFF5FB	0x00000059C7ADF2D0	0x0000003CE8F5ABB8	0x0000002ABFFFEFF8
107024	0x00000210BFFF39B8	0x0000006F0A3D4700	0x0000004B570A2130	0x00000034DEB83E18
107025	0x0000027600000000	0x000000844CCCC9B3	0x00000059C7ADF2D0	0x0000003F00000000
107026	0x000002DB3FFEEDC8	0x000000998F5BEF60	0x00000068333330C2	0x000000491EB83680
107031	0x000000D5BFFFAFD8	0x0000002F3FFFEE48	0x00000021BFFFF358	0x000000167FFFFF79
107032	0x00000135F0A362D0	0x00000044828F4278	0x00000030EE146888	0x000000209EB845B0
107033	0x00000196214715C8	0x00000059C7ADF2D0	0x000000401EB839E0	0x0000002ABFFFEFF8
107034	0x000001F64F5B6C98	0x0000006F0A3D4700	0x0000004F4F5C0B38	0x00000034DEB83E18
107035	0x000002567FFFF1F9	0x000000844CCCC9B3	0x0000005E7FFFFDC9	0x0000003F00000000
107036	0x000002B6B0A2D288	0x000000998F5BEF60	0x0000006DAE1451C0	0x000000491EB83680
107201	0x0000000000000000	0x0000000000000000	0x0000000000000000	0x0000000000000000
107202	0x000000287FFFFF0D	0x00000008828F58F8	0x00000005C51EB628	0x000000040CCCCB48
107203	0x00000057BFFFDF18	0x000000126E1473F8	0x0000000C7D709F28	0x00000008C51EB508
107204	0x0000008DBFFFCAD8	0x0000001DC51EAD28	0x0000001430A3CF78	0x0000000E2B851968
107205	0x000000CA7FFFFB41	0x0000002A87AE0488	0x0000001CD70A32A0	0x000000143D709C40
107206	0x0000010E00000000	0x00000038B33331DF	0x0000002675C280F0	0x0000001AFD7099B8
107207	0x0000015F00000000	0x00000049B5C273B8	0x0000003200000000	0x00000023170A3048
107208	0x000001BD7FFFF58F	0x0000005D8F5C05E0	0x0000003F75C27790	0x0000002C8A3D5FF0
107209	0x000002297FFFF307	0x000000743D707840	0x0000004ED9997C08	0x00000037570A28B0
107210	0x000002A300000000	0x0000008DBFFFCAD8	0x0000006028F59E80	0x000000437D708A88
107211	0x0000032A00000000	0x000000AA1999959D	0x00000073666663B2	0x00000050FD708578
107212	0x000003BE7FFFE989	0x000000C94A3D2528	0x000000888CCC9998	0x0000005FD70A1980
107213	0x0000046E00000000	0x000000EE23D6B0F0	0x000000A18F5BEC60	0x0000007163D6DFB8
107214	0x0000054600000000	0x0000011B7FFFF95B	0x000000C05709F550	0x00000086FD707138
107301	0x0000000000000000	0x0000000000000000	0x0000000000000000	0x0000000000000000
107302	0x000000267AE13940	0x00000008828F58F8	0x0000000611EB82D8	0x000000040CCCCB48
107303	0x000000535C28D680	0x000000126E1473F8	0x0000000D26666178	0x00000008C51EB508
107304	0x00000086A8F59010	0x0000001DC51EAD28	0x000000153FFFF808	0x0000000E2B851968
107305	0x000000C0614765F0	0x0000002A87AE0488	0x0000001E5C28EA60	0x000000143D709C40
107306	0x000001007FFFF9FD	0x00000038B33331DF	0x000000287AE13880	0x0000001AFD7099B8
107307	0x0000014D7332B628	0x00000049B5C273B8	0x00000034A1479A58	0x00000023170A3048
107308	0x000001A73AE0A8F8	0x0000005D8F5C05E0	0x00000042CCCCCB3C	0x0000002C8A3D5FF0
107309	0x0000020DD47A1C18	0x000000743D707840	0x0000005300000000	0x00000037570A28B0
107310	0x000002813FFF0F88	0x0000008DBFFFCAD8	0x000000653851C590	0x000000437D708A88
107311	0x000003017FFFEDF7	0x000000AA1999959D	0x000000797851BDF8	0x00000050FD708578
107312	0x0000038E94798BD0	0x000000C94A3D2528	0x0000008FBD706DF0	0x0000005FD70A1980
107313	0x000004354CCCB38D	0x000000EE23D6B0F0	0x000000AA0F5BE930	0x0000007163D6DFB8
107314	0x000005027FFFE1F1	0x0000011B7FFFF95B	0x000000CA75C24370	0x00000086FD707138
108021	0x000000E100000000	0x0000002F3FFFEE48	0x0000001E6147A2B0	0x00000017A147A538
108022	0x000001463FFF85A8	0x00000044828F4278	0x0000002C0A3D6020	0x000000223FFFF328
108023	0x000001AB7FFFF5FB	0x00000059C7ADF2D0	0x00000039B5C279B8	0x0000002CE3D6F968
108024	0x00000210BFFF39B8	0x0000006F0A3D4700	0x0000004761479350	0x00000037828F4758
108025	0x0000027600000000	0x000000844CCCC9B3	0x000000550CCCACE8	0x0000004226664D98
108026	0x000002DB3FFEEDC8	0x000000998F5BEF60	0x00000062B5C26A58	0x0000004CC7ADF7B0
108031	0x000000E57FFFFA9F	0x000000317FFFFED7	0x000000200F5C1CF0	0x000000156147A610
108032	0x0000014CC7AD97B0	0x00000047C7ADF990	0x0000002E7AE13640	0x0000001EFD709838
108033	0x000001B40CCC2948	0x0000005E0CCCA988	0x0000003CE8F5ABB8	0x000000289C28E688
108034	0x0000021B547A1708	0x00000074547AB5A8	0x0000004B570A2130	0x000000323AE134D8
108035	0x0000028299998A8A	0x0000008A9999965A	0x00000059C7ADF2D0	0x0000003BD9998328
108036	0x000002E9E1469660	0x000000A0E14771C0	0x00000068333330C2	0x0000004575C27550
108201	0x0000000000000000	0x0000000000000000	0x0000000000000000	0x0000000000000000
108202	0x000000287FFFFF0D	0x00000008828F58F8	0x0000000575C28D50	0x000000043FFFFE68
108203	0x00000057BFFFDF18	0x000000126E1473F8	0x0000000BD70A3900	0x0000000935C28BE8
108204	0x0000008DBFFFCAD8	0x0000001DC51EAD28	0x000000132147A6E8	0x0000000EE147A880
108205	0x000000CA7FFFFB41	0x0000002A87AE0488	0x0000001B51EB7AE0	0x000000153FFFF808
108206	0x0000010E00000000	0x00000038B33331DF	0x000000246E146D38	0x0000001C570A32D0
108207	0x0000015F00000000	0x00000049B5C273B8	0x0000002F5EB84028	0x00000024D70A2FA0
108208	0x000001BD7FFFF58F	0x0000005D8F5C05E0	0x0000003C1EB83B60	0x0000002EC51EA6C8
108209	0x000002297FFFF307	0x000000743D707840	0x0000004AB3333173	0x0000003A1C28DFF8
108210	0x000002A300000000	0x0000008DBFFFCAD8	0x0000005B19999777	0x00000046DC28DB30
108211	0x0000032A00000000	0x000000AA1999959D	0x0000006D51EB5C20	0x000000550A3D50C0
108212	0x000003BE7FFFE989	0x000000C94A3D2528	0x000000815EB82168	0x00000064A1478858
108213	0x0000046E00000000	0x000000EE23D6B0F0	0x000000990CCC9368	0x000000770F5BFC50
108214	0x0000054600000000	0x0000011B7FFFF95B	0x000000B635C24B08	0x0000008DBD706EB0
108301	0x0000000000000000	0x0000000000000000	0x0000000000000000	0x0000000000000000
108302	0x000000294F5C1978	0x00000008E8F5BF38	0x00000005C51EB628	0x00000003D9999828
108303	0x00000059828F3A98	0x000000134F5C21B8	0x0000000C7D709F28	0x00000008547ADE28
108304	0x00000090970A0738	0x0000001F30A3CB58	0x0000001430A3CF78	0x0000000D75C28A50
108305	0x000000CE8CCC7F58	0x0000002C8CCCBC18	0x0000001CD70A32A0	0x000000133AE14078
108306	0x0000011366665FF2	0x0000003B66666502	0x0000002675C280F0	0x00000019A3D700A0
108307	0x00000166051E3210	0x0000004D3851CE90	0x0000003200000000	0x00000021570A30F0
108308	0x000001C668F51828	0x00000062028F3768	0x0000003F75C27790	0x0000002A4F5C1918
108309	0x0000023491EAB168	0x00000079C51E8AA8	0x0000004ED9997C08	0x0000003491EB7168
108310	0x000002B07FFFEFDD	0x000000947FFFFC85	0x0000006028F59E80	0x000000401EB839E0
108311	0x0000033A33331FD6	0x000000B233332F06	0x00000073666663B2	0x0000004CF0A3BA30
108312	0x000003D1AB83B018	0x000000D2DEB802D8	0x000000888CCC9998	0x0000005B0CCCAAA8
108313	0x00000484AE12C920	0x000000F97AE0EA20	0x000000A18F5BEC60	0x0000006BB851C320
108314	0x0000056100000000	0x0000012900000000	0x000000C05709F550	0x000000803D7073C0
109021	0x000000F300000000	0x000000287FFFFF0D	0x000000252147A028	0x00000014B33332B7
109022	0x0000016059991578	0x0000003ABAE131A8	0x00000035D1EB70F0	0x0000001E028F50E8
109023	0x000001CDB3332861	0x0000004CF3331658	0x0000004687ADFA08	0x00000027547AD288
109024	0x0000023B0CCBF6A8	0x0000005F2E145730	0x000000573D708320	0x00000030A3D6F800
109025	0x000002A866665674	0x00000071666663BE	0x00000067F3330C38	0x00000039F5C279A0
109026	0x00000315BFFED7D8	0x00000083A1477CB8	0x00000078A6663928	0x00000043451E9F18
109201	0x0000000000000000	0x0000000000000000	0x0000000000000000	0x0000000000000000
109202	0x0000002BBD709370	0x000000074A3D6DE8	0x00000006AE147860	0x00000003BAE14648
109203	0x0000005EC51E94C8	0x0000000FCCCCCC6E	0x0000000E7851E618	0x0000000811EB8218
109204	0x00000099170A0408	0x00000019851EAEC0	0x000000176147A550	0x0000000D0A3D6BC0
109205	0x000000DAB3332E13	0x0000002473332588	0x000000216666659E	0x000000129EB84AF0
109206	0x00000123999992C4	0x0000003099999876	0x0000002C87AE03C8	0x00000018D47AD7F8
109207	0x0000017B147A5320	0x0000003F2E146330	0x00000039E3D6F488	0x0000002047AE0860
109208	0x000001E123D655D0	0x0000005030A3B8F8	0x000000497AE12C20	0x00000028FAE13850
109209	0x00000255C7AD3450	0x00000063A14788B8	0x0000005B4CCCCAA9	0x00000032E8F5AF78
109210	0x000002D900000000	0x000000797FFFFD27	0x0000006F570A13B0	0x0000003E170A2628
109211	0x0000036ACCCCB84C	0x00000091CCCCC962	0x000000859EB81FD0	0x0000004A828F4038
109212	0x0000040B2E12F6B0	0x000000AC87ADD3C8	0x0000009E1C28BA78	0x000000582B84FDA8
109213	0x000004C8B8502040	0x000000CC1EB80560	0x000000BB11EB3EF8	0x0000006851EB5E00
109214	0x000005B200000000	0x000000F300000000	0x000000DEB5C23BD8	0x0000007C30A3A878
111021	0x000000E100000000	0x0000002ABFFFEFF8	0x00000021BFFFF358	0x000000156147A610
111022	0x000001463FFF85A8	0x0000003DFD708C98	0x00000030EE146888	0x0000001EFD709838
111023	0x000001AB7FFFF5FB	0x000000513AE12938	0x000000401EB839E0	0x000000289C28E688
111024	0x00000210BFFF39B8	0x0000006475C269B0	0x0000004F4F5C0B38	0x000000323AE134D8
111025	0x0000027600000000	0x00000077B3333065	0x0000005E7FFFFDC9	0x0000003BD9998328
111026	0x000002DB3FFEEDC8	0x0000008AF0A3A2F0	0x0000006DAE1451C0	0x0000004575C27550
111201	0x0000000000000000	0x0000000000000000	0x0000000000000000	0x0000000000000000
111202	0x000000287FFFFF0D	0x00000007B3333305	0x0000000611EB82D8	0x00000003D9999828
111203	0x00000057BFFFDF18	0x00000010AB851878	0x0000000D26666178	0x00000008547ADE28
111204	0x0000008DBFFFCAD8	0x0000001AEE1470C8	0x000000153FFFF808	0x0000000D75C28A50
111205	0x000000CA7FFFFB41	0x000000267AE13940	0x0000001E5C28EA60	0x000000133AE14078
111206	0x0000010E00000000	0x000000334CCCCB99	0x000000287AE13880	0x00000019A3D700A0
111207	0x0000015F00000000	0x00000042B0A3BE08	0x00000034A1479A58	0x00000021570A30F0
111208	0x000001BD7FFFF58F	0x00000054A66646A8	0x00000042CCCCCB3C	0x0000002A4F5C1918
111209	0x000002297FFFF307	0x000000692B84F748	0x0000005300000000	0x0000003491EB7168
111210	0x000002A300000000	0x000000803FFFCFE8	0x000000653851C590	0x000000401EB839E0
111211	0x0000032A00000000	0x00000099E66662CB	0x000000797851BDF8	0x0000004CF0A3BA30
111212	0x000003BE7FFFE989	0x000000B61EB80DA0	0x0000008FBD706DF0	0x0000005B0CCCAAA8
111213	0x0000046E00000000	0x000000D775C23E90	0x000000AA0F5BE930	0x0000006BB851C320
111214	0x0000054600000000	0x000001007FFFF9FD	0x000000CA75C24370	0x000000803D7073C0
112021	0x000000EC3FFFA768	0x0000002ABFFFEFF8	0x0000002370A3C9C0	0x000000156147A610
112022	0x000001568F5BA880	0x0000003DFD708C98	0x0000003361479AD0	0x0000001EFD709838
112023	0x000001C0E14705C0	0x000000513AE12938	0x00000043547AC808	0x000000289C28E688
112024	0x0000022B30A306D8	0x0000006475C269B0	0x0000005347ADF540	0x000000323AE134D8
112025	0x000002957FFFF07F	0x00000077B3333065	0x000000633AE12278	0x0000003BD9998328
112026	0x000002FFCF5B0908	0x0000008AF0A3A2F0	0x0000007328F59760	0x0000004575C27550
112201	0x0000000000000000	0x0000000000000000	0x0000000000000000	0x0000000000000000
112202	0x0000002A87AE0488	0x00000007B3333305	0x000000065EB84F88	0x00000003D9999828
112203	0x0000005C23D6E7B0	0x00000010AB851878	0x0000000DCF5C23C8	0x00000008547ADE28
112204	0x00000094D70A05A0	0x0000001AEE1470C8	0x000000164F5C2098	0x0000000D75C28A50
112205	0x000000D4A1475E58	0x000000267AE13940	0x0000001FE147A220	0x000000133AE14078
112206	0x0000011B7FFFF95B	0x000000334CCCCB99	0x0000002A7FFFFF01	0x00000019A3D700A0
112207	0x000001708CCC4298	0x00000042B0A3BE08	0x00000037428F4770	0x00000021570A30F0
112208	0x000001D3C7AD6510	0x00000054A66646A8	0x0000004623D6EFF0	0x0000002A4F5C1918
112209	0x000002452E13A0F0	0x000000692B84F748	0x00000057266645B8	0x0000003491EB7168
112210	0x000002C4BFFEF638	0x000000803FFFCFE8	0x0000006A47ADECA0	0x000000401EB839E0
112211	0x000003527FFFEC11	0x00000099E66662CB	0x0000007F8A3D40D0	0x0000004CF0A3BA30
112212	0x000003EE6E130178	0x000000B61EB80DA0	0x00000096EE144248	0x0000005B0CCCAAA8
112213	0x000004A6B333174B	0x000000D775C23E90	0x000000B28F5BE600	0x0000006BB851C320
112214	0x000005897FFFDEC7	0x000001007FFFF9FD	0x000000D4947A9190	0x000000803D7073C0
113021	0x000000E100000000	0x0000002BA6665608	0x00000021147AD4E0	0x000000156147A610
113022	0x000001463FFF85A8	0x0000003F4A3D58E8	0x0000002FF3332138	0x0000001EFD709838
113023	0x000001AB7FFFF5FB	0x00000052F0A3B7F0	0x0000003ED70A25E0	0x000000289C28E688
113024	0x00000210BFFF39B8	0x00000066947ABAD0	0x0000004DB851CE60	0x000000323AE134D8
113025	0x0000027600000000	0x0000007A3851BDB0	0x0000005C9C28D308	0x0000003BD9998328
113026	0x000002DB3FFEEDC8	0x0000008DDC28C090	0x0000006B7D707B88	0x0000004575C27550
113201	0x0000000000000000	0x0000000000000000	0x0000000000000000	0x0000000000000000
113202	0x000000287FFFFF0D	0x00000007DC28F2D0	0x00000005F33330F8	0x00000003D9999828
113203	0x00000057BFFFDF18	0x00000011051EB1F0	0x0000000CE3D70568	0x00000008547ADE28
113204	0x0000008DBFFFCAD8	0x0000001B7FFFFF5B	0x00000014D47AD978	0x0000000D75C28A50
113205	0x000000CA7FFFFB41	0x000000274A3D61E8	0x0000001DBFFFF4D8	0x000000133AE14078
113206	0x0000010E00000000	0x0000003461479A70	0x00000027AB850FD8	0x00000019A3D700A0
113207	0x0000015F00000000	0x00000044170A23E8	0x00000033947ACDF0	0x00000021570A30F0
113208	0x000001BD7FFFF58F	0x000000566E145A78	0x0000004175C276D0	0x0000002A4F5C1918
113209	0x000002297FFFF307	0x0000006B614785D0	0x00000051570A1EF0	0x0000003491EB7168
113210	0x000002A300000000	0x00000082F3330218	0x00000063333330E0	0x000000401EB839E0
113211	0x0000032A00000000	0x0000009D23D6CF50	0x000000770A3D4400	0x0000004CF0A3BA30
113212	0x000003BE7FFFE989	0x000000B9F332ED78	0x0000008CDEB81D18	0x0000005B0CCCAAA8
113213	0x0000046E00000000	0x000000DC00000000	0x000000A6A8F58410	0x0000006BB851C320
113214	0x0000054600000000	0x00000105E6666043	0x000000C668F57828	0x000000803D7073C0
114031	0x000000F77FFFFA33	0x0000002F3FFFEE48	0x0000002370A3C9C0	0x000000143FFFF868
114032	0x00000166E1472780	0x00000044828F4278	0x0000003361479AD0	0x0000001D5C28EAC0
114033	0x000001D63FFF4FA8	0x00000059C7ADF2D0	0x00000043547AC808	0x000000267AE13940
114034	0x00000245A146D3F8	0x0000006F0A3D4700	0x0000005347ADF540	0x0000002F947ACF70
114035	0x000002B500000000	0x000000844CCCC9B3	0x000000633AE12278	0x00000038B33331DF
114036	0x0000032461468070	0x000000998F5BEF60	0x0000007328F59760	0x00000041CF5C1048
114301	0x0000000000000000	0x0000000000000000	0x0000000000000000	0x0000000000000000
114302	0x0000002C8CCCBC18	0x00000008828F58F8	0x000000065EB84F88	0x00000003A6666508
114303	0x0000006087ADF048	0x000000126E1473F8	0x0000000DCF5C23C8	0x00000007E3D70748
114304	0x0000009BEE144068	0x0000001DC51EAD28	0x000000164F5C2098	0x0000000CBFFFFB38
114305	0x000000DEBFFFAC78	0x0000002A87AE0488	0x0000001FE147A220	0x000000123851E4B0
114306	0x0000012900000000	0x00000038B33331DF	0x0000002A7FFFFF01	0x000000184A3D6788
114307	0x000001821999908D	0x00000049B5C273B8	0x00000037428F4770	0x0000001F947AD570
114308	0x000001EA0CCC1508	0x0000005D8F5C05E0	0x0000004623D6EFF0	0x00000028170A2E68
114309	0x00000260D998B548	0x000000743D707840	0x00000057266645B8	0x00000031CF5C1648
114310	0x000002E67FFFEE99	0x0000008DBFFFCAD8	0x0000006A47ADECA0	0x0000003CBD708D10
114311	0x0000037B00000000	0x000000AA1999959D	0x0000007F8A3D40D0	0x00000048E3D6EEE8
114312	0x0000041E59980E38	0x000000C94A3D2528	0x00000096EE144248	0x00000056428F3BD0
114313	0x000004DF6666492A	0x000000EE23D6B0F0	0x000000B28F5BE600	0x000000660CCCA688
114314	0x000005CD00000000	0x0000011B7FFFF95B	0x000000D4947A9190	0x000000797D707648
151031	0x000000E57FFFFA9F	0x00000032D9998688	0x000000200F5C1CF0	0x000000167FFFFF79
151032	0x0000014CC7AD97B0	0x00000049BAE12C08	0x0000002E7AE13640	0x000000209EB845B0
151033	0x000001B40CCC2948	0x000000609EB82DB0	0x0000003CE8F5ABB8	0x0000002ABFFFEFF8
151034	0x0000021B547A1708	0x000000777FFFFD33	0x0000004B570A2130	0x00000034DEB83E18
151035	0x0000028299998A8A	0x0000008E614778B0	0x00000059C7ADF2D0	0x0000003F00000000
151036	0x000002E9E1469660	0x000000A5428F1E30	0x00000068333330C2	0x000000491EB83680
151301	0x0000000000000000	0x0000000000000000	0x0000000000000000	0x0000000000000000
151302	0x000000294F5C1978	0x00000009266662F8	0x00000005C51EB628	0x000000040CCCCB48
151303	0x00000059828F3A98	0x00000013D47AD9D8	0x0000000C7D709F28	0x00000008C51EB508
151304	0x00000090970A0738	0x000000200A3D64A0	0x0000001430A3CF78	0x0000000E2B851968
151305	0x000000CE8CCC7F58	0x0000002DC51EA728	0x0000001CD70A32A0	0x000000143D709C40
151306	0x0000011366665FF2	0x0000003D051EA170	0x0000002675C280F0	0x0000001AFD7099B8
151307	0x00000166051E3210	0x0000004F547AC388	0x0000003200000000	0x00000023170A3048
151308	0x000001C668F51828	0x00000064AE145520	0x0000003F75C27790	0x0000002C8A3D5FF0
151309	0x0000023491EAB168	0x0000007D170A0E88	0x0000004ED9997C08	0x00000037570A28B0
151310	0x000002B07FFFEFDD	0x000000988CCC9398	0x0000006028F59E80	0x000000437D708A88
151311	0x0000033A33331FD6	0x000000B70F5BE450	0x00000073666663B2	0x00000050FD708578
151312	0x000003D1AB83B018	0x000000D89EB800B0	0x000000888CCC9998	0x0000005FD70A1980
151313	0x00000484AE12C920	0x0000010047ADB460	0x000000A18F5BEC60	0x0000007163D6DFB8
151314	0x0000056100000000	0x0000013119999273	0x000000C05709F550	0x00000086FD707138
152031	0x000000E100000000	0x0000003026665458	0x00000021BFFFF358	0x000000172E147230
152032	0x000001463FFF85A8	0x00000045D1EB6AF0	0x00000030EE146888	0x00000021999998D0
152033	0x000001AB7FFFF5FB	0x0000005B7D708188	0x000000401EB839E0	0x0000002C07AE03F8
152034	0x00000210BFFF39B8	0x0000007126663BF8	0x0000004F4F5C0B38	0x0000003675C27AF0
152035	0x0000027600000000	0x00000086D1EB5290	0x0000005E7FFFFDC9	0x00000040E3D6F1E8
152036	0x000002DB3FFEEDC8	0x0000009C7D706928	0x0000006DAE1451C0	0x0000004B4F5C0CB8
152301	0x0000000000000000	0x0000000000000000	0x0000000000000000	0x0000000000000000
152302	0x000000287FFFFF0D	0x00000008AB851B78	0x0000000611EB82D8	0x000000042B851D28
152303	0x00000057BFFFDF18	0x00000012C7AE0D70	0x0000000D26666178	0x0000000907AE1118
152304	0x0000008DBFFFCAD8	0x0000001E547AD5E8	0x000000153FFFF808	0x0000000E99999942
152305	0x000000CA7FFFFB41	0x0000002B570A2D30	0x0000001E5C28EA60	0x00000014D99991C8
152306	0x0000010E00000000	0x00000039C7ADFED0	0x000000287AE13880	0x0000001BCCCCCC26
152307	0x0000015F00000000	0x0000004B1C28D998	0x00000034A1479A58	0x0000002423D6FCB0
152308	0x000001BD7FFFF58F	0x0000005F570A19B0	0x00000042CCCCCB3C	0x0000002DE1479CE0
152309	0x000002297FFFF307	0x00000076733306C8	0x0000005300000000	0x0000003900000000
152310	0x000002A300000000	0x000000907332FD08	0x000000653851C590	0x00000045828F4218
152311	0x0000032A00000000	0x000000AD5709FC70	0x000000797851BDF8	0x000000536B84FF70
152312	0x000003BE7FFFE989	0x000000CD1EB80500	0x0000008FBD706DF0	0x00000062B851C680
152313	0x0000046E00000000	0x000000F2AE141FE0	0x000000AA0F5BE930	0x00000074CA3D44D8
152314	0x0000054600000000	0x00000120E6665FA1	0x000000CA75C24370	0x0000008B0A3D3C80
116021	0x000000E57FFFFA9F	0x0000002ABFFFEFF8	0x00000021BFFFF358	0x00000014EE147308
116022	0x0000014CC7AD97B0	0x0000003DFD708C98	0x00000030EE146888	0x0000001E570A3210
116023	0x000001B40CCC2948	0x000000513AE12938	0x000000401EB839E0	0x00000027C28F4D40
116024	0x0000021B547A1708	0x0000006475C269B0	0x0000004F4F5C0B38	0x000000312B850C48
116025	0x0000028299998A8A	0x00000077B3333065	0x0000005E7FFFFDC9	0x0000003A970A2778
116026	0x000002E9E1469660	0x0000008AF0A3A2F0	0x0000006DAE1451C0	0x0000004400000000
116201	0x0000000000000000	0x0000000000000000	0x0000000000000000	0x0000000000000000
116202	0x000000294F5C1978	0x00000007B3333305	0x0000000611EB82D8	0x00000003C51EB6E8
116203	0x00000059828F3A98	0x00000010AB851878	0x0000000D26666178	0x0000000828F5BF80
116204	0x00000090970A0738	0x0000001AEE1470C8	0x000000153FFFF808	0x0000000D2E1475F0
116205	0x000000CE8CCC7F58	0x000000267AE13940	0x0000001E5C28EA60	0x00000012D1EB7E10
116206	0x0000011366665FF2	0x000000334CCCCB99	0x000000287AE13880	0x0000001919999903
116207	0x00000166051E3210	0x00000042B0A3BE08	0x00000034A1479A58	0x00000020A147A1D8
116208	0x000001C668F51828	0x00000054A66646A8	0x00000042CCCCCB3C	0x000000296B850F30
116209	0x0000023491EAB168	0x000000692B84F748	0x0000005300000000	0x000000337851D838
116210	0x000002B07FFFEFDD	0x000000803FFFCFE8	0x000000653851C590	0x0000003EC51EA0C8
116211	0x0000033A33331FD6	0x00000099E66662CB	0x000000797851BDF8	0x0000004B51EB68E0
116212	0x000003D1AB83B018	0x000000B61EB80DA0	0x0000008FBD706DF0	0x0000005921478CA8
116213	0x00000484AE12C920	0x000000D775C23E90	0x000000AA0F5BE930	0x0000006973330BA8
116214	0x0000056100000000	0x000001007FFFF9FD	0x000000CA75C24370	0x0000007D8A3D4190
117031	0x000000EA00000000	0x0000002D73332228	0x00000022170A30A8	0x00000017666665DA
117032	0x000001534CCCC4D9	0x00000041E66664DB	0x000000316B850C30	0x00000021EB851200
117033	0x000001BC99998F2E	0x000000565C28D560	0x00000040C28F43E0	0x0000002C75C27EB0
117034	0x00000225E6665983	0x0000006ACF5C00E8	0x00000050199997B9	0x00000036FAE13310
117035	0x0000028F333323D8	0x0000007F428F2C70	0x0000005F73330F68	0x00000041851E9FC0
117036	0x000002F87FFFEE2D	0x00000093B5C257F8	0x0000006EC7ADEAF0	0x0000004C0A3D5420
117301	0x0000000000000000	0x0000000000000000	0x0000000000000000	0x0000000000000000
117302	0x0000002A1EB84220	0x000000082E1477D0	0x000000062147ABC8	0x0000000435C28DC8
117303	0x0000005B428F39F0	0x00000011BAE14108	0x0000000D47AE0F80	0x000000091EB84E80
117304	0x000000936B84E770	0x0000001CA147A358	0x0000001575C28750	0x0000000EBD709E50
117305	0x000000D2999994AA	0x00000028E8F5B338	0x0000001EA8F5B710	0x000000150CCCC4E8
117306	0x00000118CCCCC638	0x000000368A3D5C30	0x00000028E1479EC0	0x0000001C11EB7A98
117307	0x0000016D0A3CE7C0	0x00000046E66664BD	0x0000003528F5AEA0	0x000000247D709628
117308	0x000001CF51EAD760	0x00000059FD708218	0x000000437851D238	0x0000002E51EB73C0
117309	0x0000023FA3D63260	0x0000006FCF5BFF08	0x00000053D47AC1D8	0x000000398CCCB738
117310	0x000002BE00000000	0x0000008859996678	0x000000663AE12158	0x0000004630A3BCB8
117311	0x0000034A666652A8	0x000000A39EB81490	0x0000007AAE144CE0	0x000000543AE12818
117312	0x000003E4D708C7A0	0x000000C19EB80950	0x000000912E144470	0x00000063AB84F958
117313	0x0000049B5C273B80	0x000000E511EB2F38	0x000000ABC28F1BC0	0x00000075EE144EA8
117314	0x0000057C00000000	0x00000110B3332CCF	0x000000CC7AE0FB00	0x0000008C63D6D598
118031	0x000000E100000000	0x0000002F3FFFEE48	0x00000021BFFFF358	0x00000017A147A538
118032	0x000001463FFF85A8	0x00000044828F4278	0x00000030EE146888	0x000000223FFFF328
118033	0x000001AB7FFFF5FB	0x00000059C7ADF2D0	0x000000401EB839E0	0x0000002CE3D6F968
118034	0x00000210BFFF39B8	0x0000006F0A3D4700	0x0000004F4F5C0B38	0x00000037828F4758
118035	0x0000027600000000	0x000000844CCCC9B3	0x0000005E7FFFFDC9	0x0000004226664D98
118036	0x000002DB3FFEEDC8	0x000000998F5BEF60	0x0000006DAE1451C0	0x0000004CC7ADF7B0
118301	0x0000000000000000	0x0000000000000000	0x0000000000000000	0x0000000000000000
118302	0x000000287FFFFF0D	0x00000008828F58F8	0x0000000611EB82D8	0x000000043FFFFE68
118303	0x00000057BFFFDF18	0x000000126E1473F8	0x0000000D26666178	0x0000000935C28BE8
118304	0x0000008DBFFFCAD8	0x0000001DC51EAD28	0x000000153FFFF808	0x0000000EE147A880
118305	0x000000CA7FFFFB41	0x0000002A87AE0488	0x0000001E5C28EA60	0x000000153FFFF808
118306	0x0000010E00000000	0x00000038B33331DF	0x000000287AE13880	0x0000001C570A32D0
118307	0x0000015F00000000	0x00000049B5C273B8	0x00000034A1479A58	0x00000024D70A2FA0
118308	0x000001BD7FFFF58F	0x0000005D8F5C05E0	0x00000042CCCCCB3C	0x0000002EC51EA6C8
118309	0x000002297FFFF307	0x000000743D707840	0x0000005300000000	0x0000003A1C28DFF8
118310	0x000002A300000000	0x0000008DBFFFCAD8	0x000000653851C590	0x00000046DC28DB30
118311	0x0000032A00000000	0x000000AA1999959D	0x000000797851BDF8	0x000000550A3D50C0
118312	0x000003BE7FFFE989	0x000000C94A3D2528	0x0000008FBD706DF0	0x00000064A1478858
118313	0x0000046E00000000	0x000000EE23D6B0F0	0x000000AA0F5BE930	0x000000770F5BFC50
118314	0x0000054600000000	0x0000011B7FFFF95B	0x000000CA75C24370	0x0000008DBD706EB0
119031	0x000000E7BFFFA918	0x0000002ABFFFEFF8	0x00000021BFFFF358	0x00000014B33332B7
119032	0x000001500A3CF2A0	0x0000003DFD708C98	0x00000030EE146888	0x0000001E028F50E8
119033	0x000001B8547A3C28	0x000000513AE12938	0x000000401EB839E0	0x00000027547AD288
119034	0x000002209C282988	0x0000006475C269B0	0x0000004F4F5C0B38	0x00000030A3D6F800
119035	0x00000288E6665731	0x00000077B3333065	0x0000005E7FFFFDC9	0x00000039F5C279A0
119036	0x000002F130A2BC98	0x0000008AF0A3A2F0	0x0000006DAE1451C0	0x00000043451E9F18
119301	0x0000000000000000	0x0000000000000000	0x0000000000000000	0x0000000000000000
119302	0x00000029B851DBE0	0x00000007B3333305	0x0000000611EB82D8	0x00000003BAE14648
119303	0x0000005A61478C30	0x00000010AB851878	0x0000000D26666178	0x0000000811EB8218
119304	0x0000009200000000	0x0000001AEE1470C8	0x000000153FFFF808	0x0000000D0A3D6BC0
119305	0x000000D0947A9310	0x000000267AE13940	0x0000001E5C28EA60	0x000000129EB84AF0
119306	0x0000011619999315	0x000000334CCCCB99	0x000000287AE13880	0x00000018D47AD7F8
119307	0x0000016987AD8CE8	0x00000042B0A3BE08	0x00000034A1479A58	0x0000002047AE0860
119308	0x000001CADEB7A5D8	0x00000054A66646A8	0x00000042CCCCCB3C	0x00000028FAE13850
119309	0x0000023A1C281FF8	0x000000692B84F748	0x0000005300000000	0x00000032E8F5AF78
119310	0x000002B73FFEFB48	0x000000803FFFCFE8	0x000000653851C590	0x0000003E170A2628
119311	0x000003424CCCB93F	0x00000099E66662CB	0x000000797851BDF8	0x0000004A828F4038
119312	0x000003DB428DE9F0	0x000000B61EB80DA0	0x0000008FBD706DF0	0x000000582B84FDA8
119313	0x00000490051D0250	0x000000D775C23E90	0x000000AA0F5BE930	0x0000006851EB5E00
119314	0x0000056E7FFFDF69	0x000001007FFFF9FD	0x000000CA75C24370	0x0000007C30A3A878
120031	0x000000E7BFFFA918	0x0000002E59998838	0x00000022C28F4F20	0x00000016BAE13F28
120032	0x000001500A3CF2A0	0x0000004335C27628	0x0000003266666538	0x00000020F33326D8
120033	0x000001B8547A3C28	0x0000005811EB6418	0x000000420A3D57E0	0x0000002B2E146AB0
120034	0x000002209C282988	0x0000006CEB84F5E0	0x00000051B0A3B868	0x0000003566666526
120035	0x00000288E6665731	0x00000081C7ADE3D0	0x00000061570A18F0	0x0000003FA1479638
120036	0x000002F130A2BC98	0x00000096A3D6D1C0	0x00000070F851C128	0x00000049D9997DE8
120301	0x0000000000000000	0x0000000000000000	0x0000000000000000	0x0000000000000000
120302	0x00000029B851DBE0	0x00000008570A3A50	0x000000063FFFFDA8	0x00000004170A3BE8
120303	0x0000005A61478C30	0x00000012147ADA80	0x0000000D8A3D6B90	0x00000008DC28F270
120304	0x0000009200000000	0x0000001D33333284	0x00000015E3D70208	0x0000000E4F5C2398
120305	0x000000D0947A9310	0x00000029B851DBE0	0x0000001F451EAC98	0x0000001470A3CF60
120306	0x0000011619999315	0x000000379EB83D10	0x00000029B0A3C768	0x0000001B428F51F0
120307	0x0000016987AD8CE8	0x000000484F5C0DD8	0x0000003635C27B08	0x0000002370A3C9C0
120308	0x000001CADEB7A5D8	0x0000005BC51E95E8	0x00000044CCCCCB30	0x0000002CFD7092F8
120309	0x0000023A1C281FF8	0x00000072051E8D90	0x000000557D7083C8	0x00000037E3D6F548
120310	0x000002B73FFEFB48	0x0000008B0CCC98A8	0x00000068428F3510	0x0000004428F5A900
120311	0x000003424CCCB93F	0x000000A6DC28B730	0x0000007D1C28C6D8	0x00000051CCCCCAE2
120312	0x000003DB428DE9F0	0x000000C57332E928	0x000000940CCC9548	0x00000060CCCCCA88
120313	0x00000490051D0250	0x000000E999999420	0x000000AF28F580E0	0x00000072851E8D60
120314	0x0000056E7FFFDF69	0x0000011619999315	0x000000D087ADC648	0x00000088570A0A50
121021	0x000000E100000000	0x0000002ABFFFEFF8	0x000000200F5C1CF0	0x000000167FFFFF79
121022	0x000001463FFF85A8	0x0000003DFD708C98	0x0000002E7AE13640	0x000000209EB845B0
121023	0x000001AB7FFFF5FB	0x000000513AE12938	0x0000003CE8F5ABB8	0x0000002ABFFFEFF8
121024	0x00000210BFFF39B8	0x0000006475C269B0	0x0000004B570A2130	0x00000034DEB83E18
121025	0x0000027600000000	0x00000077B3333065	0x00000059C7ADF2D0	0x0000003F00000000
121026	0x000002DB3FFEEDC8	0x0000008AF0A3A2F0	0x00000068333330C2	0x000000491EB83680
121201	0x0000000000000000	0x0000000000000000	0x0000000000000000	0x0000000000000000
121202	0x000000287FFFFF0D	0x00000007B3333305	0x00000005C51EB628	0x000000040CCCCB48
121203	0x00000057BFFFDF18	0x00000010AB851878	0x0000000C7D709F28	0x00000008C51EB508
121204	0x0000008DBFFFCAD8	0x0000001AEE1470C8	0x0000001430A3CF78	0x0000000E2B851968
121205	0x000000CA7FFFFB41	0x000000267AE13940	0x0000001CD70A32A0	0x000000143D709C40
121206	0x0000010E00000000	0x000000334CCCCB99	0x0000002675C280F0	0x0000001AFD7099B8
121207	0x0000015F00000000	0x00000042B0A3BE08	0x0000003200000000	0x00000023170A3048
121208	0x000001BD7FFFF58F	0x00000054A66646A8	0x0000003F75C27790	0x0000002C8A3D5FF0
121209	0x000002297FFFF307	0x000000692B84F748	0x0000004ED9997C08	0x00000037570A28B0
121210	0x000002A300000000	0x000000803FFFCFE8	0x0000006028F59E80	0x000000437D708A88
121211	0x0000032A00000000	0x00000099E66662CB	0x00000073666663B2	0x00000050FD708578
121212	0x000003BE7FFFE989	0x000000B61EB80DA0	0x000000888CCC9998	0x0000005FD70A1980
121213	0x0000046E00000000	0x000000D775C23E90	0x000000A18F5BEC60	0x0000007163D6DFB8
121214	0x0000054600000000	0x000001007FFFF9FD	0x000000C05709F550	0x00000086FD707138
153031	0x000000E100000000	0x000000317FFFFED7	0x00000021147AD4E0	0x00000016F3332A98
153032	0x000001463FFF85A8	0x00000047C7ADF990	0x0000002FF3332138	0x00000021451EABD8
153033	0x000001AB7FFFF5FB	0x0000005E0CCCA988	0x0000003ED70A25E0	0x0000002B9C28E568
153034	0x00000210BFFF39B8	0x00000074547AB5A8	0x0000004DB851CE60	0x00000035EE1466A8
153035	0x0000027600000000	0x0000008A9999965A	0x0000005C9C28D308	0x00000040428F4410
153036	0x000002DB3FFEEDC8	0x000000A0E14771C0	0x0000006B7D707B88	0x0000004A947AC550
153301	0x0000000000000000	0x0000000000000000	0x0000000000000000	0x0000000000000000
153302	0x000000287FFFFF0D	0x00000008E8F5BF38	0x00000005F33330F8	0x000000042147AC88
153303	0x00000057BFFFDF18	0x000000134F5C21B8	0x0000000CE3D70568	0x00000008F3332FD8
153304	0x0000008DBFFFCAD8	0x0000001F30A3CB58	0x00000014D47AD978	0x0000000E73332DC8
153305	0x000000CA7FFFFB41	0x0000002C8CCCBC18	0x0000001DBFFFF4D8	0x00000014A3D70280
153306	0x0000010E00000000	0x0000003B66666502	0x00000027AB850FD8	0x0000001B87AE0A28
153307	0x0000015F00000000	0x0000004D3851CE90	0x00000033947ACDF0	0x00000023CA3D6338
153308	0x000001BD7FFFF58F	0x00000062028F3768	0x0000004175C276D0	0x0000002D6E1469D8
153309	0x000002297FFFF307	0x00000079C51E8AA8	0x00000051570A1EF0	0x0000003873331E08
153310	0x000002A300000000	0x000000947FFFFC85	0x00000063333330E0	0x00000044D70A23A0
153311	0x0000032A00000000	0x000000B233332F06	0x000000770A3D4400	0x000000529C28D6C8
153312	0x000003BE7FFFE989	0x000000D2DEB802D8	0x0000008CDEB81D18	0x00000061C28F3780
153313	0x0000046E00000000	0x000000F97AE0EA20	0x000000A6A8F58410	0x00000073A8F59730
153314	0x0000054600000000	0x0000012900000000	0x000000C668F57828	0x00000089B0A3A368
112031	0x000000FE3FFFA0A8	0x0000002E59998838	0x00000023199998C7	0x000000143FFFF868
112032	0x00000170A8F53850	0x0000004335C27628	0x00000032E3D6F728	0x0000001D5C28EAC0
112033	0x000001E3147A2C20	0x0000005811EB6418	0x00000042AE1461E0	0x000000267AE13940
112034	0x000002557D6FC3C8	0x0000006CEB84F5E0	0x000000527AE128C0	0x0000002F947ACF70
112035	0x000002C7E66655B7	0x00000081C7ADE3D0	0x0000006247ADEFA0	0x00000038B33331DF
112036	0x0000033A4F5AF318	0x00000096A3D6D1C0	0x0000007211EB5A58	0x00000041CF5C1048
112301	0x0000000000000000	0x0000000000000000	0x0000000000000000	0x0000000000000000
112302	0x0000002DC51EA728	0x00000008570A3A50	0x000000064F5C2698	0x00000003A6666508
112303	0x0000006328F59D60	0x00000012147ADA80	0x0000000DAE1475C0	0x00000007E3D70748
112304	0x000000A02E143ED0	0x0000001D33333284	0x0000001619999915	0x0000000CBFFFFB38
112305	0x000000E4D47A8B78	0x00000029B851DBE0	0x0000001F91EB7948	0x000000123851E4B0
112306	0x0000013119999273	0x000000379EB83D10	0x0000002A1999989D	0x000000184A3D6788
112307	0x0000018CA1471958	0x000000484F5C0DD8	0x00000036BD708F50	0x0000001F947AD570
112308	0x000001F76B8461F0	0x0000005BC51E95E8	0x000000457851D178	0x00000028170A2E68
112309	0x0000027175C1A4D0	0x00000072051E8D90	0x0000005651EB64C0	0x00000031CF5C1648
112310	0x000002FABFFEE1F8	0x0000008B0CCC98A8	0x00000069451E90D8	0x0000003CBD708D10
112311	0x000003934CCCB759	0x000000A6DC28B730	0x0000007E547AB1E8	0x00000048E3D6EEE8
112312	0x0000043B1C275F98	0x000000C57332E928	0x000000957D706BC8	0x00000056428F3BD0
112313	0x000005016B833E30	0x000000E999999420	0x000000B0DC28B370	0x000000660CCCA688
112314	0x000005F57FFFDC3F	0x0000011619999315	0x000000D28F5BDA00	0x000000797D707648
122021	0x000000E7BFFFA918	0x0000002BA6665608	0x000000226E146DF8	0x000000147AE14000
122022	0x000001500A3CF2A0	0x0000003F4A3D58E8	0x00000031E8F5AFD8	0x0000001DAE146FC0
122023	0x000001B8547A3C28	0x00000052F0A3B7F0	0x00000041666664DE	0x00000026E666657D
122024	0x000002209C282988	0x00000066947ABAD0	0x00000050E6666481	0x000000301C28E3B8
122025	0x00000288E6665731	0x0000007A3851BDB0	0x0000006063D6E618	0x00000039547ACBC8
122026	0x000002F130A2BC98	0x0000008DDC28C090	0x0000006FDEB827F8	0x000000428A3D57B0
122201	0x0000000000000000	0x0000000000000000	0x0000000000000000	0x0000000000000000
122202	0x00000029B851DBE0	0x00000007DC28F2D0	0x0000000630A3D4B8	0x00000003B0A3D5A8
122203	0x0000005A61478C30	0x00000011051EB1F0	0x0000000D68F5BD88	0x00000007FAE144B0
122204	0x0000009200000000	0x0000001B7FFFFF5B	0x00000015AE1472C0	0x0000000CE3D70568
122205	0x000000D0947A9310	0x000000274A3D61E8	0x0000001EF851DFE8	0x000000126B8517D0
122206	0x0000011619999315	0x0000003461479A70	0x000000294A3D6128	0x000000188F5C1FC0
122207	0x0000016987AD8CE8	0x00000044170A23E8	0x00000035AE1466C0	0x0000001FEE146EE8
122208	0x000001CADEB7A5D8	0x000000566E145A78	0x0000004423D6F0B0	0x0000002887AE0548
122209	0x0000023A1C281FF8	0x0000006B614785D0	0x00000054A8F5A2D0	0x000000325C28E2E0
122210	0x000002B73FFEFB48	0x00000082F3330218	0x000000673D707D20	0x0000003D6B8507B0
122211	0x000003424CCCB93F	0x0000009D23D6CF50	0x0000007BE666637F	0x00000049B3333179
122212	0x000003DB428DE9F0	0x000000B9F332ED78	0x000000929C28BEC8	0x0000005735C26EA8
122213	0x00000490051D0250	0x000000DC00000000	0x000000AD75C24E50	0x000000672E145430
122214	0x0000056E7FFFDF69	0x00000105E6666043	0x000000CE828F0EB8	0x0000007AD70A0F60
9900	0x0000056E7FFFDF69	0x00000105E6666043	0x000000CE828F0EB8	0x0000007AD70A0F60
99001	0x000F423F00000000	0x00000105E6666043	0x000000CE828F0EB8	0x0000007AD70A0F60
113031	0x000000F9BFFFA258	0x0000002ECCCCCBB4	0x0000002370A3C9C0	0x000000143FFFF868
113032	0x0000016A23D68270	0x00000043DC28DC50	0x0000003361479AD0	0x0000001D5C28EAC0
113033	0x000001DA87AD6288	0x00000058EB84FD60	0x00000043547AC808	0x000000267AE13940
113034	0x0000024AE8F4E678	0x0000006DFAE11E70	0x0000005347ADF540	0x0000002F947ACF70
113035	0x000002BB4CCCBC69	0x000000830A3D3F80	0x000000633AE12278	0x00000038B33331DF
113036	0x0000032BB0A2A6A8	0x0000009819999609	0x0000007328F59760	0x00000041CF5C1048
113301	0x0000000000000000	0x0000000000000000	0x0000000000000000	0x0000000000000000
113302	0x0000002CF5C27E80	0x000000086B851B90	0x000000065EB84F88	0x00000003A6666508
113303	0x000000616666641E	0x000000123FFFF928	0x0000000DCF5C23C8	0x00000007E3D70748
113304	0x0000009D570A0270	0x0000001D7AE13CA0	0x000000164F5C2098	0x0000000CBFFFFB38
113305	0x000000E0C7ADC030	0x0000002A1EB84220	0x0000001FE147A220	0x000000123851E4B0
113306	0x0000012BB3332C2D	0x0000003828F5AD80	0x0000002A7FFFFF01	0x000000184A3D6788
113307	0x000001859C2863A8	0x00000049028F40C8	0x00000037428F4770	0x0000001F947AD570
113308	0x000001EE828EA2B8	0x0000005CA8F59FD0	0x0000004623D6EFF0	0x00000028170A2E68
113309	0x0000026663D623D8	0x00000073214782E8	0x00000057266645B8	0x00000031CF5C1648
113310	0x000002ED3FFEE708	0x0000008C6666631C	0x0000006A47ADECA0	0x0000003CBD708D10
113311	0x0000038319998487	0x000000A87AE10880	0x0000007F8A3D40D0	0x00000048E3D6EEE8
113312	0x00000427F0A24810	0x000000C75EB80728	0x00000096EE144248	0x00000056428F3BD0
113313	0x000004EABD6ECBD0	0x000000EBDEB7F978	0x000000B28F5BE600	0x000000660CCCA688
113314	0x000005DA7FFFDCE1	0x00000118CCCCC638	0x000000D4947A9190	0x000000797D707648
154031	0x000000DEBFFFAC78	0x0000003266666538	0x0000002168F5B608	0x000000167FFFFF79
154032	0x00000142FD702AB8	0x00000049147AC5E0	0x0000003070A3C4E0	0x000000209EB845B0
154033	0x000001A73AE0A8F8	0x0000005FC28F3840	0x0000003F7AE12FE0	0x0000002ABFFFEFF8
154034	0x0000020B75C1CB10	0x0000007670A3AAA0	0x0000004E851E9AE0	0x00000034DEB83E18
154035	0x0000026FB3332495	0x0000008D1EB81D00	0x0000005D8F5C05E0	0x0000003F00000000
154036	0x000002D3F0A2C790	0x000000A3CCCCC8F6	0x0000006C947AB890	0x000000491EB83680
154301	0x0000000000000000	0x0000000000000000	0x0000000000000000	0x0000000000000000
154302	0x00000028199998A9	0x0000000911EB81B8	0x00000006028F59E8	0x000000040CCCCB48
154303	0x00000056DEB83158	0x00000013A8F5BB30	0x0000000D051EB370	0x00000008C51EB508
154304	0x0000008C547AACA8	0x0000001FBFFFF418	0x000000150A3D68C0	0x0000000E2B851968
154305	0x000000C87AE0FC80	0x0000002D5C28E4C0	0x0000001E0F5C1DB0	0x000000143D709C40
154306	0x0000010B4CCCC689	0x0000003C7AE13100	0x00000028147AD240	0x0000001AFD7099B8
154307	0x0000015B7D702188	0x0000004E9EB83470	0x0000003419999861	0x00000023170A3048
154308	0x000001B90CCC2768	0x00000063CA3D4B38	0x0000004221479548	0x0000002C8A3D5FF0
154309	0x00000223F8511E08	0x0000007BFAE11930	0x000000522B84FFE8	0x00000037570A28B0
154310	0x0000029C3FFF0568	0x0000009733332FA8	0x0000006435C269C8	0x000000437D708A88
154311	0x00000321E666539B	0x000000B570A39300	0x00000078428F2F10	0x00000050FD708578
154312	0x000003B4EB83BAE0	0x000000D6B3332E2B	0x0000008E4CCCC977	0x0000005FD70A1980
154313	0x00000462A8F41D90	0x000000FE051E5910	0x000000A85C28B6A0	0x0000007163D6DFB8
154314	0x000005387FFFE0AD	0x0000012E66665F50	0x000000C870A38BE0	0x00000086FD707138
103041	0x000000EC3FFFA768	0x0000002F3FFFEE48	0x00000021BFFFF358	0x000000167FFFFF79
103042	0x000001568F5BA880	0x00000044828F4278	0x00000030EE146888	0x000000209EB845B0
103043	0x000001C0E14705C0	0x00000059C7ADF2D0	0x000000401EB839E0	0x0000002ABFFFEFF8
103044	0x0000022B30A306D8	0x0000006F0A3D4700	0x0000004F4F5C0B38	0x00000034DEB83E18
103045	0x000002957FFFF07F	0x000000844CCCC9B3	0x0000005E7FFFFDC9	0x0000003F00000000
103046	0x000002FFCF5B0908	0x000000998F5BEF60	0x0000006DAE1451C0	0x000000491EB83680
103401	0x0000000000000000	0x0000000000000000	0x0000000000000000	0x0000000000000000
103402	0x0000002A87AE0488	0x00000008828F58F8	0x0000000611EB82D8	0x000000040CCCCB48
103403	0x0000005C23D6E7B0	0x000000126E1473F8	0x0000000D26666178	0x00000008C51EB508
103404	0x00000094D70A05A0	0x0000001DC51EAD28	0x000000153FFFF808	0x0000000E2B851968
103405	0x000000D4A1475E58	0x0000002A87AE0488	0x0000001E5C28EA60	0x000000143D709C40
103406	0x0000011B7FFFF95B	0x00000038B33331DF	0x000000287AE13880	0x0000001AFD7099B8
103407	0x000001708CCC4298	0x00000049B5C273B8	0x00000034A1479A58	0x00000023170A3048
103408	0x000001D3C7AD6510	0x0000005D8F5C05E0	0x00000042CCCCCB3C	0x0000002C8A3D5FF0
103409	0x000002452E13A0F0	0x000000743D707840	0x0000005300000000	0x00000037570A28B0
103410	0x000002C4BFFEF638	0x0000008DBFFFCAD8	0x000000653851C590	0x000000437D708A88
103411	0x000003527FFFEC11	0x000000AA1999959D	0x000000797851BDF8	0x00000050FD708578
103412	0x000003EE6E130178	0x000000C94A3D2528	0x0000008FBD706DF0	0x0000005FD70A1980
103413	0x000004A6B333174B	0x000000EE23D6B0F0	0x000000AA0F5BE930	0x0000007163D6DFB8
103414	0x000005897FFFDEC7	0x0000011B7FFFF95B	0x000000CA75C24370	0x00000086FD707138
153041	0x000000E7BFFFA918	0x0000003026665458	0x00000021147AD4E0	0x00000016F3332A98
153042	0x000001500A3CF2A0	0x00000045D1EB6AF0	0x0000002FF3332138	0x00000021451EABD8
153043	0x000001B8547A3C28	0x0000005B7D708188	0x0000003ED70A25E0	0x0000002B9C28E568
153044	0x000002209C282988	0x0000007126663BF8	0x0000004DB851CE60	0x00000035EE1466A8
153045	0x00000288E6665731	0x00000086D1EB5290	0x0000005C9C28D308	0x00000040428F4410
153046	0x000002F130A2BC98	0x0000009C7D706928	0x0000006B7D707B88	0x0000004A947AC550
153401	0x0000000000000000	0x0000000000000000	0x0000000000000000	0x0000000000000000
153402	0x00000029B851DBE0	0x00000008AB851B78	0x00000005F33330F8	0x000000042147AC88
153403	0x0000005A61478C30	0x00000012C7AE0D70	0x0000000CE3D70568	0x00000008F3332FD8
153404	0x0000009200000000	0x0000001E547AD5E8	0x00000014D47AD978	0x0000000E73332DC8
153405	0x000000D0947A9310	0x0000002B570A2D30	0x0000001DBFFFF4D8	0x00000014A3D70280
153406	0x0000011619999315	0x00000039C7ADFED0	0x00000027AB850FD8	0x0000001B87AE0A28
153407	0x0000016987AD8CE8	0x0000004B1C28D998	0x00000033947ACDF0	0x00000023CA3D6338
153408	0x000001CADEB7A5D8	0x0000005F570A19B0	0x0000004175C276D0	0x0000002D6E1469D8
153409	0x0000023A1C281FF8	0x00000076733306C8	0x00000051570A1EF0	0x0000003873331E08
153410	0x000002B73FFEFB48	0x000000907332FD08	0x00000063333330E0	0x00000044D70A23A0
153411	0x000003424CCCB93F	0x000000AD5709FC70	0x000000770A3D4400	0x000000529C28D6C8
153412	0x000003DB428DE9F0	0x000000CD1EB80500	0x0000008CDEB81D18	0x00000061C28F3780
153413	0x00000490051D0250	0x000000F2AE141FE0	0x000000A6A8F58410	0x00000073A8F59730
153414	0x0000056E7FFFDF69	0x00000120E6665FA1	0x000000C668F57828	0x00000089B0A3A368
155031	0x000000E100000000	0x000000317FFFFED7	0x000000200F5C1CF0	0x00000017A147A538
155032	0x000001463FFF85A8	0x00000047C7ADF990	0x0000002E7AE13640	0x000000223FFFF328
155033	0x000001AB7FFFF5FB	0x0000005E0CCCA988	0x0000003CE8F5ABB8	0x0000002CE3D6F968
155034	0x00000210BFFF39B8	0x00000074547AB5A8	0x0000004B570A2130	0x00000037828F4758
155035	0x0000027600000000	0x0000008A9999965A	0x00000059C7ADF2D0	0x0000004226664D98
155036	0x000002DB3FFEEDC8	0x000000A0E14771C0	0x00000068333330C2	0x0000004CC7ADF7B0
155301	0x0000000000000000	0x0000000000000000	0x0000000000000000	0x0000000000000000
155302	0x000000287FFFFF0D	0x00000008E8F5BF38	0x00000005C51EB628	0x000000043FFFFE68
155303	0x00000057BFFFDF18	0x000000134F5C21B8	0x0000000C7D709F28	0x0000000935C28BE8
155304	0x0000008DBFFFCAD8	0x0000001F30A3CB58	0x0000001430A3CF78	0x0000000EE147A880
155305	0x000000CA7FFFFB41	0x0000002C8CCCBC18	0x0000001CD70A32A0	0x000000153FFFF808
155306	0x0000010E00000000	0x0000003B66666502	0x0000002675C280F0	0x0000001C570A32D0
155307	0x0000015F00000000	0x0000004D3851CE90	0x0000003200000000	0x00000024D70A2FA0
155308	0x000001BD7FFFF58F	0x00000062028F3768	0x0000003F75C27790	0x0000002EC51EA6C8
155309	0x000002297FFFF307	0x00000079C51E8AA8	0x0000004ED9997C08	0x0000003A1C28DFF8
155310	0x000002A300000000	0x000000947FFFFC85	0x0000006028F59E80	0x00000046DC28DB30
155311	0x0000032A00000000	0x000000B233332F06	0x00000073666663B2	0x000000550A3D50C0
155312	0x000003BE7FFFE989	0x000000D2DEB802D8	0x000000888CCC9998	0x00000064A1478858
155313	0x0000046E00000000	0x000000F97AE0EA20	0x000000A18F5BEC60	0x000000770F5BFC50
155314	0x0000054600000000	0x0000012900000000	0x000000C05709F550	0x0000008DBD706EB0
105041	0x000000F0BFFFA5B8	0x0000002F3FFFEE48	0x0000002473332588	0x000000143FFFF868
105042	0x0000015D1709BA88	0x00000044828F4278	0x00000034D70A29A0	0x0000001D5C28EAC0
105043	0x000001C96E13CF58	0x00000059C7ADF2D0	0x000000453FFFE608	0x000000267AE13940
105044	0x00000235C28E8800	0x0000006F0A3D4700	0x00000055A6664648	0x0000002F947ACF70
105045	0x000002A2199989CD	0x000000844CCCC9B3	0x000000660F5C02B0	0x00000038B33331DF
105046	0x0000030E70A2B1A0	0x000000998F5BEF60	0x00000076733306C8	0x00000041CF5C1048
105401	0x0000000000000000	0x0000000000000000	0x0000000000000000	0x0000000000000000
105402	0x0000002B570A2D30	0x00000008828F58F8	0x000000068F5C2680	0x00000003A6666508
105403	0x0000005DE3D6E708	0x000000126E1473F8	0x0000000E333332DE	0x00000007E3D70748
105404	0x00000097AB84E5D8	0x0000001DC51EAD28	0x00000016F3332A98	0x0000000CBFFFFB38
105405	0x000000D8AE1429A0	0x0000002A87AE0488	0x00000020CA3D6458	0x000000123851E4B0
105406	0x00000120E6665FA1	0x00000038B33331DF	0x0000002BB851DB20	0x000000184A3D6788
105407	0x0000017791EAF848	0x00000049B5C273B8	0x00000038D70A2820	0x0000001F947AD570
105408	0x000001DCB0A32448	0x0000005D8F5C05E0	0x0000004823D6EF30	0x00000028170A2E68
105409	0x000002503FFF21E8	0x000000743D707840	0x00000059A3D6E8A0	0x00000031CF5C1648
105410	0x000002D23FFEF128	0x0000008DBFFFCAD8	0x0000006D51EB5C20	0x0000003CBD708D10
105411	0x00000362B3331EE3	0x000000AA1999959D	0x0000008330A3A5D8	0x00000048E3D6EEE8
105412	0x0000040199998190	0x000000C94A3D2528	0x0000009B3D7069A0	0x00000056428F3BD0
105413	0x000004BD6145E710	0x000000EE23D6B0F0	0x000000B7A8F57DB0	0x000000660CCCA688
105414	0x000005A47FFFDE25	0x0000011B7FFFF95B	0x000000DAA8F57090	0x000000797D707648
156031	0x000000E100000000	0x000000317FFFFED7	0x0000002370A3C9C0	0x000000156147A610
156032	0x000001463FFF85A8	0x00000047C7ADF990	0x0000003361479AD0	0x0000001EFD709838
156033	0x000001AB7FFFF5FB	0x0000005E0CCCA988	0x00000043547AC808	0x000000289C28E688
156034	0x00000210BFFF39B8	0x00000074547AB5A8	0x0000005347ADF540	0x000000323AE134D8
156035	0x0000027600000000	0x0000008A9999965A	0x000000633AE12278	0x0000003BD9998328
156036	0x000002DB3FFEEDC8	0x000000A0E14771C0	0x0000007328F59760	0x0000004575C27550
156301	0x0000000000000000	0x0000000000000000	0x0000000000000000	0x0000000000000000
156302	0x000000287FFFFF0D	0x00000008E8F5BF38	0x000000065EB84F88	0x00000003D9999828
156303	0x00000057BFFFDF18	0x000000134F5C21B8	0x0000000DCF5C23C8	0x00000008547ADE28
156304	0x0000008DBFFFCAD8	0x0000001F30A3CB58	0x000000164F5C2098	0x0000000D75C28A50
156305	0x000000CA7FFFFB41	0x0000002C8CCCBC18	0x0000001FE147A220	0x000000133AE14078
156306	0x0000010E00000000	0x0000003B66666502	0x0000002A7FFFFF01	0x00000019A3D700A0
156307	0x0000015F00000000	0x0000004D3851CE90	0x00000037428F4770	0x00000021570A30F0
156308	0x000001BD7FFFF58F	0x00000062028F3768	0x0000004623D6EFF0	0x0000002A4F5C1918
156309	0x000002297FFFF307	0x00000079C51E8AA8	0x00000057266645B8	0x0000003491EB7168
156310	0x000002A300000000	0x000000947FFFFC85	0x0000006A47ADECA0	0x000000401EB839E0
156311	0x0000032A00000000	0x000000B233332F06	0x0000007F8A3D40D0	0x0000004CF0A3BA30
156312	0x000003BE7FFFE989	0x000000D2DEB802D8	0x00000096EE144248	0x0000005B0CCCAAA8
156313	0x0000046E00000000	0x000000F97AE0EA20	0x000000B28F5BE600	0x0000006BB851C320
156314	0x0000054600000000	0x0000012900000000	0x000000D4947A9190	0x000000803D7073C0
107041	0x000000F53FFFA408	0x0000002D73332228	0x0000002370A3C9C0	0x000000156147A610
107042	0x000001639C287068	0x00000041E66664DB	0x0000003361479AD0	0x0000001EFD709838
107043	0x000001D1FAE098F0	0x000000565C28D560	0x00000043547AC808	0x000000289C28E688
107044	0x0000024057096550	0x0000006ACF5C00E8	0x0000005347ADF540	0x000000323AE134D8
107045	0x000002AEB333231B	0x0000007F428F2C70	0x000000633AE12278	0x0000003BD9998328
107046	0x0000031D0F5AFE10	0x00000093B5C257F8	0x0000007328F59760	0x0000004575C27550
107401	0x0000000000000000	0x0000000000000000	0x0000000000000000	0x0000000000000000
107402	0x0000002C266655D8	0x000000082E1477D0	0x000000065EB84F88	0x00000003D9999828
107403	0x0000005FA6664288	0x00000011BAE14108	0x0000000DCF5C23C8	0x00000008547ADE28
107404	0x0000009A828F2238	0x0000001CA147A358	0x000000164F5C2098	0x0000000D75C28A50
107405	0x000000DCBAE0F4E8	0x00000028E8F5B338	0x0000001FE147A220	0x000000133AE14078
107406	0x000001264CCCC5E7	0x000000368A3D5C30	0x0000002A7FFFFF01	0x00000019A3D700A0
107407	0x0000017E9709ADF8	0x00000046E66664BD	0x00000037428F4770	0x00000021570A30F0
107408	0x000001E599998E38	0x00000059FD708218	0x0000004623D6EFF0	0x0000002A4F5C1918
107409	0x0000025B51EAA2E0	0x0000006FCF5BFF08	0x00000057266645B8	0x0000003491EB7168
107410	0x000002DFBFFEEC18	0x0000008859996678	0x0000006A47ADECA0	0x000000401EB839E0
107411	0x00000372E66651B5	0x000000A39EB81490	0x0000007F8A3D40D0	0x0000004CF0A3BA30
107412	0x00000414C51D3088	0x000000C19EB80950	0x00000096EE144248	0x0000005B0CCCAAA8
107413	0x000004D40F5A5970	0x000000E511EB2F38	0x000000B28F5BE600	0x0000006BB851C320
107414	0x000005BF7FFFDD83	0x00000110B3332CCF	0x000000D4947A9190	0x000000803D7073C0
157031	0x000000E7BFFFA918	0x0000003266666538	0x0000002370A3C9C0	0x000000143FFFF868
157032	0x000001500A3CF2A0	0x00000049147AC5E0	0x0000003361479AD0	0x0000001D5C28EAC0
157033	0x000001B8547A3C28	0x0000005FC28F3840	0x00000043547AC808	0x000000267AE13940
157034	0x000002209C282988	0x0000007670A3AAA0	0x0000005347ADF540	0x0000002F947ACF70
157035	0x00000288E6665731	0x0000008D1EB81D00	0x000000633AE12278	0x00000038B33331DF
157036	0x000002F130A2BC98	0x000000A3CCCCC8F6	0x0000007328F59760	0x00000041CF5C1048
157301	0x0000000000000000	0x0000000000000000	0x0000000000000000	0x0000000000000000
157302	0x00000029B851DBE0	0x0000000911EB81B8	0x000000065EB84F88	0x00000003A6666508
157303	0x0000005A61478C30	0x00000013A8F5BB30	0x0000000DCF5C23C8	0x00000007E3D70748
157304	0x0000009200000000	0x0000001FBFFFF418	0x000000164F5C2098	0x0000000CBFFFFB38
157305	0x000000D0947A9310	0x0000002D5C28E4C0	0x0000001FE147A220	0x000000123851E4B0
157306	0x0000011619999315	0x0000003C7AE13100	0x0000002A7FFFFF01	0x000000184A3D6788
157307	0x0000016987AD8CE8	0x0000004E9EB83470	0x00000037428F4770	0x0000001F947AD570
157308	0x000001CADEB7A5D8	0x00000063CA3D4B38	0x0000004623D6EFF0	0x00000028170A2E68
157309	0x0000023A1C281FF8	0x0000007BFAE11930	0x00000057266645B8	0x00000031CF5C1648
157310	0x000002B73FFEFB48	0x0000009733332FA8	0x0000006A47ADECA0	0x0000003CBD708D10
157311	0x000003424CCCB93F	0x000000B570A39300	0x0000007F8A3D40D0	0x00000048E3D6EEE8
157312	0x000003DB428DE9F0	0x000000D6B3332E2B	0x00000096EE144248	0x00000056428F3BD0
157313	0x00000490051D0250	0x000000FE051E5910	0x000000B28F5BE600	0x000000660CCCA688
157314	0x0000056E7FFFDF69	0x0000012E66665F50	0x000000D4947A9190	0x000000797D707648
104041	0x000000E100000000	0x000000317FFFFED7	0x00000021BFFFF358	0x000000167FFFFF79
104042	0x000001463FFF85A8	0x00000047C7ADF990	0x00000030EE146888	0x000000209EB845B0
104043	0x000001AB7FFFF5FB	0x0000005E0CCCA988	0x000000401EB839E0	0x0000002ABFFFEFF8
104044	0x00000210BFFF39B8	0x00000074547AB5A8	0x0000004F4F5C0B38	0x00000034DEB83E18
104045	0x0000027600000000	0x0000008A9999965A	0x0000005E7FFFFDC9	0x0000003F00000000
104046	0x000002DB3FFEEDC8	0x000000A0E14771C0	0x0000006DAE1451C0	0x000000491EB83680
104401	0x0000000000000000	0x0000000000000000	0x0000000000000000	0x0000000000000000
104402	0x000000287FFFFF0D	0x00000008E8F5BF38	0x0000000611EB82D8	0x000000040CCCCB48
104403	0x00000057BFFFDF18	0x000000134F5C21B8	0x0000000D26666178	0x00000008C51EB508
104404	0x0000008DBFFFCAD8	0x0000001F30A3CB58	0x000000153FFFF808	0x0000000E2B851968
104405	0x000000CA7FFFFB41	0x0000002C8CCCBC18	0x0000001E5C28EA60	0x000000143D709C40
104406	0x0000010E00000000	0x0000003B66666502	0x000000287AE13880	0x0000001AFD7099B8
104407	0x0000015F00000000	0x0000004D3851CE90	0x00000034A1479A58	0x00000023170A3048
104408	0x000001BD7FFFF58F	0x00000062028F3768	0x00000042CCCCCB3C	0x0000002C8A3D5FF0
104409	0x000002297FFFF307	0x00000079C51E8AA8	0x0000005300000000	0x00000037570A28B0
104410	0x000002A300000000	0x000000947FFFFC85	0x000000653851C590	0x000000437D708A88
104411	0x0000032A00000000	0x000000B233332F06	0x000000797851BDF8	0x00000050FD708578
104412	0x000003BE7FFFE989	0x000000D2DEB802D8	0x0000008FBD706DF0	0x0000005FD70A1980
104413	0x0000046E00000000	0x000000F97AE0EA20	0x000000AA0F5BE930	0x0000007163D6DFB8
104414	0x0000054600000000	0x0000012900000000	0x000000CA75C24370	0x00000086FD707138
123021	0x000000DA3FFFAE28	0x0000002E59998838	0x00000021147AD4E0	0x000000147AE14000
123022	0x0000013C75C218B0	0x0000004335C27628	0x0000002FF3332138	0x0000001DAE146FC0
123023	0x0000019EAE13DF60	0x0000005811EB6418	0x0000003ED70A25E0	0x00000026E666657D
123024	0x00000200E3D649E8	0x0000006CEB84F5E0	0x0000004DB851CE60	0x000000301C28E3B8
123025	0x0000026319998B47	0x00000081C7ADE3D0	0x0000005C9C28D308	0x00000039547ACBC8
123026	0x000002C54F5B1EF8	0x00000096A3D6D1C0	0x0000006B7D707B88	0x000000428A3D57B0
123201	0x0000000000000000	0x0000000000000000	0x0000000000000000	0x0000000000000000
123202	0x000000274A3D61E8	0x00000008570A3A50	0x00000005F33330F8	0x00000003B0A3D5A8
123203	0x000000551EB83200	0x00000012147ADA80	0x0000000CE3D70568	0x00000007FAE144B0
123204	0x000000897FFFFCC7	0x0000001D33333284	0x00000014D47AD978	0x0000000CE3D70568
123205	0x000000C46E143138	0x00000029B851DBE0	0x0000001DBFFFF4D8	0x000000126B8517D0
123206	0x00000105E6666043	0x000000379EB83D10	0x00000027AB850FD8	0x000000188F5C1FC0
123207	0x0000015478516BD8	0x000000484F5C0DD8	0x00000033947ACDF0	0x0000001FEE146EE8
123208	0x000001B023D66830	0x0000005BC51E95E8	0x0000004175C276D0	0x0000002887AE0548
123209	0x00000218E66659D1	0x00000072051E8D90	0x00000051570A1EF0	0x000000325C28E2E0
123210	0x0000028EBFFF0A78	0x0000008B0CCC98A8	0x00000063333330E0	0x0000003D6B8507B0
123211	0x00000311B33320C9	0x000000A6DC28B730	0x000000770A3D4400	0x00000049B3333179
123212	0x000003A1BFFEA358	0x000000C57332E928	0x0000008CDEB81D18	0x0000005735C26EA8
123213	0x0000044BFADFAB30	0x000000E999999420	0x000000A6A8F58410	0x000000672E145430
123214	0x0000051D7FFFE14F	0x0000011619999315	0x000000C668F57828	0x0000007AD70A0F60
101041	0x000000EC3FFFA768	0x000000317FFFFED7	0x0000002370A3C9C0	0x000000143FFFF868
101042	0x000001568F5BA880	0x00000047C7ADF990	0x0000003361479AD0	0x0000001D5C28EAC0
101043	0x000001C0E14705C0	0x0000005E0CCCA988	0x00000043547AC808	0x000000267AE13940
101044	0x0000022B30A306D8	0x00000074547AB5A8	0x0000005347ADF540	0x0000002F947ACF70
101045	0x000002957FFFF07F	0x0000008A9999965A	0x000000633AE12278	0x00000038B33331DF
101046	0x000002FFCF5B0908	0x000000A0E14771C0	0x0000007328F59760	0x00000041CF5C1048
101401	0x0000000000000000	0x0000000000000000	0x0000000000000000	0x0000000000000000
101402	0x0000002A87AE0488	0x00000008E8F5BF38	0x000000065EB84F88	0x00000003A6666508
101403	0x0000005C23D6E7B0	0x000000134F5C21B8	0x0000000DCF5C23C8	0x00000007E3D70748
101404	0x00000094D70A05A0	0x0000001F30A3CB58	0x000000164F5C2098	0x0000000CBFFFFB38
101405	0x000000D4A1475E58	0x0000002C8CCCBC18	0x0000001FE147A220	0x000000123851E4B0
101406	0x0000011B7FFFF95B	0x0000003B66666502	0x0000002A7FFFFF01	0x000000184A3D6788
101407	0x000001708CCC4298	0x0000004D3851CE90	0x00000037428F4770	0x0000001F947AD570
101408	0x000001D3C7AD6510	0x00000062028F3768	0x0000004623D6EFF0	0x00000028170A2E68
101409	0x000002452E13A0F0	0x00000079C51E8AA8	0x00000057266645B8	0x00000031CF5C1648
101410	0x000002C4BFFEF638	0x000000947FFFFC85	0x0000006A47ADECA0	0x0000003CBD708D10
101411	0x000003527FFFEC11	0x000000B233332F06	0x0000007F8A3D40D0	0x00000048E3D6EEE8
101412	0x000003EE6E130178	0x000000D2DEB802D8	0x00000096EE144248	0x00000056428F3BD0
101413	0x000004A6B333174B	0x000000F97AE0EA20	0x000000B28F5BE600	0x000000660CCCA688
101414	0x000005897FFFDEC7	0x0000012900000000	0x000000D4947A9190	0x000000797D707648
109031	0x000000EA00000000	0x0000002FB3333215	0x00000021BFFFF358	0x000000167FFFFF79
109032	0x000001534CCCC4D9	0x000000452B8504C8	0x00000030EE146888	0x000000209EB845B0
109033	0x000001BC99998F2E	0x0000005AA1478C18	0x000000401EB839E0	0x0000002ABFFFEFF8
109034	0x00000225E6665983	0x00000070199996F9	0x0000004F4F5C0B38	0x00000034DEB83E18
109035	0x0000028F333323D8	0x000000858F5BF6E0	0x0000005E7FFFFDC9	0x0000003F00000000
109036	0x000002F87FFFEE2D	0x0000009B07ADDA58	0x0000006DAE1451C0	0x000000491EB83680
109301	0x0000000000000000	0x0000000000000000	0x0000000000000000	0x0000000000000000
109302	0x0000002A1EB84220	0x00000008970A3A38	0x0000000611EB82D8	0x000000040CCCCB48
109303	0x0000005B428F39F0	0x000000129999992A	0x0000000D26666178	0x00000008C51EB508
109304	0x000000936B84E770	0x0000001E0CCCC188	0x000000153FFFF808	0x0000000E2B851968
109305	0x000000D2999994AA	0x0000002AEE146AC8	0x0000001E5C28EA60	0x000000143D709C40
109306	0x00000118CCCCC638	0x000000393D708E60	0x000000287AE13880	0x0000001AFD7099B8
109307	0x0000016D0A3CE7C0	0x0000004A68F5A6A8	0x00000034A1479A58	0x00000023170A3048
109308	0x000001CF51EAD760	0x0000005E73330FC8	0x00000042CCCCCB3C	0x0000002C8A3D5FF0
109309	0x0000023FA3D63260	0x00000075570A1170	0x0000005300000000	0x00000037570A28B0
109310	0x000002BE00000000	0x0000008F1999963F	0x000000653851C590	0x000000437D708A88
109311	0x0000034A666652A8	0x000000ABB851AB20	0x000000797851BDF8	0x00000050FD708578
109312	0x000003E4D708C7A0	0x000000CB33332E70	0x0000008FBD706DF0	0x0000005FD70A1980
109313	0x0000049B5C273B80	0x000000F068F56868	0x000000AA0F5BE930	0x0000007163D6DFB8
109314	0x0000057C00000000	0x0000011E33332C7E	0x000000CA75C24370	0x00000086FD707138
102051	0x000000EC3FFFA768	0x000000317FFFFED7	0x0000002370A3C9C0	0x000000143FFFF868
102052	0x000001568F5BA880	0x00000047C7ADF990	0x0000003361479AD0	0x0000001D5C28EAC0
102053	0x000001C0E14705C0	0x0000005E0CCCA988	0x00000043547AC808	0x000000267AE13940
102054	0x0000022B30A306D8	0x00000074547AB5A8	0x0000005347ADF540	0x0000002F947ACF70
102055	0x000002957FFFF07F	0x0000008A9999965A	0x000000633AE12278	0x00000038B33331DF
102056	0x000002FFCF5B0908	0x000000A0E14771C0	0x0000007328F59760	0x00000041CF5C1048
102501	0x0000000000000000	0x0000000000000000	0x0000000000000000	0x0000000000000000
102502	0x0000002A87AE0488	0x00000008E8F5BF38	0x000000065EB84F88	0x00000003A6666508
102503	0x0000005C23D6E7B0	0x000000134F5C21B8	0x0000000DCF5C23C8	0x00000007E3D70748
102504	0x00000094D70A05A0	0x0000001F30A3CB58	0x000000164F5C2098	0x0000000CBFFFFB38
102505	0x000000D4A1475E58	0x0000002C8CCCBC18	0x0000001FE147A220	0x000000123851E4B0
102506	0x0000011B7FFFF95B	0x0000003B66666502	0x0000002A7FFFFF01	0x000000184A3D6788
102507	0x000001708CCC4298	0x0000004D3851CE90	0x00000037428F4770	0x0000001F947AD570
102508	0x000001D3C7AD6510	0x00000062028F3768	0x0000004623D6EFF0	0x00000028170A2E68
102509	0x000002452E13A0F0	0x00000079C51E8AA8	0x00000057266645B8	0x00000031CF5C1648
102510	0x000002C4BFFEF638	0x000000947FFFFC85	0x0000006A47ADECA0	0x0000003CBD708D10
102511	0x000003527FFFEC11	0x000000B233332F06	0x0000007F8A3D40D0	0x00000048E3D6EEE8
102512	0x000003EE6E130178	0x000000D2DEB802D8	0x00000096EE144248	0x00000056428F3BD0
102513	0x000004A6B333174B	0x000000F97AE0EA20	0x000000B28F5BE600	0x000000660CCCA688
102514	0x000005897FFFDEC7	0x0000012900000000	0x000000D4947A9190	0x000000797D707648
124021	0x000000E100000000	0x0000002ABFFFEFF8	0x000000200F5C1CF0	0x000000167FFFFF79
124022	0x000001463FFF85A8	0x0000003DFD708C98	0x0000002E7AE13640	0x000000209EB845B0
124023	0x000001AB7FFFF5FB	0x000000513AE12938	0x0000003CE8F5ABB8	0x0000002ABFFFEFF8
124024	0x00000210BFFF39B8	0x0000006475C269B0	0x0000004B570A2130	0x00000034DEB83E18
124025	0x0000027600000000	0x00000077B3333065	0x00000059C7ADF2D0	0x0000003F00000000
124026	0x000002DB3FFEEDC8	0x0000008AF0A3A2F0	0x00000068333330C2	0x000000491EB83680
124201	0x0000000000000000	0x0000000000000000	0x0000000000000000	0x0000000000000000
124202	0x000000287FFFFF0D	0x00000007B3333305	0x00000005C51EB628	0x000000040CCCCB48
124203	0x00000057BFFFDF18	0x00000010AB851878	0x0000000C7D709F28	0x00000008C51EB508
124204	0x0000008DBFFFCAD8	0x0000001AEE1470C8	0x0000001430A3CF78	0x0000000E2B851968
124205	0x000000CA7FFFFB41	0x000000267AE13940	0x0000001CD70A32A0	0x000000143D709C40
124206	0x0000010E00000000	0x000000334CCCCB99	0x0000002675C280F0	0x0000001AFD7099B8
124207	0x0000015F00000000	0x00000042B0A3BE08	0x0000003200000000	0x00000023170A3048
124208	0x000001BD7FFFF58F	0x00000054A66646A8	0x0000003F75C27790	0x0000002C8A3D5FF0
124209	0x000002297FFFF307	0x000000692B84F748	0x0000004ED9997C08	0x00000037570A28B0
124210	0x000002A300000000	0x000000803FFFCFE8	0x0000006028F59E80	0x000000437D708A88
124211	0x0000032A00000000	0x00000099E66662CB	0x00000073666663B2	0x00000050FD708578
124212	0x000003BE7FFFE989	0x000000B61EB80DA0	0x000000888CCC9998	0x0000005FD70A1980
124213	0x0000046E00000000	0x000000D775C23E90	0x000000A18F5BEC60	0x0000007163D6DFB8
124214	0x0000054600000000	0x000001007FFFF9FD	0x000000C05709F550	0x00000086FD707138
122031	0x000000E7BFFFA918	0x0000003026665458	0x000000226E146DF8	0x000000160CCCC488
122032	0x000001500A3CF2A0	0x00000045D1EB6AF0	0x00000031E8F5AFD8	0x0000001FF851DF88
122033	0x000001B8547A3C28	0x0000005B7D708188	0x00000041666664DE	0x00000029E666656B
122034	0x000002209C282988	0x0000007126663BF8	0x00000050E6666481	0x00000033CF5C1588
122035	0x00000288E6665731	0x00000086D1EB5290	0x0000006063D6E618	0x0000003DBD708CB0
122036	0x000002F130A2BC98	0x0000009C7D706928	0x0000006FDEB827F8	0x00000047A8F5A7B0
122301	0x0000000000000000	0x0000000000000000	0x0000000000000000	0x0000000000000000
122302	0x00000029B851DBE0	0x00000008AB851B78	0x0000000630A3D4B8	0x00000003F851EA08
122303	0x0000005A61478C30	0x00000012C7AE0D70	0x0000000D68F5BD88	0x00000008970A3A38
122304	0x0000009200000000	0x0000001E547AD5E8	0x00000015AE1472C0	0x0000000DE3D70508
122305	0x000000D0947A9310	0x0000002B570A2D30	0x0000001EF851DFE8	0x00000013D70A3600
122306	0x0000011619999315	0x00000039C7ADFED0	0x000000294A3D6128	0x0000001A73332948
122307	0x0000016987AD8CE8	0x0000004B1C28D998	0x00000035AE1466C0	0x0000002263D6FD58
122308	0x000001CADEB7A5D8	0x0000005F570A19B0	0x0000004423D6F0B0	0x0000002BA6665608
122309	0x0000023A1C281FF8	0x00000076733306C8	0x00000054A8F5A2D0	0x000000363AE13358
122310	0x000002B73FFEFB48	0x000000907332FD08	0x000000673D707D20	0x0000004223D6F170
122311	0x000003424CCCB93F	0x000000AD5709FC70	0x0000007BE666637F	0x0000004F5EB83428
122312	0x000003DB428DE9F0	0x000000CD1EB80500	0x000000929C28BEC8	0x0000005DEB84FB80
122313	0x00000490051D0250	0x000000F2AE141FE0	0x000000AD75C24E50	0x0000006F1EB82840
122314	0x0000056E7FFFDF69	0x00000120E6665FA1	0x000000CE828F0EB8	0x000000844A3D3F08
125021	0x000000DA3FFFAE28	0x0000002E59998838	0x00000021147AD4E0	0x000000147AE14000
125022	0x0000013C75C218B0	0x0000004335C27628	0x0000002FF3332138	0x0000001DAE146FC0
125023	0x0000019EAE13DF60	0x0000005811EB6418	0x0000003ED70A25E0	0x00000026E666657D
125024	0x00000200E3D649E8	0x0000006CEB84F5E0	0x0000004DB851CE60	0x000000301C28E3B8
125025	0x0000026319998B47	0x00000081C7ADE3D0	0x0000005C9C28D308	0x00000039547ACBC8
125026	0x000002C54F5B1EF8	0x00000096A3D6D1C0	0x0000006B7D707B88	0x000000428A3D57B0
125201	0x0000000000000000	0x0000000000000000	0x0000000000000000	0x0000000000000000
125202	0x000000274A3D61E8	0x00000008570A3A50	0x00000005F33330F8	0x00000003B0A3D5A8
125203	0x000000551EB83200	0x00000012147ADA80	0x0000000CE3D70568	0x00000007FAE144B0
125204	0x000000897FFFFCC7	0x0000001D33333284	0x00000014D47AD978	0x0000000CE3D70568
125205	0x000000C46E143138	0x00000029B851DBE0	0x0000001DBFFFF4D8	0x000000126B8517D0
125206	0x00000105E6666043	0x000000379EB83D10	0x00000027AB850FD8	0x000000188F5C1FC0
125207	0x0000015478516BD8	0x000000484F5C0DD8	0x00000033947ACDF0	0x0000001FEE146EE8
125208	0x000001B023D66830	0x0000005BC51E95E8	0x0000004175C276D0	0x0000002887AE0548
125209	0x00000218E66659D1	0x00000072051E8D90	0x00000051570A1EF0	0x000000325C28E2E0
125210	0x0000028EBFFF0A78	0x0000008B0CCC98A8	0x00000063333330E0	0x0000003D6B8507B0
125211	0x00000311B33320C9	0x000000A6DC28B730	0x000000770A3D4400	0x00000049B3333179
125212	0x000003A1BFFEA358	0x000000C57332E928	0x0000008CDEB81D18	0x0000005735C26EA8
125213	0x0000044BFADFAB30	0x000000E999999420	0x000000A6A8F58410	0x000000672E145430
125214	0x0000051D7FFFE14F	0x0000011619999315	0x000000C668F57828	0x0000007AD70A0F60
126031	0x000000EA00000000	0x0000002FB3333215	0x00000021BFFFF358	0x000000167FFFFF79
126032	0x000001534CCCC4D9	0x000000452B8504C8	0x00000030EE146888	0x000000209EB845B0
126033	0x000001BC99998F2E	0x0000005AA1478C18	0x000000401EB839E0	0x0000002ABFFFEFF8
126034	0x00000225E6665983	0x00000070199996F9	0x0000004F4F5C0B38	0x00000034DEB83E18
126035	0x0000028F333323D8	0x000000858F5BF6E0	0x0000005E7FFFFDC9	0x0000003F00000000
126036	0x000002F87FFFEE2D	0x0000009B07ADDA58	0x0000006DAE1451C0	0x000000491EB83680
126301	0x0000000000000000	0x0000000000000000	0x0000000000000000	0x0000000000000000
126302	0x0000002A1EB84220	0x00000008970A3A38	0x0000000611EB82D8	0x000000040CCCCB48
126303	0x0000005B428F39F0	0x000000129999992A	0x0000000D26666178	0x00000008C51EB508
126304	0x000000936B84E770	0x0000001E0CCCC188	0x000000153FFFF808	0x0000000E2B851968
126305	0x000000D2999994AA	0x0000002AEE146AC8	0x0000001E5C28EA60	0x000000143D709C40
126306	0x00000118CCCCC638	0x000000393D708E60	0x000000287AE13880	0x0000001AFD7099B8
126307	0x0000016D0A3CE7C0	0x0000004A68F5A6A8	0x00000034A1479A58	0x00000023170A3048
126308	0x000001CF51EAD760	0x0000005E73330FC8	0x00000042CCCCCB3C	0x0000002C8A3D5FF0
126309	0x0000023FA3D63260	0x00000075570A1170	0x0000005300000000	0x00000037570A28B0
126310	0x000002BE00000000	0x0000008F1999963F	0x000000653851C590	0x000000437D708A88
126311	0x0000034A666652A8	0x000000ABB851AB20	0x000000797851BDF8	0x00000050FD708578
126312	0x000003E4D708C7A0	0x000000CB33332E70	0x0000008FBD706DF0	0x0000005FD70A1980
126313	0x0000049B5C273B80	0x000000F068F56868	0x000000AA0F5BE930	0x0000007163D6DFB8
126314	0x0000057C00000000	0x0000011E33332C7E	0x000000CA75C24370	0x00000086FD707138
127031	0x000000E100000000	0x000000334CCCCB99	0x00000021BFFFF358	0x0000001599999918
127032	0x000001463FFF85A8	0x0000004A63D6EE58	0x00000030EE146888	0x0000001F51EB7960
127033	0x000001AB7FFFF5FB	0x000000617851C6F8	0x000000401EB839E0	0x000000290A3D6140
127034	0x00000210BFFF39B8	0x000000788F5BFBC0	0x0000004F4F5C0B38	0x00000032C28F4920
127035	0x0000027600000000	0x0000008FA3D6D460	0x0000005E7FFFFDC9	0x0000003C7AE13100
127036	0x000002DB3FFEEDC8	0x000000A6BAE10928	0x0000006DAE1451C0	0x000000463333318E
127301	0x0000000000000000	0x0000000000000000	0x0000000000000000	0x0000000000000000
127302	0x000000287FFFFF0D	0x000000093AE14438	0x0000000611EB82D8	0x00000003E3D708C8
127303	0x00000057BFFFDF18	0x00000014028F54A8	0x0000000D26666178	0x000000086B851B90
127304	0x0000008DBFFFCAD8	0x0000002051EB7900	0x000000153FFFF808	0x0000000D99999948
127305	0x000000CA7FFFFB41	0x0000002E2B850D68	0x0000001E5C28EA60	0x000000136E147398
127306	0x0000010E00000000	0x0000003D8F5C11E0	0x000000287AE13880	0x00000019E8F5B8D8
127307	0x0000015F00000000	0x0000005007ADF678	0x00000034A1479A58	0x00000021B0A3CA68
127308	0x000001BD7FFFF58F	0x0000006591EB5F08	0x00000042CCCCCB3C	0x0000002AC28F4C20
127309	0x000002297FFFF307	0x0000007E3333303E	0x0000005300000000	0x0000003521479A28
127310	0x000002A300000000	0x00000099E66662CB	0x000000653851C590	0x00000040CA3D5858
127311	0x0000032A00000000	0x000000B8AE1435A0	0x000000797851BDF8	0x0000004DBFFFE2D8
127312	0x000003BE7FFFE989	0x000000DA8A3D1EB0	0x0000008FBD706DF0	0x0000005C028F39A8
127313	0x0000046E00000000	0x000001028CCC6BD8	0x000000AA0F5BE930	0x0000006CD99970C8
127314	0x0000054600000000	0x00000133CCCCC596	0x000000CA75C24370	0x00000081970A0CD8
128021	0x000000DA3FFFAE28	0x0000003099999876	0x000000200F5C1CF0	0x000000143FFFF868
128022	0x0000013C75C218B0	0x000000467851D118	0x0000002E7AE13640	0x0000001D5C28EAC0
128023	0x0000019EAE13DF60	0x0000005C570A1AD0	0x0000003CE8F5ABB8	0x000000267AE13940
128024	0x00000200E3D649E8	0x0000007235C26488	0x0000004B570A2130	0x0000002F947ACF70
128025	0x0000026319998B47	0x00000088147AAE40	0x00000059C7ADF2D0	0x00000038B33331DF
128026	0x000002C54F5B1EF8	0x0000009DF332F7F8	0x00000068333330C2	0x00000041CF5C1048
128201	0x0000000000000000	0x0000000000000000	0x0000000000000000	0x0000000000000000
128202	0x000000274A3D61E8	0x00000008BFFFFCB8	0x00000005C51EB628	0x00000003A6666508
128203	0x000000551EB83200	0x00000012F3332C18	0x0000000C7D709F28	0x00000007E3D70748
128204	0x000000897FFFFCC7	0x0000001E9EB84670	0x0000001430A3CF78	0x0000000CBFFFFB38
128205	0x000000C46E143138	0x0000002BBD709370	0x0000001CD70A32A0	0x000000123851E4B0
128206	0x00000105E6666043	0x0000003A51EB6F40	0x0000002675C280F0	0x000000184A3D6788
128207	0x0000015478516BD8	0x0000004BD1EB68B0	0x0000003200000000	0x0000001F947AD570
128208	0x000001B023D66830	0x000000603AE12398	0x0000003F75C27790	0x00000028170A2E68
128209	0x00000218E66659D1	0x000000778F5BFC20	0x0000004ED9997C08	0x00000031CF5C1648
128210	0x0000028EBFFF0A78	0x00000091CCCCC962	0x0000006028F59E80	0x0000003CBD708D10
128211	0x00000311B33320C9	0x000000AEF5C24DC0	0x00000073666663B2	0x00000048E3D6EEE8
128212	0x000003A1BFFEA358	0x000000CF0A3D2300	0x000000888CCC9998	0x00000056428F3BD0
128213	0x0000044BFADFAB30	0x000000F4F0A37B30	0x000000A18F5BEC60	0x000000660CCCA688
128214	0x0000051D7FFFE14F	0x00000123999992C4	0x000000C05709F550	0x000000797D707648
108041	0x000000EC3FFFA768	0x0000003026665458	0x0000002473332588	0x000000143FFFF868
108042	0x000001568F5BA880	0x00000045D1EB6AF0	0x00000034D70A29A0	0x0000001D5C28EAC0
108043	0x000001C0E14705C0	0x0000005B7D708188	0x000000453FFFE608	0x000000267AE13940
108044	0x0000022B30A306D8	0x0000007126663BF8	0x00000055A6664648	0x0000002F947ACF70
108045	0x000002957FFFF07F	0x00000086D1EB5290	0x000000660F5C02B0	0x00000038B33331DF
108046	0x000002FFCF5B0908	0x0000009C7D706928	0x00000076733306C8	0x00000041CF5C1048
108401	0x0000000000000000	0x0000000000000000	0x0000000000000000	0x0000000000000000
108402	0x0000002A87AE0488	0x00000008AB851B78	0x000000068F5C2680	0x00000003A6666508
108403	0x0000005C23D6E7B0	0x00000012C7AE0D70	0x0000000E333332DE	0x00000007E3D70748
108404	0x00000094D70A05A0	0x0000001E547AD5E8	0x00000016F3332A98	0x0000000CBFFFFB38
108405	0x000000D4A1475E58	0x0000002B570A2D30	0x00000020CA3D6458	0x000000123851E4B0
108406	0x0000011B7FFFF95B	0x00000039C7ADFED0	0x0000002BB851DB20	0x000000184A3D6788
108407	0x000001708CCC4298	0x0000004B1C28D998	0x00000038D70A2820	0x0000001F947AD570
108408	0x000001D3C7AD6510	0x0000005F570A19B0	0x0000004823D6EF30	0x00000028170A2E68
108409	0x000002452E13A0F0	0x00000076733306C8	0x00000059A3D6E8A0	0x00000031CF5C1648
108410	0x000002C4BFFEF638	0x000000907332FD08	0x0000006D51EB5C20	0x0000003CBD708D10
108411	0x000003527FFFEC11	0x000000AD5709FC70	0x0000008330A3A5D8	0x00000048E3D6EEE8
108412	0x000003EE6E130178	0x000000CD1EB80500	0x0000009B3D7069A0	0x00000056428F3BD0
108413	0x000004A6B333174B	0x000000F2AE141FE0	0x000000B7A8F57DB0	0x000000660CCCA688
108414	0x000005897FFFDEC7	0x00000120E6665FA1	0x000000DAA8F57090	0x000000797D707648
152041	0x000000E33FFFAAC8	0x0000003266666538	0x000000226E146DF8	0x000000156147A610
152042	0x00000149828EE098	0x00000049147AC5E0	0x00000031E8F5AFD8	0x0000001EFD709838
152043	0x000001AFC7AD7290	0x0000005FC28F3840	0x00000041666664DE	0x000000289C28E688
152044	0x000002160A3CA860	0x0000007670A3AAA0	0x00000050E6666481	0x000000323AE134D8
152045	0x0000027C4CCCBDE3	0x0000008D1EB81D00	0x0000006063D6E618	0x0000003BD9998328
152046	0x000002E28F5B1400	0x000000A3CCCCC8F6	0x0000006FDEB827F8	0x0000004575C27550
152401	0x0000000000000000	0x0000000000000000	0x0000000000000000	0x0000000000000000
152402	0x00000028E8F5B338	0x0000000911EB81B8	0x0000000630A3D4B8	0x00000003D9999828
152403	0x00000058A1478CD8	0x00000013A8F5BB30	0x0000000D68F5BD88	0x00000008547ADE28
152404	0x0000008F2B84E908	0x0000001FBFFFF418	0x00000015AE1472C0	0x0000000D75C28A50
152405	0x000000CC87ADC7C8	0x0000002D5C28E4C0	0x0000001EF851DFE8	0x000000133AE14078
152406	0x00000110B3332CCF	0x0000003C7AE13100	0x000000294A3D6128	0x00000019A3D700A0
152407	0x00000162828ED738	0x0000004E9EB83470	0x00000035AE1466C0	0x00000021570A30F0
152408	0x000001C1F5C1E6A0	0x00000063CA3D4B38	0x0000004423D6F0B0	0x0000002A4F5C1918
152409	0x0000022F0A3C9F00	0x0000007BFAE11930	0x00000054A8F5A2D0	0x0000003491EB7168
152410	0x000002A9BFFF0058	0x0000009733332FA8	0x000000673D707D20	0x000000401EB839E0
152411	0x000003321999866D	0x000000B570A39300	0x0000007BE666637F	0x0000004CF0A3BA30
152412	0x000003C81708D268	0x000000D6B3332E2B	0x000000929C28BEC8	0x0000005B0CCCAAA8
152413	0x0000047957088FF0	0x000000FE051E5910	0x000000AD75C24E50	0x0000006BB851C320
152414	0x000005537FFFE00B	0x0000012E66665F50	0x000000CE828F0EB8	0x000000803D7073C0
129021	0x000000EC3FFFA768	0x0000002D00000000	0x000000200F5C1CF0	0x000000143FFFF868
129022	0x000001568F5BA880	0x000000413FFFE788	0x0000002E7AE13640	0x0000001D5C28EAC0
129023	0x000001C0E14705C0	0x000000557FFFFDFF	0x0000003CE8F5ABB8	0x000000267AE13940
129024	0x0000022B30A306D8	0x00000069BFFFD858	0x0000004B570A2130	0x0000002F947ACF70
129025	0x000002957FFFF07F	0x0000007E00000000	0x00000059C7ADF2D0	0x00000038B33331DF
129026	0x000002FFCF5B0908	0x000000923FFFC928	0x00000068333330C2	0x00000041CF5C1048
129201	0x0000000000000000	0x0000000000000000	0x0000000000000000	0x0000000000000000
129202	0x0000002A87AE0488	0x0000000819999969	0x00000005C51EB628	0x00000003A6666508
129203	0x0000005C23D6E7B0	0x000000118CCCC638	0x0000000C7D709F28	0x00000007E3D70748
129204	0x00000094D70A05A0	0x0000001C59998EF8	0x0000001430A3CF78	0x0000000CBFFFFB38
129205	0x000000D4A1475E58	0x000000287FFFFF0D	0x0000001CD70A32A0	0x000000123851E4B0
129206	0x0000011B7FFFF95B	0x0000003600000000	0x0000002675C280F0	0x000000184A3D6788
129207	0x000001708CCC4298	0x000000463333318E	0x0000003200000000	0x0000001F947AD570
129208	0x000001D3C7AD6510	0x0000005919999783	0x0000003F75C27790	0x00000028170A2E68
129209	0x000002452E13A0F0	0x0000006EB333309B	0x0000004ED9997C08	0x00000031CF5C1648
129210	0x000002C4BFFEF638	0x0000008700000000	0x0000006028F59E80	0x0000003CBD708D10
129211	0x000003527FFFEC11	0x000000A200000000	0x00000073666663B2	0x00000048E3D6EEE8
129212	0x000003EE6E130178	0x000000BFB3332EB5	0x000000888CCC9998	0x00000056428F3BD0
129213	0x000004A6B333174B	0x000000E2CCCCC77C	0x000000A18F5BEC60	0x000000660CCCA688
129214	0x000005897FFFDEC7	0x0000010E00000000	0x000000C05709F550	0x000000797D707648
117041	0x000000E100000000	0x00000033BFFFEC98	0x00000021BFFFF358	0x000000156147A610
117042	0x000001463FFF85A8	0x0000004B0A3D5480	0x00000030EE146888	0x0000001EFD709838
117043	0x000001AB7FFFF5FB	0x00000062547ABC68	0x000000401EB839E0	0x000000289C28E688
117044	0x00000210BFFF39B8	0x000000799C28C828	0x0000004F4F5C0B38	0x000000323AE134D8
117045	0x0000027600000000	0x00000090E6666301	0x0000005E7FFFFDC9	0x0000003BD9998328
117046	0x000002DB3FFEEDC8	0x000000A830A397F8	0x0000006DAE1451C0	0x0000004575C27550
117401	0x0000000000000000	0x0000000000000000	0x0000000000000000	0x0000000000000000
117402	0x000000287FFFFF0D	0x0000000951EB81A0	0x0000000611EB82D8	0x00000003D9999828
117403	0x00000057BFFFDF18	0x000000142E147350	0x0000000D26666178	0x00000008547ADE28
117404	0x0000008DBFFFCAD8	0x00000020999998D6	0x000000153FFFF808	0x0000000D75C28A50
117405	0x000000CA7FFFFB41	0x0000002E947ACFD0	0x0000001E5C28EA60	0x000000133AE14078
117406	0x0000010E00000000	0x0000003E19999825	0x000000287AE13880	0x00000019A3D700A0
117407	0x0000015F00000000	0x00000050BAE12968	0x00000034A1479A58	0x00000021570A30F0
117408	0x000001BD7FFFF58F	0x000000667851C518	0x00000042CCCCCB3C	0x0000002A4F5C1918
117409	0x000002297FFFF307	0x0000007F4F5BF938	0x0000005300000000	0x0000003491EB7168
117410	0x000002A300000000	0x0000009B3FFFC5C8	0x000000653851C590	0x000000401EB839E0
117411	0x0000032A00000000	0x000000BA4CCCC86F	0x000000797851BDF8	0x0000004CF0A3BA30
117412	0x000003BE7FFFE989	0x000000DC75C23CB0	0x0000008FBD706DF0	0x0000005B0CCCAAA8
117413	0x0000046E00000000	0x00000104D1EB2350	0x000000AA0F5BE930	0x0000006BB851C320
117414	0x0000054600000000	0x000001367FFFF8B9	0x000000CA75C24370	0x000000803D7073C0
130021	0x000000E33FFFAAC8	0x0000002A4CCCCBCF	0x00000022C28F4F20	0x00000014B33332B7
130022	0x00000149828EE098	0x0000003D570A2670	0x0000003266666538	0x0000001E028F50E8
130023	0x000001AFC7AD7290	0x000000505EB833C8	0x000000420A3D57E0	0x00000027547AD288
130024	0x000002160A3CA860	0x0000006368F59D48	0x00000051B0A3B868	0x00000030A3D6F800
130025	0x0000027C4CCCBDE3	0x0000007670A3AAA0	0x00000061570A18F0	0x00000039F5C279A0
130026	0x000002E28F5B1400	0x000000897AE11420	0x00000070F851C128	0x00000043451E9F18
130201	0x0000000000000000	0x0000000000000000	0x0000000000000000	0x0000000000000000
130202	0x00000028E8F5B338	0x000000079C28F2E8	0x000000063FFFFDA8	0x00000003BAE14648
130203	0x00000058A1478CD8	0x000000107FFFFF9D	0x0000000D8A3D6B90	0x0000000811EB8218
130204	0x0000008F2B84E908	0x0000001AA6665C68	0x00000015E3D70208	0x0000000D0A3D6BC0
130205	0x000000CC87ADC7C8	0x0000002611EB76D8	0x0000001F451EAC98	0x000000129EB84AF0
130206	0x00000110B3332CCF	0x00000032C28F4920	0x00000029B0A3C768	0x00000018D47AD7F8
130207	0x00000162828ED738	0x00000041FD708B18	0x0000003635C27B08	0x0000002047AE0860
130208	0x000001C1F5C1E6A0	0x00000053BFFFE098	0x00000044CCCCCB30	0x00000028FAE13850
130209	0x0000022F0A3C9F00	0x000000680F5C01F0	0x000000557D7083C8	0x00000032E8F5AF78
130210	0x000002A9BFFF0058	0x0000007EE666636D	0x00000068428F3510	0x0000003E170A2628
130211	0x000003321999866D	0x0000009847ADDB60	0x0000007D1C28C6D8	0x0000004A828F4038
130212	0x000003C81708D268	0x000000B433332EFA	0x000000940CCC9548	0x000000582B84FDA8
130213	0x0000047957088FF0	0x000000D530A38718	0x000000AF28F580E0	0x0000006851EB5E00
130214	0x000005537FFFE00B	0x000000FDCCCCC6DA	0x000000D087ADC648	0x0000007C30A3A878
124031	0x000000F300000000	0x0000002DE6666553	0x000000252147A028	0x000000143FFFF868
124032	0x0000016059991578	0x000000428F5C1000	0x00000035D1EB70F0	0x0000001D5C28EAC0
124033	0x000001CDB3332861	0x0000005735C26EA8	0x0000004687ADFA08	0x000000267AE13940
124034	0x0000023B0CCBF6A8	0x0000006BDEB82978	0x000000573D708320	0x0000002F947ACF70
124035	0x000002A866665674	0x00000080851E8820	0x00000067F3330C38	0x00000038B33331DF
124036	0x00000315BFFED7D8	0x000000952E1442F0	0x00000078A6663928	0x00000041CF5C1048
124301	0x0000000000000000	0x0000000000000000	0x0000000000000000	0x0000000000000000
124302	0x0000002BBD709370	0x00000008428F5910	0x00000006AE147860	0x00000003A6666508
124303	0x0000005EC51E94C8	0x00000011E66665FB	0x0000000E7851E618	0x00000007E3D70748
124304	0x00000099170A0408	0x0000001CEB8513E0	0x000000176147A550	0x0000000CBFFFFB38
124305	0x000000DAB3332E13	0x000000294F5C1978	0x000000216666659E	0x000000123851E4B0
124306	0x00000123999992C4	0x00000037147ACCA0	0x0000002C87AE03C8	0x000000184A3D6788
124307	0x0000017B147A5320	0x00000047999997EC	0x00000039E3D6F488	0x0000001F947AD570
124308	0x000001E123D655D0	0x0000005AE1478C00	0x000000497AE12C20	0x00000028170A2E68
124309	0x00000255C7AD3450	0x00000070E8F59838	0x0000005B4CCCCAA9	0x00000031CF5C1648
124310	0x000002D900000000	0x00000089B3332FF9	0x0000006F570A13B0	0x0000003CBD708D10
124311	0x0000036ACCCCB84C	0x000000A53D7065E0	0x000000859EB81FD0	0x00000048E3D6EEE8
124312	0x0000040B2E12F6B0	0x000000C387ADCB28	0x0000009E1C28BA78	0x00000056428F3BD0
124313	0x000004C8B8502040	0x000000E75709E6B0	0x000000BB11EB3EF8	0x000000660CCCA688
124314	0x000005B200000000	0x0000011366665FF2	0x000000DEB5C23BD8	0x000000797D707648
121031	0x000000F0BFFFA5B8	0x0000002F3FFFEE48	0x0000002473332588	0x000000143FFFF868
121032	0x0000015D1709BA88	0x00000044828F4278	0x00000034D70A29A0	0x0000001D5C28EAC0
121033	0x000001C96E13CF58	0x00000059C7ADF2D0	0x000000453FFFE608	0x000000267AE13940
121034	0x00000235C28E8800	0x0000006F0A3D4700	0x00000055A6664648	0x0000002F947ACF70
121035	0x000002A2199989CD	0x000000844CCCC9B3	0x000000660F5C02B0	0x00000038B33331DF
121036	0x0000030E70A2B1A0	0x000000998F5BEF60	0x00000076733306C8	0x00000041CF5C1048
121037	0x0000030E70A2B1A0	0x000000998F5BEF60	0x00000076733306C8	0x00000041CF5C1048
121038	0x0000030E70A2B1A0	0x000000998F5BEF60	0x00000076733306C8	0x00000041CF5C1048
121301	0x0000000000000000	0x0000000000000000	0x0000000000000000	0x0000000000000000
121302	0x0000002B570A2D30	0x00000008828F58F8	0x000000068F5C2680	0x00000003A6666508
121303	0x0000005DE3D6E708	0x000000126E1473F8	0x0000000E333332DE	0x00000007E3D70748
121304	0x00000097AB84E5D8	0x0000001DC51EAD28	0x00000016F3332A98	0x0000000CBFFFFB38
121305	0x000000D8AE1429A0	0x0000002A87AE0488	0x00000020CA3D6458	0x000000123851E4B0
121306	0x00000120E6665FA1	0x00000038B33331DF	0x0000002BB851DB20	0x000000184A3D6788
121307	0x0000017791EAF848	0x00000049B5C273B8	0x00000038D70A2820	0x0000001F947AD570
121308	0x000001DCB0A32448	0x0000005D8F5C05E0	0x0000004823D6EF30	0x00000028170A2E68
121309	0x000002503FFF21E8	0x000000743D707840	0x00000059A3D6E8A0	0x00000031CF5C1648
121310	0x000002D23FFEF128	0x0000008DBFFFCAD8	0x0000006D51EB5C20	0x0000003CBD708D10
121311	0x00000362B3331EE3	0x000000AA1999959D	0x0000008330A3A5D8	0x00000048E3D6EEE8
121312	0x0000040199998190	0x000000C94A3D2528	0x0000009B3D7069A0	0x00000056428F3BD0
121313	0x000004BD6145E710	0x000000EE23D6B0F0	0x000000B7A8F57DB0	0x000000660CCCA688
121314	0x000005A47FFFDE25	0x0000011B7FFFF95B	0x000000DAA8F57090	0x000000797D707648
102061	0x000000E100000000	0x0000003600000000	0x00000021BFFFF358	0x000000143FFFF868
102062	0x000001463FFF85A8	0x0000004E4CCCCAF7	0x00000030EE146888	0x0000001D5C28EAC0
102063	0x000001AB7FFFF5FB	0x0000006699999732	0x000000401EB839E0	0x000000267AE13940
102064	0x00000210BFFF39B8	0x0000007EE666636D	0x0000004F4F5C0B38	0x0000002F947ACF70
102065	0x0000027600000000	0x0000009733332FA8	0x0000005E7FFFFDC9	0x00000038B33331DF
102066	0x000002DB3FFEEDC8	0x000000AF7FFFFBE3	0x0000006DAE1451C0	0x00000041CF5C1048
102601	0x0000000000000000	0x0000000000000000	0x0000000000000000	0x0000000000000000
102602	0x000000287FFFFF0D	0x00000009B851E7E0	0x0000000611EB82D8	0x00000003A6666508
102603	0x00000057BFFFDF18	0x000000150F5C2110	0x0000000D26666178	0x00000007E3D70748
102604	0x0000008DBFFFCAD8	0x00000022051EAB90	0x000000153FFFF808	0x0000000CBFFFFB38
102605	0x000000CA7FFFFB41	0x0000003099999876	0x0000001E5C28EA60	0x000000123851E4B0
102606	0x0000010E00000000	0x00000040CCCCCB48	0x000000287AE13880	0x000000184A3D6788
102607	0x0000015F00000000	0x000000543D708440	0x00000034A1479A58	0x0000001F947AD570
102608	0x000001BD7FFFF58F	0x0000006AEB84F6A0	0x00000042CCCCCB3C	0x00000028170A2E68
102609	0x000002297FFFF307	0x00000084D70A0BA0	0x0000005300000000	0x00000031CF5C1648
102610	0x000002A300000000	0x000000A200000000	0x000000653851C590	0x0000003CBD708D10
102611	0x0000032A00000000	0x000000C2666661D8	0x000000797851BDF8	0x00000048E3D6EEE8
102612	0x000003BE7FFFE989	0x000000E60A3D1A60	0x0000008FBD706DF0	0x00000056428F3BD0
102613	0x0000046E00000000	0x0000011028F55C80	0x000000AA0F5BE930	0x000000660CCCA688
102614	0x0000054600000000	0x0000014400000000	0x000000CA75C24370	0x000000797D707648
131021	0x000000DA3FFFAE28	0x0000003099999876	0x000000200F5C1CF0	0x000000143FFFF868
131022	0x0000013C75C218B0	0x000000467851D118	0x0000002E7AE13640	0x0000001D5C28EAC0
131023	0x0000019EAE13DF60	0x0000005C570A1AD0	0x0000003CE8F5ABB8	0x000000267AE13940
131024	0x00000200E3D649E8	0x0000007235C26488	0x0000004B570A2130	0x0000002F947ACF70
131025	0x0000026319998B47	0x00000088147AAE40	0x00000059C7ADF2D0	0x00000038B33331DF
131026	0x000002C54F5B1EF8	0x0000009DF332F7F8	0x00000068333330C2	0x00000041CF5C1048
131201	0x0000000000000000	0x0000000000000000	0x0000000000000000	0x0000000000000000
131202	0x000000274A3D61E8	0x00000008BFFFFCB8	0x00000005C51EB628	0x00000003A6666508
131203	0x000000551EB83200	0x00000012F3332C18	0x0000000C7D709F28	0x00000007E3D70748
131204	0x000000897FFFFCC7	0x0000001E9EB84670	0x0000001430A3CF78	0x0000000CBFFFFB38
131205	0x000000C46E143138	0x0000002BBD709370	0x0000001CD70A32A0	0x000000123851E4B0
131206	0x00000105E6666043	0x0000003A51EB6F40	0x0000002675C280F0	0x000000184A3D6788
131207	0x0000015478516BD8	0x0000004BD1EB68B0	0x0000003200000000	0x0000001F947AD570
131208	0x000001B023D66830	0x000000603AE12398	0x0000003F75C27790	0x00000028170A2E68
131209	0x00000218E66659D1	0x000000778F5BFC20	0x0000004ED9997C08	0x00000031CF5C1648
131210	0x0000028EBFFF0A78	0x00000091CCCCC962	0x0000006028F59E80	0x0000003CBD708D10
131211	0x00000311B33320C9	0x000000AEF5C24DC0	0x00000073666663B2	0x00000048E3D6EEE8
131212	0x000003A1BFFEA358	0x000000CF0A3D2300	0x000000888CCC9998	0x00000056428F3BD0
131213	0x0000044BFADFAB30	0x000000F4F0A37B30	0x000000A18F5BEC60	0x000000660CCCA688
131214	0x0000051D7FFFE14F	0x00000123999992C4	0x000000C05709F550	0x000000797D707648
105051	0x000000EC3FFFA768	0x0000002F3FFFEE48	0x000000252147A028	0x000000143FFFF868
105052	0x000001568F5BA880	0x00000044828F4278	0x00000035D1EB70F0	0x0000001D5C28EAC0
105053	0x000001C0E14705C0	0x00000059C7ADF2D0	0x0000004687ADFA08	0x000000267AE13940
105054	0x0000022B30A306D8	0x0000006F0A3D4700	0x000000573D708320	0x0000002F947ACF70
105055	0x000002957FFFF07F	0x000000844CCCC9B3	0x00000067F3330C38	0x00000038B33331DF
105056	0x000002FFCF5B0908	0x000000998F5BEF60	0x00000078A6663928	0x00000041CF5C1048
105501	0x0000000000000000	0x0000000000000000	0x0000000000000000	0x0000000000000000
105502	0x0000002A87AE0488	0x00000008828F58F8	0x00000006AE147860	0x00000003A6666508
105503	0x0000005C23D6E7B0	0x000000126E1473F8	0x0000000E7851E618	0x00000007E3D70748
105504	0x00000094D70A05A0	0x0000001DC51EAD28	0x000000176147A550	0x0000000CBFFFFB38
105505	0x000000D4A1475E58	0x0000002A87AE0488	0x000000216666659E	0x000000123851E4B0
105506	0x0000011B7FFFF95B	0x00000038B33331DF	0x0000002C87AE03C8	0x000000184A3D6788
105507	0x000001708CCC4298	0x00000049B5C273B8	0x00000039E3D6F488	0x0000001F947AD570
105508	0x000001D3C7AD6510	0x0000005D8F5C05E0	0x000000497AE12C20	0x00000028170A2E68
105509	0x000002452E13A0F0	0x000000743D707840	0x0000005B4CCCCAA9	0x00000031CF5C1648
105510	0x000002C4BFFEF638	0x0000008DBFFFCAD8	0x0000006F570A13B0	0x0000003CBD708D10
105511	0x000003527FFFEC11	0x000000AA1999959D	0x000000859EB81FD0	0x00000048E3D6EEE8
105512	0x000003EE6E130178	0x000000C94A3D2528	0x0000009E1C28BA78	0x00000056428F3BD0
105513	0x000004A6B333174B	0x000000EE23D6B0F0	0x000000BB11EB3EF8	0x000000660CCCA688
105514	0x000005897FFFDEC7	0x0000011B7FFFF95B	0x000000DEB5C23BD8	0x000000797D707648
132031	0x000000F77FFFFA33	0x0000002F3FFFEE48	0x0000002370A3C9C0	0x000000143FFFF868
132032	0x00000166E1472780	0x00000044828F4278	0x0000003361479AD0	0x0000001D5C28EAC0
132033	0x000001D63FFF4FA8	0x00000059C7ADF2D0	0x00000043547AC808	0x000000267AE13940
132034	0x00000245A146D3F8	0x0000006F0A3D4700	0x0000005347ADF540	0x0000002F947ACF70
132035	0x000002B500000000	0x000000844CCCC9B3	0x000000633AE12278	0x00000038B33331DF
132036	0x0000032461468070	0x000000998F5BEF60	0x0000007328F59760	0x00000041CF5C1048
132301	0x0000000000000000	0x0000000000000000	0x0000000000000000	0x0000000000000000
132302	0x0000002C8CCCBC18	0x00000008828F58F8	0x000000065EB84F88	0x00000003A6666508
132303	0x0000006087ADF048	0x000000126E1473F8	0x0000000DCF5C23C8	0x00000007E3D70748
132304	0x0000009BEE144068	0x0000001DC51EAD28	0x000000164F5C2098	0x0000000CBFFFFB38
132305	0x000000DEBFFFAC78	0x0000002A87AE0488	0x0000001FE147A220	0x000000123851E4B0
132306	0x0000012900000000	0x00000038B33331DF	0x0000002A7FFFFF01	0x000000184A3D6788
132307	0x000001821999908D	0x00000049B5C273B8	0x00000037428F4770	0x0000001F947AD570
132308	0x000001EA0CCC1508	0x0000005D8F5C05E0	0x0000004623D6EFF0	0x00000028170A2E68
132309	0x00000260D998B548	0x000000743D707840	0x00000057266645B8	0x00000031CF5C1648
132310	0x000002E67FFFEE99	0x0000008DBFFFCAD8	0x0000006A47ADECA0	0x0000003CBD708D10
132311	0x0000037B00000000	0x000000AA1999959D	0x0000007F8A3D40D0	0x00000048E3D6EEE8
132312	0x0000041E59980E38	0x000000C94A3D2528	0x00000096EE144248	0x00000056428F3BD0
132313	0x000004DF6666492A	0x000000EE23D6B0F0	0x000000B28F5BE600	0x000000660CCCA688
132314	0x000005CD00000000	0x0000011B7FFFF95B	0x000000D4947A9190	0x000000797D707648
133031	0x000000EC3FFFA768	0x0000003099999876	0x000000241C28E838	0x000000143FFFF868
133032	0x000001568F5BA880	0x000000467851D118	0x000000345C28E220	0x0000001D5C28EAC0
133033	0x000001C0E14705C0	0x0000005C570A1AD0	0x000000449C28DC08	0x000000267AE13940
133034	0x0000022B30A306D8	0x0000007235C26488	0x00000054DC28D5F0	0x0000002F947ACF70
133035	0x000002957FFFF07F	0x00000088147AAE40	0x000000651EB82C00	0x00000038B33331DF
133036	0x000002FFCF5B0908	0x0000009DF332F7F8	0x000000755C28C9C0	0x00000041CF5C1048
133301	0x0000000000000000	0x0000000000000000	0x0000000000000000	0x0000000000000000
133302	0x0000002A87AE0488	0x00000008BFFFFCB8	0x000000067D70A168	0x00000003A6666508
133303	0x0000005C23D6E7B0	0x00000012F3332C18	0x0000000E11EB7FD8	0x00000007E3D70748
133304	0x00000094D70A05A0	0x0000001E9EB84670	0x00000016BD709B50	0x0000000CBFFFFB38
133305	0x000000D4A1475E58	0x0000002BBD709370	0x000000207D7097A8	0x000000123851E4B0
133306	0x0000011B7FFFF95B	0x0000003A51EB6F40	0x0000002B4F5C18B8	0x000000184A3D6788
133307	0x000001708CCC4298	0x0000004BD1EB68B0	0x000000384F5C13D8	0x0000001F947AD570
133308	0x000001D3C7AD6510	0x000000603AE12398	0x000000477AE12CE0	0x00000028170A2E68
133309	0x000002452E13A0F0	0x000000778F5BFC20	0x00000058CF5C07A8	0x00000031CF5C1648
133310	0x000002C4BFFEF638	0x00000091CCCCC962	0x0000006C4F5C0058	0x0000003CBD708D10
133311	0x000003527FFFEC11	0x000000AEF5C24DC0	0x00000081F851BAC8	0x00000048E3D6EEE8
133312	0x000003EE6E130178	0x000000CF0A3D2300	0x00000099CCCCC932	0x00000056428F3BD0
133313	0x000004A6B333174B	0x000000F4F0A37B30	0x000000B5F5C24B20	0x000000660CCCA688
133314	0x000005897FFFDEC7	0x00000123999992C4	0x000000D8A1475CD8	0x000000797D707648
153051	0x000000DC7FFFFAD5	0x0000003600000000	0x00000021BFFFF358	0x000000156147A610
153052	0x0000013FBAE0CFC8	0x0000004E4CCCCAF7	0x00000030EE146888	0x0000001EFD709838
153053	0x000001A2F3329618	0x0000006699999732	0x000000401EB839E0	0x000000289C28E688
153054	0x000002062E13B890	0x0000007EE666636D	0x0000004F4F5C0B38	0x000000323AE134D8
153055	0x00000269666657EE	0x0000009733332FA8	0x0000005E7FFFFDC9	0x0000003BD9998328
153056	0x000002CCA146A158	0x000000AF7FFFFBE3	0x0000006DAE1451C0	0x0000004575C27550
153501	0x0000000000000000	0x0000000000000000	0x0000000000000000	0x0000000000000000
153502	0x00000027B0A3C828	0x00000009B851E7E0	0x0000000611EB82D8	0x00000003D9999828
153503	0x0000005600000000	0x000000150F5C2110	0x0000000D26666178	0x00000008547ADE28
153504	0x0000008AEB84EAA0	0x00000022051EAB90	0x000000153FFFF808	0x0000000D75C28A50
153505	0x000000C67332E8C8	0x0000003099999876	0x0000001E5C28EA60	0x000000133AE14078
153506	0x0000010899999366	0x00000040CCCCCB48	0x000000287AE13880	0x00000019A3D700A0
153507	0x00000157FAE0C6B0	0x000000543D708440	0x00000034A1479A58	0x00000021570A30F0
153508	0x000001B4970999B8	0x0000006AEB84F6A0	0x00000042CCCCCB3C	0x0000002A4F5C1918
153509	0x0000021E6E13AF78	0x00000084D70A0BA0	0x0000005300000000	0x0000003491EB7168
153510	0x000002957FFFF07F	0x000000A200000000	0x000000653851C590	0x000000401EB839E0
153511	0x00000319CCCCBA32	0x000000C2666661D8	0x000000797851BDF8	0x0000004CF0A3BA30
153512	0x000003AB54798108	0x000000E60A3D1A60	0x0000008FBD706DF0	0x0000005B0CCCAAA8
153513	0x0000045751E9E460	0x0000011028F55C80	0x000000AA0F5BE930	0x0000006BB851C320
153514	0x0000052B00000000	0x0000014400000000	0x000000CA75C24370	0x000000803D7073C0
134021	0x000000DA3FFFAE28	0x0000003099999876	0x000000200F5C1CF0	0x000000143FFFF868
134022	0x0000013C75C218B0	0x000000467851D118	0x0000002E7AE13640	0x0000001D5C28EAC0
134023	0x0000019EAE13DF60	0x0000005C570A1AD0	0x0000003CE8F5ABB8	0x000000267AE13940
134024	0x00000200E3D649E8	0x0000007235C26488	0x0000004B570A2130	0x0000002F947ACF70
134025	0x0000026319998B47	0x00000088147AAE40	0x00000059C7ADF2D0	0x00000038B33331DF
134026	0x000002C54F5B1EF8	0x0000009DF332F7F8	0x00000068333330C2	0x00000041CF5C1048
134201	0x0000000000000000	0x0000000000000000	0x0000000000000000	0x0000000000000000
134202	0x000000274A3D61E8	0x00000008BFFFFCB8	0x00000005C51EB628	0x00000003A6666508
134203	0x000000551EB83200	0x00000012F3332C18	0x0000000C7D709F28	0x00000007E3D70748
134204	0x000000897FFFFCC7	0x0000001E9EB84670	0x0000001430A3CF78	0x0000000CBFFFFB38
134205	0x000000C46E143138	0x0000002BBD709370	0x0000001CD70A32A0	0x000000123851E4B0
134206	0x00000105E6666043	0x0000003A51EB6F40	0x0000002675C280F0	0x000000184A3D6788
134207	0x0000015478516BD8	0x0000004BD1EB68B0	0x0000003200000000	0x0000001F947AD570
134208	0x000001B023D66830	0x000000603AE12398	0x0000003F75C27790	0x00000028170A2E68
134209	0x00000218E66659D1	0x000000778F5BFC20	0x0000004ED9997C08	0x00000031CF5C1648
134210	0x0000028EBFFF0A78	0x00000091CCCCC962	0x0000006028F59E80	0x0000003CBD708D10
134211	0x00000311B33320C9	0x000000AEF5C24DC0	0x00000073666663B2	0x00000048E3D6EEE8
134212	0x000003A1BFFEA358	0x000000CF0A3D2300	0x000000888CCC9998	0x00000056428F3BD0
134213	0x0000044BFADFAB30	0x000000F4F0A37B30	0x000000A18F5BEC60	0x000000660CCCA688
134214	0x0000051D7FFFE14F	0x00000123999992C4	0x000000C05709F550	0x000000797D707648
113041	0x000000F300000000	0x0000002F3FFFEE48	0x000000241C28E838	0x000000143FFFF868
113042	0x0000016059991578	0x00000044828F4278	0x000000345C28E220	0x0000001D5C28EAC0
113043	0x000001CDB3332861	0x00000059C7ADF2D0	0x000000449C28DC08	0x000000267AE13940
113044	0x0000023B0CCBF6A8	0x0000006F0A3D4700	0x00000054DC28D5F0	0x0000002F947ACF70
113045	0x000002A866665674	0x000000844CCCC9B3	0x000000651EB82C00	0x00000038B33331DF
113046	0x00000315BFFED7D8	0x000000998F5BEF60	0x000000755C28C9C0	0x00000041CF5C1048
113401	0x0000000000000000	0x0000000000000000	0x0000000000000000	0x0000000000000000
113402	0x0000002BBD709370	0x00000008828F58F8	0x000000067D70A168	0x00000003A6666508
113403	0x0000005EC51E94C8	0x000000126E1473F8	0x0000000E11EB7FD8	0x00000007E3D70748
113404	0x00000099170A0408	0x0000001DC51EAD28	0x00000016BD709B50	0x0000000CBFFFFB38
113405	0x000000DAB3332E13	0x0000002A87AE0488	0x000000207D7097A8	0x000000123851E4B0
113406	0x00000123999992C4	0x00000038B33331DF	0x0000002B4F5C18B8	0x000000184A3D6788
113407	0x0000017B147A5320	0x00000049B5C273B8	0x000000384F5C13D8	0x0000001F947AD570
113408	0x000001E123D655D0	0x0000005D8F5C05E0	0x000000477AE12CE0	0x00000028170A2E68
113409	0x00000255C7AD3450	0x000000743D707840	0x00000058CF5C07A8	0x00000031CF5C1648
113410	0x000002D900000000	0x0000008DBFFFCAD8	0x0000006C4F5C0058	0x0000003CBD708D10
113411	0x0000036ACCCCB84C	0x000000AA1999959D	0x00000081F851BAC8	0x00000048E3D6EEE8
113412	0x0000040B2E12F6B0	0x000000C94A3D2528	0x00000099CCCCC932	0x00000056428F3BD0
113413	0x000004C8B8502040	0x000000EE23D6B0F0	0x000000B5F5C24B20	0x000000660CCCA688
113414	0x000005B200000000	0x0000011B7FFFF95B	0x000000D8A1475CD8	0x000000797D707648
135031	0x000000E100000000	0x000000317FFFFED7	0x00000021BFFFF358	0x000000167FFFFF79
135032	0x000001463FFF85A8	0x00000047C7ADF990	0x00000030EE146888	0x000000209EB845B0
135033	0x000001AB7FFFF5FB	0x0000005E0CCCA988	0x000000401EB839E0	0x0000002ABFFFEFF8
135034	0x00000210BFFF39B8	0x00000074547AB5A8	0x0000004F4F5C0B38	0x00000034DEB83E18
135035	0x0000027600000000	0x0000008A9999965A	0x0000005E7FFFFDC9	0x0000003F00000000
135036	0x000002DB3FFEEDC8	0x000000A0E14771C0	0x0000006DAE1451C0	0x000000491EB83680
135301	0x0000000000000000	0x0000000000000000	0x0000000000000000	0x0000000000000000
135302	0x000000287FFFFF0D	0x00000008E8F5BF38	0x0000000611EB82D8	0x000000040CCCCB48
135303	0x00000057BFFFDF18	0x000000134F5C21B8	0x0000000D26666178	0x00000008C51EB508
135304	0x0000008DBFFFCAD8	0x0000001F30A3CB58	0x000000153FFFF808	0x0000000E2B851968
135305	0x000000CA7FFFFB41	0x0000002C8CCCBC18	0x0000001E5C28EA60	0x000000143D709C40
135306	0x0000010E00000000	0x0000003B66666502	0x000000287AE13880	0x0000001AFD7099B8
135307	0x0000015F00000000	0x0000004D3851CE90	0x00000034A1479A58	0x00000023170A3048
135308	0x000001BD7FFFF58F	0x00000062028F3768	0x00000042CCCCCB3C	0x0000002C8A3D5FF0
135309	0x000002297FFFF307	0x00000079C51E8AA8	0x0000005300000000	0x00000037570A28B0
135310	0x000002A300000000	0x000000947FFFFC85	0x000000653851C590	0x000000437D708A88
135311	0x0000032A00000000	0x000000B233332F06	0x000000797851BDF8	0x00000050FD708578
135312	0x000003BE7FFFE989	0x000000D2DEB802D8	0x0000008FBD706DF0	0x0000005FD70A1980
135313	0x0000046E00000000	0x000000F97AE0EA20	0x000000AA0F5BE930	0x0000007163D6DFB8
135314	0x0000054600000000	0x0000012900000000	0x000000CA75C24370	0x00000086FD707138
136031	0x000000E57FFFFA9F	0x0000003099999876	0x00000021BFFFF358	0x000000167FFFFF79
136032	0x0000014CC7AD97B0	0x000000467851D118	0x00000030EE146888	0x000000209EB845B0
136033	0x000001B40CCC2948	0x0000005C570A1AD0	0x000000401EB839E0	0x0000002ABFFFEFF8
136034	0x0000021B547A1708	0x0000007235C26488	0x0000004F4F5C0B38	0x00000034DEB83E18
136035	0x0000028299998A8A	0x00000088147AAE40	0x0000005E7FFFFDC9	0x0000003F00000000
136036	0x000002E9E1469660	0x0000009DF332F7F8	0x0000006DAE1451C0	0x000000491EB83680
136301	0x0000000000000000	0x0000000000000000	0x0000000000000000	0x0000000000000000
136302	0x000000294F5C1978	0x00000008BFFFFCB8	0x0000000611EB82D8	0x000000040CCCCB48
136303	0x00000059828F3A98	0x00000012F3332C18	0x0000000D26666178	0x00000008C51EB508
136304	0x00000090970A0738	0x0000001E9EB84670	0x000000153FFFF808	0x0000000E2B851968
136305	0x000000CE8CCC7F58	0x0000002BBD709370	0x0000001E5C28EA60	0x000000143D709C40
136306	0x0000011366665FF2	0x0000003A51EB6F40	0x000000287AE13880	0x0000001AFD7099B8
136307	0x00000166051E3210	0x0000004BD1EB68B0	0x00000034A1479A58	0x00000023170A3048
136308	0x000001C668F51828	0x000000603AE12398	0x00000042CCCCCB3C	0x0000002C8A3D5FF0
136309	0x0000023491EAB168	0x000000778F5BFC20	0x0000005300000000	0x00000037570A28B0
136310	0x000002B07FFFEFDD	0x00000091CCCCC962	0x000000653851C590	0x000000437D708A88
136311	0x0000033A33331FD6	0x000000AEF5C24DC0	0x000000797851BDF8	0x00000050FD708578
136312	0x000003D1AB83B018	0x000000CF0A3D2300	0x0000008FBD706DF0	0x0000005FD70A1980
136313	0x00000484AE12C920	0x000000F4F0A37B30	0x000000AA0F5BE930	0x0000007163D6DFB8
136314	0x0000056100000000	0x00000123999992C4	0x000000CA75C24370	0x00000086FD707138
104051	0x000000E33FFFAAC8	0x0000003266666538	0x000000226E146DF8	0x000000156147A610
104052	0x00000149828EE098	0x00000049147AC5E0	0x00000031E8F5AFD8	0x0000001EFD709838
104053	0x000001AFC7AD7290	0x0000005FC28F3840	0x00000041666664DE	0x000000289C28E688
104054	0x000002160A3CA860	0x0000007670A3AAA0	0x00000050E6666481	0x000000323AE134D8
104055	0x0000027C4CCCBDE3	0x0000008D1EB81D00	0x0000006063D6E618	0x0000003BD9998328
104056	0x000002E28F5B1400	0x000000A3CCCCC8F6	0x0000006FDEB827F8	0x0000004575C27550
104501	0x0000000000000000	0x0000000000000000	0x0000000000000000	0x0000000000000000
104502	0x00000028E8F5B338	0x0000000911EB81B8	0x0000000630A3D4B8	0x00000003D9999828
104503	0x00000058A1478CD8	0x00000013A8F5BB30	0x0000000D68F5BD88	0x00000008547ADE28
104504	0x0000008F2B84E908	0x0000001FBFFFF418	0x00000015AE1472C0	0x0000000D75C28A50
104505	0x000000CC87ADC7C8	0x0000002D5C28E4C0	0x0000001EF851DFE8	0x000000133AE14078
104506	0x00000110B3332CCF	0x0000003C7AE13100	0x000000294A3D6128	0x00000019A3D700A0
104507	0x00000162828ED738	0x0000004E9EB83470	0x00000035AE1466C0	0x00000021570A30F0
104508	0x000001C1F5C1E6A0	0x00000063CA3D4B38	0x0000004423D6F0B0	0x0000002A4F5C1918
104509	0x0000022F0A3C9F00	0x0000007BFAE11930	0x00000054A8F5A2D0	0x0000003491EB7168
104510	0x000002A9BFFF0058	0x0000009733332FA8	0x000000673D707D20	0x000000401EB839E0
104511	0x000003321999866D	0x000000B570A39300	0x0000007BE666637F	0x0000004CF0A3BA30
104512	0x000003C81708D268	0x000000D6B3332E2B	0x000000929C28BEC8	0x0000005B0CCCAAA8
104513	0x0000047957088FF0	0x000000FE051E5910	0x000000AD75C24E50	0x0000006BB851C320
104514	0x000005537FFFE00B	0x0000012E66665F50	0x000000CE828F0EB8	0x000000803D7073C0
137021	0x000000D5BFFFAFD8	0x0000002DE6666553	0x000000200F5C1CF0	0x000000160CCCC488
137022	0x00000135F0A362D0	0x000000428F5C1000	0x0000002E7AE13640	0x0000001FF851DF88
137023	0x00000196214715C8	0x0000005735C26EA8	0x0000003CE8F5ABB8	0x00000029E666656B
137024	0x000001F64F5B6C98	0x0000006BDEB82978	0x0000004B570A2130	0x00000033CF5C1588
137025	0x000002567FFFF1F9	0x00000080851E8820	0x00000059C7ADF2D0	0x0000003DBD708CB0
137026	0x000002B6B0A2D288	0x000000952E1442F0	0x00000068333330C2	0x00000047A8F5A7B0
137201	0x0000000000000000	0x0000000000000000	0x0000000000000000	0x0000000000000000
137202	0x000000267AE13940	0x00000008428F5910	0x00000005C51EB628	0x00000003F851EA08
137203	0x000000535C28D680	0x00000011E66665FB	0x0000000C7D709F28	0x00000008970A3A38
137204	0x00000086A8F59010	0x0000001CEB8513E0	0x0000001430A3CF78	0x0000000DE3D70508
137205	0x000000C0614765F0	0x000000294F5C1978	0x0000001CD70A32A0	0x00000013D70A3600
137206	0x000001007FFFF9FD	0x00000037147ACCA0	0x0000002675C280F0	0x0000001A73332948
137207	0x0000014D7332B628	0x00000047999997EC	0x0000003200000000	0x0000002263D6FD58
137208	0x000001A73AE0A8F8	0x0000005AE1478C00	0x0000003F75C27790	0x0000002BA6665608
137209	0x0000020DD47A1C18	0x00000070E8F59838	0x0000004ED9997C08	0x000000363AE13358
137210	0x000002813FFF0F88	0x00000089B3332FF9	0x0000006028F59E80	0x0000004223D6F170
137211	0x000003017FFFEDF7	0x000000A53D7065E0	0x00000073666663B2	0x0000004F5EB83428
137212	0x0000038E94798BD0	0x000000C387ADCB28	0x000000888CCC9998	0x0000005DEB84FB80
137213	0x000004354CCCB38D	0x000000E75709E6B0	0x000000A18F5BEC60	0x0000006F1EB82840
137214	0x000005027FFFE1F1	0x0000011366665FF2	0x000000C05709F550	0x000000844A3D3F08
138031	0x000000EE7FFFFA69	0x0000003099999876	0x00000023C7AE0710	0x000000143FFFF868
138032	0x00000159D47A5F98	0x000000467851D118	0x00000033DEB83E78	0x0000001D5C28EAC0
138033	0x000001C52665BC78	0x0000005C570A1AD0	0x00000043F851D208	0x000000267AE13940
138034	0x000002307AE07580	0x0000007235C26488	0x0000005411EB6598	0x0000002F947ACF70
138035	0x0000029BCCCCBD26	0x00000088147AAE40	0x000000642B84F928	0x00000038B33331DF
138036	0x0000030721468B68	0x0000009DF332F7F8	0x00000074428F3090	0x00000041CF5C1048
138301	0x0000000000000000	0x0000000000000000	0x0000000000000000	0x0000000000000000
138302	0x0000002AEE146AC8	0x00000008BFFFFCB8	0x000000066E147878	0x00000003A6666508
138303	0x0000005D051E9570	0x00000012F3332C18	0x0000000DF0A3D1D0	0x00000007E3D70748
138304	0x00000096428F23D0	0x0000001E9EB84670	0x0000001687AE0C08	0x0000000CBFFFFB38
138305	0x000000D6A66615E8	0x0000002BBD709370	0x000000202E146ED0	0x000000123851E4B0
138306	0x0000011E33332C7E	0x0000003A51EB6F40	0x0000002AE8F5B278	0x000000184A3D6788
138307	0x000001740F5B9D70	0x0000004BD1EB68B0	0x00000037CA3D5BB8	0x0000001F947AD570
138308	0x000001D83AE09698	0x000000603AE12398	0x00000046CF5C0E68	0x00000028170A2E68
138309	0x0000024AB5C1B358	0x000000778F5BFC20	0x00000057FAE126B0	0x00000031CF5C1648
138310	0x000002CB7FFFEF3B	0x00000091CCCCC962	0x0000006B4A3D4868	0x0000003CBD708D10
138311	0x0000035A9999857A	0x000000AEF5C24DC0	0x00000080C28F2BE0	0x00000048E3D6EEE8
138312	0x000003F8028DDF28	0x000000CF0A3D2300	0x000000985C28BCA0	0x00000056428F3BD0
138313	0x000004B20A3BADE0	0x000000F4F0A37B30	0x000000B4428F1890	0x000000660CCCA688
138314	0x0000059700000000	0x00000123999992C4	0x000000D69C28A548	0x000000797D707648
103051	0x000000E57FFFFA9F	0x00000033BFFFEC98	0x00000022C28F4F20	0x000000143FFFF868
103052	0x0000014CC7AD97B0	0x0000004B0A3D5480	0x0000003266666538	0x0000001D5C28EAC0
103053	0x000001B40CCC2948	0x00000062547ABC68	0x000000420A3D57E0	0x000000267AE13940
103054	0x0000021B547A1708	0x000000799C28C828	0x00000051B0A3B868	0x0000002F947ACF70
103055	0x0000028299998A8A	0x00000090E6666301	0x00000061570A18F0	0x00000038B33331DF
103056	0x000002E9E1469660	0x000000A830A397F8	0x00000070F851C128	0x00000041CF5C1048
103501	0x0000000000000000	0x0000000000000000	0x0000000000000000	0x0000000000000000
103502	0x000000294F5C1978	0x0000000951EB81A0	0x000000063FFFFDA8	0x00000003A6666508
103503	0x00000059828F3A98	0x000000142E147350	0x0000000D8A3D6B90	0x00000007E3D70748
103504	0x00000090970A0738	0x00000020999998D6	0x00000015E3D70208	0x0000000CBFFFFB38
103505	0x000000CE8CCC7F58	0x0000002E947ACFD0	0x0000001F451EAC98	0x000000123851E4B0
103506	0x0000011366665FF2	0x0000003E19999825	0x00000029B0A3C768	0x000000184A3D6788
103507	0x00000166051E3210	0x00000050BAE12968	0x0000003635C27B08	0x0000001F947AD570
103508	0x000001C668F51828	0x000000667851C518	0x00000044CCCCCB30	0x00000028170A2E68
103509	0x0000023491EAB168	0x0000007F4F5BF938	0x000000557D7083C8	0x00000031CF5C1648
103510	0x000002B07FFFEFDD	0x0000009B3FFFC5C8	0x00000068428F3510	0x0000003CBD708D10
103511	0x0000033A33331FD6	0x000000BA4CCCC86F	0x0000007D1C28C6D8	0x00000048E3D6EEE8
103512	0x000003D1AB83B018	0x000000DC75C23CB0	0x000000940CCC9548	0x00000056428F3BD0
103513	0x00000484AE12C920	0x00000104D1EB2350	0x000000AF28F580E0	0x000000660CCCA688
103514	0x0000056100000000	0x000001367FFFF8B9	0x000000D087ADC648	0x000000797D707648
129031	0x000000F0BFFFA5B8	0x0000002E59998838	0x0000002370A3C9C0	0x000000156147A610
129032	0x0000015D1709BA88	0x0000004335C27628	0x0000003361479AD0	0x0000001EFD709838
129033	0x000001C96E13CF58	0x0000005811EB6418	0x00000043547AC808	0x000000289C28E688
129034	0x00000235C28E8800	0x0000006CEB84F5E0	0x0000005347ADF540	0x000000323AE134D8
129035	0x000002A2199989CD	0x00000081C7ADE3D0	0x000000633AE12278	0x0000003BD9998328
129036	0x0000030E70A2B1A0	0x00000096A3D6D1C0	0x0000007328F59760	0x0000004575C27550
129301	0x0000000000000000	0x0000000000000000	0x0000000000000000	0x0000000000000000
129302	0x0000002B570A2D30	0x00000008570A3A50	0x000000065EB84F88	0x00000003D9999828
129303	0x0000005DE3D6E708	0x00000012147ADA80	0x0000000DCF5C23C8	0x00000008547ADE28
129304	0x00000097AB84E5D8	0x0000001D33333284	0x000000164F5C2098	0x0000000D75C28A50
129305	0x000000D8AE1429A0	0x00000029B851DBE0	0x0000001FE147A220	0x000000133AE14078
129306	0x00000120E6665FA1	0x000000379EB83D10	0x0000002A7FFFFF01	0x00000019A3D700A0
129307	0x0000017791EAF848	0x000000484F5C0DD8	0x00000037428F4770	0x00000021570A30F0
129308	0x000001DCB0A32448	0x0000005BC51E95E8	0x0000004623D6EFF0	0x0000002A4F5C1918
129309	0x000002503FFF21E8	0x00000072051E8D90	0x00000057266645B8	0x0000003491EB7168
129310	0x000002D23FFEF128	0x0000008B0CCC98A8	0x0000006A47ADECA0	0x000000401EB839E0
129311	0x00000362B3331EE3	0x000000A6DC28B730	0x0000007F8A3D40D0	0x0000004CF0A3BA30
129312	0x0000040199998190	0x000000C57332E928	0x00000096EE144248	0x0000005B0CCCAAA8
129313	0x000004BD6145E710	0x000000E999999420	0x000000B28F5BE600	0x0000006BB851C320
129314	0x000005A47FFFDE25	0x0000011619999315	0x000000D4947A9190	0x000000803D7073C0
114041	0x000000E100000000	0x000000317FFFFED7	0x0000002370A3C9C0	0x000000156147A610
8063011	0x0000000100000000	0x0000000100000000	0x0000000100000000	0x0000000100000000
114042	0x000001463FFF85A8	0x00000047C7ADF990	0x0000003361479AD0	0x0000001EFD709838
114043	0x000001AB7FFFF5FB	0x0000005E0CCCA988	0x00000043547AC808	0x000000289C28E688
114044	0x00000210BFFF39B8	0x00000074547AB5A8	0x0000005347ADF540	0x000000323AE134D8
114045	0x0000027600000000	0x0000008A9999965A	0x000000633AE12278	0x0000003BD9998328
114046	0x000002DB3FFEEDC8	0x000000A0E14771C0	0x0000007328F59760	0x0000004575C27550
114401	0x0000000000000000	0x0000000000000000	0x0000000000000000	0x0000000000000000
114402	0x000000287FFFFF0D	0x00000008E8F5BF38	0x000000065EB84F88	0x00000003D9999828
114403	0x00000057BFFFDF18	0x000000134F5C21B8	0x0000000DCF5C23C8	0x00000008547ADE28
114404	0x0000008DBFFFCAD8	0x0000001F30A3CB58	0x000000164F5C2098	0x0000000D75C28A50
114405	0x000000CA7FFFFB41	0x0000002C8CCCBC18	0x0000001FE147A220	0x000000133AE14078
114406	0x0000010E00000000	0x0000003B66666502	0x0000002A7FFFFF01	0x00000019A3D700A0
114407	0x0000015F00000000	0x0000004D3851CE90	0x00000037428F4770	0x00000021570A30F0
114408	0x000001BD7FFFF58F	0x00000062028F3768	0x0000004623D6EFF0	0x0000002A4F5C1918
114409	0x000002297FFFF307	0x00000079C51E8AA8	0x00000057266645B8	0x0000003491EB7168
114410	0x000002A300000000	0x000000947FFFFC85	0x0000006A47ADECA0	0x000000401EB839E0
114411	0x0000032A00000000	0x000000B233332F06	0x0000007F8A3D40D0	0x0000004CF0A3BA30
114412	0x000003BE7FFFE989	0x000000D2DEB802D8	0x00000096EE144248	0x0000005B0CCCAAA8
114413	0x0000046E00000000	0x000000F97AE0EA20	0x000000B28F5BE600	0x0000006BB851C320
114414	0x0000054600000000	0x0000012900000000	0x000000D4947A9190	0x000000803D7073C0
139301	0x0000000000000000	0x0000000000000000	0x0000000000000000	0x0000000000000000
139302	0x0000002B570A2D30	0x00000008570A3A50	0x000000065EB84F88	0x00000003D9999828
139303	0x0000005DE3D6E708	0x00000012147ADA80	0x0000000DCF5C23C8	0x00000008547ADE28
139304	0x00000097AB84E5D8	0x0000001D33333284	0x000000164F5C2098	0x0000000D75C28A50
139305	0x000000D8AE1429A0	0x00000029B851DBE0	0x0000001FE147A220	0x000000133AE14078
139306	0x00000120E6665FA1	0x000000379EB83D10	0x0000002A7FFFFF01	0x00000019A3D700A0
139307	0x0000017791EAF848	0x000000484F5C0DD8	0x00000037428F4770	0x00000021570A30F0
139308	0x000001DCB0A32448	0x0000005BC51E95E8	0x0000004623D6EFF0	0x0000002A4F5C1918
139309	0x000002503FFF21E8	0x00000072051E8D90	0x00000057266645B8	0x0000003491EB7168
139310	0x000002D23FFEF128	0x0000008B0CCC98A8	0x0000006A47ADECA0	0x000000401EB839E0
139311	0x00000362B3331EE3	0x000000A6DC28B730	0x0000007F8A3D40D0	0x0000004CF0A3BA30
139312	0x0000040199998190	0x000000C57332E928	0x00000096EE144248	0x0000005B0CCCAAA8
139313	0x000004BD6145E710	0x000000E999999420	0x000000B28F5BE600	0x0000006BB851C320
139314	0x000005A47FFFDE25	0x0000011619999315	0x000000D4947A9190	0x000000803D7073C0
139031	0x000000F0BFFFA5B8	0x0000002E59998838	0x0000002370A3C9C0	0x000000156147A610
139032	0x0000015D1709BA88	0x0000004335C27628	0x0000003361479AD0	0x0000001EFD709838
139033	0x000001C96E13CF58	0x0000005811EB6418	0x00000043547AC808	0x000000289C28E688
139034	0x00000235C28E8800	0x0000006CEB84F5E0	0x0000005347ADF540	0x000000323AE134D8
139035	0x000002A2199989CD	0x00000081C7ADE3D0	0x000000633AE12278	0x0000003BD9998328
139036	0x0000030E70A2B1A0	0x00000096A3D6D1C0	0x0000007328F59760	0x0000004575C27550
807301	0x0001869F00000000	0x0000000100000000	0x000005DC00000000	0x0000000000000000
106401	0x0000000000000000	0x0000000000000000	0x0000000000000000	0x0000000000000000
106402	0x0000002B570A2D30	0x00000008BFFFFCB8	0x0000000611EB82D8	0x00000003D9999828
106403	0x0000005DE3D6E708	0x00000012F3332C18	0x0000000D26666178	0x00000008547ADE28
106404	0x00000097AB84E5D8	0x0000001E9EB84670	0x000000153FFFF808	0x0000000D75C28A50
106405	0x000000D8AE1429A0	0x0000002BBD709370	0x0000001E5C28EA60	0x000000133AE14078
106406	0x00000120E6665FA1	0x0000003A51EB6F40	0x000000287AE13880	0x00000019A3D700A0
106407	0x0000017791EAF848	0x0000004BD1EB68B0	0x00000034A1479A58	0x00000021570A30F0
106408	0x000001DCB0A32448	0x000000603AE12398	0x00000042CCCCCB3C	0x0000002A4F5C1918
106409	0x000002503FFF21E8	0x000000778F5BFC20	0x0000005300000000	0x0000003491EB7168
106410	0x000002D23FFEF128	0x00000091CCCCC962	0x000000653851C590	0x000000401EB839E0
106411	0x00000362B3331EE3	0x000000AEF5C24DC0	0x000000797851BDF8	0x0000004CF0A3BA30
106412	0x0000040199998190	0x000000CF0A3D2300	0x0000008FBD706DF0	0x0000005B0CCCAAA8
106413	0x000004BD6145E710	0x000000F4F0A37B30	0x000000AA0F5BE930	0x0000006BB851C320
106414	0x000005A47FFFDE25	0x00000123999992C4	0x000000CA75C24370	0x000000803D7073C0
106041	0x000000F0BFFFA5B8	0x0000003099999876	0x00000021BFFFF358	0x000000156147A610
106042	0x0000015D1709BA88	0x000000467851D118	0x00000030EE146888	0x0000001EFD709838
106043	0x000001C96E13CF58	0x0000005C570A1AD0	0x000000401EB839E0	0x000000289C28E688
106044	0x00000235C28E8800	0x0000007235C26488	0x0000004F4F5C0B38	0x000000323AE134D8
106045	0x000002A2199989CD	0x00000088147AAE40	0x0000005E7FFFFDC9	0x0000003BD9998328
106046	0x0000030E70A2B1A0	0x0000009DF332F7F8	0x0000006DAE1451C0	0x0000004575C27550
50103100	0x0001869F00000000	0x0000003200000000	0x0000000000000000	0x0000000000000000
50103101	0x0001869F00000000	0x0000007D00000000	0x0000000000000000	0x0000000000000000
50103102	0x0001869F00000000	0x000000FA00000000	0x0000000000000000	0x0000000000000000
50103103	0x0001869F00000000	0x000001D100000000	0x0000000000000000	0x0000000000000000
50203100	0x0001869F00000000	0x0000003200000000	0x0000000000000000	0x0000000000000000
50203101	0x0001869F00000000	0x0000007D00000000	0x0000000000000000	0x0000000000000000
50203102	0x0001869F00000000	0x000000FA00000000	0x0000000000000000	0x0000000000000000
50203103	0x0001869F00000000	0x000001D100000000	0x0000000000000000	0x0000000000000000
50303100	0x0001869F00000000	0x0000006400000000	0x0000000000000000	0x0000000000000000
50303101	0x0001869F00000000	0x000000AF00000000	0x0000000000000000	0x0000000000000000
50303102	0x0001869F00000000	0x0000012C00000000	0x0000000000000000	0x0000000000000000
50303103	0x0001869F00000000	0x0000020300000000	0x0000000000000000	0x0000000000000000
50403100	0x0001869F00000000	0x0000006400000000	0x0000000000000000	0x0000000000000000
50403101	0x0001869F00000000	0x000000AF00000000	0x0000000000000000	0x0000000000000000
50403102	0x0001869F00000000	0x0000012C00000000	0x0000000000000000	0x0000000000000000
50403103	0x0001869F00000000	0x0000020300000000	0x0000000000000000	0x0000000000000000
50503100	0x0001869F00000000	0x0000003200000000	0x0000000000000000	0x0000000000000000
50503101	0x0001869F00000000	0x0000007D00000000	0x0000000000000000	0x0000000000000000
50503102	0x0001869F00000000	0x000000FA00000000	0x0000000000000000	0x0000000000000000
50503103	0x0001869F00000000	0x000001D100000000	0x0000000000000000	0x0000000000000000
50603100	0x0001869F00000000	0x0000006400000000	0x0000000000000000	0x0000000000000000
50603101	0x0001869F00000000	0x000000AF00000000	0x0000000000000000	0x0000000000000000
50603102	0x0001869F00000000	0x0000012C00000000	0x0000000000000000	0x0000000000000000
50603103	0x0001869F00000000	0x0000020300000000	0x0000000000000000	0x0000000000000000
50703100	0x0001869F00000000	0x0000003200000000	0x0000000000000000	0x0000000000000000
50703101	0x0001869F00000000	0x0000007D00000000	0x0000000000000000	0x0000000000000000
50703102	0x0001869F00000000	0x000000FA00000000	0x0000000000000000	0x0000000000000000
50703103	0x0001869F00000000	0x000001D100000000	0x0000000000000000	0x0000000000000000
50803100	0x0001869F00000000	0x0000006400000000	0x0000000000000000	0x0000000000000000
50803101	0x0001869F00000000	0x000000AF00000000	0x0000000000000000	0x0000000000000000
50803102	0x0001869F00000000	0x0000012C00000000	0x0000000000000000	0x0000000000000000
50803103	0x0001869F00000000	0x0000020300000000	0x0000000000000000	0x0000000000000000
50903100	0x0001869F00000000	0x0000003200000000	0x0000000000000000	0x0000000000000000
50903101	0x0001869F00000000	0x0000007D00000000	0x0000000000000000	0x0000000000000000
50903102	0x0001869F00000000	0x000000FA00000000	0x0000000000000000	0x0000000000000000
50903103	0x0001869F00000000	0x000001D100000000	0x0000000000000000	0x0000000000000000
51003100	0x0001869F00000000	0x0000006400000000	0x0000000000000000	0x0000000000000000
51003101	0x0001869F00000000	0x000000AF00000000	0x0000000000000000	0x0000000000000000
51003102	0x0001869F00000000	0x0000012C00000000	0x0000000000000000	0x0000000000000000
51003103	0x0001869F00000000	0x0000020300000000	0x0000000000000000	0x0000000000000000
51103100	0x0001869F00000000	0x0000006400000000	0x0000000000000000	0x0000000000000000
51103101	0x0001869F00000000	0x000000AF00000000	0x0000000000000000	0x0000000000000000
51103102	0x0001869F00000000	0x0000012C00000000	0x0000000000000000	0x0000000000000000
51103103	0x0001869F00000000	0x0000020300000000	0x0000000000000000	0x0000000000000000
51203100	0x0001869F00000000	0x0000006400000000	0x0000000000000000	0x0000000000000000
51203101	0x0001869F00000000	0x000000AF00000000	0x0000000000000000	0x0000000000000000
51203102	0x0001869F00000000	0x0000012C00000000	0x0000000000000000	0x0000000000000000
51203103	0x0001869F00000000	0x0000020300000000	0x0000000000000000	0x0000000000000000
51303100	0x0001869F00000000	0x0000006400000000	0x0000000000000000	0x0000000000000000
51303101	0x0001869F00000000	0x000000AF00000000	0x0000000000000000	0x0000000000000000
51303102	0x0001869F00000000	0x0000012C00000000	0x0000000000000000	0x0000000000000000
51303103	0x0001869F00000000	0x0000020300000000	0x0000000000000000	0x0000000000000000
51403100	0x0001869F00000000	0x0000006400000000	0x0000000000000000	0x0000000000000000
51403101	0x0001869F00000000	0x000000AF00000000	0x0000000000000000	0x0000000000000000
51403102	0x0001869F00000000	0x0000012C00000000	0x0000000000000000	0x0000000000000000
51403103	0x0001869F00000000	0x0000020300000000	0x0000000000000000	0x0000000000000000
51503100	0x0001869F00000000	0x0000006400000000	0x0000000000000000	0x0000000000000000
51503101	0x0001869F00000000	0x000000AF00000000	0x0000000000000000	0x0000000000000000
51503102	0x0001869F00000000	0x0000012C00000000	0x0000000000000000	0x0000000000000000
51503103	0x0001869F00000000	0x0000020300000000	0x0000000000000000	0x0000000000000000
51603100	0x0001869F00000000	0x0000006400000000	0x0000000000000000	0x0000000000000000
51603101	0x0001869F00000000	0x000000AF00000000	0x0000000000000000	0x0000000000000000
51603102	0x0001869F00000000	0x0000012C00000000	0x0000000000000000	0x0000000000000000
51603103	0x0001869F00000000	0x0000020300000000	0x0000000000000000	0x0000000000000000
51703100	0x0001869F00000000	0x0000006400000000	0x0000000000000000	0x0000000000000000
51703101	0x0001869F00000000	0x000000AF00000000	0x0000000000000000	0x0000000000000000
51703102	0x0001869F00000000	0x0000012C00000000	0x0000000000000000	0x0000000000000000
51703103	0x0001869F00000000	0x0000020300000000	0x0000000000000000	0x0000000000000000
51803100	0x0001869F00000000	0x0000006400000000	0x0000000000000000	0x0000000000000000
51803101	0x0001869F00000000	0x000000AF00000000	0x0000000000000000	0x0000000000000000
51803102	0x0001869F00000000	0x0000012C00000000	0x0000000000000000	0x0000000000000000
51803103	0x0001869F00000000	0x0000020300000000	0x0000000000000000	0x0000000000000000
51903100	0x0001869F00000000	0x0000006400000000	0x0000000000000000	0x0000000000000000
51903101	0x0001869F00000000	0x000000AF00000000	0x0000000000000000	0x0000000000000000
51903102	0x0001869F00000000	0x0000012C00000000	0x0000000000000000	0x0000000000000000
51903103	0x0001869F00000000	0x0000020300000000	0x0000000000000000	0x0000000000000000
52003100	0x0001869F00000000	0x0000006400000000	0x0000000000000000	0x0000000000000000
52003101	0x0001869F00000000	0x000000AF00000000	0x0000000000000000	0x0000000000000000
52003102	0x0001869F00000000	0x0000012C00000000	0x0000000000000000	0x0000000000000000
52003103	0x0001869F00000000	0x0000020300000000	0x0000000000000000	0x0000000000000000
52103100	0x0001869F00000000	0x0000006400000000	0x0000000000000000	0x0000000000000000
52103101	0x0001869F00000000	0x000000AF00000000	0x0000000000000000	0x0000000000000000
52103102	0x0001869F00000000	0x0000012C00000000	0x0000000000000000	0x0000000000000000
52103103	0x0001869F00000000	0x0000020300000000	0x0000000000000000	0x0000000000000000
52203100	0x0001869F00000000	0x0000006400000000	0x0000000000000000	0x0000000000000000
52203101	0x0001869F00000000	0x000000AF00000000	0x0000000000000000	0x0000000000000000
52203102	0x0001869F00000000	0x0000012C00000000	0x0000000000000000	0x0000000000000000
52203103	0x0001869F00000000	0x0000020300000000	0x0000000000000000	0x0000000000000000
52303100	0x0001869F00000000	0x0000006400000000	0x0000000000000000	0x0000000000000000
52303101	0x0001869F00000000	0x000000AF00000000	0x0000000000000000	0x0000000000000000
52303102	0x0001869F00000000	0x0000012C00000000	0x0000000000000000	0x0000000000000000
52303103	0x0001869F00000000	0x0000020300000000	0x0000000000000000	0x0000000000000000
52403100	0x0001869F00000000	0x0000006400000000	0x0000000000000000	0x0000000000000000
52403101	0x0001869F00000000	0x000000AF00000000	0x0000000000000000	0x0000000000000000
52403102	0x0001869F00000000	0x0000012C00000000	0x0000000000000000	0x0000000000000000
52403103	0x0001869F00000000	0x0000020300000000	0x0000000000000000	0x0000000000000000
52503100	0x0001869F00000000	0x0000006400000000	0x0000000000000000	0x0000000000000000
52503101	0x0001869F00000000	0x000000AF00000000	0x0000000000000000	0x0000000000000000
52503102	0x0001869F00000000	0x0000012C00000000	0x0000000000000000	0x0000000000000000
52503103	0x0001869F00000000	0x0000020300000000	0x0000000000000000	0x0000000000000000
52603100	0x0001869F00000000	0x0000006400000000	0x0000000000000000	0x0000000000000000
52603101	0x0001869F00000000	0x000000AF00000000	0x0000000000000000	0x0000000000000000
52603102	0x0001869F00000000	0x0000012C00000000	0x0000000000000000	0x0000000000000000
52603103	0x0001869F00000000	0x0000020300000000	0x0000000000000000	0x0000000000000000
52703100	0x0001869F00000000	0x0000006400000000	0x0000000000000000	0x0000000000000000
52703101	0x0001869F00000000	0x000000AF00000000	0x0000000000000000	0x0000000000000000
52703102	0x0001869F00000000	0x0000012C00000000	0x0000000000000000	0x0000000000000000
52703103	0x0001869F00000000	0x0000020300000000	0x0000000000000000	0x0000000000000000
52803100	0x0001869F00000000	0x0000006400000000	0x0000000000000000	0x0000000000000000
52803101	0x0001869F00000000	0x000000AF00000000	0x0000000000000000	0x0000000000000000
52803102	0x0001869F00000000	0x0000012C00000000	0x0000000000000000	0x0000000000000000
52803103	0x0001869F00000000	0x0000020300000000	0x0000000000000000	0x0000000000000000
52903100	0x0001869F00000000	0x0000006400000000	0x0000000000000000	0x0000000000000000
52903101	0x0001869F00000000	0x000000AF00000000	0x0000000000000000	0x0000000000000000
52903102	0x0001869F00000000	0x0000012C00000000	0x0000000000000000	0x0000000000000000
52903103	0x0001869F00000000	0x0000020300000000	0x0000000000000000	0x0000000000000000
53103100	0x0001869F00000000	0x0000006400000000	0x0000000000000000	0x0000000000000000
53103101	0x0001869F00000000	0x000000AF00000000	0x0000000000000000	0x0000000000000000
53103102	0x0001869F00000000	0x0000012C00000000	0x0000000000000000	0x0000000000000000
53103103	0x0001869F00000000	0x0000020300000000	0x0000000000000000	0x0000000000000000
53203100	0x0001869F00000000	0x0000006400000000	0x0000000000000000	0x0000000000000000
53203101	0x0001869F00000000	0x000000AF00000000	0x0000000000000000	0x0000000000000000
53203102	0x0001869F00000000	0x0000012C00000000	0x0000000000000000	0x0000000000000000
53203103	0x0001869F00000000	0x0000020300000000	0x0000000000000000	0x0000000000000000
53303100	0x0001869F00000000	0x0000006400000000	0x0000000000000000	0x0000000000000000
53303101	0x0001869F00000000	0x000000AF00000000	0x0000000000000000	0x0000000000000000
53303102	0x0001869F00000000	0x0000012C00000000	0x0000000000000000	0x0000000000000000
53303103	0x0001869F00000000	0x0000020300000000	0x0000000000000000	0x0000000000000000
53403100	0x0001869F00000000	0x0000006400000000	0x0000000000000000	0x0000000000000000
53403101	0x0001869F00000000	0x000000AF00000000	0x0000000000000000	0x0000000000000000
53403102	0x0001869F00000000	0x0000012C00000000	0x0000000000000000	0x0000000000000000
53403103	0x0001869F00000000	0x0000020300000000	0x0000000000000000	0x0000000000000000
53503100	0x0001869F00000000	0x0000006400000000	0x0000000000000000	0x0000000000000000
53503101	0x0001869F00000000	0x000000AF00000000	0x0000000000000000	0x0000000000000000
53503102	0x0001869F00000000	0x0000012C00000000	0x0000000000000000	0x0000000000000000
53503103	0x0001869F00000000	0x0000020300000000	0x0000000000000000	0x0000000000000000
53603100	0x0001869F00000000	0x0000006400000000	0x0000000000000000	0x0000000000000000
53603101	0x0001869F00000000	0x000000AF00000000	0x0000000000000000	0x0000000000000000
53603102	0x0001869F00000000	0x0000012C00000000	0x0000000000000000	0x0000000000000000
53603103	0x0001869F00000000	0x0000020300000000	0x0000000000000000	0x0000000000000000
53703100	0x0001869F00000000	0x0000006400000000	0x0000000000000000	0x0000000000000000
53703101	0x0001869F00000000	0x000000AF00000000	0x0000000000000000	0x0000000000000000
53703102	0x0001869F00000000	0x0000012C00000000	0x0000000000000000	0x0000000000000000
53703103	0x0001869F00000000	0x0000020300000000	0x0000000000000000	0x0000000000000000
53803100	0x0001869F00000000	0x0000006400000000	0x0000000000000000	0x0000000000000000
53803101	0x0001869F00000000	0x000000AF00000000	0x0000000000000000	0x0000000000000000
53803102	0x0001869F00000000	0x0000012C00000000	0x0000000000000000	0x0000000000000000
53803103	0x0001869F00000000	0x0000020300000000	0x0000000000000000	0x0000000000000000
5010320	0x0000000000000000	0x0000000A00000000	0x0000000000000000	0x0000000000000000
5010321	0x0000000000000000	0x0000000A00000000	0x0000000000000000	0x0000000000000000
5010322	0x0000000000000000	0x0000000A00000000	0x0000000000000000	0x0000000000000000
5010323	0x0000000000000000	0x0000000A00000000	0x0000000000000000	0x0000000000000000
5010324	0x0000000000000000	0x0000000A00000000	0x0000000000000000	0x0000000000000000
5010330	0x0000000000000000	0x0000000A00000000	0x0000000000000000	0x0000000000000000
5010331	0x0000000000000000	0x0000000A00000000	0x0000000000000000	0x0000000000000000
5010332	0x0000000000000000	0x0000000A00000000	0x0000000000000000	0x0000000000000000
5010333	0x0000000000000000	0x0000000A00000000	0x0000000000000000	0x0000000000000000
5010334	0x0000000000000000	0x0000000A00000000	0x0000000000000000	0x0000000000000000
5010340	0x0000000000000000	0x0000000F00000000	0x0000000000000000	0x0000000000000000
5010341	0x0000000000000000	0x0000000F00000000	0x0000000000000000	0x0000000000000000
5010342	0x0000000000000000	0x0000000F00000000	0x0000000000000000	0x0000000000000000
5010343	0x0000000000000000	0x0000000F00000000	0x0000000000000000	0x0000000000000000
5010344	0x0000000000000000	0x0000000F00000000	0x0000000000000000	0x0000000000000000
5010350	0x0000000000000000	0x0000001900000000	0x0000000000000000	0x0000000000000000
5010351	0x0000000000000000	0x0000001900000000	0x0000000000000000	0x0000000000000000
5010352	0x0000000000000000	0x0000001900000000	0x0000000000000000	0x0000000000000000
5010353	0x0000000000000000	0x0000001900000000	0x0000000000000000	0x0000000000000000
5010354	0x0000000000000000	0x0000001900000000	0x0000000000000000	0x0000000000000000
5020320	0x0000000000000000	0x0000000A00000000	0x0000000000000000	0x0000000000000000
5020321	0x0000000000000000	0x0000000A00000000	0x0000000000000000	0x0000000000000000
5020322	0x0000000000000000	0x0000000A00000000	0x0000000000000000	0x0000000000000000
5020323	0x0000000000000000	0x0000000A00000000	0x0000000000000000	0x0000000000000000
5020324	0x0000000000000000	0x0000000A00000000	0x0000000000000000	0x0000000000000000
5020330	0x0000000000000000	0x0000000A00000000	0x0000000000000000	0x0000000000000000
5020331	0x0000000000000000	0x0000000A00000000	0x0000000000000000	0x0000000000000000
5020332	0x0000000000000000	0x0000000A00000000	0x0000000000000000	0x0000000000000000
5020333	0x0000000000000000	0x0000000A00000000	0x0000000000000000	0x0000000000000000
5020334	0x0000000000000000	0x0000000A00000000	0x0000000000000000	0x0000000000000000
5020340	0x0000000000000000	0x0000000F00000000	0x0000000000000000	0x0000000000000000
5020341	0x0000000000000000	0x0000000F00000000	0x0000000000000000	0x0000000000000000
5020342	0x0000000000000000	0x0000000F00000000	0x0000000000000000	0x0000000000000000
5020343	0x0000000000000000	0x0000000F00000000	0x0000000000000000	0x0000000000000000
5020344	0x0000000000000000	0x0000000F00000000	0x0000000000000000	0x0000000000000000
5020350	0x0000000000000000	0x0000001900000000	0x0000000000000000	0x0000000000000000
5020351	0x0000000000000000	0x0000001900000000	0x0000000000000000	0x0000000000000000
5020352	0x0000000000000000	0x0000001900000000	0x0000000000000000	0x0000000000000000
5020353	0x0000000000000000	0x0000001900000000	0x0000000000000000	0x0000000000000000
5020354	0x0000000000000000	0x0000001900000000	0x0000000000000000	0x0000000000000000
5030330	0x0000000000000000	0x0000000A00000000	0x0000000000000000	0x0000000000000000
5030331	0x0000000000000000	0x0000000A00000000	0x0000000000000000	0x0000000000000000
5030332	0x0000000000000000	0x0000000A00000000	0x0000000000000000	0x0000000000000000
5030333	0x0000000000000000	0x0000000A00000000	0x0000000000000000	0x0000000000000000
5030334	0x0000000000000000	0x0000000A00000000	0x0000000000000000	0x0000000000000000
5030340	0x0000000000000000	0x0000000F00000000	0x0000000000000000	0x0000000000000000
5030341	0x0000000000000000	0x0000000F00000000	0x0000000000000000	0x0000000000000000
5030342	0x0000000000000000	0x0000000F00000000	0x0000000000000000	0x0000000000000000
5030343	0x0000000000000000	0x0000000F00000000	0x0000000000000000	0x0000000000000000
5030344	0x0000000000000000	0x0000000F00000000	0x0000000000000000	0x0000000000000000
5030350	0x0000000000000000	0x0000001900000000	0x0000000000000000	0x0000000000000000
5030351	0x0000000000000000	0x0000001900000000	0x0000000000000000	0x0000000000000000
5030352	0x0000000000000000	0x0000001900000000	0x0000000000000000	0x0000000000000000
5030353	0x0000000000000000	0x0000001900000000	0x0000000000000000	0x0000000000000000
5030354	0x0000000000000000	0x0000001900000000	0x0000000000000000	0x0000000000000000
5040330	0x0000000000000000	0x0000000A00000000	0x0000000000000000	0x0000000000000000
5040331	0x0000000000000000	0x0000000A00000000	0x0000000000000000	0x0000000000000000
5040332	0x0000000000000000	0x0000000A00000000	0x0000000000000000	0x0000000000000000
5040333	0x0000000000000000	0x0000000A00000000	0x0000000000000000	0x0000000000000000
5040334	0x0000000000000000	0x0000000A00000000	0x0000000000000000	0x0000000000000000
5040340	0x0000000000000000	0x0000000F00000000	0x0000000000000000	0x0000000000000000
5040341	0x0000000000000000	0x0000000F00000000	0x0000000000000000	0x0000000000000000
5040342	0x0000000000000000	0x0000000F00000000	0x0000000000000000	0x0000000000000000
5040343	0x0000000000000000	0x0000000F00000000	0x0000000000000000	0x0000000000000000
5040344	0x0000000000000000	0x0000000F00000000	0x0000000000000000	0x0000000000000000
5040350	0x0000000000000000	0x0000001900000000	0x0000000000000000	0x0000000000000000
5040351	0x0000000000000000	0x0000001900000000	0x0000000000000000	0x0000000000000000
5040352	0x0000000000000000	0x0000001900000000	0x0000000000000000	0x0000000000000000
5040353	0x0000000000000000	0x0000001900000000	0x0000000000000000	0x0000000000000000
5040354	0x0000000000000000	0x0000001900000000	0x0000000000000000	0x0000000000000000
5050320	0x0000000000000000	0x0000000A00000000	0x0000000000000000	0x0000000000000000
5050321	0x0000000000000000	0x0000000A00000000	0x0000000000000000	0x0000000000000000
5050322	0x0000000000000000	0x0000000A00000000	0x0000000000000000	0x0000000000000000
5050323	0x0000000000000000	0x0000000A00000000	0x0000000000000000	0x0000000000000000
5050324	0x0000000000000000	0x0000000A00000000	0x0000000000000000	0x0000000000000000
5050330	0x0000000000000000	0x0000000A00000000	0x0000000000000000	0x0000000000000000
5050331	0x0000000000000000	0x0000000A00000000	0x0000000000000000	0x0000000000000000
5050332	0x0000000000000000	0x0000000A00000000	0x0000000000000000	0x0000000000000000
5050333	0x0000000000000000	0x0000000A00000000	0x0000000000000000	0x0000000000000000
5050334	0x0000000000000000	0x0000000A00000000	0x0000000000000000	0x0000000000000000
5050340	0x0000000000000000	0x0000000F00000000	0x0000000000000000	0x0000000000000000
5050341	0x0000000000000000	0x0000000F00000000	0x0000000000000000	0x0000000000000000
5050342	0x0000000000000000	0x0000000F00000000	0x0000000000000000	0x0000000000000000
5050343	0x0000000000000000	0x0000000F00000000	0x0000000000000000	0x0000000000000000
5050344	0x0000000000000000	0x0000000F00000000	0x0000000000000000	0x0000000000000000
5050350	0x0000000000000000	0x0000001900000000	0x0000000000000000	0x0000000000000000
5050351	0x0000000000000000	0x0000001900000000	0x0000000000000000	0x0000000000000000
5050352	0x0000000000000000	0x0000001900000000	0x0000000000000000	0x0000000000000000
5050353	0x0000000000000000	0x0000001900000000	0x0000000000000000	0x0000000000000000
5050354	0x0000000000000000	0x0000001900000000	0x0000000000000000	0x0000000000000000
5060330	0x0000000000000000	0x0000000A00000000	0x0000000000000000	0x0000000000000000
5060331	0x0000000000000000	0x0000000A00000000	0x0000000000000000	0x0000000000000000
5060332	0x0000000000000000	0x0000000A00000000	0x0000000000000000	0x0000000000000000
5060333	0x0000000000000000	0x0000000A00000000	0x0000000000000000	0x0000000000000000
5060334	0x0000000000000000	0x0000000A00000000	0x0000000000000000	0x0000000000000000
5060340	0x0000000000000000	0x0000000F00000000	0x0000000000000000	0x0000000000000000
5060341	0x0000000000000000	0x0000000F00000000	0x0000000000000000	0x0000000000000000
5060342	0x0000000000000000	0x0000000F00000000	0x0000000000000000	0x0000000000000000
5060343	0x0000000000000000	0x0000000F00000000	0x0000000000000000	0x0000000000000000
5060344	0x0000000000000000	0x0000000F00000000	0x0000000000000000	0x0000000000000000
5060350	0x0000000000000000	0x0000001900000000	0x0000000000000000	0x0000000000000000
5060351	0x0000000000000000	0x0000001900000000	0x0000000000000000	0x0000000000000000
5060352	0x0000000000000000	0x0000001900000000	0x0000000000000000	0x0000000000000000
5060353	0x0000000000000000	0x0000001900000000	0x0000000000000000	0x0000000000000000
5060354	0x0000000000000000	0x0000001900000000	0x0000000000000000	0x0000000000000000
5070320	0x0000000000000000	0x0000000A00000000	0x0000000000000000	0x0000000000000000
5070321	0x0000000000000000	0x0000000A00000000	0x0000000000000000	0x0000000000000000
5070322	0x0000000000000000	0x0000000A00000000	0x0000000000000000	0x0000000000000000
5070323	0x0000000000000000	0x0000000A00000000	0x0000000000000000	0x0000000000000000
5070324	0x0000000000000000	0x0000000A00000000	0x0000000000000000	0x0000000000000000
5070330	0x0000000000000000	0x0000000A00000000	0x0000000000000000	0x0000000000000000
5070331	0x0000000000000000	0x0000000A00000000	0x0000000000000000	0x0000000000000000
5070332	0x0000000000000000	0x0000000A00000000	0x0000000000000000	0x0000000000000000
5070333	0x0000000000000000	0x0000000A00000000	0x0000000000000000	0x0000000000000000
5070334	0x0000000000000000	0x0000000A00000000	0x0000000000000000	0x0000000000000000
5070340	0x0000000000000000	0x0000000F00000000	0x0000000000000000	0x0000000000000000
5070341	0x0000000000000000	0x0000000F00000000	0x0000000000000000	0x0000000000000000
5070342	0x0000000000000000	0x0000000F00000000	0x0000000000000000	0x0000000000000000
5070343	0x0000000000000000	0x0000000F00000000	0x0000000000000000	0x0000000000000000
5070344	0x0000000000000000	0x0000000F00000000	0x0000000000000000	0x0000000000000000
5070350	0x0000000000000000	0x0000001900000000	0x0000000000000000	0x0000000000000000
5070351	0x0000000000000000	0x0000001900000000	0x0000000000000000	0x0000000000000000
5070352	0x0000000000000000	0x0000001900000000	0x0000000000000000	0x0000000000000000
5070353	0x0000000000000000	0x0000001900000000	0x0000000000000000	0x0000000000000000
5070354	0x0000000000000000	0x0000001900000000	0x0000000000000000	0x0000000000000000
5080330	0x0000000000000000	0x0000000A00000000	0x0000000000000000	0x0000000000000000
5080331	0x0000000000000000	0x0000000A00000000	0x0000000000000000	0x0000000000000000
5080332	0x0000000000000000	0x0000000A00000000	0x0000000000000000	0x0000000000000000
5080333	0x0000000000000000	0x0000000A00000000	0x0000000000000000	0x0000000000000000
5080334	0x0000000000000000	0x0000000A00000000	0x0000000000000000	0x0000000000000000
5080340	0x0000000000000000	0x0000000F00000000	0x0000000000000000	0x0000000000000000
5080341	0x0000000000000000	0x0000000F00000000	0x0000000000000000	0x0000000000000000
5080342	0x0000000000000000	0x0000000F00000000	0x0000000000000000	0x0000000000000000
5080343	0x0000000000000000	0x0000000F00000000	0x0000000000000000	0x0000000000000000
5080344	0x0000000000000000	0x0000000F00000000	0x0000000000000000	0x0000000000000000
5080350	0x0000000000000000	0x0000001900000000	0x0000000000000000	0x0000000000000000
5080351	0x0000000000000000	0x0000001900000000	0x0000000000000000	0x0000000000000000
5080352	0x0000000000000000	0x0000001900000000	0x0000000000000000	0x0000000000000000
5080353	0x0000000000000000	0x0000001900000000	0x0000000000000000	0x0000000000000000
5080354	0x0000000000000000	0x0000001900000000	0x0000000000000000	0x0000000000000000
5090320	0x0000000000000000	0x0000000A00000000	0x0000000000000000	0x0000000000000000
5090321	0x0000000000000000	0x0000000A00000000	0x0000000000000000	0x0000000000000000
5090322	0x0000000000000000	0x0000000A00000000	0x0000000000000000	0x0000000000000000
5090323	0x0000000000000000	0x0000000A00000000	0x0000000000000000	0x0000000000000000
5090324	0x0000000000000000	0x0000000A00000000	0x0000000000000000	0x0000000000000000
5090330	0x0000000000000000	0x0000000A00000000	0x0000000000000000	0x0000000000000000
5090331	0x0000000000000000	0x0000000A00000000	0x0000000000000000	0x0000000000000000
5090332	0x0000000000000000	0x0000000A00000000	0x0000000000000000	0x0000000000000000
5090333	0x0000000000000000	0x0000000A00000000	0x0000000000000000	0x0000000000000000
5090334	0x0000000000000000	0x0000000A00000000	0x0000000000000000	0x0000000000000000
5090340	0x0000000000000000	0x0000000F00000000	0x0000000000000000	0x0000000000000000
5090341	0x0000000000000000	0x0000000F00000000	0x0000000000000000	0x0000000000000000
5090342	0x0000000000000000	0x0000000F00000000	0x0000000000000000	0x0000000000000000
5090343	0x0000000000000000	0x0000000F00000000	0x0000000000000000	0x0000000000000000
5090344	0x0000000000000000	0x0000000F00000000	0x0000000000000000	0x0000000000000000
5090350	0x0000000000000000	0x0000001900000000	0x0000000000000000	0x0000000000000000
5090351	0x0000000000000000	0x0000001900000000	0x0000000000000000	0x0000000000000000
5090352	0x0000000000000000	0x0000001900000000	0x0000000000000000	0x0000000000000000
5090353	0x0000000000000000	0x0000001900000000	0x0000000000000000	0x0000000000000000
5090354	0x0000000000000000	0x0000001900000000	0x0000000000000000	0x0000000000000000
5100330	0x0000000000000000	0x0000000A00000000	0x0000000000000000	0x0000000000000000
5100331	0x0000000000000000	0x0000000A00000000	0x0000000000000000	0x0000000000000000
5100332	0x0000000000000000	0x0000000A00000000	0x0000000000000000	0x0000000000000000
5100333	0x0000000000000000	0x0000000A00000000	0x0000000000000000	0x0000000000000000
5100334	0x0000000000000000	0x0000000A00000000	0x0000000000000000	0x0000000000000000
5100340	0x0000000000000000	0x0000000F00000000	0x0000000000000000	0x0000000000000000
5100341	0x0000000000000000	0x0000000F00000000	0x0000000000000000	0x0000000000000000
5100342	0x0000000000000000	0x0000000F00000000	0x0000000000000000	0x0000000000000000
5100343	0x0000000000000000	0x0000000F00000000	0x0000000000000000	0x0000000000000000
5100344	0x0000000000000000	0x0000000F00000000	0x0000000000000000	0x0000000000000000
5100350	0x0000000000000000	0x0000001900000000	0x0000000000000000	0x0000000000000000
5100351	0x0000000000000000	0x0000001900000000	0x0000000000000000	0x0000000000000000
5100352	0x0000000000000000	0x0000001900000000	0x0000000000000000	0x0000000000000000
5100353	0x0000000000000000	0x0000001900000000	0x0000000000000000	0x0000000000000000
5100354	0x0000000000000000	0x0000001900000000	0x0000000000000000	0x0000000000000000
5110330	0x0000000000000000	0x0000000A00000000	0x0000000000000000	0x0000000000000000
5110331	0x0000000000000000	0x0000000A00000000	0x0000000000000000	0x0000000000000000
5110332	0x0000000000000000	0x0000000A00000000	0x0000000000000000	0x0000000000000000
5110333	0x0000000000000000	0x0000000A00000000	0x0000000000000000	0x0000000000000000
5110334	0x0000000000000000	0x0000000A00000000	0x0000000000000000	0x0000000000000000
5110340	0x0000000000000000	0x0000000F00000000	0x0000000000000000	0x0000000000000000
5110341	0x0000000000000000	0x0000000F00000000	0x0000000000000000	0x0000000000000000
5110342	0x0000000000000000	0x0000000F00000000	0x0000000000000000	0x0000000000000000
5110343	0x0000000000000000	0x0000000F00000000	0x0000000000000000	0x0000000000000000
5110344	0x0000000000000000	0x0000000F00000000	0x0000000000000000	0x0000000000000000
5110350	0x0000000000000000	0x0000001900000000	0x0000000000000000	0x0000000000000000
5110351	0x0000000000000000	0x0000001900000000	0x0000000000000000	0x0000000000000000
5110352	0x0000000000000000	0x0000001900000000	0x0000000000000000	0x0000000000000000
5110353	0x0000000000000000	0x0000001900000000	0x0000000000000000	0x0000000000000000
5110354	0x0000000000000000	0x0000001900000000	0x0000000000000000	0x0000000000000000
5120330	0x0000000000000000	0x0000000A00000000	0x0000000000000000	0x0000000000000000
5120331	0x0000000000000000	0x0000000A00000000	0x0000000000000000	0x0000000000000000
5120332	0x0000000000000000	0x0000000A00000000	0x0000000000000000	0x0000000000000000
5120333	0x0000000000000000	0x0000000A00000000	0x0000000000000000	0x0000000000000000
5120334	0x0000000000000000	0x0000000A00000000	0x0000000000000000	0x0000000000000000
5120340	0x0000000000000000	0x0000000F00000000	0x0000000000000000	0x0000000000000000
5120341	0x0000000000000000	0x0000000F00000000	0x0000000000000000	0x0000000000000000
5120342	0x0000000000000000	0x0000000F00000000	0x0000000000000000	0x0000000000000000
5120343	0x0000000000000000	0x0000000F00000000	0x0000000000000000	0x0000000000000000
5120344	0x0000000000000000	0x0000000F00000000	0x0000000000000000	0x0000000000000000
5120350	0x0000000000000000	0x0000001900000000	0x0000000000000000	0x0000000000000000
5120351	0x0000000000000000	0x0000001900000000	0x0000000000000000	0x0000000000000000
5120352	0x0000000000000000	0x0000001900000000	0x0000000000000000	0x0000000000000000
5120353	0x0000000000000000	0x0000001900000000	0x0000000000000000	0x0000000000000000
5120354	0x0000000000000000	0x0000001900000000	0x0000000000000000	0x0000000000000000
5130330	0x0000000000000000	0x0000000A00000000	0x0000000000000000	0x0000000000000000
5130331	0x0000000000000000	0x0000000A00000000	0x0000000000000000	0x0000000000000000
5130332	0x0000000000000000	0x0000000A00000000	0x0000000000000000	0x0000000000000000
5130333	0x0000000000000000	0x0000000A00000000	0x0000000000000000	0x0000000000000000
5130334	0x0000000000000000	0x0000000A00000000	0x0000000000000000	0x0000000000000000
5130340	0x0000000000000000	0x0000000F00000000	0x0000000000000000	0x0000000000000000
5130341	0x0000000000000000	0x0000000F00000000	0x0000000000000000	0x0000000000000000
5130342	0x0000000000000000	0x0000000F00000000	0x0000000000000000	0x0000000000000000
5130343	0x0000000000000000	0x0000000F00000000	0x0000000000000000	0x0000000000000000
5130344	0x0000000000000000	0x0000000F00000000	0x0000000000000000	0x0000000000000000
5130350	0x0000000000000000	0x0000001900000000	0x0000000000000000	0x0000000000000000
5130351	0x0000000000000000	0x0000001900000000	0x0000000000000000	0x0000000000000000
5130352	0x0000000000000000	0x0000001900000000	0x0000000000000000	0x0000000000000000
5130353	0x0000000000000000	0x0000001900000000	0x0000000000000000	0x0000000000000000
5130354	0x0000000000000000	0x0000001900000000	0x0000000000000000	0x0000000000000000
5140330	0x0000000000000000	0x0000000A00000000	0x0000000000000000	0x0000000000000000
5140331	0x0000000000000000	0x0000000A00000000	0x0000000000000000	0x0000000000000000
5140332	0x0000000000000000	0x0000000A00000000	0x0000000000000000	0x0000000000000000
5140333	0x0000000000000000	0x0000000A00000000	0x0000000000000000	0x0000000000000000
5140334	0x0000000000000000	0x0000000A00000000	0x0000000000000000	0x0000000000000000
5140340	0x0000000000000000	0x0000000F00000000	0x0000000000000000	0x0000000000000000
5140341	0x0000000000000000	0x0000000F00000000	0x0000000000000000	0x0000000000000000
5140342	0x0000000000000000	0x0000000F00000000	0x0000000000000000	0x0000000000000000
5140343	0x0000000000000000	0x0000000F00000000	0x0000000000000000	0x0000000000000000
5140344	0x0000000000000000	0x0000000F00000000	0x0000000000000000	0x0000000000000000
5140350	0x0000000000000000	0x0000001900000000	0x0000000000000000	0x0000000000000000
5140351	0x0000000000000000	0x0000001900000000	0x0000000000000000	0x0000000000000000
5140352	0x0000000000000000	0x0000001900000000	0x0000000000000000	0x0000000000000000
5140353	0x0000000000000000	0x0000001900000000	0x0000000000000000	0x0000000000000000
5140354	0x0000000000000000	0x0000001900000000	0x0000000000000000	0x0000000000000000
5150330	0x0000000000000000	0x0000000A00000000	0x0000000000000000	0x0000000000000000
5150331	0x0000000000000000	0x0000000A00000000	0x0000000000000000	0x0000000000000000
5150332	0x0000000000000000	0x0000000A00000000	0x0000000000000000	0x0000000000000000
5150333	0x0000000000000000	0x0000000A00000000	0x0000000000000000	0x0000000000000000
5150334	0x0000000000000000	0x0000000A00000000	0x0000000000000000	0x0000000000000000
5150340	0x0000000000000000	0x0000000F00000000	0x0000000000000000	0x0000000000000000
5150341	0x0000000000000000	0x0000000F00000000	0x0000000000000000	0x0000000000000000
5150342	0x0000000000000000	0x0000000F00000000	0x0000000000000000	0x0000000000000000
5150343	0x0000000000000000	0x0000000F00000000	0x0000000000000000	0x0000000000000000
5150344	0x0000000000000000	0x0000000F00000000	0x0000000000000000	0x0000000000000000
5150350	0x0000000000000000	0x0000001900000000	0x0000000000000000	0x0000000000000000
5150351	0x0000000000000000	0x0000001900000000	0x0000000000000000	0x0000000000000000
5150352	0x0000000000000000	0x0000001900000000	0x0000000000000000	0x0000000000000000
5150353	0x0000000000000000	0x0000001900000000	0x0000000000000000	0x0000000000000000
5150354	0x0000000000000000	0x0000001900000000	0x0000000000000000	0x0000000000000000
5160330	0x0000000000000000	0x0000000A00000000	0x0000000000000000	0x0000000000000000
5160331	0x0000000000000000	0x0000000A00000000	0x0000000000000000	0x0000000000000000
5160332	0x0000000000000000	0x0000000A00000000	0x0000000000000000	0x0000000000000000
5160333	0x0000000000000000	0x0000000A00000000	0x0000000000000000	0x0000000000000000
5160334	0x0000000000000000	0x0000000A00000000	0x0000000000000000	0x0000000000000000
5160340	0x0000000000000000	0x0000000F00000000	0x0000000000000000	0x0000000000000000
5160341	0x0000000000000000	0x0000000F00000000	0x0000000000000000	0x0000000000000000
5160342	0x0000000000000000	0x0000000F00000000	0x0000000000000000	0x0000000000000000
5160343	0x0000000000000000	0x0000000F00000000	0x0000000000000000	0x0000000000000000
5160344	0x0000000000000000	0x0000000F00000000	0x0000000000000000	0x0000000000000000
5160350	0x0000000000000000	0x0000001900000000	0x0000000000000000	0x0000000000000000
5160351	0x0000000000000000	0x0000001900000000	0x0000000000000000	0x0000000000000000
5160352	0x0000000000000000	0x0000001900000000	0x0000000000000000	0x0000000000000000
5160353	0x0000000000000000	0x0000001900000000	0x0000000000000000	0x0000000000000000
5160354	0x0000000000000000	0x0000001900000000	0x0000000000000000	0x0000000000000000
5170330	0x0000000000000000	0x0000000A00000000	0x0000000000000000	0x0000000000000000
5170331	0x0000000000000000	0x0000000A00000000	0x0000000000000000	0x0000000000000000
5170332	0x0000000000000000	0x0000000A00000000	0x0000000000000000	0x0000000000000000
5170333	0x0000000000000000	0x0000000A00000000	0x0000000000000000	0x0000000000000000
5170334	0x0000000000000000	0x0000000A00000000	0x0000000000000000	0x0000000000000000
5170340	0x0000000000000000	0x0000000F00000000	0x0000000000000000	0x0000000000000000
5170341	0x0000000000000000	0x0000000F00000000	0x0000000000000000	0x0000000000000000
5170342	0x0000000000000000	0x0000000F00000000	0x0000000000000000	0x0000000000000000
5170343	0x0000000000000000	0x0000000F00000000	0x0000000000000000	0x0000000000000000
5170344	0x0000000000000000	0x0000000F00000000	0x0000000000000000	0x0000000000000000
5170350	0x0000000000000000	0x0000001900000000	0x0000000000000000	0x0000000000000000
5170351	0x0000000000000000	0x0000001900000000	0x0000000000000000	0x0000000000000000
5170352	0x0000000000000000	0x0000001900000000	0x0000000000000000	0x0000000000000000
5170353	0x0000000000000000	0x0000001900000000	0x0000000000000000	0x0000000000000000
5170354	0x0000000000000000	0x0000001900000000	0x0000000000000000	0x0000000000000000
5180330	0x0000000000000000	0x0000000A00000000	0x0000000000000000	0x0000000000000000
5180331	0x0000000000000000	0x0000000A00000000	0x0000000000000000	0x0000000000000000
5180332	0x0000000000000000	0x0000000A00000000	0x0000000000000000	0x0000000000000000
5180333	0x0000000000000000	0x0000000A00000000	0x0000000000000000	0x0000000000000000
5180334	0x0000000000000000	0x0000000A00000000	0x0000000000000000	0x0000000000000000
5180340	0x0000000000000000	0x0000000F00000000	0x0000000000000000	0x0000000000000000
5180341	0x0000000000000000	0x0000000F00000000	0x0000000000000000	0x0000000000000000
5180342	0x0000000000000000	0x0000000F00000000	0x0000000000000000	0x0000000000000000
5180343	0x0000000000000000	0x0000000F00000000	0x0000000000000000	0x0000000000000000
5180344	0x0000000000000000	0x0000000F00000000	0x0000000000000000	0x0000000000000000
5180350	0x0000000000000000	0x0000001900000000	0x0000000000000000	0x0000000000000000
5180351	0x0000000000000000	0x0000001900000000	0x0000000000000000	0x0000000000000000
5180352	0x0000000000000000	0x0000001900000000	0x0000000000000000	0x0000000000000000
5180353	0x0000000000000000	0x0000001900000000	0x0000000000000000	0x0000000000000000
5180354	0x0000000000000000	0x0000001900000000	0x0000000000000000	0x0000000000000000
5190330	0x0000000000000000	0x0000000A00000000	0x0000000000000000	0x0000000000000000
5190331	0x0000000000000000	0x0000000A00000000	0x0000000000000000	0x0000000000000000
5190332	0x0000000000000000	0x0000000A00000000	0x0000000000000000	0x0000000000000000
5190333	0x0000000000000000	0x0000000A00000000	0x0000000000000000	0x0000000000000000
5190334	0x0000000000000000	0x0000000A00000000	0x0000000000000000	0x0000000000000000
5190340	0x0000000000000000	0x0000000F00000000	0x0000000000000000	0x0000000000000000
5190341	0x0000000000000000	0x0000000F00000000	0x0000000000000000	0x0000000000000000
5190342	0x0000000000000000	0x0000000F00000000	0x0000000000000000	0x0000000000000000
5190343	0x0000000000000000	0x0000000F00000000	0x0000000000000000	0x0000000000000000
5190344	0x0000000000000000	0x0000000F00000000	0x0000000000000000	0x0000000000000000
5190350	0x0000000000000000	0x0000001900000000	0x0000000000000000	0x0000000000000000
5190351	0x0000000000000000	0x0000001900000000	0x0000000000000000	0x0000000000000000
5190352	0x0000000000000000	0x0000001900000000	0x0000000000000000	0x0000000000000000
5190353	0x0000000000000000	0x0000001900000000	0x0000000000000000	0x0000000000000000
5190354	0x0000000000000000	0x0000001900000000	0x0000000000000000	0x0000000000000000
5200330	0x0000000000000000	0x0000000A00000000	0x0000000000000000	0x0000000000000000
5200331	0x0000000000000000	0x0000000A00000000	0x0000000000000000	0x0000000000000000
5200332	0x0000000000000000	0x0000000A00000000	0x0000000000000000	0x0000000000000000
5200333	0x0000000000000000	0x0000000A00000000	0x0000000000000000	0x0000000000000000
5200334	0x0000000000000000	0x0000000A00000000	0x0000000000000000	0x0000000000000000
5200340	0x0000000000000000	0x0000000F00000000	0x0000000000000000	0x0000000000000000
5200341	0x0000000000000000	0x0000000F00000000	0x0000000000000000	0x0000000000000000
5200342	0x0000000000000000	0x0000000F00000000	0x0000000000000000	0x0000000000000000
5200343	0x0000000000000000	0x0000000F00000000	0x0000000000000000	0x0000000000000000
5200344	0x0000000000000000	0x0000000F00000000	0x0000000000000000	0x0000000000000000
5200350	0x0000000000000000	0x0000001900000000	0x0000000000000000	0x0000000000000000
5200351	0x0000000000000000	0x0000001900000000	0x0000000000000000	0x0000000000000000
5200352	0x0000000000000000	0x0000001900000000	0x0000000000000000	0x0000000000000000
5200353	0x0000000000000000	0x0000001900000000	0x0000000000000000	0x0000000000000000
5200354	0x0000000000000000	0x0000001900000000	0x0000000000000000	0x0000000000000000
5210330	0x0000000000000000	0x0000000A00000000	0x0000000000000000	0x0000000000000000
5210331	0x0000000000000000	0x0000000A00000000	0x0000000000000000	0x0000000000000000
5210332	0x0000000000000000	0x0000000A00000000	0x0000000000000000	0x0000000000000000
5210333	0x0000000000000000	0x0000000A00000000	0x0000000000000000	0x0000000000000000
5210334	0x0000000000000000	0x0000000A00000000	0x0000000000000000	0x0000000000000000
5210340	0x0000000000000000	0x0000000F00000000	0x0000000000000000	0x0000000000000000
5210341	0x0000000000000000	0x0000000F00000000	0x0000000000000000	0x0000000000000000
5210342	0x0000000000000000	0x0000000F00000000	0x0000000000000000	0x0000000000000000
5210343	0x0000000000000000	0x0000000F00000000	0x0000000000000000	0x0000000000000000
5210344	0x0000000000000000	0x0000000F00000000	0x0000000000000000	0x0000000000000000
5210350	0x0000000000000000	0x0000001900000000	0x0000000000000000	0x0000000000000000
5210351	0x0000000000000000	0x0000001900000000	0x0000000000000000	0x0000000000000000
5210352	0x0000000000000000	0x0000001900000000	0x0000000000000000	0x0000000000000000
5210353	0x0000000000000000	0x0000001900000000	0x0000000000000000	0x0000000000000000
5210354	0x0000000000000000	0x0000001900000000	0x0000000000000000	0x0000000000000000
5220330	0x0000000000000000	0x0000000A00000000	0x0000000000000000	0x0000000000000000
5220331	0x0000000000000000	0x0000000A00000000	0x0000000000000000	0x0000000000000000
5220332	0x0000000000000000	0x0000000A00000000	0x0000000000000000	0x0000000000000000
5220333	0x0000000000000000	0x0000000A00000000	0x0000000000000000	0x0000000000000000
5220334	0x0000000000000000	0x0000000A00000000	0x0000000000000000	0x0000000000000000
5220340	0x0000000000000000	0x0000000F00000000	0x0000000000000000	0x0000000000000000
5220341	0x0000000000000000	0x0000000F00000000	0x0000000000000000	0x0000000000000000
5220342	0x0000000000000000	0x0000000F00000000	0x0000000000000000	0x0000000000000000
5220343	0x0000000000000000	0x0000000F00000000	0x0000000000000000	0x0000000000000000
5220344	0x0000000000000000	0x0000000F00000000	0x0000000000000000	0x0000000000000000
5220350	0x0000000000000000	0x0000001900000000	0x0000000000000000	0x0000000000000000
5220351	0x0000000000000000	0x0000001900000000	0x0000000000000000	0x0000000000000000
5220352	0x0000000000000000	0x0000001900000000	0x0000000000000000	0x0000000000000000
5220353	0x0000000000000000	0x0000001900000000	0x0000000000000000	0x0000000000000000
5220354	0x0000000000000000	0x0000001900000000	0x0000000000000000	0x0000000000000000
5230330	0x0000000000000000	0x0000000A00000000	0x0000000000000000	0x0000000000000000
5230331	0x0000000000000000	0x0000000A00000000	0x0000000000000000	0x0000000000000000
5230332	0x0000000000000000	0x0000000A00000000	0x0000000000000000	0x0000000000000000
5230333	0x0000000000000000	0x0000000A00000000	0x0000000000000000	0x0000000000000000
5230334	0x0000000000000000	0x0000000A00000000	0x0000000000000000	0x0000000000000000
5230340	0x0000000000000000	0x0000000F00000000	0x0000000000000000	0x0000000000000000
5230341	0x0000000000000000	0x0000000F00000000	0x0000000000000000	0x0000000000000000
5230342	0x0000000000000000	0x0000000F00000000	0x0000000000000000	0x0000000000000000
5230343	0x0000000000000000	0x0000000F00000000	0x0000000000000000	0x0000000000000000
5230344	0x0000000000000000	0x0000000F00000000	0x0000000000000000	0x0000000000000000
5230350	0x0000000000000000	0x0000001900000000	0x0000000000000000	0x0000000000000000
5230351	0x0000000000000000	0x0000001900000000	0x0000000000000000	0x0000000000000000
5230352	0x0000000000000000	0x0000001900000000	0x0000000000000000	0x0000000000000000
5230353	0x0000000000000000	0x0000001900000000	0x0000000000000000	0x0000000000000000
5230354	0x0000000000000000	0x0000001900000000	0x0000000000000000	0x0000000000000000
5240330	0x0000000000000000	0x0000000A00000000	0x0000000000000000	0x0000000000000000
5240331	0x0000000000000000	0x0000000A00000000	0x0000000000000000	0x0000000000000000
5240332	0x0000000000000000	0x0000000A00000000	0x0000000000000000	0x0000000000000000
5240333	0x0000000000000000	0x0000000A00000000	0x0000000000000000	0x0000000000000000
5240334	0x0000000000000000	0x0000000A00000000	0x0000000000000000	0x0000000000000000
5240340	0x0000000000000000	0x0000000F00000000	0x0000000000000000	0x0000000000000000
5240341	0x0000000000000000	0x0000000F00000000	0x0000000000000000	0x0000000000000000
5240342	0x0000000000000000	0x0000000F00000000	0x0000000000000000	0x0000000000000000
5240343	0x0000000000000000	0x0000000F00000000	0x0000000000000000	0x0000000000000000
5240344	0x0000000000000000	0x0000000F00000000	0x0000000000000000	0x0000000000000000
5240350	0x0000000000000000	0x0000001900000000	0x0000000000000000	0x0000000000000000
5240351	0x0000000000000000	0x0000001900000000	0x0000000000000000	0x0000000000000000
5240352	0x0000000000000000	0x0000001900000000	0x0000000000000000	0x0000000000000000
5240353	0x0000000000000000	0x0000001900000000	0x0000000000000000	0x0000000000000000
5240354	0x0000000000000000	0x0000001900000000	0x0000000000000000	0x0000000000000000
5250330	0x0000000000000000	0x0000000A00000000	0x0000000000000000	0x0000000000000000
5250331	0x0000000000000000	0x0000000A00000000	0x0000000000000000	0x0000000000000000
5250332	0x0000000000000000	0x0000000A00000000	0x0000000000000000	0x0000000000000000
5250333	0x0000000000000000	0x0000000A00000000	0x0000000000000000	0x0000000000000000
5250334	0x0000000000000000	0x0000000A00000000	0x0000000000000000	0x0000000000000000
5250340	0x0000000000000000	0x0000000F00000000	0x0000000000000000	0x0000000000000000
5250341	0x0000000000000000	0x0000000F00000000	0x0000000000000000	0x0000000000000000
5250342	0x0000000000000000	0x0000000F00000000	0x0000000000000000	0x0000000000000000
5250343	0x0000000000000000	0x0000000F00000000	0x0000000000000000	0x0000000000000000
5250344	0x0000000000000000	0x0000000F00000000	0x0000000000000000	0x0000000000000000
5250350	0x0000000000000000	0x0000001900000000	0x0000000000000000	0x0000000000000000
5250351	0x0000000000000000	0x0000001900000000	0x0000000000000000	0x0000000000000000
5250352	0x0000000000000000	0x0000001900000000	0x0000000000000000	0x0000000000000000
5250353	0x0000000000000000	0x0000001900000000	0x0000000000000000	0x0000000000000000
5250354	0x0000000000000000	0x0000001900000000	0x0000000000000000	0x0000000000000000
5260330	0x0000000000000000	0x0000000A00000000	0x0000000000000000	0x0000000000000000
5260331	0x0000000000000000	0x0000000A00000000	0x0000000000000000	0x0000000000000000
5260332	0x0000000000000000	0x0000000A00000000	0x0000000000000000	0x0000000000000000
5260333	0x0000000000000000	0x0000000A00000000	0x0000000000000000	0x0000000000000000
5260334	0x0000000000000000	0x0000000A00000000	0x0000000000000000	0x0000000000000000
5260340	0x0000000000000000	0x0000000F00000000	0x0000000000000000	0x0000000000000000
5260341	0x0000000000000000	0x0000000F00000000	0x0000000000000000	0x0000000000000000
5260342	0x0000000000000000	0x0000000F00000000	0x0000000000000000	0x0000000000000000
5260343	0x0000000000000000	0x0000000F00000000	0x0000000000000000	0x0000000000000000
5260344	0x0000000000000000	0x0000000F00000000	0x0000000000000000	0x0000000000000000
5260350	0x0000000000000000	0x0000001900000000	0x0000000000000000	0x0000000000000000
5260351	0x0000000000000000	0x0000001900000000	0x0000000000000000	0x0000000000000000
5260352	0x0000000000000000	0x0000001900000000	0x0000000000000000	0x0000000000000000
5260353	0x0000000000000000	0x0000001900000000	0x0000000000000000	0x0000000000000000
5260354	0x0000000000000000	0x0000001900000000	0x0000000000000000	0x0000000000000000
5270330	0x0000000000000000	0x0000000A00000000	0x0000000000000000	0x0000000000000000
5270331	0x0000000000000000	0x0000000A00000000	0x0000000000000000	0x0000000000000000
5270332	0x0000000000000000	0x0000000A00000000	0x0000000000000000	0x0000000000000000
5270333	0x0000000000000000	0x0000000A00000000	0x0000000000000000	0x0000000000000000
5270334	0x0000000000000000	0x0000000A00000000	0x0000000000000000	0x0000000000000000
5270340	0x0000000000000000	0x0000000F00000000	0x0000000000000000	0x0000000000000000
5270341	0x0000000000000000	0x0000000F00000000	0x0000000000000000	0x0000000000000000
5270342	0x0000000000000000	0x0000000F00000000	0x0000000000000000	0x0000000000000000
5270343	0x0000000000000000	0x0000000F00000000	0x0000000000000000	0x0000000000000000
5270344	0x0000000000000000	0x0000000F00000000	0x0000000000000000	0x0000000000000000
5270350	0x0000000000000000	0x0000001900000000	0x0000000000000000	0x0000000000000000
5270351	0x0000000000000000	0x0000001900000000	0x0000000000000000	0x0000000000000000
5270352	0x0000000000000000	0x0000001900000000	0x0000000000000000	0x0000000000000000
5270353	0x0000000000000000	0x0000001900000000	0x0000000000000000	0x0000000000000000
5270354	0x0000000000000000	0x0000001900000000	0x0000000000000000	0x0000000000000000
5280330	0x0000000000000000	0x0000000A00000000	0x0000000000000000	0x0000000000000000
5280331	0x0000000000000000	0x0000000A00000000	0x0000000000000000	0x0000000000000000
5280332	0x0000000000000000	0x0000000A00000000	0x0000000000000000	0x0000000000000000
5280333	0x0000000000000000	0x0000000A00000000	0x0000000000000000	0x0000000000000000
5280334	0x0000000000000000	0x0000000A00000000	0x0000000000000000	0x0000000000000000
5280340	0x0000000000000000	0x0000000F00000000	0x0000000000000000	0x0000000000000000
5280341	0x0000000000000000	0x0000000F00000000	0x0000000000000000	0x0000000000000000
5280342	0x0000000000000000	0x0000000F00000000	0x0000000000000000	0x0000000000000000
5280343	0x0000000000000000	0x0000000F00000000	0x0000000000000000	0x0000000000000000
5280344	0x0000000000000000	0x0000000F00000000	0x0000000000000000	0x0000000000000000
5280350	0x0000000000000000	0x0000001900000000	0x0000000000000000	0x0000000000000000
5280351	0x0000000000000000	0x0000001900000000	0x0000000000000000	0x0000000000000000
5280352	0x0000000000000000	0x0000001900000000	0x0000000000000000	0x0000000000000000
5280353	0x0000000000000000	0x0000001900000000	0x0000000000000000	0x0000000000000000
5280354	0x0000000000000000	0x0000001900000000	0x0000000000000000	0x0000000000000000
5290330	0x0000000000000000	0x0000000A00000000	0x0000000000000000	0x0000000000000000
5290331	0x0000000000000000	0x0000000A00000000	0x0000000000000000	0x0000000000000000
5290332	0x0000000000000000	0x0000000A00000000	0x0000000000000000	0x0000000000000000
5290333	0x0000000000000000	0x0000000A00000000	0x0000000000000000	0x0000000000000000
5290334	0x0000000000000000	0x0000000A00000000	0x0000000000000000	0x0000000000000000
5290340	0x0000000000000000	0x0000000F00000000	0x0000000000000000	0x0000000000000000
5290341	0x0000000000000000	0x0000000F00000000	0x0000000000000000	0x0000000000000000
5290342	0x0000000000000000	0x0000000F00000000	0x0000000000000000	0x0000000000000000
5290343	0x0000000000000000	0x0000000F00000000	0x0000000000000000	0x0000000000000000
5290344	0x0000000000000000	0x0000000F00000000	0x0000000000000000	0x0000000000000000
5290350	0x0000000000000000	0x0000001900000000	0x0000000000000000	0x0000000000000000
5290351	0x0000000000000000	0x0000001900000000	0x0000000000000000	0x0000000000000000
5290352	0x0000000000000000	0x0000001900000000	0x0000000000000000	0x0000000000000000
5290353	0x0000000000000000	0x0000001900000000	0x0000000000000000	0x0000000000000000
5290354	0x0000000000000000	0x0000001900000000	0x0000000000000000	0x0000000000000000
5310330	0x0000000000000000	0x0000000A00000000	0x0000000000000000	0x0000000000000000
5310331	0x0000000000000000	0x0000000A00000000	0x0000000000000000	0x0000000000000000
5310332	0x0000000000000000	0x0000000A00000000	0x0000000000000000	0x0000000000000000
5310333	0x0000000000000000	0x0000000A00000000	0x0000000000000000	0x0000000000000000
5310334	0x0000000000000000	0x0000000A00000000	0x0000000000000000	0x0000000000000000
5310340	0x0000000000000000	0x0000000F00000000	0x0000000000000000	0x0000000000000000
5310341	0x0000000000000000	0x0000000F00000000	0x0000000000000000	0x0000000000000000
5310342	0x0000000000000000	0x0000000F00000000	0x0000000000000000	0x0000000000000000
5310343	0x0000000000000000	0x0000000F00000000	0x0000000000000000	0x0000000000000000
5310344	0x0000000000000000	0x0000000F00000000	0x0000000000000000	0x0000000000000000
5310350	0x0000000000000000	0x0000001900000000	0x0000000000000000	0x0000000000000000
5310351	0x0000000000000000	0x0000001900000000	0x0000000000000000	0x0000000000000000
5310352	0x0000000000000000	0x0000001900000000	0x0000000000000000	0x0000000000000000
5310353	0x0000000000000000	0x0000001900000000	0x0000000000000000	0x0000000000000000
5310354	0x0000000000000000	0x0000001900000000	0x0000000000000000	0x0000000000000000
5320330	0x0000000000000000	0x0000000A00000000	0x0000000000000000	0x0000000000000000
5320331	0x0000000000000000	0x0000000A00000000	0x0000000000000000	0x0000000000000000
5320332	0x0000000000000000	0x0000000A00000000	0x0000000000000000	0x0000000000000000
5320333	0x0000000000000000	0x0000000A00000000	0x0000000000000000	0x0000000000000000
5320334	0x0000000000000000	0x0000000A00000000	0x0000000000000000	0x0000000000000000
5320340	0x0000000000000000	0x0000000F00000000	0x0000000000000000	0x0000000000000000
5320341	0x0000000000000000	0x0000000F00000000	0x0000000000000000	0x0000000000000000
5320342	0x0000000000000000	0x0000000F00000000	0x0000000000000000	0x0000000000000000
5320343	0x0000000000000000	0x0000000F00000000	0x0000000000000000	0x0000000000000000
5320344	0x0000000000000000	0x0000000F00000000	0x0000000000000000	0x0000000000000000
5320350	0x0000000000000000	0x0000001900000000	0x0000000000000000	0x0000000000000000
5320351	0x0000000000000000	0x0000001900000000	0x0000000000000000	0x0000000000000000
5320352	0x0000000000000000	0x0000001900000000	0x0000000000000000	0x0000000000000000
5320353	0x0000000000000000	0x0000001900000000	0x0000000000000000	0x0000000000000000
5320354	0x0000000000000000	0x0000001900000000	0x0000000000000000	0x0000000000000000
5330330	0x0000000000000000	0x0000000A00000000	0x0000000000000000	0x0000000000000000
5330331	0x0000000000000000	0x0000000A00000000	0x0000000000000000	0x0000000000000000
5330332	0x0000000000000000	0x0000000A00000000	0x0000000000000000	0x0000000000000000
5330333	0x0000000000000000	0x0000000A00000000	0x0000000000000000	0x0000000000000000
5330334	0x0000000000000000	0x0000000A00000000	0x0000000000000000	0x0000000000000000
5330340	0x0000000000000000	0x0000000F00000000	0x0000000000000000	0x0000000000000000
5330341	0x0000000000000000	0x0000000F00000000	0x0000000000000000	0x0000000000000000
5330342	0x0000000000000000	0x0000000F00000000	0x0000000000000000	0x0000000000000000
5330343	0x0000000000000000	0x0000000F00000000	0x0000000000000000	0x0000000000000000
5330344	0x0000000000000000	0x0000000F00000000	0x0000000000000000	0x0000000000000000
5330350	0x0000000000000000	0x0000001900000000	0x0000000000000000	0x0000000000000000
5330351	0x0000000000000000	0x0000001900000000	0x0000000000000000	0x0000000000000000
5330352	0x0000000000000000	0x0000001900000000	0x0000000000000000	0x0000000000000000
5330353	0x0000000000000000	0x0000001900000000	0x0000000000000000	0x0000000000000000
5330354	0x0000000000000000	0x0000001900000000	0x0000000000000000	0x0000000000000000
5340330	0x0000000000000000	0x0000000A00000000	0x0000000000000000	0x0000000000000000
5340331	0x0000000000000000	0x0000000A00000000	0x0000000000000000	0x0000000000000000
5340332	0x0000000000000000	0x0000000A00000000	0x0000000000000000	0x0000000000000000
5340333	0x0000000000000000	0x0000000A00000000	0x0000000000000000	0x0000000000000000
5340334	0x0000000000000000	0x0000000A00000000	0x0000000000000000	0x0000000000000000
5340340	0x0000000000000000	0x0000000F00000000	0x0000000000000000	0x0000000000000000
5340341	0x0000000000000000	0x0000000F00000000	0x0000000000000000	0x0000000000000000
5340342	0x0000000000000000	0x0000000F00000000	0x0000000000000000	0x0000000000000000
5340343	0x0000000000000000	0x0000000F00000000	0x0000000000000000	0x0000000000000000
5340344	0x0000000000000000	0x0000000F00000000	0x0000000000000000	0x0000000000000000
5340350	0x0000000000000000	0x0000001900000000	0x0000000000000000	0x0000000000000000
5340351	0x0000000000000000	0x0000001900000000	0x0000000000000000	0x0000000000000000
5340352	0x0000000000000000	0x0000001900000000	0x0000000000000000	0x0000000000000000
5340353	0x0000000000000000	0x0000001900000000	0x0000000000000000	0x0000000000000000
5340354	0x0000000000000000	0x0000001900000000	0x0000000000000000	0x0000000000000000
5350330	0x0000000000000000	0x0000000A00000000	0x0000000000000000	0x0000000000000000
5350331	0x0000000000000000	0x0000000A00000000	0x0000000000000000	0x0000000000000000
5350332	0x0000000000000000	0x0000000A00000000	0x0000000000000000	0x0000000000000000
5350333	0x0000000000000000	0x0000000A00000000	0x0000000000000000	0x0000000000000000
5350334	0x0000000000000000	0x0000000A00000000	0x0000000000000000	0x0000000000000000
5350340	0x0000000000000000	0x0000000F00000000	0x0000000000000000	0x0000000000000000
5350341	0x0000000000000000	0x0000000F00000000	0x0000000000000000	0x0000000000000000
5350342	0x0000000000000000	0x0000000F00000000	0x0000000000000000	0x0000000000000000
5350343	0x0000000000000000	0x0000000F00000000	0x0000000000000000	0x0000000000000000
5350344	0x0000000000000000	0x0000000F00000000	0x0000000000000000	0x0000000000000000
5350350	0x0000000000000000	0x0000001900000000	0x0000000000000000	0x0000000000000000
5350351	0x0000000000000000	0x0000001900000000	0x0000000000000000	0x0000000000000000
5350352	0x0000000000000000	0x0000001900000000	0x0000000000000000	0x0000000000000000
5350353	0x0000000000000000	0x0000001900000000	0x0000000000000000	0x0000000000000000
5350354	0x0000000000000000	0x0000001900000000	0x0000000000000000	0x0000000000000000
5360330	0x0000000000000000	0x0000000A00000000	0x0000000000000000	0x0000000000000000
5360331	0x0000000000000000	0x0000000A00000000	0x0000000000000000	0x0000000000000000
5360332	0x0000000000000000	0x0000000A00000000	0x0000000000000000	0x0000000000000000
5360333	0x0000000000000000	0x0000000A00000000	0x0000000000000000	0x0000000000000000
5360334	0x0000000000000000	0x0000000A00000000	0x0000000000000000	0x0000000000000000
5360340	0x0000000000000000	0x0000000F00000000	0x0000000000000000	0x0000000000000000
5360341	0x0000000000000000	0x0000000F00000000	0x0000000000000000	0x0000000000000000
5360342	0x0000000000000000	0x0000000F00000000	0x0000000000000000	0x0000000000000000
5360343	0x0000000000000000	0x0000000F00000000	0x0000000000000000	0x0000000000000000
5360344	0x0000000000000000	0x0000000F00000000	0x0000000000000000	0x0000000000000000
5360350	0x0000000000000000	0x0000001900000000	0x0000000000000000	0x0000000000000000
5360351	0x0000000000000000	0x0000001900000000	0x0000000000000000	0x0000000000000000
5360352	0x0000000000000000	0x0000001900000000	0x0000000000000000	0x0000000000000000
5360353	0x0000000000000000	0x0000001900000000	0x0000000000000000	0x0000000000000000
5360354	0x0000000000000000	0x0000001900000000	0x0000000000000000	0x0000000000000000
5370330	0x0000000000000000	0x0000000A00000000	0x0000000000000000	0x0000000000000000
5370331	0x0000000000000000	0x0000000A00000000	0x0000000000000000	0x0000000000000000
5370332	0x0000000000000000	0x0000000A00000000	0x0000000000000000	0x0000000000000000
5370333	0x0000000000000000	0x0000000A00000000	0x0000000000000000	0x0000000000000000
5370334	0x0000000000000000	0x0000000A00000000	0x0000000000000000	0x0000000000000000
5370340	0x0000000000000000	0x0000000F00000000	0x0000000000000000	0x0000000000000000
5370341	0x0000000000000000	0x0000000F00000000	0x0000000000000000	0x0000000000000000
5370342	0x0000000000000000	0x0000000F00000000	0x0000000000000000	0x0000000000000000
5370343	0x0000000000000000	0x0000000F00000000	0x0000000000000000	0x0000000000000000
5370344	0x0000000000000000	0x0000000F00000000	0x0000000000000000	0x0000000000000000
5370350	0x0000000000000000	0x0000001900000000	0x0000000000000000	0x0000000000000000
5370351	0x0000000000000000	0x0000001900000000	0x0000000000000000	0x0000000000000000
5370352	0x0000000000000000	0x0000001900000000	0x0000000000000000	0x0000000000000000
5370353	0x0000000000000000	0x0000001900000000	0x0000000000000000	0x0000000000000000
5370354	0x0000000000000000	0x0000001900000000	0x0000000000000000	0x0000000000000000
5380330	0x0000000000000000	0x0000000A00000000	0x0000000000000000	0x0000000000000000
5380331	0x0000000000000000	0x0000000A00000000	0x0000000000000000	0x0000000000000000
5380332	0x0000000000000000	0x0000000A00000000	0x0000000000000000	0x0000000000000000
5380333	0x0000000000000000	0x0000000A00000000	0x0000000000000000	0x0000000000000000
5380334	0x0000000000000000	0x0000000A00000000	0x0000000000000000	0x0000000000000000
5380340	0x0000000000000000	0x0000000F00000000	0x0000000000000000	0x0000000000000000
5380341	0x0000000000000000	0x0000000F00000000	0x0000000000000000	0x0000000000000000
5380342	0x0000000000000000	0x0000000F00000000	0x0000000000000000	0x0000000000000000
5380343	0x0000000000000000	0x0000000F00000000	0x0000000000000000	0x0000000000000000
5380344	0x0000000000000000	0x0000000F00000000	0x0000000000000000	0x0000000000000000
5380350	0x0000000000000000	0x0000001900000000	0x0000000000000000	0x0000000000000000
5380351	0x0000000000000000	0x0000001900000000	0x0000000000000000	0x0000000000000000
5380352	0x0000000000000000	0x0000001900000000	0x0000000000000000	0x0000000000000000
5380353	0x0000000000000000	0x0000001900000000	0x0000000000000000	0x0000000000000000
5380354	0x0000000000000000	0x0000001900000000	0x0000000000000000	0x0000000000000000
900001	0x0000012C00000000	0x0000006400000000	0x0000000000000000	0x0000000000000000
900002	0x0000025800000000	0x000000FA00000000	0x0000000000000000	0x0000000000000000
900003	0x0000038400000000	0x0000019000000000	0x0000000000000000	0x0000000000000000
900004	0x000004B000000000	0x0000022600000000	0x0000000000000000	0x0000000000000000
900005	0x000002BC00000000	0x0000003C00000000	0x0000000000000000	0x0000000000000000
900006	0x0000057800000000	0x0000007800000000	0x0000000000000000	0x0000000000000000
900007	0x0000083400000000	0x000000B400000000	0x0000000000000000	0x0000000000000000
900008	0x00000AF000000000	0x000000F000000000	0x0000000000000000	0x0000000000000000
1010210	0x0000000000000000	0x0000000A00000000	0x0000000000000000	0x0000000000000000
1010211	0x0000003200000000	0x0000000000000000	0x0000000000000000	0x0000000000000000
1010212	0x0000000000000000	0x0000000000000000	0x0000000500000000	0x0000000000000000
1010213	0x0000000000000000	0x0000000000000000	0x0000000000000000	0x0000000500000000
1010214	0x0000003200000000	0x0000000000000000	0x0000000000000000	0x0000000000000000
1010215	0x0000000000000000	0x0000000A00000000	0x0000000000000000	0x0000000000000000
1010216	0x0000003200000000	0x0000000000000000	0x0000000000000000	0x0000000000000000
1010217	0x0000000000000000	0x0000000000000000	0x0000000500000000	0x0000000000000000
1010218	0x0000000000000000	0x0000000000000000	0x0000000000000000	0x0000000500000000
1010219	0x0000003200000000	0x0000000000000000	0x0000000000000000	0x0000000000000000
1010220	0x0000000000000000	0x0000000A00000000	0x0000000000000000	0x0000000000000000
1010221	0x0000003200000000	0x0000000000000000	0x0000000000000000	0x0000000000000000
1010222	0x0000000000000000	0x0000000000000000	0x0000000500000000	0x0000000000000000
1010223	0x0000000000000000	0x0000000000000000	0x0000000000000000	0x0000000500000000
1010224	0x0000003200000000	0x0000000000000000	0x0000000000000000	0x0000000000000000
1010225	0x0000000000000000	0x0000000A00000000	0x0000000000000000	0x0000000000000000
1010226	0x0000003200000000	0x0000000000000000	0x0000000000000000	0x0000000000000000
1010227	0x0000000000000000	0x0000000000000000	0x0000000500000000	0x0000000000000000
1010228	0x0000000000000000	0x0000000000000000	0x0000000000000000	0x0000000500000000
1010229	0x0000003200000000	0x0000000000000000	0x0000000000000000	0x0000000000000000
1010230	0x0000000000000000	0x0000000A00000000	0x0000000000000000	0x0000000000000000
1010231	0x0000003200000000	0x0000000000000000	0x0000000000000000	0x0000000000000000
1010232	0x0000000000000000	0x0000000000000000	0x0000000500000000	0x0000000000000000
1010233	0x0000000000000000	0x0000000000000000	0x0000000000000000	0x0000000500000000
1010234	0x0000003200000000	0x0000000000000000	0x0000000000000000	0x0000000000000000
1010235	0x0000000000000000	0x0000000A00000000	0x0000000000000000	0x0000000000000000
1010236	0x0000003200000000	0x0000000000000000	0x0000000000000000	0x0000000000000000
1010237	0x0000000000000000	0x0000000000000000	0x0000000500000000	0x0000000000000000
1010238	0x0000000000000000	0x0000000000000000	0x0000000000000000	0x0000000500000000
1010239	0x0000003200000000	0x0000000000000000	0x0000000000000000	0x0000000000000000
1010240	0x0000000000000000	0x0000000A00000000	0x0000000000000000	0x0000000000000000
1010241	0x0000003200000000	0x0000000000000000	0x0000000000000000	0x0000000000000000
1010242	0x0000000000000000	0x0000000000000000	0x0000000500000000	0x0000000000000000
1010243	0x0000000000000000	0x0000000000000000	0x0000000000000000	0x0000000500000000
1010244	0x0000003200000000	0x0000000000000000	0x0000000000000000	0x0000000000000000
1010245	0x0000000000000000	0x0000000A00000000	0x0000000000000000	0x0000000000000000
1010246	0x0000003200000000	0x0000000000000000	0x0000000000000000	0x0000000000000000
1010247	0x0000000000000000	0x0000000000000000	0x0000000500000000	0x0000000000000000
1010248	0x0000000000000000	0x0000000000000000	0x0000000000000000	0x0000000500000000
1010249	0x0000003200000000	0x0000000000000000	0x0000000000000000	0x0000000000000000
1010250	0x0000000000000000	0x0000000A00000000	0x0000000000000000	0x0000000000000000
1010251	0x0000003200000000	0x0000000000000000	0x0000000000000000	0x0000000000000000
1010252	0x0000000000000000	0x0000000000000000	0x0000000500000000	0x0000000000000000
1010253	0x0000000000000000	0x0000000000000000	0x0000000000000000	0x0000000500000000
1010254	0x0000003200000000	0x0000000000000000	0x0000000000000000	0x0000000000000000
1010255	0x0000000000000000	0x0000000A00000000	0x0000000000000000	0x0000000000000000
1010256	0x0000003200000000	0x0000000000000000	0x0000000000000000	0x0000000000000000
1010257	0x0000000000000000	0x0000000000000000	0x0000000500000000	0x0000000000000000
1010258	0x0000000000000000	0x0000000000000000	0x0000000000000000	0x0000000500000000
1010259	0x0000003200000000	0x0000000000000000	0x0000000000000000	0x0000000000000000
1010310	0x0000000000000000	0x0000000A00000000	0x0000000000000000	0x0000000000000000
1010311	0x0000003200000000	0x0000000000000000	0x0000000000000000	0x0000000000000000
1010312	0x0000000000000000	0x0000000000000000	0x0000000500000000	0x0000000000000000
1010313	0x0000000000000000	0x0000000000000000	0x0000000000000000	0x0000000500000000
1010314	0x0000003200000000	0x0000000000000000	0x0000000000000000	0x0000000000000000
1010315	0x0000000000000000	0x0000000A00000000	0x0000000000000000	0x0000000000000000
1010316	0x0000003200000000	0x0000000000000000	0x0000000000000000	0x0000000000000000
1010317	0x0000000000000000	0x0000000000000000	0x0000000500000000	0x0000000000000000
1010318	0x0000000000000000	0x0000000000000000	0x0000000000000000	0x0000000500000000
1010319	0x0000003200000000	0x0000000000000000	0x0000000000000000	0x0000000000000000
1010320	0x0000000000000000	0x0000000A00000000	0x0000000000000000	0x0000000000000000
1010321	0x0000003200000000	0x0000000000000000	0x0000000000000000	0x0000000000000000
1010322	0x0000000000000000	0x0000000000000000	0x0000000500000000	0x0000000000000000
1010323	0x0000000000000000	0x0000000000000000	0x0000000000000000	0x0000000500000000
1010324	0x0000003200000000	0x0000000000000000	0x0000000000000000	0x0000000000000000
1010325	0x0000000000000000	0x0000000A00000000	0x0000000000000000	0x0000000000000000
1010326	0x0000003200000000	0x0000000000000000	0x0000000000000000	0x0000000000000000
1010327	0x0000000000000000	0x0000000000000000	0x0000000500000000	0x0000000000000000
1010328	0x0000000000000000	0x0000000000000000	0x0000000000000000	0x0000000500000000
1010329	0x0000003200000000	0x0000000000000000	0x0000000000000000	0x0000000000000000
1010330	0x0000000000000000	0x0000000A00000000	0x0000000000000000	0x0000000000000000
1010331	0x0000003200000000	0x0000000000000000	0x0000000000000000	0x0000000000000000
1010332	0x0000000000000000	0x0000000000000000	0x0000000500000000	0x0000000000000000
1010333	0x0000000000000000	0x0000000000000000	0x0000000000000000	0x0000000500000000
1010334	0x0000003200000000	0x0000000000000000	0x0000000000000000	0x0000000000000000
1010335	0x0000000000000000	0x0000000A00000000	0x0000000000000000	0x0000000000000000
1010336	0x0000003200000000	0x0000000000000000	0x0000000000000000	0x0000000000000000
1010337	0x0000000000000000	0x0000000000000000	0x0000000500000000	0x0000000000000000
1010338	0x0000000000000000	0x0000000000000000	0x0000000000000000	0x0000000500000000
1010339	0x0000003200000000	0x0000000000000000	0x0000000000000000	0x0000000000000000
1010340	0x0000000000000000	0x0000000A00000000	0x0000000000000000	0x0000000000000000
1010341	0x0000003200000000	0x0000000000000000	0x0000000000000000	0x0000000000000000
1010342	0x0000000000000000	0x0000000000000000	0x0000000500000000	0x0000000000000000
1010343	0x0000000000000000	0x0000000000000000	0x0000000000000000	0x0000000500000000
1010344	0x0000003200000000	0x0000000000000000	0x0000000000000000	0x0000000000000000
1010345	0x0000000000000000	0x0000000A00000000	0x0000000000000000	0x0000000000000000
1010346	0x0000003200000000	0x0000000000000000	0x0000000000000000	0x0000000000000000
1010347	0x0000000000000000	0x0000000000000000	0x0000000500000000	0x0000000000000000
1010348	0x0000000000000000	0x0000000000000000	0x0000000000000000	0x0000000500000000
1010349	0x0000003200000000	0x0000000000000000	0x0000000000000000	0x0000000000000000
1010350	0x0000000000000000	0x0000000A00000000	0x0000000000000000	0x0000000000000000
1010351	0x0000003200000000	0x0000000000000000	0x0000000000000000	0x0000000000000000
1010352	0x0000000000000000	0x0000000000000000	0x0000000500000000	0x0000000000000000
1010353	0x0000000000000000	0x0000000000000000	0x0000000000000000	0x0000000500000000
1010354	0x0000003200000000	0x0000000000000000	0x0000000000000000	0x0000000000000000
1010355	0x0000000000000000	0x0000000A00000000	0x0000000000000000	0x0000000000000000
1010356	0x0000003200000000	0x0000000000000000	0x0000000000000000	0x0000000000000000
1010357	0x0000000000000000	0x0000000000000000	0x0000000500000000	0x0000000000000000
1010358	0x0000000000000000	0x0000000000000000	0x0000000000000000	0x0000000500000000
1010359	0x0000003200000000	0x0000000000000000	0x0000000000000000	0x0000000000000000
1020110	0x0000000000000000	0x0000000A00000000	0x0000000000000000	0x0000000000000000
1020111	0x0000003200000000	0x0000000000000000	0x0000000000000000	0x0000000000000000
1020112	0x0000000000000000	0x0000000000000000	0x0000000500000000	0x0000000000000000
1020113	0x0000000000000000	0x0000000000000000	0x0000000000000000	0x0000000500000000
1020114	0x0000003200000000	0x0000000000000000	0x0000000000000000	0x0000000000000000
1020115	0x0000000000000000	0x0000000A00000000	0x0000000000000000	0x0000000000000000
1020116	0x0000003200000000	0x0000000000000000	0x0000000000000000	0x0000000000000000
1020117	0x0000000000000000	0x0000000000000000	0x0000000500000000	0x0000000000000000
1020118	0x0000000000000000	0x0000000000000000	0x0000000000000000	0x0000000500000000
1020119	0x0000003200000000	0x0000000000000000	0x0000000000000000	0x0000000000000000
1020120	0x0000000000000000	0x0000000A00000000	0x0000000000000000	0x0000000000000000
1020121	0x0000003200000000	0x0000000000000000	0x0000000000000000	0x0000000000000000
1020122	0x0000000000000000	0x0000000000000000	0x0000000500000000	0x0000000000000000
1020123	0x0000000000000000	0x0000000000000000	0x0000000000000000	0x0000000500000000
1020124	0x0000003200000000	0x0000000000000000	0x0000000000000000	0x0000000000000000
1020125	0x0000000000000000	0x0000000A00000000	0x0000000000000000	0x0000000000000000
1020126	0x0000003200000000	0x0000000000000000	0x0000000000000000	0x0000000000000000
1020127	0x0000000000000000	0x0000000000000000	0x0000000500000000	0x0000000000000000
1020128	0x0000000000000000	0x0000000000000000	0x0000000000000000	0x0000000500000000
1020129	0x0000003200000000	0x0000000000000000	0x0000000000000000	0x0000000000000000
1020130	0x0000000000000000	0x0000000A00000000	0x0000000000000000	0x0000000000000000
1020131	0x0000003200000000	0x0000000000000000	0x0000000000000000	0x0000000000000000
1020132	0x0000000000000000	0x0000000000000000	0x0000000500000000	0x0000000000000000
1020133	0x0000000000000000	0x0000000000000000	0x0000000000000000	0x0000000500000000
1020134	0x0000003200000000	0x0000000000000000	0x0000000000000000	0x0000000000000000
1020135	0x0000000000000000	0x0000000A00000000	0x0000000000000000	0x0000000000000000
1020136	0x0000003200000000	0x0000000000000000	0x0000000000000000	0x0000000000000000
1020137	0x0000000000000000	0x0000000000000000	0x0000000500000000	0x0000000000000000
1020138	0x0000000000000000	0x0000000000000000	0x0000000000000000	0x0000000500000000
1020139	0x0000003200000000	0x0000000000000000	0x0000000000000000	0x0000000000000000
1020140	0x0000000000000000	0x0000000A00000000	0x0000000000000000	0x0000000000000000
1020141	0x0000003200000000	0x0000000000000000	0x0000000000000000	0x0000000000000000
1020142	0x0000000000000000	0x0000000000000000	0x0000000500000000	0x0000000000000000
1020143	0x0000000000000000	0x0000000000000000	0x0000000000000000	0x0000000500000000
1020144	0x0000003200000000	0x0000000000000000	0x0000000000000000	0x0000000000000000
1020145	0x0000000000000000	0x0000000A00000000	0x0000000000000000	0x0000000000000000
1020146	0x0000003200000000	0x0000000000000000	0x0000000000000000	0x0000000000000000
1020147	0x0000000000000000	0x0000000000000000	0x0000000500000000	0x0000000000000000
1020148	0x0000000000000000	0x0000000000000000	0x0000000000000000	0x0000000500000000
1020149	0x0000003200000000	0x0000000000000000	0x0000000000000000	0x0000000000000000
1020150	0x0000000000000000	0x0000000A00000000	0x0000000000000000	0x0000000000000000
1020151	0x0000003200000000	0x0000000000000000	0x0000000000000000	0x0000000000000000
1020152	0x0000000000000000	0x0000000000000000	0x0000000500000000	0x0000000000000000
1020153	0x0000000000000000	0x0000000000000000	0x0000000000000000	0x0000000500000000
1020154	0x0000003200000000	0x0000000000000000	0x0000000000000000	0x0000000000000000
1020155	0x0000000000000000	0x0000000A00000000	0x0000000000000000	0x0000000000000000
1020156	0x0000003200000000	0x0000000000000000	0x0000000000000000	0x0000000000000000
1020157	0x0000000000000000	0x0000000000000000	0x0000000500000000	0x0000000000000000
1020158	0x0000000000000000	0x0000000000000000	0x0000000000000000	0x0000000500000000
1020159	0x0000003200000000	0x0000000000000000	0x0000000000000000	0x0000000000000000
1020210	0x0000000000000000	0x0000000A00000000	0x0000000000000000	0x0000000000000000
1020211	0x0000003200000000	0x0000000000000000	0x0000000000000000	0x0000000000000000
1020212	0x0000000000000000	0x0000000000000000	0x0000000500000000	0x0000000000000000
1020213	0x0000000000000000	0x0000000000000000	0x0000000000000000	0x0000000500000000
1020214	0x0000003200000000	0x0000000000000000	0x0000000000000000	0x0000000000000000
1020215	0x0000000000000000	0x0000000A00000000	0x0000000000000000	0x0000000000000000
1020216	0x0000003200000000	0x0000000000000000	0x0000000000000000	0x0000000000000000
1020217	0x0000000000000000	0x0000000000000000	0x0000000500000000	0x0000000000000000
1020218	0x0000000000000000	0x0000000000000000	0x0000000000000000	0x0000000500000000
1020219	0x0000003200000000	0x0000000000000000	0x0000000000000000	0x0000000000000000
1020220	0x0000000000000000	0x0000000A00000000	0x0000000000000000	0x0000000000000000
1020221	0x0000003200000000	0x0000000000000000	0x0000000000000000	0x0000000000000000
1020222	0x0000000000000000	0x0000000000000000	0x0000000500000000	0x0000000000000000
1020223	0x0000000000000000	0x0000000000000000	0x0000000000000000	0x0000000500000000
1020224	0x0000003200000000	0x0000000000000000	0x0000000000000000	0x0000000000000000
1020225	0x0000000000000000	0x0000000A00000000	0x0000000000000000	0x0000000000000000
1020226	0x0000003200000000	0x0000000000000000	0x0000000000000000	0x0000000000000000
1020227	0x0000000000000000	0x0000000000000000	0x0000000500000000	0x0000000000000000
1020228	0x0000000000000000	0x0000000000000000	0x0000000000000000	0x0000000500000000
1020229	0x0000003200000000	0x0000000000000000	0x0000000000000000	0x0000000000000000
1020230	0x0000000000000000	0x0000000A00000000	0x0000000000000000	0x0000000000000000
1020231	0x0000003200000000	0x0000000000000000	0x0000000000000000	0x0000000000000000
1020232	0x0000000000000000	0x0000000000000000	0x0000000500000000	0x0000000000000000
1020233	0x0000000000000000	0x0000000000000000	0x0000000000000000	0x0000000500000000
1020234	0x0000003200000000	0x0000000000000000	0x0000000000000000	0x0000000000000000
1020235	0x0000000000000000	0x0000000A00000000	0x0000000000000000	0x0000000000000000
1020236	0x0000003200000000	0x0000000000000000	0x0000000000000000	0x0000000000000000
1020237	0x0000000000000000	0x0000000000000000	0x0000000500000000	0x0000000000000000
1020238	0x0000000000000000	0x0000000000000000	0x0000000000000000	0x0000000500000000
1020239	0x0000003200000000	0x0000000000000000	0x0000000000000000	0x0000000000000000
1020240	0x0000000000000000	0x0000000A00000000	0x0000000000000000	0x0000000000000000
1020241	0x0000003200000000	0x0000000000000000	0x0000000000000000	0x0000000000000000
1020242	0x0000000000000000	0x0000000000000000	0x0000000500000000	0x0000000000000000
1020243	0x0000000000000000	0x0000000000000000	0x0000000000000000	0x0000000500000000
1020244	0x0000003200000000	0x0000000000000000	0x0000000000000000	0x0000000000000000
1020245	0x0000000000000000	0x0000000A00000000	0x0000000000000000	0x0000000000000000
1020246	0x0000003200000000	0x0000000000000000	0x0000000000000000	0x0000000000000000
1020247	0x0000000000000000	0x0000000000000000	0x0000000500000000	0x0000000000000000
1020248	0x0000000000000000	0x0000000000000000	0x0000000000000000	0x0000000500000000
1020249	0x0000003200000000	0x0000000000000000	0x0000000000000000	0x0000000000000000
1020250	0x0000000000000000	0x0000000A00000000	0x0000000000000000	0x0000000000000000
1020251	0x0000003200000000	0x0000000000000000	0x0000000000000000	0x0000000000000000
1020252	0x0000000000000000	0x0000000000000000	0x0000000500000000	0x0000000000000000
1020253	0x0000000000000000	0x0000000000000000	0x0000000000000000	0x0000000500000000
1020254	0x0000003200000000	0x0000000000000000	0x0000000000000000	0x0000000000000000
1020255	0x0000000000000000	0x0000000A00000000	0x0000000000000000	0x0000000000000000
1020256	0x0000003200000000	0x0000000000000000	0x0000000000000000	0x0000000000000000
1020257	0x0000000000000000	0x0000000000000000	0x0000000500000000	0x0000000000000000
1020258	0x0000000000000000	0x0000000000000000	0x0000000000000000	0x0000000500000000
1020259	0x0000003200000000	0x0000000000000000	0x0000000000000000	0x0000000000000000
1020310	0x0000000000000000	0x0000000A00000000	0x0000000000000000	0x0000000000000000
1020311	0x0000003200000000	0x0000000000000000	0x0000000000000000	0x0000000000000000
1020312	0x0000000000000000	0x0000000000000000	0x0000000500000000	0x0000000000000000
1020313	0x0000000000000000	0x0000000000000000	0x0000000000000000	0x0000000500000000
1020314	0x0000003200000000	0x0000000000000000	0x0000000000000000	0x0000000000000000
1020315	0x0000000000000000	0x0000000A00000000	0x0000000000000000	0x0000000000000000
1020316	0x0000003200000000	0x0000000000000000	0x0000000000000000	0x0000000000000000
1020317	0x0000000000000000	0x0000000000000000	0x0000000500000000	0x0000000000000000
1020318	0x0000000000000000	0x0000000000000000	0x0000000000000000	0x0000000500000000
1020319	0x0000003200000000	0x0000000000000000	0x0000000000000000	0x0000000000000000
1020320	0x0000000000000000	0x0000000A00000000	0x0000000000000000	0x0000000000000000
1020321	0x0000003200000000	0x0000000000000000	0x0000000000000000	0x0000000000000000
1020322	0x0000000000000000	0x0000000000000000	0x0000000500000000	0x0000000000000000
1020323	0x0000000000000000	0x0000000000000000	0x0000000000000000	0x0000000500000000
1020324	0x0000003200000000	0x0000000000000000	0x0000000000000000	0x0000000000000000
1020325	0x0000000000000000	0x0000000A00000000	0x0000000000000000	0x0000000000000000
1020326	0x0000003200000000	0x0000000000000000	0x0000000000000000	0x0000000000000000
1020327	0x0000000000000000	0x0000000000000000	0x0000000500000000	0x0000000000000000
1020328	0x0000000000000000	0x0000000000000000	0x0000000000000000	0x0000000500000000
1020329	0x0000003200000000	0x0000000000000000	0x0000000000000000	0x0000000000000000
1020330	0x0000000000000000	0x0000000A00000000	0x0000000000000000	0x0000000000000000
1020331	0x0000003200000000	0x0000000000000000	0x0000000000000000	0x0000000000000000
1020332	0x0000000000000000	0x0000000000000000	0x0000000500000000	0x0000000000000000
1020333	0x0000000000000000	0x0000000000000000	0x0000000000000000	0x0000000500000000
1020334	0x0000003200000000	0x0000000000000000	0x0000000000000000	0x0000000000000000
1020335	0x0000000000000000	0x0000000A00000000	0x0000000000000000	0x0000000000000000
1020336	0x0000003200000000	0x0000000000000000	0x0000000000000000	0x0000000000000000
1020337	0x0000000000000000	0x0000000000000000	0x0000000500000000	0x0000000000000000
1020338	0x0000000000000000	0x0000000000000000	0x0000000000000000	0x0000000500000000
1020339	0x0000003200000000	0x0000000000000000	0x0000000000000000	0x0000000000000000
1020340	0x0000000000000000	0x0000000A00000000	0x0000000000000000	0x0000000000000000
1020341	0x0000003200000000	0x0000000000000000	0x0000000000000000	0x0000000000000000
1020342	0x0000000000000000	0x0000000000000000	0x0000000500000000	0x0000000000000000
1020343	0x0000000000000000	0x0000000000000000	0x0000000000000000	0x0000000500000000
1020344	0x0000003200000000	0x0000000000000000	0x0000000000000000	0x0000000000000000
1020345	0x0000000000000000	0x0000000A00000000	0x0000000000000000	0x0000000000000000
1020346	0x0000003200000000	0x0000000000000000	0x0000000000000000	0x0000000000000000
1020347	0x0000000000000000	0x0000000000000000	0x0000000500000000	0x0000000000000000
1020348	0x0000000000000000	0x0000000000000000	0x0000000000000000	0x0000000500000000
1020349	0x0000003200000000	0x0000000000000000	0x0000000000000000	0x0000000000000000
1020350	0x0000000000000000	0x0000000A00000000	0x0000000000000000	0x0000000000000000
1020351	0x0000003200000000	0x0000000000000000	0x0000000000000000	0x0000000000000000
1020352	0x0000000000000000	0x0000000000000000	0x0000000500000000	0x0000000000000000
1020353	0x0000000000000000	0x0000000000000000	0x0000000000000000	0x0000000500000000
1020354	0x0000003200000000	0x0000000000000000	0x0000000000000000	0x0000000000000000
1020355	0x0000000000000000	0x0000000A00000000	0x0000000000000000	0x0000000000000000
1020356	0x0000003200000000	0x0000000000000000	0x0000000000000000	0x0000000000000000
1020357	0x0000000000000000	0x0000000000000000	0x0000000500000000	0x0000000000000000
1020358	0x0000000000000000	0x0000000000000000	0x0000000000000000	0x0000000500000000
1020359	0x0000003200000000	0x0000000000000000	0x0000000000000000	0x0000000000000000
1020410	0x0000000000000000	0x0000000A00000000	0x0000000000000000	0x0000000000000000
1020411	0x0000003200000000	0x0000000000000000	0x0000000000000000	0x0000000000000000
1020412	0x0000000000000000	0x0000000000000000	0x0000000500000000	0x0000000000000000
1020413	0x0000000000000000	0x0000000000000000	0x0000000000000000	0x0000000500000000
1020414	0x0000003200000000	0x0000000000000000	0x0000000000000000	0x0000000000000000
1020415	0x0000000000000000	0x0000000A00000000	0x0000000000000000	0x0000000000000000
1020416	0x0000003200000000	0x0000000000000000	0x0000000000000000	0x0000000000000000
1020417	0x0000000000000000	0x0000000000000000	0x0000000500000000	0x0000000000000000
1020418	0x0000000000000000	0x0000000000000000	0x0000000000000000	0x0000000500000000
1020419	0x0000003200000000	0x0000000000000000	0x0000000000000000	0x0000000000000000
1020420	0x0000000000000000	0x0000000A00000000	0x0000000000000000	0x0000000000000000
1020421	0x0000003200000000	0x0000000000000000	0x0000000000000000	0x0000000000000000
1020422	0x0000000000000000	0x0000000000000000	0x0000000500000000	0x0000000000000000
1020423	0x0000000000000000	0x0000000000000000	0x0000000000000000	0x0000000500000000
1020424	0x0000003200000000	0x0000000000000000	0x0000000000000000	0x0000000000000000
1020425	0x0000000000000000	0x0000000A00000000	0x0000000000000000	0x0000000000000000
1020426	0x0000003200000000	0x0000000000000000	0x0000000000000000	0x0000000000000000
1020427	0x0000000000000000	0x0000000000000000	0x0000000500000000	0x0000000000000000
1020428	0x0000000000000000	0x0000000000000000	0x0000000000000000	0x0000000500000000
1020429	0x0000003200000000	0x0000000000000000	0x0000000000000000	0x0000000000000000
1020430	0x0000000000000000	0x0000000A00000000	0x0000000000000000	0x0000000000000000
1020431	0x0000003200000000	0x0000000000000000	0x0000000000000000	0x0000000000000000
1020432	0x0000000000000000	0x0000000000000000	0x0000000500000000	0x0000000000000000
1020433	0x0000000000000000	0x0000000000000000	0x0000000000000000	0x0000000500000000
1020434	0x0000003200000000	0x0000000000000000	0x0000000000000000	0x0000000000000000
1020435	0x0000000000000000	0x0000000A00000000	0x0000000000000000	0x0000000000000000
1020436	0x0000003200000000	0x0000000000000000	0x0000000000000000	0x0000000000000000
1020437	0x0000000000000000	0x0000000000000000	0x0000000500000000	0x0000000000000000
1020438	0x0000000000000000	0x0000000000000000	0x0000000000000000	0x0000000500000000
1020439	0x0000003200000000	0x0000000000000000	0x0000000000000000	0x0000000000000000
1020440	0x0000000000000000	0x0000000A00000000	0x0000000000000000	0x0000000000000000
1020441	0x0000003200000000	0x0000000000000000	0x0000000000000000	0x0000000000000000
1020442	0x0000000000000000	0x0000000000000000	0x0000000500000000	0x0000000000000000
1020443	0x0000000000000000	0x0000000000000000	0x0000000000000000	0x0000000500000000
1020444	0x0000003200000000	0x0000000000000000	0x0000000000000000	0x0000000000000000
1020445	0x0000000000000000	0x0000000A00000000	0x0000000000000000	0x0000000000000000
1020446	0x0000003200000000	0x0000000000000000	0x0000000000000000	0x0000000000000000
1020447	0x0000000000000000	0x0000000000000000	0x0000000500000000	0x0000000000000000
1020448	0x0000000000000000	0x0000000000000000	0x0000000000000000	0x0000000500000000
1020449	0x0000003200000000	0x0000000000000000	0x0000000000000000	0x0000000000000000
1020450	0x0000000000000000	0x0000000A00000000	0x0000000000000000	0x0000000000000000
1020451	0x0000003200000000	0x0000000000000000	0x0000000000000000	0x0000000000000000
1020452	0x0000000000000000	0x0000000000000000	0x0000000500000000	0x0000000000000000
1020453	0x0000000000000000	0x0000000000000000	0x0000000000000000	0x0000000500000000
1020454	0x0000003200000000	0x0000000000000000	0x0000000000000000	0x0000000000000000
1020455	0x0000000000000000	0x0000000A00000000	0x0000000000000000	0x0000000000000000
1020456	0x0000003200000000	0x0000000000000000	0x0000000000000000	0x0000000000000000
1020457	0x0000000000000000	0x0000000000000000	0x0000000500000000	0x0000000000000000
1020458	0x0000000000000000	0x0000000000000000	0x0000000000000000	0x0000000500000000
1020459	0x0000003200000000	0x0000000000000000	0x0000000000000000	0x0000000000000000
1030110	0x0000000000000000	0x0000000A00000000	0x0000000000000000	0x0000000000000000
1030111	0x0000003200000000	0x0000000000000000	0x0000000000000000	0x0000000000000000
1030112	0x0000000000000000	0x0000000000000000	0x0000000500000000	0x0000000000000000
1030113	0x0000000000000000	0x0000000000000000	0x0000000000000000	0x0000000500000000
1030114	0x0000003200000000	0x0000000000000000	0x0000000000000000	0x0000000000000000
1030115	0x0000000000000000	0x0000000A00000000	0x0000000000000000	0x0000000000000000
1030116	0x0000003200000000	0x0000000000000000	0x0000000000000000	0x0000000000000000
1030117	0x0000000000000000	0x0000000000000000	0x0000000500000000	0x0000000000000000
1030118	0x0000000000000000	0x0000000000000000	0x0000000000000000	0x0000000500000000
1030119	0x0000003200000000	0x0000000000000000	0x0000000000000000	0x0000000000000000
1030120	0x0000000000000000	0x0000000A00000000	0x0000000000000000	0x0000000000000000
1030121	0x0000003200000000	0x0000000000000000	0x0000000000000000	0x0000000000000000
1030122	0x0000000000000000	0x0000000000000000	0x0000000500000000	0x0000000000000000
1030123	0x0000000000000000	0x0000000000000000	0x0000000000000000	0x0000000500000000
1030124	0x0000003200000000	0x0000000000000000	0x0000000000000000	0x0000000000000000
1030125	0x0000000000000000	0x0000000A00000000	0x0000000000000000	0x0000000000000000
1030126	0x0000003200000000	0x0000000000000000	0x0000000000000000	0x0000000000000000
1030127	0x0000000000000000	0x0000000000000000	0x0000000500000000	0x0000000000000000
1030128	0x0000000000000000	0x0000000000000000	0x0000000000000000	0x0000000500000000
1030129	0x0000003200000000	0x0000000000000000	0x0000000000000000	0x0000000000000000
1030130	0x0000000000000000	0x0000000A00000000	0x0000000000000000	0x0000000000000000
1030131	0x0000003200000000	0x0000000000000000	0x0000000000000000	0x0000000000000000
1030132	0x0000000000000000	0x0000000000000000	0x0000000500000000	0x0000000000000000
1030133	0x0000000000000000	0x0000000000000000	0x0000000000000000	0x0000000500000000
1030134	0x0000003200000000	0x0000000000000000	0x0000000000000000	0x0000000000000000
1030135	0x0000000000000000	0x0000000A00000000	0x0000000000000000	0x0000000000000000
1030136	0x0000003200000000	0x0000000000000000	0x0000000000000000	0x0000000000000000
1030137	0x0000000000000000	0x0000000000000000	0x0000000500000000	0x0000000000000000
1030138	0x0000000000000000	0x0000000000000000	0x0000000000000000	0x0000000500000000
1030139	0x0000003200000000	0x0000000000000000	0x0000000000000000	0x0000000000000000
1030140	0x0000000000000000	0x0000000A00000000	0x0000000000000000	0x0000000000000000
1030141	0x0000003200000000	0x0000000000000000	0x0000000000000000	0x0000000000000000
1030142	0x0000000000000000	0x0000000000000000	0x0000000500000000	0x0000000000000000
1030143	0x0000000000000000	0x0000000000000000	0x0000000000000000	0x0000000500000000
1030144	0x0000003200000000	0x0000000000000000	0x0000000000000000	0x0000000000000000
1030145	0x0000000000000000	0x0000000A00000000	0x0000000000000000	0x0000000000000000
1030146	0x0000003200000000	0x0000000000000000	0x0000000000000000	0x0000000000000000
1030147	0x0000000000000000	0x0000000000000000	0x0000000500000000	0x0000000000000000
1030148	0x0000000000000000	0x0000000000000000	0x0000000000000000	0x0000000500000000
1030149	0x0000003200000000	0x0000000000000000	0x0000000000000000	0x0000000000000000
1030150	0x0000000000000000	0x0000000A00000000	0x0000000000000000	0x0000000000000000
1030151	0x0000003200000000	0x0000000000000000	0x0000000000000000	0x0000000000000000
1030152	0x0000000000000000	0x0000000000000000	0x0000000500000000	0x0000000000000000
1030153	0x0000000000000000	0x0000000000000000	0x0000000000000000	0x0000000500000000
1030154	0x0000003200000000	0x0000000000000000	0x0000000000000000	0x0000000000000000
1030155	0x0000000000000000	0x0000000A00000000	0x0000000000000000	0x0000000000000000
1030156	0x0000003200000000	0x0000000000000000	0x0000000000000000	0x0000000000000000
1030157	0x0000000000000000	0x0000000000000000	0x0000000500000000	0x0000000000000000
1030158	0x0000000000000000	0x0000000000000000	0x0000000000000000	0x0000000500000000
1030159	0x0000003200000000	0x0000000000000000	0x0000000000000000	0x0000000000000000
1030210	0x0000000000000000	0x0000000A00000000	0x0000000000000000	0x0000000000000000
1030211	0x0000003200000000	0x0000000000000000	0x0000000000000000	0x0000000000000000
1030212	0x0000000000000000	0x0000000000000000	0x0000000500000000	0x0000000000000000
1030213	0x0000000000000000	0x0000000000000000	0x0000000000000000	0x0000000500000000
1030214	0x0000003200000000	0x0000000000000000	0x0000000000000000	0x0000000000000000
1030215	0x0000000000000000	0x0000000A00000000	0x0000000000000000	0x0000000000000000
1030216	0x0000003200000000	0x0000000000000000	0x0000000000000000	0x0000000000000000
1030217	0x0000000000000000	0x0000000000000000	0x0000000500000000	0x0000000000000000
1030218	0x0000000000000000	0x0000000000000000	0x0000000000000000	0x0000000500000000
1030219	0x0000003200000000	0x0000000000000000	0x0000000000000000	0x0000000000000000
1030220	0x0000000000000000	0x0000000A00000000	0x0000000000000000	0x0000000000000000
1030221	0x0000003200000000	0x0000000000000000	0x0000000000000000	0x0000000000000000
1030222	0x0000000000000000	0x0000000000000000	0x0000000500000000	0x0000000000000000
1030223	0x0000000000000000	0x0000000000000000	0x0000000000000000	0x0000000500000000
1030224	0x0000003200000000	0x0000000000000000	0x0000000000000000	0x0000000000000000
1030225	0x0000000000000000	0x0000000A00000000	0x0000000000000000	0x0000000000000000
1030226	0x0000003200000000	0x0000000000000000	0x0000000000000000	0x0000000000000000
1030227	0x0000000000000000	0x0000000000000000	0x0000000500000000	0x0000000000000000
1030228	0x0000000000000000	0x0000000000000000	0x0000000000000000	0x0000000500000000
1030229	0x0000003200000000	0x0000000000000000	0x0000000000000000	0x0000000000000000
1030230	0x0000000000000000	0x0000000A00000000	0x0000000000000000	0x0000000000000000
1030231	0x0000003200000000	0x0000000000000000	0x0000000000000000	0x0000000000000000
1030232	0x0000000000000000	0x0000000000000000	0x0000000500000000	0x0000000000000000
1030233	0x0000000000000000	0x0000000000000000	0x0000000000000000	0x0000000500000000
1030234	0x0000003200000000	0x0000000000000000	0x0000000000000000	0x0000000000000000
1030235	0x0000000000000000	0x0000000A00000000	0x0000000000000000	0x0000000000000000
1030236	0x0000003200000000	0x0000000000000000	0x0000000000000000	0x0000000000000000
1030237	0x0000000000000000	0x0000000000000000	0x0000000500000000	0x0000000000000000
1030238	0x0000000000000000	0x0000000000000000	0x0000000000000000	0x0000000500000000
1030239	0x0000003200000000	0x0000000000000000	0x0000000000000000	0x0000000000000000
1030240	0x0000000000000000	0x0000000A00000000	0x0000000000000000	0x0000000000000000
1030241	0x0000003200000000	0x0000000000000000	0x0000000000000000	0x0000000000000000
1030242	0x0000000000000000	0x0000000000000000	0x0000000500000000	0x0000000000000000
1030243	0x0000000000000000	0x0000000000000000	0x0000000000000000	0x0000000500000000
1030244	0x0000003200000000	0x0000000000000000	0x0000000000000000	0x0000000000000000
1030245	0x0000000000000000	0x0000000A00000000	0x0000000000000000	0x0000000000000000
1030246	0x0000003200000000	0x0000000000000000	0x0000000000000000	0x0000000000000000
1030247	0x0000000000000000	0x0000000000000000	0x0000000500000000	0x0000000000000000
1030248	0x0000000000000000	0x0000000000000000	0x0000000000000000	0x0000000500000000
1030249	0x0000003200000000	0x0000000000000000	0x0000000000000000	0x0000000000000000
1030250	0x0000000000000000	0x0000000A00000000	0x0000000000000000	0x0000000000000000
1030251	0x0000003200000000	0x0000000000000000	0x0000000000000000	0x0000000000000000
1030252	0x0000000000000000	0x0000000000000000	0x0000000500000000	0x0000000000000000
1030253	0x0000000000000000	0x0000000000000000	0x0000000000000000	0x0000000500000000
1030254	0x0000003200000000	0x0000000000000000	0x0000000000000000	0x0000000000000000
1030255	0x0000000000000000	0x0000000A00000000	0x0000000000000000	0x0000000000000000
1030256	0x0000003200000000	0x0000000000000000	0x0000000000000000	0x0000000000000000
1030257	0x0000000000000000	0x0000000000000000	0x0000000500000000	0x0000000000000000
1030258	0x0000000000000000	0x0000000000000000	0x0000000000000000	0x0000000500000000
1030259	0x0000003200000000	0x0000000000000000	0x0000000000000000	0x0000000000000000
1030310	0x0000000000000000	0x0000000A00000000	0x0000000000000000	0x0000000000000000
1030311	0x0000003200000000	0x0000000000000000	0x0000000000000000	0x0000000000000000
1030312	0x0000000000000000	0x0000000000000000	0x0000000500000000	0x0000000000000000
1030313	0x0000000000000000	0x0000000000000000	0x0000000000000000	0x0000000500000000
1030314	0x0000003200000000	0x0000000000000000	0x0000000000000000	0x0000000000000000
1030315	0x0000000000000000	0x0000000A00000000	0x0000000000000000	0x0000000000000000
1030316	0x0000003200000000	0x0000000000000000	0x0000000000000000	0x0000000000000000
1030317	0x0000000000000000	0x0000000000000000	0x0000000500000000	0x0000000000000000
1030318	0x0000000000000000	0x0000000000000000	0x0000000000000000	0x0000000500000000
1030319	0x0000003200000000	0x0000000000000000	0x0000000000000000	0x0000000000000000
1030320	0x0000000000000000	0x0000000A00000000	0x0000000000000000	0x0000000000000000
1030321	0x0000003200000000	0x0000000000000000	0x0000000000000000	0x0000000000000000
1030322	0x0000000000000000	0x0000000000000000	0x0000000500000000	0x0000000000000000
1030323	0x0000000000000000	0x0000000000000000	0x0000000000000000	0x0000000500000000
1030324	0x0000003200000000	0x0000000000000000	0x0000000000000000	0x0000000000000000
1030325	0x0000000000000000	0x0000000A00000000	0x0000000000000000	0x0000000000000000
1030326	0x0000003200000000	0x0000000000000000	0x0000000000000000	0x0000000000000000
1030327	0x0000000000000000	0x0000000000000000	0x0000000500000000	0x0000000000000000
1030328	0x0000000000000000	0x0000000000000000	0x0000000000000000	0x0000000500000000
1030329	0x0000003200000000	0x0000000000000000	0x0000000000000000	0x0000000000000000
1030330	0x0000000000000000	0x0000000A00000000	0x0000000000000000	0x0000000000000000
1030331	0x0000003200000000	0x0000000000000000	0x0000000000000000	0x0000000000000000
1030332	0x0000000000000000	0x0000000000000000	0x0000000500000000	0x0000000000000000
1030333	0x0000000000000000	0x0000000000000000	0x0000000000000000	0x0000000500000000
1030334	0x0000003200000000	0x0000000000000000	0x0000000000000000	0x0000000000000000
1030335	0x0000000000000000	0x0000000A00000000	0x0000000000000000	0x0000000000000000
1030336	0x0000003200000000	0x0000000000000000	0x0000000000000000	0x0000000000000000
1030337	0x0000000000000000	0x0000000000000000	0x0000000500000000	0x0000000000000000
1030338	0x0000000000000000	0x0000000000000000	0x0000000000000000	0x0000000500000000
1030339	0x0000003200000000	0x0000000000000000	0x0000000000000000	0x0000000000000000
1030340	0x0000000000000000	0x0000000A00000000	0x0000000000000000	0x0000000000000000
1030341	0x0000003200000000	0x0000000000000000	0x0000000000000000	0x0000000000000000
1030342	0x0000000000000000	0x0000000000000000	0x0000000500000000	0x0000000000000000
1030343	0x0000000000000000	0x0000000000000000	0x0000000000000000	0x0000000500000000
1030344	0x0000003200000000	0x0000000000000000	0x0000000000000000	0x0000000000000000
1030345	0x0000000000000000	0x0000000A00000000	0x0000000000000000	0x0000000000000000
1030346	0x0000003200000000	0x0000000000000000	0x0000000000000000	0x0000000000000000
1030347	0x0000000000000000	0x0000000000000000	0x0000000500000000	0x0000000000000000
1030348	0x0000000000000000	0x0000000000000000	0x0000000000000000	0x0000000500000000
1030349	0x0000003200000000	0x0000000000000000	0x0000000000000000	0x0000000000000000
1030350	0x0000000000000000	0x0000000A00000000	0x0000000000000000	0x0000000000000000
1030351	0x0000003200000000	0x0000000000000000	0x0000000000000000	0x0000000000000000
1030352	0x0000000000000000	0x0000000000000000	0x0000000500000000	0x0000000000000000
1030353	0x0000000000000000	0x0000000000000000	0x0000000000000000	0x0000000500000000
1030354	0x0000003200000000	0x0000000000000000	0x0000000000000000	0x0000000000000000
1030355	0x0000000000000000	0x0000000A00000000	0x0000000000000000	0x0000000000000000
1030356	0x0000003200000000	0x0000000000000000	0x0000000000000000	0x0000000000000000
1030357	0x0000000000000000	0x0000000000000000	0x0000000500000000	0x0000000000000000
1030358	0x0000000000000000	0x0000000000000000	0x0000000000000000	0x0000000500000000
1030359	0x0000003200000000	0x0000000000000000	0x0000000000000000	0x0000000000000000
1040210	0x0000000000000000	0x0000000A00000000	0x0000000000000000	0x0000000000000000
1040211	0x0000003200000000	0x0000000000000000	0x0000000000000000	0x0000000000000000
1040212	0x0000000000000000	0x0000000000000000	0x0000000500000000	0x0000000000000000
1040213	0x0000000000000000	0x0000000000000000	0x0000000000000000	0x0000000500000000
1040214	0x0000003200000000	0x0000000000000000	0x0000000000000000	0x0000000000000000
1040215	0x0000000000000000	0x0000000A00000000	0x0000000000000000	0x0000000000000000
1040216	0x0000003200000000	0x0000000000000000	0x0000000000000000	0x0000000000000000
1040217	0x0000000000000000	0x0000000000000000	0x0000000500000000	0x0000000000000000
1040218	0x0000000000000000	0x0000000000000000	0x0000000000000000	0x0000000500000000
1040219	0x0000003200000000	0x0000000000000000	0x0000000000000000	0x0000000000000000
1040220	0x0000000000000000	0x0000000A00000000	0x0000000000000000	0x0000000000000000
1040221	0x0000003200000000	0x0000000000000000	0x0000000000000000	0x0000000000000000
1040222	0x0000000000000000	0x0000000000000000	0x0000000500000000	0x0000000000000000
1040223	0x0000000000000000	0x0000000000000000	0x0000000000000000	0x0000000500000000
1040224	0x0000003200000000	0x0000000000000000	0x0000000000000000	0x0000000000000000
1040225	0x0000000000000000	0x0000000A00000000	0x0000000000000000	0x0000000000000000
1040226	0x0000003200000000	0x0000000000000000	0x0000000000000000	0x0000000000000000
1040227	0x0000000000000000	0x0000000000000000	0x0000000500000000	0x0000000000000000
1040228	0x0000000000000000	0x0000000000000000	0x0000000000000000	0x0000000500000000
1040229	0x0000003200000000	0x0000000000000000	0x0000000000000000	0x0000000000000000
1040230	0x0000000000000000	0x0000000A00000000	0x0000000000000000	0x0000000000000000
1040231	0x0000003200000000	0x0000000000000000	0x0000000000000000	0x0000000000000000
1040232	0x0000000000000000	0x0000000000000000	0x0000000500000000	0x0000000000000000
1040233	0x0000000000000000	0x0000000000000000	0x0000000000000000	0x0000000500000000
1040234	0x0000003200000000	0x0000000000000000	0x0000000000000000	0x0000000000000000
1040235	0x0000000000000000	0x0000000A00000000	0x0000000000000000	0x0000000000000000
1040236	0x0000003200000000	0x0000000000000000	0x0000000000000000	0x0000000000000000
1040237	0x0000000000000000	0x0000000000000000	0x0000000500000000	0x0000000000000000
1040238	0x0000000000000000	0x0000000000000000	0x0000000000000000	0x0000000500000000
1040239	0x0000003200000000	0x0000000000000000	0x0000000000000000	0x0000000000000000
1040240	0x0000000000000000	0x0000000A00000000	0x0000000000000000	0x0000000000000000
1040241	0x0000003200000000	0x0000000000000000	0x0000000000000000	0x0000000000000000
1040242	0x0000000000000000	0x0000000000000000	0x0000000500000000	0x0000000000000000
1040243	0x0000000000000000	0x0000000000000000	0x0000000000000000	0x0000000500000000
1040244	0x0000003200000000	0x0000000000000000	0x0000000000000000	0x0000000000000000
1040245	0x0000000000000000	0x0000000A00000000	0x0000000000000000	0x0000000000000000
1040246	0x0000003200000000	0x0000000000000000	0x0000000000000000	0x0000000000000000
1040247	0x0000000000000000	0x0000000000000000	0x0000000500000000	0x0000000000000000
1040248	0x0000000000000000	0x0000000000000000	0x0000000000000000	0x0000000500000000
1040249	0x0000003200000000	0x0000000000000000	0x0000000000000000	0x0000000000000000
1040250	0x0000000000000000	0x0000000A00000000	0x0000000000000000	0x0000000000000000
1040251	0x0000003200000000	0x0000000000000000	0x0000000000000000	0x0000000000000000
1040252	0x0000000000000000	0x0000000000000000	0x0000000500000000	0x0000000000000000
1040253	0x0000000000000000	0x0000000000000000	0x0000000000000000	0x0000000500000000
1040254	0x0000003200000000	0x0000000000000000	0x0000000000000000	0x0000000000000000
1040255	0x0000000000000000	0x0000000A00000000	0x0000000000000000	0x0000000000000000
1040256	0x0000003200000000	0x0000000000000000	0x0000000000000000	0x0000000000000000
1040257	0x0000000000000000	0x0000000000000000	0x0000000500000000	0x0000000000000000
1040258	0x0000000000000000	0x0000000000000000	0x0000000000000000	0x0000000500000000
1040259	0x0000003200000000	0x0000000000000000	0x0000000000000000	0x0000000000000000
1040310	0x0000000000000000	0x0000000A00000000	0x0000000000000000	0x0000000000000000
1040311	0x0000003200000000	0x0000000000000000	0x0000000000000000	0x0000000000000000
1040312	0x0000000000000000	0x0000000000000000	0x0000000500000000	0x0000000000000000
1040313	0x0000000000000000	0x0000000000000000	0x0000000000000000	0x0000000500000000
1040314	0x0000003200000000	0x0000000000000000	0x0000000000000000	0x0000000000000000
1040315	0x0000000000000000	0x0000000A00000000	0x0000000000000000	0x0000000000000000
1040316	0x0000003200000000	0x0000000000000000	0x0000000000000000	0x0000000000000000
1040317	0x0000000000000000	0x0000000000000000	0x0000000500000000	0x0000000000000000
1040318	0x0000000000000000	0x0000000000000000	0x0000000000000000	0x0000000500000000
1040319	0x0000003200000000	0x0000000000000000	0x0000000000000000	0x0000000000000000
1040320	0x0000000000000000	0x0000000A00000000	0x0000000000000000	0x0000000000000000
1040321	0x0000003200000000	0x0000000000000000	0x0000000000000000	0x0000000000000000
1040322	0x0000000000000000	0x0000000000000000	0x0000000500000000	0x0000000000000000
1040323	0x0000000000000000	0x0000000000000000	0x0000000000000000	0x0000000500000000
1040324	0x0000003200000000	0x0000000000000000	0x0000000000000000	0x0000000000000000
1040325	0x0000000000000000	0x0000000A00000000	0x0000000000000000	0x0000000000000000
1040326	0x0000003200000000	0x0000000000000000	0x0000000000000000	0x0000000000000000
1040327	0x0000000000000000	0x0000000000000000	0x0000000500000000	0x0000000000000000
1040328	0x0000000000000000	0x0000000000000000	0x0000000000000000	0x0000000500000000
1040329	0x0000003200000000	0x0000000000000000	0x0000000000000000	0x0000000000000000
1040330	0x0000000000000000	0x0000000A00000000	0x0000000000000000	0x0000000000000000
1040331	0x0000003200000000	0x0000000000000000	0x0000000000000000	0x0000000000000000
1040332	0x0000000000000000	0x0000000000000000	0x0000000500000000	0x0000000000000000
1040333	0x0000000000000000	0x0000000000000000	0x0000000000000000	0x0000000500000000
1040334	0x0000003200000000	0x0000000000000000	0x0000000000000000	0x0000000000000000
1040335	0x0000000000000000	0x0000000A00000000	0x0000000000000000	0x0000000000000000
1040336	0x0000003200000000	0x0000000000000000	0x0000000000000000	0x0000000000000000
1040337	0x0000000000000000	0x0000000000000000	0x0000000500000000	0x0000000000000000
1040338	0x0000000000000000	0x0000000000000000	0x0000000000000000	0x0000000500000000
1040339	0x0000003200000000	0x0000000000000000	0x0000000000000000	0x0000000000000000
1040340	0x0000000000000000	0x0000000A00000000	0x0000000000000000	0x0000000000000000
1040341	0x0000003200000000	0x0000000000000000	0x0000000000000000	0x0000000000000000
1040342	0x0000000000000000	0x0000000000000000	0x0000000500000000	0x0000000000000000
1040343	0x0000000000000000	0x0000000000000000	0x0000000000000000	0x0000000500000000
1040344	0x0000003200000000	0x0000000000000000	0x0000000000000000	0x0000000000000000
1040345	0x0000000000000000	0x0000000A00000000	0x0000000000000000	0x0000000000000000
1040346	0x0000003200000000	0x0000000000000000	0x0000000000000000	0x0000000000000000
1040347	0x0000000000000000	0x0000000000000000	0x0000000500000000	0x0000000000000000
1040348	0x0000000000000000	0x0000000000000000	0x0000000000000000	0x0000000500000000
1040349	0x0000003200000000	0x0000000000000000	0x0000000000000000	0x0000000000000000
1040350	0x0000000000000000	0x0000000A00000000	0x0000000000000000	0x0000000000000000
1040351	0x0000003200000000	0x0000000000000000	0x0000000000000000	0x0000000000000000
1040352	0x0000000000000000	0x0000000000000000	0x0000000500000000	0x0000000000000000
1040353	0x0000000000000000	0x0000000000000000	0x0000000000000000	0x0000000500000000
1040354	0x0000003200000000	0x0000000000000000	0x0000000000000000	0x0000000000000000
1040355	0x0000000000000000	0x0000000A00000000	0x0000000000000000	0x0000000000000000
1040356	0x0000003200000000	0x0000000000000000	0x0000000000000000	0x0000000000000000
1040357	0x0000000000000000	0x0000000000000000	0x0000000500000000	0x0000000000000000
1040358	0x0000000000000000	0x0000000000000000	0x0000000000000000	0x0000000500000000
1040359	0x0000003200000000	0x0000000000000000	0x0000000000000000	0x0000000000000000
1050110	0x0000000000000000	0x0000000A00000000	0x0000000000000000	0x0000000000000000
1050111	0x0000003200000000	0x0000000000000000	0x0000000000000000	0x0000000000000000
1050112	0x0000000000000000	0x0000000000000000	0x0000000500000000	0x0000000000000000
1050113	0x0000000000000000	0x0000000000000000	0x0000000000000000	0x0000000500000000
1050114	0x0000003200000000	0x0000000000000000	0x0000000000000000	0x0000000000000000
1050115	0x0000000000000000	0x0000000A00000000	0x0000000000000000	0x0000000000000000
1050116	0x0000003200000000	0x0000000000000000	0x0000000000000000	0x0000000000000000
1050117	0x0000000000000000	0x0000000000000000	0x0000000500000000	0x0000000000000000
1050118	0x0000000000000000	0x0000000000000000	0x0000000000000000	0x0000000500000000
1050119	0x0000003200000000	0x0000000000000000	0x0000000000000000	0x0000000000000000
1050120	0x0000000000000000	0x0000000A00000000	0x0000000000000000	0x0000000000000000
1050121	0x0000003200000000	0x0000000000000000	0x0000000000000000	0x0000000000000000
1050122	0x0000000000000000	0x0000000000000000	0x0000000500000000	0x0000000000000000
1050123	0x0000000000000000	0x0000000000000000	0x0000000000000000	0x0000000500000000
1050124	0x0000003200000000	0x0000000000000000	0x0000000000000000	0x0000000000000000
1050125	0x0000000000000000	0x0000000A00000000	0x0000000000000000	0x0000000000000000
1050126	0x0000003200000000	0x0000000000000000	0x0000000000000000	0x0000000000000000
1050127	0x0000000000000000	0x0000000000000000	0x0000000500000000	0x0000000000000000
1050128	0x0000000000000000	0x0000000000000000	0x0000000000000000	0x0000000500000000
1050129	0x0000003200000000	0x0000000000000000	0x0000000000000000	0x0000000000000000
1050130	0x0000000000000000	0x0000000A00000000	0x0000000000000000	0x0000000000000000
1050131	0x0000003200000000	0x0000000000000000	0x0000000000000000	0x0000000000000000
1050132	0x0000000000000000	0x0000000000000000	0x0000000500000000	0x0000000000000000
1050133	0x0000000000000000	0x0000000000000000	0x0000000000000000	0x0000000500000000
1050134	0x0000003200000000	0x0000000000000000	0x0000000000000000	0x0000000000000000
1050135	0x0000000000000000	0x0000000A00000000	0x0000000000000000	0x0000000000000000
1050136	0x0000003200000000	0x0000000000000000	0x0000000000000000	0x0000000000000000
1050137	0x0000000000000000	0x0000000000000000	0x0000000500000000	0x0000000000000000
1050138	0x0000000000000000	0x0000000000000000	0x0000000000000000	0x0000000500000000
1050139	0x0000003200000000	0x0000000000000000	0x0000000000000000	0x0000000000000000
1050140	0x0000000000000000	0x0000000A00000000	0x0000000000000000	0x0000000000000000
1050141	0x0000003200000000	0x0000000000000000	0x0000000000000000	0x0000000000000000
1050142	0x0000000000000000	0x0000000000000000	0x0000000500000000	0x0000000000000000
1050143	0x0000000000000000	0x0000000000000000	0x0000000000000000	0x0000000500000000
1050144	0x0000003200000000	0x0000000000000000	0x0000000000000000	0x0000000000000000
1050145	0x0000000000000000	0x0000000A00000000	0x0000000000000000	0x0000000000000000
1050146	0x0000003200000000	0x0000000000000000	0x0000000000000000	0x0000000000000000
1050147	0x0000000000000000	0x0000000000000000	0x0000000500000000	0x0000000000000000
1050148	0x0000000000000000	0x0000000000000000	0x0000000000000000	0x0000000500000000
1050149	0x0000003200000000	0x0000000000000000	0x0000000000000000	0x0000000000000000
1050150	0x0000000000000000	0x0000000A00000000	0x0000000000000000	0x0000000000000000
1050151	0x0000003200000000	0x0000000000000000	0x0000000000000000	0x0000000000000000
1050152	0x0000000000000000	0x0000000000000000	0x0000000500000000	0x0000000000000000
1050153	0x0000000000000000	0x0000000000000000	0x0000000000000000	0x0000000500000000
1050154	0x0000003200000000	0x0000000000000000	0x0000000000000000	0x0000000000000000
1050155	0x0000000000000000	0x0000000A00000000	0x0000000000000000	0x0000000000000000
1050156	0x0000003200000000	0x0000000000000000	0x0000000000000000	0x0000000000000000
1050157	0x0000000000000000	0x0000000000000000	0x0000000500000000	0x0000000000000000
1050158	0x0000000000000000	0x0000000000000000	0x0000000000000000	0x0000000500000000
1050159	0x0000003200000000	0x0000000000000000	0x0000000000000000	0x0000000000000000
1050310	0x0000000000000000	0x0000000A00000000	0x0000000000000000	0x0000000000000000
1050311	0x0000003200000000	0x0000000000000000	0x0000000000000000	0x0000000000000000
1050312	0x0000000000000000	0x0000000000000000	0x0000000500000000	0x0000000000000000
1050313	0x0000000000000000	0x0000000000000000	0x0000000000000000	0x0000000500000000
1050314	0x0000003200000000	0x0000000000000000	0x0000000000000000	0x0000000000000000
1050315	0x0000000000000000	0x0000000A00000000	0x0000000000000000	0x0000000000000000
1050316	0x0000003200000000	0x0000000000000000	0x0000000000000000	0x0000000000000000
1050317	0x0000000000000000	0x0000000000000000	0x0000000500000000	0x0000000000000000
1050318	0x0000000000000000	0x0000000000000000	0x0000000000000000	0x0000000500000000
1050319	0x0000003200000000	0x0000000000000000	0x0000000000000000	0x0000000000000000
1050320	0x0000000000000000	0x0000000A00000000	0x0000000000000000	0x0000000000000000
1050321	0x0000003200000000	0x0000000000000000	0x0000000000000000	0x0000000000000000
1050322	0x0000000000000000	0x0000000000000000	0x0000000500000000	0x0000000000000000
1050323	0x0000000000000000	0x0000000000000000	0x0000000000000000	0x0000000500000000
1050324	0x0000003200000000	0x0000000000000000	0x0000000000000000	0x0000000000000000
1050325	0x0000000000000000	0x0000000A00000000	0x0000000000000000	0x0000000000000000
1050326	0x0000003200000000	0x0000000000000000	0x0000000000000000	0x0000000000000000
1050327	0x0000000000000000	0x0000000000000000	0x0000000500000000	0x0000000000000000
1050328	0x0000000000000000	0x0000000000000000	0x0000000000000000	0x0000000500000000
1050329	0x0000003200000000	0x0000000000000000	0x0000000000000000	0x0000000000000000
1050330	0x0000000000000000	0x0000000A00000000	0x0000000000000000	0x0000000000000000
1050331	0x0000003200000000	0x0000000000000000	0x0000000000000000	0x0000000000000000
1050332	0x0000000000000000	0x0000000000000000	0x0000000500000000	0x0000000000000000
1050333	0x0000000000000000	0x0000000000000000	0x0000000000000000	0x0000000500000000
1050334	0x0000003200000000	0x0000000000000000	0x0000000000000000	0x0000000000000000
1050335	0x0000000000000000	0x0000000A00000000	0x0000000000000000	0x0000000000000000
1050336	0x0000003200000000	0x0000000000000000	0x0000000000000000	0x0000000000000000
1050337	0x0000000000000000	0x0000000000000000	0x0000000500000000	0x0000000000000000
1050338	0x0000000000000000	0x0000000000000000	0x0000000000000000	0x0000000500000000
1050339	0x0000003200000000	0x0000000000000000	0x0000000000000000	0x0000000000000000
1050340	0x0000000000000000	0x0000000A00000000	0x0000000000000000	0x0000000000000000
1050341	0x0000003200000000	0x0000000000000000	0x0000000000000000	0x0000000000000000
1050342	0x0000000000000000	0x0000000000000000	0x0000000500000000	0x0000000000000000
1050343	0x0000000000000000	0x0000000000000000	0x0000000000000000	0x0000000500000000
1050344	0x0000003200000000	0x0000000000000000	0x0000000000000000	0x0000000000000000
1050345	0x0000000000000000	0x0000000A00000000	0x0000000000000000	0x0000000000000000
1050346	0x0000003200000000	0x0000000000000000	0x0000000000000000	0x0000000000000000
1050347	0x0000000000000000	0x0000000000000000	0x0000000500000000	0x0000000000000000
1050348	0x0000000000000000	0x0000000000000000	0x0000000000000000	0x0000000500000000
1050349	0x0000003200000000	0x0000000000000000	0x0000000000000000	0x0000000000000000
1050350	0x0000000000000000	0x0000000A00000000	0x0000000000000000	0x0000000000000000
1050351	0x0000003200000000	0x0000000000000000	0x0000000000000000	0x0000000000000000
1050352	0x0000000000000000	0x0000000000000000	0x0000000500000000	0x0000000000000000
1050353	0x0000000000000000	0x0000000000000000	0x0000000000000000	0x0000000500000000
1050354	0x0000003200000000	0x0000000000000000	0x0000000000000000	0x0000000000000000
1050355	0x0000000000000000	0x0000000A00000000	0x0000000000000000	0x0000000000000000
1050356	0x0000003200000000	0x0000000000000000	0x0000000000000000	0x0000000000000000
1050357	0x0000000000000000	0x0000000000000000	0x0000000500000000	0x0000000000000000
1050358	0x0000000000000000	0x0000000000000000	0x0000000000000000	0x0000000500000000
1050359	0x0000003200000000	0x0000000000000000	0x0000000000000000	0x0000000000000000
1060210	0x0000000000000000	0x0000000A00000000	0x0000000000000000	0x0000000000000000
1060211	0x0000003200000000	0x0000000000000000	0x0000000000000000	0x0000000000000000
1060212	0x0000000000000000	0x0000000000000000	0x0000000500000000	0x0000000000000000
1060213	0x0000000000000000	0x0000000000000000	0x0000000000000000	0x0000000500000000
1060214	0x0000003200000000	0x0000000000000000	0x0000000000000000	0x0000000000000000
1060215	0x0000000000000000	0x0000000A00000000	0x0000000000000000	0x0000000000000000
1060216	0x0000003200000000	0x0000000000000000	0x0000000000000000	0x0000000000000000
1060217	0x0000000000000000	0x0000000000000000	0x0000000500000000	0x0000000000000000
1060218	0x0000000000000000	0x0000000000000000	0x0000000000000000	0x0000000500000000
1060219	0x0000003200000000	0x0000000000000000	0x0000000000000000	0x0000000000000000
1060220	0x0000000000000000	0x0000000A00000000	0x0000000000000000	0x0000000000000000
1060221	0x0000003200000000	0x0000000000000000	0x0000000000000000	0x0000000000000000
1060222	0x0000000000000000	0x0000000000000000	0x0000000500000000	0x0000000000000000
1060223	0x0000000000000000	0x0000000000000000	0x0000000000000000	0x0000000500000000
1060224	0x0000003200000000	0x0000000000000000	0x0000000000000000	0x0000000000000000
1060225	0x0000000000000000	0x0000000A00000000	0x0000000000000000	0x0000000000000000
1060226	0x0000003200000000	0x0000000000000000	0x0000000000000000	0x0000000000000000
1060227	0x0000000000000000	0x0000000000000000	0x0000000500000000	0x0000000000000000
1060228	0x0000000000000000	0x0000000000000000	0x0000000000000000	0x0000000500000000
1060229	0x0000003200000000	0x0000000000000000	0x0000000000000000	0x0000000000000000
1060230	0x0000000000000000	0x0000000A00000000	0x0000000000000000	0x0000000000000000
1060231	0x0000003200000000	0x0000000000000000	0x0000000000000000	0x0000000000000000
1060232	0x0000000000000000	0x0000000000000000	0x0000000500000000	0x0000000000000000
1060233	0x0000000000000000	0x0000000000000000	0x0000000000000000	0x0000000500000000
1060234	0x0000003200000000	0x0000000000000000	0x0000000000000000	0x0000000000000000
1060235	0x0000000000000000	0x0000000A00000000	0x0000000000000000	0x0000000000000000
1060236	0x0000003200000000	0x0000000000000000	0x0000000000000000	0x0000000000000000
1060237	0x0000000000000000	0x0000000000000000	0x0000000500000000	0x0000000000000000
1060238	0x0000000000000000	0x0000000000000000	0x0000000000000000	0x0000000500000000
1060239	0x0000003200000000	0x0000000000000000	0x0000000000000000	0x0000000000000000
1060240	0x0000000000000000	0x0000000A00000000	0x0000000000000000	0x0000000000000000
1060241	0x0000003200000000	0x0000000000000000	0x0000000000000000	0x0000000000000000
1060242	0x0000000000000000	0x0000000000000000	0x0000000500000000	0x0000000000000000
1060243	0x0000000000000000	0x0000000000000000	0x0000000000000000	0x0000000500000000
1060244	0x0000003200000000	0x0000000000000000	0x0000000000000000	0x0000000000000000
1060245	0x0000000000000000	0x0000000A00000000	0x0000000000000000	0x0000000000000000
1060246	0x0000003200000000	0x0000000000000000	0x0000000000000000	0x0000000000000000
1060247	0x0000000000000000	0x0000000000000000	0x0000000500000000	0x0000000000000000
1060248	0x0000000000000000	0x0000000000000000	0x0000000000000000	0x0000000500000000
1060249	0x0000003200000000	0x0000000000000000	0x0000000000000000	0x0000000000000000
1060250	0x0000000000000000	0x0000000A00000000	0x0000000000000000	0x0000000000000000
1060251	0x0000003200000000	0x0000000000000000	0x0000000000000000	0x0000000000000000
1060252	0x0000000000000000	0x0000000000000000	0x0000000500000000	0x0000000000000000
1060253	0x0000000000000000	0x0000000000000000	0x0000000000000000	0x0000000500000000
1060254	0x0000003200000000	0x0000000000000000	0x0000000000000000	0x0000000000000000
1060255	0x0000000000000000	0x0000000A00000000	0x0000000000000000	0x0000000000000000
1060256	0x0000003200000000	0x0000000000000000	0x0000000000000000	0x0000000000000000
1060257	0x0000000000000000	0x0000000000000000	0x0000000500000000	0x0000000000000000
1060258	0x0000000000000000	0x0000000000000000	0x0000000000000000	0x0000000500000000
1060259	0x0000003200000000	0x0000000000000000	0x0000000000000000	0x0000000000000000
1060310	0x0000000000000000	0x0000000A00000000	0x0000000000000000	0x0000000000000000
1060311	0x0000003200000000	0x0000000000000000	0x0000000000000000	0x0000000000000000
1060312	0x0000000000000000	0x0000000000000000	0x0000000500000000	0x0000000000000000
1060313	0x0000000000000000	0x0000000000000000	0x0000000000000000	0x0000000500000000
1060314	0x0000003200000000	0x0000000000000000	0x0000000000000000	0x0000000000000000
1060315	0x0000000000000000	0x0000000A00000000	0x0000000000000000	0x0000000000000000
1060316	0x0000003200000000	0x0000000000000000	0x0000000000000000	0x0000000000000000
1060317	0x0000000000000000	0x0000000000000000	0x0000000500000000	0x0000000000000000
1060318	0x0000000000000000	0x0000000000000000	0x0000000000000000	0x0000000500000000
1060319	0x0000003200000000	0x0000000000000000	0x0000000000000000	0x0000000000000000
1060320	0x0000000000000000	0x0000000A00000000	0x0000000000000000	0x0000000000000000
1060321	0x0000003200000000	0x0000000000000000	0x0000000000000000	0x0000000000000000
1060322	0x0000000000000000	0x0000000000000000	0x0000000500000000	0x0000000000000000
1060323	0x0000000000000000	0x0000000000000000	0x0000000000000000	0x0000000500000000
1060324	0x0000003200000000	0x0000000000000000	0x0000000000000000	0x0000000000000000
1060325	0x0000000000000000	0x0000000A00000000	0x0000000000000000	0x0000000000000000
1060326	0x0000003200000000	0x0000000000000000	0x0000000000000000	0x0000000000000000
1060327	0x0000000000000000	0x0000000000000000	0x0000000500000000	0x0000000000000000
1060328	0x0000000000000000	0x0000000000000000	0x0000000000000000	0x0000000500000000
1060329	0x0000003200000000	0x0000000000000000	0x0000000000000000	0x0000000000000000
1060330	0x0000000000000000	0x0000000A00000000	0x0000000000000000	0x0000000000000000
1060331	0x0000003200000000	0x0000000000000000	0x0000000000000000	0x0000000000000000
1060332	0x0000000000000000	0x0000000000000000	0x0000000500000000	0x0000000000000000
1060333	0x0000000000000000	0x0000000000000000	0x0000000000000000	0x0000000500000000
1060334	0x0000003200000000	0x0000000000000000	0x0000000000000000	0x0000000000000000
1060335	0x0000000000000000	0x0000000A00000000	0x0000000000000000	0x0000000000000000
1060336	0x0000003200000000	0x0000000000000000	0x0000000000000000	0x0000000000000000
1060337	0x0000000000000000	0x0000000000000000	0x0000000500000000	0x0000000000000000
1060338	0x0000000000000000	0x0000000000000000	0x0000000000000000	0x0000000500000000
1060339	0x0000003200000000	0x0000000000000000	0x0000000000000000	0x0000000000000000
1060340	0x0000000000000000	0x0000000A00000000	0x0000000000000000	0x0000000000000000
1060341	0x0000003200000000	0x0000000000000000	0x0000000000000000	0x0000000000000000
1060342	0x0000000000000000	0x0000000000000000	0x0000000500000000	0x0000000000000000
1060343	0x0000000000000000	0x0000000000000000	0x0000000000000000	0x0000000500000000
1060344	0x0000003200000000	0x0000000000000000	0x0000000000000000	0x0000000000000000
1060345	0x0000000000000000	0x0000000A00000000	0x0000000000000000	0x0000000000000000
1060346	0x0000003200000000	0x0000000000000000	0x0000000000000000	0x0000000000000000
1060347	0x0000000000000000	0x0000000000000000	0x0000000500000000	0x0000000000000000
1060348	0x0000000000000000	0x0000000000000000	0x0000000000000000	0x0000000500000000
1060349	0x0000003200000000	0x0000000000000000	0x0000000000000000	0x0000000000000000
1060350	0x0000000000000000	0x0000000A00000000	0x0000000000000000	0x0000000000000000
1060351	0x0000003200000000	0x0000000000000000	0x0000000000000000	0x0000000000000000
1060352	0x0000000000000000	0x0000000000000000	0x0000000500000000	0x0000000000000000
1060353	0x0000000000000000	0x0000000000000000	0x0000000000000000	0x0000000500000000
1060354	0x0000003200000000	0x0000000000000000	0x0000000000000000	0x0000000000000000
1060355	0x0000000000000000	0x0000000A00000000	0x0000000000000000	0x0000000000000000
1060356	0x0000003200000000	0x0000000000000000	0x0000000000000000	0x0000000000000000
1060357	0x0000000000000000	0x0000000000000000	0x0000000500000000	0x0000000000000000
1060358	0x0000000000000000	0x0000000000000000	0x0000000000000000	0x0000000500000000
1060359	0x0000003200000000	0x0000000000000000	0x0000000000000000	0x0000000000000000
1070210	0x0000000000000000	0x0000000A00000000	0x0000000000000000	0x0000000000000000
1070211	0x0000003200000000	0x0000000000000000	0x0000000000000000	0x0000000000000000
1070212	0x0000000000000000	0x0000000000000000	0x0000000500000000	0x0000000000000000
1070213	0x0000000000000000	0x0000000000000000	0x0000000000000000	0x0000000500000000
1070214	0x0000003200000000	0x0000000000000000	0x0000000000000000	0x0000000000000000
1070215	0x0000000000000000	0x0000000A00000000	0x0000000000000000	0x0000000000000000
1070216	0x0000003200000000	0x0000000000000000	0x0000000000000000	0x0000000000000000
1070217	0x0000000000000000	0x0000000000000000	0x0000000500000000	0x0000000000000000
1070218	0x0000000000000000	0x0000000000000000	0x0000000000000000	0x0000000500000000
1070219	0x0000003200000000	0x0000000000000000	0x0000000000000000	0x0000000000000000
1070220	0x0000000000000000	0x0000000A00000000	0x0000000000000000	0x0000000000000000
1070221	0x0000003200000000	0x0000000000000000	0x0000000000000000	0x0000000000000000
1070222	0x0000000000000000	0x0000000000000000	0x0000000500000000	0x0000000000000000
1070223	0x0000000000000000	0x0000000000000000	0x0000000000000000	0x0000000500000000
1070224	0x0000003200000000	0x0000000000000000	0x0000000000000000	0x0000000000000000
1070225	0x0000000000000000	0x0000000A00000000	0x0000000000000000	0x0000000000000000
1070226	0x0000003200000000	0x0000000000000000	0x0000000000000000	0x0000000000000000
1070227	0x0000000000000000	0x0000000000000000	0x0000000500000000	0x0000000000000000
1070228	0x0000000000000000	0x0000000000000000	0x0000000000000000	0x0000000500000000
1070229	0x0000003200000000	0x0000000000000000	0x0000000000000000	0x0000000000000000
1070230	0x0000000000000000	0x0000000A00000000	0x0000000000000000	0x0000000000000000
1070231	0x0000003200000000	0x0000000000000000	0x0000000000000000	0x0000000000000000
1070232	0x0000000000000000	0x0000000000000000	0x0000000500000000	0x0000000000000000
1070233	0x0000000000000000	0x0000000000000000	0x0000000000000000	0x0000000500000000
1070234	0x0000003200000000	0x0000000000000000	0x0000000000000000	0x0000000000000000
1070235	0x0000000000000000	0x0000000A00000000	0x0000000000000000	0x0000000000000000
1070236	0x0000003200000000	0x0000000000000000	0x0000000000000000	0x0000000000000000
1070237	0x0000000000000000	0x0000000000000000	0x0000000500000000	0x0000000000000000
1070238	0x0000000000000000	0x0000000000000000	0x0000000000000000	0x0000000500000000
1070239	0x0000003200000000	0x0000000000000000	0x0000000000000000	0x0000000000000000
1070240	0x0000000000000000	0x0000000A00000000	0x0000000000000000	0x0000000000000000
1070241	0x0000003200000000	0x0000000000000000	0x0000000000000000	0x0000000000000000
1070242	0x0000000000000000	0x0000000000000000	0x0000000500000000	0x0000000000000000
1070243	0x0000000000000000	0x0000000000000000	0x0000000000000000	0x0000000500000000
1070244	0x0000003200000000	0x0000000000000000	0x0000000000000000	0x0000000000000000
1070245	0x0000000000000000	0x0000000A00000000	0x0000000000000000	0x0000000000000000
1070246	0x0000003200000000	0x0000000000000000	0x0000000000000000	0x0000000000000000
1070247	0x0000000000000000	0x0000000000000000	0x0000000500000000	0x0000000000000000
1070248	0x0000000000000000	0x0000000000000000	0x0000000000000000	0x0000000500000000
1070249	0x0000003200000000	0x0000000000000000	0x0000000000000000	0x0000000000000000
1070250	0x0000000000000000	0x0000000A00000000	0x0000000000000000	0x0000000000000000
1070251	0x0000003200000000	0x0000000000000000	0x0000000000000000	0x0000000000000000
1070252	0x0000000000000000	0x0000000000000000	0x0000000500000000	0x0000000000000000
1070253	0x0000000000000000	0x0000000000000000	0x0000000000000000	0x0000000500000000
1070254	0x0000003200000000	0x0000000000000000	0x0000000000000000	0x0000000000000000
1070255	0x0000000000000000	0x0000000A00000000	0x0000000000000000	0x0000000000000000
1070256	0x0000003200000000	0x0000000000000000	0x0000000000000000	0x0000000000000000
1070257	0x0000000000000000	0x0000000000000000	0x0000000500000000	0x0000000000000000
1070258	0x0000000000000000	0x0000000000000000	0x0000000000000000	0x0000000500000000
1070259	0x0000003200000000	0x0000000000000000	0x0000000000000000	0x0000000000000000
1070310	0x0000000000000000	0x0000000A00000000	0x0000000000000000	0x0000000000000000
1070311	0x0000003200000000	0x0000000000000000	0x0000000000000000	0x0000000000000000
1070312	0x0000000000000000	0x0000000000000000	0x0000000500000000	0x0000000000000000
1070313	0x0000000000000000	0x0000000000000000	0x0000000000000000	0x0000000500000000
1070314	0x0000003200000000	0x0000000000000000	0x0000000000000000	0x0000000000000000
1070315	0x0000000000000000	0x0000000A00000000	0x0000000000000000	0x0000000000000000
1070316	0x0000003200000000	0x0000000000000000	0x0000000000000000	0x0000000000000000
1070317	0x0000000000000000	0x0000000000000000	0x0000000500000000	0x0000000000000000
1070318	0x0000000000000000	0x0000000000000000	0x0000000000000000	0x0000000500000000
1070319	0x0000003200000000	0x0000000000000000	0x0000000000000000	0x0000000000000000
1070320	0x0000000000000000	0x0000000A00000000	0x0000000000000000	0x0000000000000000
1070321	0x0000003200000000	0x0000000000000000	0x0000000000000000	0x0000000000000000
1070322	0x0000000000000000	0x0000000000000000	0x0000000500000000	0x0000000000000000
1070323	0x0000000000000000	0x0000000000000000	0x0000000000000000	0x0000000500000000
1070324	0x0000003200000000	0x0000000000000000	0x0000000000000000	0x0000000000000000
1070325	0x0000000000000000	0x0000000A00000000	0x0000000000000000	0x0000000000000000
1070326	0x0000003200000000	0x0000000000000000	0x0000000000000000	0x0000000000000000
1070327	0x0000000000000000	0x0000000000000000	0x0000000500000000	0x0000000000000000
1070328	0x0000000000000000	0x0000000000000000	0x0000000000000000	0x0000000500000000
1070329	0x0000003200000000	0x0000000000000000	0x0000000000000000	0x0000000000000000
1070330	0x0000000000000000	0x0000000A00000000	0x0000000000000000	0x0000000000000000
1070331	0x0000003200000000	0x0000000000000000	0x0000000000000000	0x0000000000000000
1070332	0x0000000000000000	0x0000000000000000	0x0000000500000000	0x0000000000000000
1070333	0x0000000000000000	0x0000000000000000	0x0000000000000000	0x0000000500000000
1070334	0x0000003200000000	0x0000000000000000	0x0000000000000000	0x0000000000000000
1070335	0x0000000000000000	0x0000000A00000000	0x0000000000000000	0x0000000000000000
1070336	0x0000003200000000	0x0000000000000000	0x0000000000000000	0x0000000000000000
1070337	0x0000000000000000	0x0000000000000000	0x0000000500000000	0x0000000000000000
1070338	0x0000000000000000	0x0000000000000000	0x0000000000000000	0x0000000500000000
1070339	0x0000003200000000	0x0000000000000000	0x0000000000000000	0x0000000000000000
1070340	0x0000000000000000	0x0000000A00000000	0x0000000000000000	0x0000000000000000
1070341	0x0000003200000000	0x0000000000000000	0x0000000000000000	0x0000000000000000
1070342	0x0000000000000000	0x0000000000000000	0x0000000500000000	0x0000000000000000
1070343	0x0000000000000000	0x0000000000000000	0x0000000000000000	0x0000000500000000
1070344	0x0000003200000000	0x0000000000000000	0x0000000000000000	0x0000000000000000
1070345	0x0000000000000000	0x0000000A00000000	0x0000000000000000	0x0000000000000000
1070346	0x0000003200000000	0x0000000000000000	0x0000000000000000	0x0000000000000000
1070347	0x0000000000000000	0x0000000000000000	0x0000000500000000	0x0000000000000000
1070348	0x0000000000000000	0x0000000000000000	0x0000000000000000	0x0000000500000000
1070349	0x0000003200000000	0x0000000000000000	0x0000000000000000	0x0000000000000000
1070350	0x0000000000000000	0x0000000A00000000	0x0000000000000000	0x0000000000000000
1070351	0x0000003200000000	0x0000000000000000	0x0000000000000000	0x0000000000000000
1070352	0x0000000000000000	0x0000000000000000	0x0000000500000000	0x0000000000000000
1070353	0x0000000000000000	0x0000000000000000	0x0000000000000000	0x0000000500000000
1070354	0x0000003200000000	0x0000000000000000	0x0000000000000000	0x0000000000000000
1070355	0x0000000000000000	0x0000000A00000000	0x0000000000000000	0x0000000000000000
1070356	0x0000003200000000	0x0000000000000000	0x0000000000000000	0x0000000000000000
1070357	0x0000000000000000	0x0000000000000000	0x0000000500000000	0x0000000000000000
1070358	0x0000000000000000	0x0000000000000000	0x0000000000000000	0x0000000500000000
1070359	0x0000003200000000	0x0000000000000000	0x0000000000000000	0x0000000000000000
1080210	0x0000000000000000	0x0000000A00000000	0x0000000000000000	0x0000000000000000
1080211	0x0000003200000000	0x0000000000000000	0x0000000000000000	0x0000000000000000
1080212	0x0000000000000000	0x0000000000000000	0x0000000500000000	0x0000000000000000
1080213	0x0000000000000000	0x0000000000000000	0x0000000000000000	0x0000000500000000
1080214	0x0000003200000000	0x0000000000000000	0x0000000000000000	0x0000000000000000
1080215	0x0000000000000000	0x0000000A00000000	0x0000000000000000	0x0000000000000000
1080216	0x0000003200000000	0x0000000000000000	0x0000000000000000	0x0000000000000000
1080217	0x0000000000000000	0x0000000000000000	0x0000000500000000	0x0000000000000000
1080218	0x0000000000000000	0x0000000000000000	0x0000000000000000	0x0000000500000000
1080219	0x0000003200000000	0x0000000000000000	0x0000000000000000	0x0000000000000000
1080220	0x0000000000000000	0x0000000A00000000	0x0000000000000000	0x0000000000000000
1080221	0x0000003200000000	0x0000000000000000	0x0000000000000000	0x0000000000000000
1080222	0x0000000000000000	0x0000000000000000	0x0000000500000000	0x0000000000000000
1080223	0x0000000000000000	0x0000000000000000	0x0000000000000000	0x0000000500000000
1080224	0x0000003200000000	0x0000000000000000	0x0000000000000000	0x0000000000000000
1080225	0x0000000000000000	0x0000000A00000000	0x0000000000000000	0x0000000000000000
1080226	0x0000003200000000	0x0000000000000000	0x0000000000000000	0x0000000000000000
1080227	0x0000000000000000	0x0000000000000000	0x0000000500000000	0x0000000000000000
1080228	0x0000000000000000	0x0000000000000000	0x0000000000000000	0x0000000500000000
1080229	0x0000003200000000	0x0000000000000000	0x0000000000000000	0x0000000000000000
1080230	0x0000000000000000	0x0000000A00000000	0x0000000000000000	0x0000000000000000
1080231	0x0000003200000000	0x0000000000000000	0x0000000000000000	0x0000000000000000
1080232	0x0000000000000000	0x0000000000000000	0x0000000500000000	0x0000000000000000
1080233	0x0000000000000000	0x0000000000000000	0x0000000000000000	0x0000000500000000
1080234	0x0000003200000000	0x0000000000000000	0x0000000000000000	0x0000000000000000
1080235	0x0000000000000000	0x0000000A00000000	0x0000000000000000	0x0000000000000000
1080236	0x0000003200000000	0x0000000000000000	0x0000000000000000	0x0000000000000000
1080237	0x0000000000000000	0x0000000000000000	0x0000000500000000	0x0000000000000000
1080238	0x0000000000000000	0x0000000000000000	0x0000000000000000	0x0000000500000000
1080239	0x0000003200000000	0x0000000000000000	0x0000000000000000	0x0000000000000000
1080240	0x0000000000000000	0x0000000A00000000	0x0000000000000000	0x0000000000000000
1080241	0x0000003200000000	0x0000000000000000	0x0000000000000000	0x0000000000000000
1080242	0x0000000000000000	0x0000000000000000	0x0000000500000000	0x0000000000000000
1080243	0x0000000000000000	0x0000000000000000	0x0000000000000000	0x0000000500000000
1080244	0x0000003200000000	0x0000000000000000	0x0000000000000000	0x0000000000000000
1080245	0x0000000000000000	0x0000000A00000000	0x0000000000000000	0x0000000000000000
1080246	0x0000003200000000	0x0000000000000000	0x0000000000000000	0x0000000000000000
1080247	0x0000000000000000	0x0000000000000000	0x0000000500000000	0x0000000000000000
1080248	0x0000000000000000	0x0000000000000000	0x0000000000000000	0x0000000500000000
1080249	0x0000003200000000	0x0000000000000000	0x0000000000000000	0x0000000000000000
1080250	0x0000000000000000	0x0000000A00000000	0x0000000000000000	0x0000000000000000
1080251	0x0000003200000000	0x0000000000000000	0x0000000000000000	0x0000000000000000
1080252	0x0000000000000000	0x0000000000000000	0x0000000500000000	0x0000000000000000
1080253	0x0000000000000000	0x0000000000000000	0x0000000000000000	0x0000000500000000
1080254	0x0000003200000000	0x0000000000000000	0x0000000000000000	0x0000000000000000
1080255	0x0000000000000000	0x0000000A00000000	0x0000000000000000	0x0000000000000000
1080256	0x0000003200000000	0x0000000000000000	0x0000000000000000	0x0000000000000000
1080257	0x0000000000000000	0x0000000000000000	0x0000000500000000	0x0000000000000000
1080258	0x0000000000000000	0x0000000000000000	0x0000000000000000	0x0000000500000000
1080259	0x0000003200000000	0x0000000000000000	0x0000000000000000	0x0000000000000000
1080310	0x0000000000000000	0x0000000A00000000	0x0000000000000000	0x0000000000000000
1080311	0x0000003200000000	0x0000000000000000	0x0000000000000000	0x0000000000000000
1080312	0x0000000000000000	0x0000000000000000	0x0000000500000000	0x0000000000000000
1080313	0x0000000000000000	0x0000000000000000	0x0000000000000000	0x0000000500000000
1080314	0x0000003200000000	0x0000000000000000	0x0000000000000000	0x0000000000000000
1080315	0x0000000000000000	0x0000000A00000000	0x0000000000000000	0x0000000000000000
1080316	0x0000003200000000	0x0000000000000000	0x0000000000000000	0x0000000000000000
1080317	0x0000000000000000	0x0000000000000000	0x0000000500000000	0x0000000000000000
1080318	0x0000000000000000	0x0000000000000000	0x0000000000000000	0x0000000500000000
1080319	0x0000003200000000	0x0000000000000000	0x0000000000000000	0x0000000000000000
1080320	0x0000000000000000	0x0000000A00000000	0x0000000000000000	0x0000000000000000
1080321	0x0000003200000000	0x0000000000000000	0x0000000000000000	0x0000000000000000
1080322	0x0000000000000000	0x0000000000000000	0x0000000500000000	0x0000000000000000
1080323	0x0000000000000000	0x0000000000000000	0x0000000000000000	0x0000000500000000
1080324	0x0000003200000000	0x0000000000000000	0x0000000000000000	0x0000000000000000
1080325	0x0000000000000000	0x0000000A00000000	0x0000000000000000	0x0000000000000000
1080326	0x0000003200000000	0x0000000000000000	0x0000000000000000	0x0000000000000000
1080327	0x0000000000000000	0x0000000000000000	0x0000000500000000	0x0000000000000000
1080328	0x0000000000000000	0x0000000000000000	0x0000000000000000	0x0000000500000000
1080329	0x0000003200000000	0x0000000000000000	0x0000000000000000	0x0000000000000000
1080330	0x0000000000000000	0x0000000A00000000	0x0000000000000000	0x0000000000000000
1080331	0x0000003200000000	0x0000000000000000	0x0000000000000000	0x0000000000000000
1080332	0x0000000000000000	0x0000000000000000	0x0000000500000000	0x0000000000000000
1080333	0x0000000000000000	0x0000000000000000	0x0000000000000000	0x0000000500000000
1080334	0x0000003200000000	0x0000000000000000	0x0000000000000000	0x0000000000000000
1080335	0x0000000000000000	0x0000000A00000000	0x0000000000000000	0x0000000000000000
1080336	0x0000003200000000	0x0000000000000000	0x0000000000000000	0x0000000000000000
1080337	0x0000000000000000	0x0000000000000000	0x0000000500000000	0x0000000000000000
1080338	0x0000000000000000	0x0000000000000000	0x0000000000000000	0x0000000500000000
1080339	0x0000003200000000	0x0000000000000000	0x0000000000000000	0x0000000000000000
1080340	0x0000000000000000	0x0000000A00000000	0x0000000000000000	0x0000000000000000
1080341	0x0000003200000000	0x0000000000000000	0x0000000000000000	0x0000000000000000
1080342	0x0000000000000000	0x0000000000000000	0x0000000500000000	0x0000000000000000
1080343	0x0000000000000000	0x0000000000000000	0x0000000000000000	0x0000000500000000
1080344	0x0000003200000000	0x0000000000000000	0x0000000000000000	0x0000000000000000
1080345	0x0000000000000000	0x0000000A00000000	0x0000000000000000	0x0000000000000000
1080346	0x0000003200000000	0x0000000000000000	0x0000000000000000	0x0000000000000000
1080347	0x0000000000000000	0x0000000000000000	0x0000000500000000	0x0000000000000000
1080348	0x0000000000000000	0x0000000000000000	0x0000000000000000	0x0000000500000000
1080349	0x0000003200000000	0x0000000000000000	0x0000000000000000	0x0000000000000000
1080350	0x0000000000000000	0x0000000A00000000	0x0000000000000000	0x0000000000000000
1080351	0x0000003200000000	0x0000000000000000	0x0000000000000000	0x0000000000000000
1080352	0x0000000000000000	0x0000000000000000	0x0000000500000000	0x0000000000000000
1080353	0x0000000000000000	0x0000000000000000	0x0000000000000000	0x0000000500000000
1080354	0x0000003200000000	0x0000000000000000	0x0000000000000000	0x0000000000000000
1080355	0x0000000000000000	0x0000000A00000000	0x0000000000000000	0x0000000000000000
1080356	0x0000003200000000	0x0000000000000000	0x0000000000000000	0x0000000000000000
1080357	0x0000000000000000	0x0000000000000000	0x0000000500000000	0x0000000000000000
1080358	0x0000000000000000	0x0000000000000000	0x0000000000000000	0x0000000500000000
1080359	0x0000003200000000	0x0000000000000000	0x0000000000000000	0x0000000000000000
1090210	0x0000000000000000	0x0000000A00000000	0x0000000000000000	0x0000000000000000
1090211	0x0000003200000000	0x0000000000000000	0x0000000000000000	0x0000000000000000
1090212	0x0000000000000000	0x0000000000000000	0x0000000500000000	0x0000000000000000
1090213	0x0000000000000000	0x0000000000000000	0x0000000000000000	0x0000000500000000
1090214	0x0000003200000000	0x0000000000000000	0x0000000000000000	0x0000000000000000
1090215	0x0000000000000000	0x0000000A00000000	0x0000000000000000	0x0000000000000000
1090216	0x0000003200000000	0x0000000000000000	0x0000000000000000	0x0000000000000000
1090217	0x0000000000000000	0x0000000000000000	0x0000000500000000	0x0000000000000000
1090218	0x0000000000000000	0x0000000000000000	0x0000000000000000	0x0000000500000000
1090219	0x0000003200000000	0x0000000000000000	0x0000000000000000	0x0000000000000000
1090220	0x0000000000000000	0x0000000A00000000	0x0000000000000000	0x0000000000000000
1090221	0x0000003200000000	0x0000000000000000	0x0000000000000000	0x0000000000000000
1090222	0x0000000000000000	0x0000000000000000	0x0000000500000000	0x0000000000000000
1090223	0x0000000000000000	0x0000000000000000	0x0000000000000000	0x0000000500000000
1090224	0x0000003200000000	0x0000000000000000	0x0000000000000000	0x0000000000000000
1090225	0x0000000000000000	0x0000000A00000000	0x0000000000000000	0x0000000000000000
1090226	0x0000003200000000	0x0000000000000000	0x0000000000000000	0x0000000000000000
1090227	0x0000000000000000	0x0000000000000000	0x0000000500000000	0x0000000000000000
1090228	0x0000000000000000	0x0000000000000000	0x0000000000000000	0x0000000500000000
1090229	0x0000003200000000	0x0000000000000000	0x0000000000000000	0x0000000000000000
1090230	0x0000000000000000	0x0000000A00000000	0x0000000000000000	0x0000000000000000
1090231	0x0000003200000000	0x0000000000000000	0x0000000000000000	0x0000000000000000
1090232	0x0000000000000000	0x0000000000000000	0x0000000500000000	0x0000000000000000
1090233	0x0000000000000000	0x0000000000000000	0x0000000000000000	0x0000000500000000
1090234	0x0000003200000000	0x0000000000000000	0x0000000000000000	0x0000000000000000
1090235	0x0000000000000000	0x0000000A00000000	0x0000000000000000	0x0000000000000000
1090236	0x0000003200000000	0x0000000000000000	0x0000000000000000	0x0000000000000000
1090237	0x0000000000000000	0x0000000000000000	0x0000000500000000	0x0000000000000000
1090238	0x0000000000000000	0x0000000000000000	0x0000000000000000	0x0000000500000000
1090239	0x0000003200000000	0x0000000000000000	0x0000000000000000	0x0000000000000000
1090240	0x0000000000000000	0x0000000A00000000	0x0000000000000000	0x0000000000000000
1090241	0x0000003200000000	0x0000000000000000	0x0000000000000000	0x0000000000000000
1090242	0x0000000000000000	0x0000000000000000	0x0000000500000000	0x0000000000000000
1090243	0x0000000000000000	0x0000000000000000	0x0000000000000000	0x0000000500000000
1090244	0x0000003200000000	0x0000000000000000	0x0000000000000000	0x0000000000000000
1090245	0x0000000000000000	0x0000000A00000000	0x0000000000000000	0x0000000000000000
1090246	0x0000003200000000	0x0000000000000000	0x0000000000000000	0x0000000000000000
1090247	0x0000000000000000	0x0000000000000000	0x0000000500000000	0x0000000000000000
1090248	0x0000000000000000	0x0000000000000000	0x0000000000000000	0x0000000500000000
1090249	0x0000003200000000	0x0000000000000000	0x0000000000000000	0x0000000000000000
1090250	0x0000000000000000	0x0000000A00000000	0x0000000000000000	0x0000000000000000
1090251	0x0000003200000000	0x0000000000000000	0x0000000000000000	0x0000000000000000
1090252	0x0000000000000000	0x0000000000000000	0x0000000500000000	0x0000000000000000
1090253	0x0000000000000000	0x0000000000000000	0x0000000000000000	0x0000000500000000
1090254	0x0000003200000000	0x0000000000000000	0x0000000000000000	0x0000000000000000
1090255	0x0000000000000000	0x0000000A00000000	0x0000000000000000	0x0000000000000000
1090256	0x0000003200000000	0x0000000000000000	0x0000000000000000	0x0000000000000000
1090257	0x0000000000000000	0x0000000000000000	0x0000000500000000	0x0000000000000000
1090258	0x0000000000000000	0x0000000000000000	0x0000000000000000	0x0000000500000000
1090259	0x0000003200000000	0x0000000000000000	0x0000000000000000	0x0000000000000000
1110210	0x0000000000000000	0x0000000A00000000	0x0000000000000000	0x0000000000000000
1110211	0x0000003200000000	0x0000000000000000	0x0000000000000000	0x0000000000000000
1110212	0x0000000000000000	0x0000000000000000	0x0000000500000000	0x0000000000000000
1110213	0x0000000000000000	0x0000000000000000	0x0000000000000000	0x0000000500000000
1110214	0x0000003200000000	0x0000000000000000	0x0000000000000000	0x0000000000000000
1110215	0x0000000000000000	0x0000000A00000000	0x0000000000000000	0x0000000000000000
1110216	0x0000003200000000	0x0000000000000000	0x0000000000000000	0x0000000000000000
1110217	0x0000000000000000	0x0000000000000000	0x0000000500000000	0x0000000000000000
1110218	0x0000000000000000	0x0000000000000000	0x0000000000000000	0x0000000500000000
1110219	0x0000003200000000	0x0000000000000000	0x0000000000000000	0x0000000000000000
1110220	0x0000000000000000	0x0000000A00000000	0x0000000000000000	0x0000000000000000
1110221	0x0000003200000000	0x0000000000000000	0x0000000000000000	0x0000000000000000
1110222	0x0000000000000000	0x0000000000000000	0x0000000500000000	0x0000000000000000
1110223	0x0000000000000000	0x0000000000000000	0x0000000000000000	0x0000000500000000
1110224	0x0000003200000000	0x0000000000000000	0x0000000000000000	0x0000000000000000
1110225	0x0000000000000000	0x0000000A00000000	0x0000000000000000	0x0000000000000000
1110226	0x0000003200000000	0x0000000000000000	0x0000000000000000	0x0000000000000000
1110227	0x0000000000000000	0x0000000000000000	0x0000000500000000	0x0000000000000000
1110228	0x0000000000000000	0x0000000000000000	0x0000000000000000	0x0000000500000000
1110229	0x0000003200000000	0x0000000000000000	0x0000000000000000	0x0000000000000000
1110230	0x0000000000000000	0x0000000A00000000	0x0000000000000000	0x0000000000000000
1110231	0x0000003200000000	0x0000000000000000	0x0000000000000000	0x0000000000000000
1110232	0x0000000000000000	0x0000000000000000	0x0000000500000000	0x0000000000000000
1110233	0x0000000000000000	0x0000000000000000	0x0000000000000000	0x0000000500000000
1110234	0x0000003200000000	0x0000000000000000	0x0000000000000000	0x0000000000000000
1110235	0x0000000000000000	0x0000000A00000000	0x0000000000000000	0x0000000000000000
1110236	0x0000003200000000	0x0000000000000000	0x0000000000000000	0x0000000000000000
1110237	0x0000000000000000	0x0000000000000000	0x0000000500000000	0x0000000000000000
1110238	0x0000000000000000	0x0000000000000000	0x0000000000000000	0x0000000500000000
1110239	0x0000003200000000	0x0000000000000000	0x0000000000000000	0x0000000000000000
1110240	0x0000000000000000	0x0000000A00000000	0x0000000000000000	0x0000000000000000
1110241	0x0000003200000000	0x0000000000000000	0x0000000000000000	0x0000000000000000
1110242	0x0000000000000000	0x0000000000000000	0x0000000500000000	0x0000000000000000
1110243	0x0000000000000000	0x0000000000000000	0x0000000000000000	0x0000000500000000
1110244	0x0000003200000000	0x0000000000000000	0x0000000000000000	0x0000000000000000
1110245	0x0000000000000000	0x0000000A00000000	0x0000000000000000	0x0000000000000000
1110246	0x0000003200000000	0x0000000000000000	0x0000000000000000	0x0000000000000000
1110247	0x0000000000000000	0x0000000000000000	0x0000000500000000	0x0000000000000000
1110248	0x0000000000000000	0x0000000000000000	0x0000000000000000	0x0000000500000000
1110249	0x0000003200000000	0x0000000000000000	0x0000000000000000	0x0000000000000000
1110250	0x0000000000000000	0x0000000A00000000	0x0000000000000000	0x0000000000000000
1110251	0x0000003200000000	0x0000000000000000	0x0000000000000000	0x0000000000000000
1110252	0x0000000000000000	0x0000000000000000	0x0000000500000000	0x0000000000000000
1110253	0x0000000000000000	0x0000000000000000	0x0000000000000000	0x0000000500000000
1110254	0x0000003200000000	0x0000000000000000	0x0000000000000000	0x0000000000000000
1110255	0x0000000000000000	0x0000000A00000000	0x0000000000000000	0x0000000000000000
1110256	0x0000003200000000	0x0000000000000000	0x0000000000000000	0x0000000000000000
1110257	0x0000000000000000	0x0000000000000000	0x0000000500000000	0x0000000000000000
1110258	0x0000000000000000	0x0000000000000000	0x0000000000000000	0x0000000500000000
1110259	0x0000003200000000	0x0000000000000000	0x0000000000000000	0x0000000000000000
1120210	0x0000000000000000	0x0000000A00000000	0x0000000000000000	0x0000000000000000
1120211	0x0000003200000000	0x0000000000000000	0x0000000000000000	0x0000000000000000
1120212	0x0000000000000000	0x0000000000000000	0x0000000500000000	0x0000000000000000
1120213	0x0000000000000000	0x0000000000000000	0x0000000000000000	0x0000000500000000
1120214	0x0000003200000000	0x0000000000000000	0x0000000000000000	0x0000000000000000
1120215	0x0000000000000000	0x0000000A00000000	0x0000000000000000	0x0000000000000000
1120216	0x0000003200000000	0x0000000000000000	0x0000000000000000	0x0000000000000000
1120217	0x0000000000000000	0x0000000000000000	0x0000000500000000	0x0000000000000000
1120218	0x0000000000000000	0x0000000000000000	0x0000000000000000	0x0000000500000000
1120219	0x0000003200000000	0x0000000000000000	0x0000000000000000	0x0000000000000000
1120220	0x0000000000000000	0x0000000A00000000	0x0000000000000000	0x0000000000000000
1120221	0x0000003200000000	0x0000000000000000	0x0000000000000000	0x0000000000000000
1120222	0x0000000000000000	0x0000000000000000	0x0000000500000000	0x0000000000000000
1120223	0x0000000000000000	0x0000000000000000	0x0000000000000000	0x0000000500000000
1120224	0x0000003200000000	0x0000000000000000	0x0000000000000000	0x0000000000000000
1120225	0x0000000000000000	0x0000000A00000000	0x0000000000000000	0x0000000000000000
1120226	0x0000003200000000	0x0000000000000000	0x0000000000000000	0x0000000000000000
1120227	0x0000000000000000	0x0000000000000000	0x0000000500000000	0x0000000000000000
1120228	0x0000000000000000	0x0000000000000000	0x0000000000000000	0x0000000500000000
1120229	0x0000003200000000	0x0000000000000000	0x0000000000000000	0x0000000000000000
1120230	0x0000000000000000	0x0000000A00000000	0x0000000000000000	0x0000000000000000
1120231	0x0000003200000000	0x0000000000000000	0x0000000000000000	0x0000000000000000
1120232	0x0000000000000000	0x0000000000000000	0x0000000500000000	0x0000000000000000
1120233	0x0000000000000000	0x0000000000000000	0x0000000000000000	0x0000000500000000
1120234	0x0000003200000000	0x0000000000000000	0x0000000000000000	0x0000000000000000
1120235	0x0000000000000000	0x0000000A00000000	0x0000000000000000	0x0000000000000000
1120236	0x0000003200000000	0x0000000000000000	0x0000000000000000	0x0000000000000000
1120237	0x0000000000000000	0x0000000000000000	0x0000000500000000	0x0000000000000000
1120238	0x0000000000000000	0x0000000000000000	0x0000000000000000	0x0000000500000000
1120239	0x0000003200000000	0x0000000000000000	0x0000000000000000	0x0000000000000000
1120240	0x0000000000000000	0x0000000A00000000	0x0000000000000000	0x0000000000000000
1120241	0x0000003200000000	0x0000000000000000	0x0000000000000000	0x0000000000000000
1120242	0x0000000000000000	0x0000000000000000	0x0000000500000000	0x0000000000000000
1120243	0x0000000000000000	0x0000000000000000	0x0000000000000000	0x0000000500000000
1120244	0x0000003200000000	0x0000000000000000	0x0000000000000000	0x0000000000000000
1120245	0x0000000000000000	0x0000000A00000000	0x0000000000000000	0x0000000000000000
1120246	0x0000003200000000	0x0000000000000000	0x0000000000000000	0x0000000000000000
1120247	0x0000000000000000	0x0000000000000000	0x0000000500000000	0x0000000000000000
1120248	0x0000000000000000	0x0000000000000000	0x0000000000000000	0x0000000500000000
1120249	0x0000003200000000	0x0000000000000000	0x0000000000000000	0x0000000000000000
1120250	0x0000000000000000	0x0000000A00000000	0x0000000000000000	0x0000000000000000
1120251	0x0000003200000000	0x0000000000000000	0x0000000000000000	0x0000000000000000
1120252	0x0000000000000000	0x0000000000000000	0x0000000500000000	0x0000000000000000
1120253	0x0000000000000000	0x0000000000000000	0x0000000000000000	0x0000000500000000
1120254	0x0000003200000000	0x0000000000000000	0x0000000000000000	0x0000000000000000
1120255	0x0000000000000000	0x0000000A00000000	0x0000000000000000	0x0000000000000000
1120256	0x0000003200000000	0x0000000000000000	0x0000000000000000	0x0000000000000000
1120257	0x0000000000000000	0x0000000000000000	0x0000000500000000	0x0000000000000000
1120258	0x0000000000000000	0x0000000000000000	0x0000000000000000	0x0000000500000000
1120259	0x0000003200000000	0x0000000000000000	0x0000000000000000	0x0000000000000000
1130210	0x0000000000000000	0x0000000A00000000	0x0000000000000000	0x0000000000000000
1130211	0x0000003200000000	0x0000000000000000	0x0000000000000000	0x0000000000000000
1130212	0x0000000000000000	0x0000000000000000	0x0000000500000000	0x0000000000000000
1130213	0x0000000000000000	0x0000000000000000	0x0000000000000000	0x0000000500000000
1130214	0x0000003200000000	0x0000000000000000	0x0000000000000000	0x0000000000000000
1130215	0x0000000000000000	0x0000000A00000000	0x0000000000000000	0x0000000000000000
1130216	0x0000003200000000	0x0000000000000000	0x0000000000000000	0x0000000000000000
1130217	0x0000000000000000	0x0000000000000000	0x0000000500000000	0x0000000000000000
1130218	0x0000000000000000	0x0000000000000000	0x0000000000000000	0x0000000500000000
1130219	0x0000003200000000	0x0000000000000000	0x0000000000000000	0x0000000000000000
1130220	0x0000000000000000	0x0000000A00000000	0x0000000000000000	0x0000000000000000
1130221	0x0000003200000000	0x0000000000000000	0x0000000000000000	0x0000000000000000
1130222	0x0000000000000000	0x0000000000000000	0x0000000500000000	0x0000000000000000
1130223	0x0000000000000000	0x0000000000000000	0x0000000000000000	0x0000000500000000
1130224	0x0000003200000000	0x0000000000000000	0x0000000000000000	0x0000000000000000
1130225	0x0000000000000000	0x0000000A00000000	0x0000000000000000	0x0000000000000000
1130226	0x0000003200000000	0x0000000000000000	0x0000000000000000	0x0000000000000000
1130227	0x0000000000000000	0x0000000000000000	0x0000000500000000	0x0000000000000000
1130228	0x0000000000000000	0x0000000000000000	0x0000000000000000	0x0000000500000000
1130229	0x0000003200000000	0x0000000000000000	0x0000000000000000	0x0000000000000000
1130230	0x0000000000000000	0x0000000A00000000	0x0000000000000000	0x0000000000000000
1130231	0x0000003200000000	0x0000000000000000	0x0000000000000000	0x0000000000000000
1130232	0x0000000000000000	0x0000000000000000	0x0000000500000000	0x0000000000000000
1130233	0x0000000000000000	0x0000000000000000	0x0000000000000000	0x0000000500000000
1130234	0x0000003200000000	0x0000000000000000	0x0000000000000000	0x0000000000000000
1130235	0x0000000000000000	0x0000000A00000000	0x0000000000000000	0x0000000000000000
1130236	0x0000003200000000	0x0000000000000000	0x0000000000000000	0x0000000000000000
1130237	0x0000000000000000	0x0000000000000000	0x0000000500000000	0x0000000000000000
1130238	0x0000000000000000	0x0000000000000000	0x0000000000000000	0x0000000500000000
1130239	0x0000003200000000	0x0000000000000000	0x0000000000000000	0x0000000000000000
1130240	0x0000000000000000	0x0000000A00000000	0x0000000000000000	0x0000000000000000
1130241	0x0000003200000000	0x0000000000000000	0x0000000000000000	0x0000000000000000
1130242	0x0000000000000000	0x0000000000000000	0x0000000500000000	0x0000000000000000
1130243	0x0000000000000000	0x0000000000000000	0x0000000000000000	0x0000000500000000
1130244	0x0000003200000000	0x0000000000000000	0x0000000000000000	0x0000000000000000
1130245	0x0000000000000000	0x0000000A00000000	0x0000000000000000	0x0000000000000000
1130246	0x0000003200000000	0x0000000000000000	0x0000000000000000	0x0000000000000000
1130247	0x0000000000000000	0x0000000000000000	0x0000000500000000	0x0000000000000000
1130248	0x0000000000000000	0x0000000000000000	0x0000000000000000	0x0000000500000000
1130249	0x0000003200000000	0x0000000000000000	0x0000000000000000	0x0000000000000000
1130250	0x0000000000000000	0x0000000A00000000	0x0000000000000000	0x0000000000000000
1130251	0x0000003200000000	0x0000000000000000	0x0000000000000000	0x0000000000000000
1130252	0x0000000000000000	0x0000000000000000	0x0000000500000000	0x0000000000000000
1130253	0x0000000000000000	0x0000000000000000	0x0000000000000000	0x0000000500000000
1130254	0x0000003200000000	0x0000000000000000	0x0000000000000000	0x0000000000000000
1130255	0x0000000000000000	0x0000000A00000000	0x0000000000000000	0x0000000000000000
1130256	0x0000003200000000	0x0000000000000000	0x0000000000000000	0x0000000000000000
1130257	0x0000000000000000	0x0000000000000000	0x0000000500000000	0x0000000000000000
1130258	0x0000000000000000	0x0000000000000000	0x0000000000000000	0x0000000500000000
1130259	0x0000003200000000	0x0000000000000000	0x0000000000000000	0x0000000000000000
1140310	0x0000000000000000	0x0000000A00000000	0x0000000000000000	0x0000000000000000
1140311	0x0000003200000000	0x0000000000000000	0x0000000000000000	0x0000000000000000
1140312	0x0000000000000000	0x0000000000000000	0x0000000500000000	0x0000000000000000
1140313	0x0000000000000000	0x0000000000000000	0x0000000000000000	0x0000000500000000
1140314	0x0000003200000000	0x0000000000000000	0x0000000000000000	0x0000000000000000
1140315	0x0000000000000000	0x0000000A00000000	0x0000000000000000	0x0000000000000000
1140316	0x0000003200000000	0x0000000000000000	0x0000000000000000	0x0000000000000000
1140317	0x0000000000000000	0x0000000000000000	0x0000000500000000	0x0000000000000000
1140318	0x0000000000000000	0x0000000000000000	0x0000000000000000	0x0000000500000000
1140319	0x0000003200000000	0x0000000000000000	0x0000000000000000	0x0000000000000000
1140320	0x0000000000000000	0x0000000A00000000	0x0000000000000000	0x0000000000000000
1140321	0x0000003200000000	0x0000000000000000	0x0000000000000000	0x0000000000000000
1140322	0x0000000000000000	0x0000000000000000	0x0000000500000000	0x0000000000000000
1140323	0x0000000000000000	0x0000000000000000	0x0000000000000000	0x0000000500000000
1140324	0x0000003200000000	0x0000000000000000	0x0000000000000000	0x0000000000000000
1140325	0x0000000000000000	0x0000000A00000000	0x0000000000000000	0x0000000000000000
1140326	0x0000003200000000	0x0000000000000000	0x0000000000000000	0x0000000000000000
1140327	0x0000000000000000	0x0000000000000000	0x0000000500000000	0x0000000000000000
1140328	0x0000000000000000	0x0000000000000000	0x0000000000000000	0x0000000500000000
1140329	0x0000003200000000	0x0000000000000000	0x0000000000000000	0x0000000000000000
1140330	0x0000000000000000	0x0000000A00000000	0x0000000000000000	0x0000000000000000
1140331	0x0000003200000000	0x0000000000000000	0x0000000000000000	0x0000000000000000
1140332	0x0000000000000000	0x0000000000000000	0x0000000500000000	0x0000000000000000
1140333	0x0000000000000000	0x0000000000000000	0x0000000000000000	0x0000000500000000
1140334	0x0000003200000000	0x0000000000000000	0x0000000000000000	0x0000000000000000
1140335	0x0000000000000000	0x0000000A00000000	0x0000000000000000	0x0000000000000000
1140336	0x0000003200000000	0x0000000000000000	0x0000000000000000	0x0000000000000000
1140337	0x0000000000000000	0x0000000000000000	0x0000000500000000	0x0000000000000000
1140338	0x0000000000000000	0x0000000000000000	0x0000000000000000	0x0000000500000000
1140339	0x0000003200000000	0x0000000000000000	0x0000000000000000	0x0000000000000000
1140340	0x0000000000000000	0x0000000A00000000	0x0000000000000000	0x0000000000000000
1140341	0x0000003200000000	0x0000000000000000	0x0000000000000000	0x0000000000000000
1140342	0x0000000000000000	0x0000000000000000	0x0000000500000000	0x0000000000000000
1140343	0x0000000000000000	0x0000000000000000	0x0000000000000000	0x0000000500000000
1140344	0x0000003200000000	0x0000000000000000	0x0000000000000000	0x0000000000000000
1140345	0x0000000000000000	0x0000000A00000000	0x0000000000000000	0x0000000000000000
1140346	0x0000003200000000	0x0000000000000000	0x0000000000000000	0x0000000000000000
1140347	0x0000000000000000	0x0000000000000000	0x0000000500000000	0x0000000000000000
1140348	0x0000000000000000	0x0000000000000000	0x0000000000000000	0x0000000500000000
1140349	0x0000003200000000	0x0000000000000000	0x0000000000000000	0x0000000000000000
1140350	0x0000000000000000	0x0000000A00000000	0x0000000000000000	0x0000000000000000
1140351	0x0000003200000000	0x0000000000000000	0x0000000000000000	0x0000000000000000
1140352	0x0000000000000000	0x0000000000000000	0x0000000500000000	0x0000000000000000
1140353	0x0000000000000000	0x0000000000000000	0x0000000000000000	0x0000000500000000
1140354	0x0000003200000000	0x0000000000000000	0x0000000000000000	0x0000000000000000
1140355	0x0000000000000000	0x0000000A00000000	0x0000000000000000	0x0000000000000000
1140356	0x0000003200000000	0x0000000000000000	0x0000000000000000	0x0000000000000000
1140357	0x0000000000000000	0x0000000000000000	0x0000000500000000	0x0000000000000000
1140358	0x0000000000000000	0x0000000000000000	0x0000000000000000	0x0000000500000000
1140359	0x0000003200000000	0x0000000000000000	0x0000000000000000	0x0000000000000000
1510310	0x0000000000000000	0x0000000A00000000	0x0000000000000000	0x0000000000000000
1510311	0x0000003200000000	0x0000000000000000	0x0000000000000000	0x0000000000000000
1510312	0x0000000000000000	0x0000000000000000	0x0000000500000000	0x0000000000000000
1510313	0x0000000000000000	0x0000000000000000	0x0000000000000000	0x0000000500000000
1510314	0x0000003200000000	0x0000000000000000	0x0000000000000000	0x0000000000000000
1510315	0x0000000000000000	0x0000000A00000000	0x0000000000000000	0x0000000000000000
1510316	0x0000003200000000	0x0000000000000000	0x0000000000000000	0x0000000000000000
1510317	0x0000000000000000	0x0000000000000000	0x0000000500000000	0x0000000000000000
1510318	0x0000000000000000	0x0000000000000000	0x0000000000000000	0x0000000500000000
1510319	0x0000003200000000	0x0000000000000000	0x0000000000000000	0x0000000000000000
1510320	0x0000000000000000	0x0000000A00000000	0x0000000000000000	0x0000000000000000
1510321	0x0000003200000000	0x0000000000000000	0x0000000000000000	0x0000000000000000
1510322	0x0000000000000000	0x0000000000000000	0x0000000500000000	0x0000000000000000
1510323	0x0000000000000000	0x0000000000000000	0x0000000000000000	0x0000000500000000
1510324	0x0000003200000000	0x0000000000000000	0x0000000000000000	0x0000000000000000
1510325	0x0000000000000000	0x0000000A00000000	0x0000000000000000	0x0000000000000000
1510326	0x0000003200000000	0x0000000000000000	0x0000000000000000	0x0000000000000000
1510327	0x0000000000000000	0x0000000000000000	0x0000000500000000	0x0000000000000000
1510328	0x0000000000000000	0x0000000000000000	0x0000000000000000	0x0000000500000000
1510329	0x0000003200000000	0x0000000000000000	0x0000000000000000	0x0000000000000000
1510330	0x0000000000000000	0x0000000A00000000	0x0000000000000000	0x0000000000000000
1510331	0x0000003200000000	0x0000000000000000	0x0000000000000000	0x0000000000000000
1510332	0x0000000000000000	0x0000000000000000	0x0000000500000000	0x0000000000000000
1510333	0x0000000000000000	0x0000000000000000	0x0000000000000000	0x0000000500000000
1510334	0x0000003200000000	0x0000000000000000	0x0000000000000000	0x0000000000000000
1510335	0x0000000000000000	0x0000000A00000000	0x0000000000000000	0x0000000000000000
1510336	0x0000003200000000	0x0000000000000000	0x0000000000000000	0x0000000000000000
1510337	0x0000000000000000	0x0000000000000000	0x0000000500000000	0x0000000000000000
1510338	0x0000000000000000	0x0000000000000000	0x0000000000000000	0x0000000500000000
1510339	0x0000003200000000	0x0000000000000000	0x0000000000000000	0x0000000000000000
1510340	0x0000000000000000	0x0000000A00000000	0x0000000000000000	0x0000000000000000
1510341	0x0000003200000000	0x0000000000000000	0x0000000000000000	0x0000000000000000
1510342	0x0000000000000000	0x0000000000000000	0x0000000500000000	0x0000000000000000
1510343	0x0000000000000000	0x0000000000000000	0x0000000000000000	0x0000000500000000
1510344	0x0000003200000000	0x0000000000000000	0x0000000000000000	0x0000000000000000
1510345	0x0000000000000000	0x0000000A00000000	0x0000000000000000	0x0000000000000000
1510346	0x0000003200000000	0x0000000000000000	0x0000000000000000	0x0000000000000000
1510347	0x0000000000000000	0x0000000000000000	0x0000000500000000	0x0000000000000000
1510348	0x0000000000000000	0x0000000000000000	0x0000000000000000	0x0000000500000000
1510349	0x0000003200000000	0x0000000000000000	0x0000000000000000	0x0000000000000000
1510350	0x0000000000000000	0x0000000A00000000	0x0000000000000000	0x0000000000000000
1510351	0x0000003200000000	0x0000000000000000	0x0000000000000000	0x0000000000000000
1510352	0x0000000000000000	0x0000000000000000	0x0000000500000000	0x0000000000000000
1510353	0x0000000000000000	0x0000000000000000	0x0000000000000000	0x0000000500000000
1510354	0x0000003200000000	0x0000000000000000	0x0000000000000000	0x0000000000000000
1510355	0x0000000000000000	0x0000000A00000000	0x0000000000000000	0x0000000000000000
1510356	0x0000003200000000	0x0000000000000000	0x0000000000000000	0x0000000000000000
1510357	0x0000000000000000	0x0000000000000000	0x0000000500000000	0x0000000000000000
1510358	0x0000000000000000	0x0000000000000000	0x0000000000000000	0x0000000500000000
1510359	0x0000003200000000	0x0000000000000000	0x0000000000000000	0x0000000000000000
1520310	0x0000000000000000	0x0000000A00000000	0x0000000000000000	0x0000000000000000
1520311	0x0000003200000000	0x0000000000000000	0x0000000000000000	0x0000000000000000
1520312	0x0000000000000000	0x0000000000000000	0x0000000500000000	0x0000000000000000
1520313	0x0000000000000000	0x0000000000000000	0x0000000000000000	0x0000000500000000
1520314	0x0000003200000000	0x0000000000000000	0x0000000000000000	0x0000000000000000
1520315	0x0000000000000000	0x0000000A00000000	0x0000000000000000	0x0000000000000000
1520316	0x0000003200000000	0x0000000000000000	0x0000000000000000	0x0000000000000000
1520317	0x0000000000000000	0x0000000000000000	0x0000000500000000	0x0000000000000000
1520318	0x0000000000000000	0x0000000000000000	0x0000000000000000	0x0000000500000000
1520319	0x0000003200000000	0x0000000000000000	0x0000000000000000	0x0000000000000000
1520320	0x0000000000000000	0x0000000A00000000	0x0000000000000000	0x0000000000000000
1520321	0x0000003200000000	0x0000000000000000	0x0000000000000000	0x0000000000000000
1520322	0x0000000000000000	0x0000000000000000	0x0000000500000000	0x0000000000000000
1520323	0x0000000000000000	0x0000000000000000	0x0000000000000000	0x0000000500000000
1520324	0x0000003200000000	0x0000000000000000	0x0000000000000000	0x0000000000000000
1520325	0x0000000000000000	0x0000000A00000000	0x0000000000000000	0x0000000000000000
1520326	0x0000003200000000	0x0000000000000000	0x0000000000000000	0x0000000000000000
1520327	0x0000000000000000	0x0000000000000000	0x0000000500000000	0x0000000000000000
1520328	0x0000000000000000	0x0000000000000000	0x0000000000000000	0x0000000500000000
1520329	0x0000003200000000	0x0000000000000000	0x0000000000000000	0x0000000000000000
1520330	0x0000000000000000	0x0000000A00000000	0x0000000000000000	0x0000000000000000
1520331	0x0000003200000000	0x0000000000000000	0x0000000000000000	0x0000000000000000
1520332	0x0000000000000000	0x0000000000000000	0x0000000500000000	0x0000000000000000
1520333	0x0000000000000000	0x0000000000000000	0x0000000000000000	0x0000000500000000
1520334	0x0000003200000000	0x0000000000000000	0x0000000000000000	0x0000000000000000
1520335	0x0000000000000000	0x0000000A00000000	0x0000000000000000	0x0000000000000000
1520336	0x0000003200000000	0x0000000000000000	0x0000000000000000	0x0000000000000000
1520337	0x0000000000000000	0x0000000000000000	0x0000000500000000	0x0000000000000000
1520338	0x0000000000000000	0x0000000000000000	0x0000000000000000	0x0000000500000000
1520339	0x0000003200000000	0x0000000000000000	0x0000000000000000	0x0000000000000000
1520340	0x0000000000000000	0x0000000A00000000	0x0000000000000000	0x0000000000000000
1520341	0x0000003200000000	0x0000000000000000	0x0000000000000000	0x0000000000000000
1520342	0x0000000000000000	0x0000000000000000	0x0000000500000000	0x0000000000000000
1520343	0x0000000000000000	0x0000000000000000	0x0000000000000000	0x0000000500000000
1520344	0x0000003200000000	0x0000000000000000	0x0000000000000000	0x0000000000000000
1520345	0x0000000000000000	0x0000000A00000000	0x0000000000000000	0x0000000000000000
1520346	0x0000003200000000	0x0000000000000000	0x0000000000000000	0x0000000000000000
1520347	0x0000000000000000	0x0000000000000000	0x0000000500000000	0x0000000000000000
1520348	0x0000000000000000	0x0000000000000000	0x0000000000000000	0x0000000500000000
1520349	0x0000003200000000	0x0000000000000000	0x0000000000000000	0x0000000000000000
1520350	0x0000000000000000	0x0000000A00000000	0x0000000000000000	0x0000000000000000
1520351	0x0000003200000000	0x0000000000000000	0x0000000000000000	0x0000000000000000
1520352	0x0000000000000000	0x0000000000000000	0x0000000500000000	0x0000000000000000
1520353	0x0000000000000000	0x0000000000000000	0x0000000000000000	0x0000000500000000
1520354	0x0000003200000000	0x0000000000000000	0x0000000000000000	0x0000000000000000
1520355	0x0000000000000000	0x0000000A00000000	0x0000000000000000	0x0000000000000000
1520356	0x0000003200000000	0x0000000000000000	0x0000000000000000	0x0000000000000000
1520357	0x0000000000000000	0x0000000000000000	0x0000000500000000	0x0000000000000000
1520358	0x0000000000000000	0x0000000000000000	0x0000000000000000	0x0000000500000000
1520359	0x0000003200000000	0x0000000000000000	0x0000000000000000	0x0000000000000000
1160210	0x0000000000000000	0x0000000A00000000	0x0000000000000000	0x0000000000000000
1160211	0x0000003200000000	0x0000000000000000	0x0000000000000000	0x0000000000000000
1160212	0x0000000000000000	0x0000000000000000	0x0000000500000000	0x0000000000000000
1160213	0x0000000000000000	0x0000000000000000	0x0000000000000000	0x0000000500000000
1160214	0x0000003200000000	0x0000000000000000	0x0000000000000000	0x0000000000000000
1160215	0x0000000000000000	0x0000000A00000000	0x0000000000000000	0x0000000000000000
1160216	0x0000003200000000	0x0000000000000000	0x0000000000000000	0x0000000000000000
1160217	0x0000000000000000	0x0000000000000000	0x0000000500000000	0x0000000000000000
1160218	0x0000000000000000	0x0000000000000000	0x0000000000000000	0x0000000500000000
1160219	0x0000003200000000	0x0000000000000000	0x0000000000000000	0x0000000000000000
1160220	0x0000000000000000	0x0000000A00000000	0x0000000000000000	0x0000000000000000
1160221	0x0000003200000000	0x0000000000000000	0x0000000000000000	0x0000000000000000
1160222	0x0000000000000000	0x0000000000000000	0x0000000500000000	0x0000000000000000
1160223	0x0000000000000000	0x0000000000000000	0x0000000000000000	0x0000000500000000
1160224	0x0000003200000000	0x0000000000000000	0x0000000000000000	0x0000000000000000
1160225	0x0000000000000000	0x0000000A00000000	0x0000000000000000	0x0000000000000000
1160226	0x0000003200000000	0x0000000000000000	0x0000000000000000	0x0000000000000000
1160227	0x0000000000000000	0x0000000000000000	0x0000000500000000	0x0000000000000000
1160228	0x0000000000000000	0x0000000000000000	0x0000000000000000	0x0000000500000000
1160229	0x0000003200000000	0x0000000000000000	0x0000000000000000	0x0000000000000000
1160230	0x0000000000000000	0x0000000A00000000	0x0000000000000000	0x0000000000000000
1160231	0x0000003200000000	0x0000000000000000	0x0000000000000000	0x0000000000000000
1160232	0x0000000000000000	0x0000000000000000	0x0000000500000000	0x0000000000000000
1160233	0x0000000000000000	0x0000000000000000	0x0000000000000000	0x0000000500000000
1160234	0x0000003200000000	0x0000000000000000	0x0000000000000000	0x0000000000000000
1160235	0x0000000000000000	0x0000000A00000000	0x0000000000000000	0x0000000000000000
1160236	0x0000003200000000	0x0000000000000000	0x0000000000000000	0x0000000000000000
1160237	0x0000000000000000	0x0000000000000000	0x0000000500000000	0x0000000000000000
1160238	0x0000000000000000	0x0000000000000000	0x0000000000000000	0x0000000500000000
1160239	0x0000003200000000	0x0000000000000000	0x0000000000000000	0x0000000000000000
1160240	0x0000000000000000	0x0000000A00000000	0x0000000000000000	0x0000000000000000
1160241	0x0000003200000000	0x0000000000000000	0x0000000000000000	0x0000000000000000
1160242	0x0000000000000000	0x0000000000000000	0x0000000500000000	0x0000000000000000
1160243	0x0000000000000000	0x0000000000000000	0x0000000000000000	0x0000000500000000
1160244	0x0000003200000000	0x0000000000000000	0x0000000000000000	0x0000000000000000
1160245	0x0000000000000000	0x0000000A00000000	0x0000000000000000	0x0000000000000000
1160246	0x0000003200000000	0x0000000000000000	0x0000000000000000	0x0000000000000000
1160247	0x0000000000000000	0x0000000000000000	0x0000000500000000	0x0000000000000000
1160248	0x0000000000000000	0x0000000000000000	0x0000000000000000	0x0000000500000000
1160249	0x0000003200000000	0x0000000000000000	0x0000000000000000	0x0000000000000000
1160250	0x0000000000000000	0x0000000A00000000	0x0000000000000000	0x0000000000000000
1160251	0x0000003200000000	0x0000000000000000	0x0000000000000000	0x0000000000000000
1160252	0x0000000000000000	0x0000000000000000	0x0000000500000000	0x0000000000000000
1160253	0x0000000000000000	0x0000000000000000	0x0000000000000000	0x0000000500000000
1160254	0x0000003200000000	0x0000000000000000	0x0000000000000000	0x0000000000000000
1160255	0x0000000000000000	0x0000000A00000000	0x0000000000000000	0x0000000000000000
1160256	0x0000003200000000	0x0000000000000000	0x0000000000000000	0x0000000000000000
1160257	0x0000000000000000	0x0000000000000000	0x0000000500000000	0x0000000000000000
1160258	0x0000000000000000	0x0000000000000000	0x0000000000000000	0x0000000500000000
1160259	0x0000003200000000	0x0000000000000000	0x0000000000000000	0x0000000000000000
1170310	0x0000000000000000	0x0000000A00000000	0x0000000000000000	0x0000000000000000
1170311	0x0000003200000000	0x0000000000000000	0x0000000000000000	0x0000000000000000
1170312	0x0000000000000000	0x0000000000000000	0x0000000500000000	0x0000000000000000
1170313	0x0000000000000000	0x0000000000000000	0x0000000000000000	0x0000000500000000
1170314	0x0000003200000000	0x0000000000000000	0x0000000000000000	0x0000000000000000
1170315	0x0000000000000000	0x0000000A00000000	0x0000000000000000	0x0000000000000000
1170316	0x0000003200000000	0x0000000000000000	0x0000000000000000	0x0000000000000000
1170317	0x0000000000000000	0x0000000000000000	0x0000000500000000	0x0000000000000000
1170318	0x0000000000000000	0x0000000000000000	0x0000000000000000	0x0000000500000000
1170319	0x0000003200000000	0x0000000000000000	0x0000000000000000	0x0000000000000000
1170320	0x0000000000000000	0x0000000A00000000	0x0000000000000000	0x0000000000000000
1170321	0x0000003200000000	0x0000000000000000	0x0000000000000000	0x0000000000000000
1170322	0x0000000000000000	0x0000000000000000	0x0000000500000000	0x0000000000000000
1170323	0x0000000000000000	0x0000000000000000	0x0000000000000000	0x0000000500000000
1170324	0x0000003200000000	0x0000000000000000	0x0000000000000000	0x0000000000000000
1170325	0x0000000000000000	0x0000000A00000000	0x0000000000000000	0x0000000000000000
1170326	0x0000003200000000	0x0000000000000000	0x0000000000000000	0x0000000000000000
1170327	0x0000000000000000	0x0000000000000000	0x0000000500000000	0x0000000000000000
1170328	0x0000000000000000	0x0000000000000000	0x0000000000000000	0x0000000500000000
1170329	0x0000003200000000	0x0000000000000000	0x0000000000000000	0x0000000000000000
1170330	0x0000000000000000	0x0000000A00000000	0x0000000000000000	0x0000000000000000
1170331	0x0000003200000000	0x0000000000000000	0x0000000000000000	0x0000000000000000
1170332	0x0000000000000000	0x0000000000000000	0x0000000500000000	0x0000000000000000
1170333	0x0000000000000000	0x0000000000000000	0x0000000000000000	0x0000000500000000
1170334	0x0000003200000000	0x0000000000000000	0x0000000000000000	0x0000000000000000
1170335	0x0000000000000000	0x0000000A00000000	0x0000000000000000	0x0000000000000000
1170336	0x0000003200000000	0x0000000000000000	0x0000000000000000	0x0000000000000000
1170337	0x0000000000000000	0x0000000000000000	0x0000000500000000	0x0000000000000000
1170338	0x0000000000000000	0x0000000000000000	0x0000000000000000	0x0000000500000000
1170339	0x0000003200000000	0x0000000000000000	0x0000000000000000	0x0000000000000000
1170340	0x0000000000000000	0x0000000A00000000	0x0000000000000000	0x0000000000000000
1170341	0x0000003200000000	0x0000000000000000	0x0000000000000000	0x0000000000000000
1170342	0x0000000000000000	0x0000000000000000	0x0000000500000000	0x0000000000000000
1170343	0x0000000000000000	0x0000000000000000	0x0000000000000000	0x0000000500000000
1170344	0x0000003200000000	0x0000000000000000	0x0000000000000000	0x0000000000000000
1170345	0x0000000000000000	0x0000000A00000000	0x0000000000000000	0x0000000000000000
1170346	0x0000003200000000	0x0000000000000000	0x0000000000000000	0x0000000000000000
1170347	0x0000000000000000	0x0000000000000000	0x0000000500000000	0x0000000000000000
1170348	0x0000000000000000	0x0000000000000000	0x0000000000000000	0x0000000500000000
1170349	0x0000003200000000	0x0000000000000000	0x0000000000000000	0x0000000000000000
1170350	0x0000000000000000	0x0000000A00000000	0x0000000000000000	0x0000000000000000
1170351	0x0000003200000000	0x0000000000000000	0x0000000000000000	0x0000000000000000
1170352	0x0000000000000000	0x0000000000000000	0x0000000500000000	0x0000000000000000
1170353	0x0000000000000000	0x0000000000000000	0x0000000000000000	0x0000000500000000
1170354	0x0000003200000000	0x0000000000000000	0x0000000000000000	0x0000000000000000
1170355	0x0000000000000000	0x0000000A00000000	0x0000000000000000	0x0000000000000000
1170356	0x0000003200000000	0x0000000000000000	0x0000000000000000	0x0000000000000000
1170357	0x0000000000000000	0x0000000000000000	0x0000000500000000	0x0000000000000000
1170358	0x0000000000000000	0x0000000000000000	0x0000000000000000	0x0000000500000000
1170359	0x0000003200000000	0x0000000000000000	0x0000000000000000	0x0000000000000000
1180310	0x0000000000000000	0x0000000A00000000	0x0000000000000000	0x0000000000000000
1180311	0x0000003200000000	0x0000000000000000	0x0000000000000000	0x0000000000000000
1180312	0x0000000000000000	0x0000000000000000	0x0000000500000000	0x0000000000000000
1180313	0x0000000000000000	0x0000000000000000	0x0000000000000000	0x0000000500000000
1180314	0x0000003200000000	0x0000000000000000	0x0000000000000000	0x0000000000000000
1180315	0x0000000000000000	0x0000000A00000000	0x0000000000000000	0x0000000000000000
1180316	0x0000003200000000	0x0000000000000000	0x0000000000000000	0x0000000000000000
1180317	0x0000000000000000	0x0000000000000000	0x0000000500000000	0x0000000000000000
1180318	0x0000000000000000	0x0000000000000000	0x0000000000000000	0x0000000500000000
1180319	0x0000003200000000	0x0000000000000000	0x0000000000000000	0x0000000000000000
1180320	0x0000000000000000	0x0000000A00000000	0x0000000000000000	0x0000000000000000
1180321	0x0000003200000000	0x0000000000000000	0x0000000000000000	0x0000000000000000
1180322	0x0000000000000000	0x0000000000000000	0x0000000500000000	0x0000000000000000
1180323	0x0000000000000000	0x0000000000000000	0x0000000000000000	0x0000000500000000
1180324	0x0000003200000000	0x0000000000000000	0x0000000000000000	0x0000000000000000
1180325	0x0000000000000000	0x0000000A00000000	0x0000000000000000	0x0000000000000000
1180326	0x0000003200000000	0x0000000000000000	0x0000000000000000	0x0000000000000000
1180327	0x0000000000000000	0x0000000000000000	0x0000000500000000	0x0000000000000000
1180328	0x0000000000000000	0x0000000000000000	0x0000000000000000	0x0000000500000000
1180329	0x0000003200000000	0x0000000000000000	0x0000000000000000	0x0000000000000000
1180330	0x0000000000000000	0x0000000A00000000	0x0000000000000000	0x0000000000000000
1180331	0x0000003200000000	0x0000000000000000	0x0000000000000000	0x0000000000000000
1180332	0x0000000000000000	0x0000000000000000	0x0000000500000000	0x0000000000000000
1180333	0x0000000000000000	0x0000000000000000	0x0000000000000000	0x0000000500000000
1180334	0x0000003200000000	0x0000000000000000	0x0000000000000000	0x0000000000000000
1180335	0x0000000000000000	0x0000000A00000000	0x0000000000000000	0x0000000000000000
1180336	0x0000003200000000	0x0000000000000000	0x0000000000000000	0x0000000000000000
1180337	0x0000000000000000	0x0000000000000000	0x0000000500000000	0x0000000000000000
1180338	0x0000000000000000	0x0000000000000000	0x0000000000000000	0x0000000500000000
1180339	0x0000003200000000	0x0000000000000000	0x0000000000000000	0x0000000000000000
1180340	0x0000000000000000	0x0000000A00000000	0x0000000000000000	0x0000000000000000
1180341	0x0000003200000000	0x0000000000000000	0x0000000000000000	0x0000000000000000
1180342	0x0000000000000000	0x0000000000000000	0x0000000500000000	0x0000000000000000
1180343	0x0000000000000000	0x0000000000000000	0x0000000000000000	0x0000000500000000
1180344	0x0000003200000000	0x0000000000000000	0x0000000000000000	0x0000000000000000
1180345	0x0000000000000000	0x0000000A00000000	0x0000000000000000	0x0000000000000000
1180346	0x0000003200000000	0x0000000000000000	0x0000000000000000	0x0000000000000000
1180347	0x0000000000000000	0x0000000000000000	0x0000000500000000	0x0000000000000000
1180348	0x0000000000000000	0x0000000000000000	0x0000000000000000	0x0000000500000000
1180349	0x0000003200000000	0x0000000000000000	0x0000000000000000	0x0000000000000000
1180350	0x0000000000000000	0x0000000A00000000	0x0000000000000000	0x0000000000000000
1180351	0x0000003200000000	0x0000000000000000	0x0000000000000000	0x0000000000000000
1180352	0x0000000000000000	0x0000000000000000	0x0000000500000000	0x0000000000000000
1180353	0x0000000000000000	0x0000000000000000	0x0000000000000000	0x0000000500000000
1180354	0x0000003200000000	0x0000000000000000	0x0000000000000000	0x0000000000000000
1180355	0x0000000000000000	0x0000000A00000000	0x0000000000000000	0x0000000000000000
1180356	0x0000003200000000	0x0000000000000000	0x0000000000000000	0x0000000000000000
1180357	0x0000000000000000	0x0000000000000000	0x0000000500000000	0x0000000000000000
1180358	0x0000000000000000	0x0000000000000000	0x0000000000000000	0x0000000500000000
1180359	0x0000003200000000	0x0000000000000000	0x0000000000000000	0x0000000000000000
1190310	0x0000000000000000	0x0000000A00000000	0x0000000000000000	0x0000000000000000
1190311	0x0000003200000000	0x0000000000000000	0x0000000000000000	0x0000000000000000
1190312	0x0000000000000000	0x0000000000000000	0x0000000500000000	0x0000000000000000
1190313	0x0000000000000000	0x0000000000000000	0x0000000000000000	0x0000000500000000
1190314	0x0000003200000000	0x0000000000000000	0x0000000000000000	0x0000000000000000
1190315	0x0000000000000000	0x0000000A00000000	0x0000000000000000	0x0000000000000000
1190316	0x0000003200000000	0x0000000000000000	0x0000000000000000	0x0000000000000000
1190317	0x0000000000000000	0x0000000000000000	0x0000000500000000	0x0000000000000000
1190318	0x0000000000000000	0x0000000000000000	0x0000000000000000	0x0000000500000000
1190319	0x0000003200000000	0x0000000000000000	0x0000000000000000	0x0000000000000000
1190320	0x0000000000000000	0x0000000A00000000	0x0000000000000000	0x0000000000000000
1190321	0x0000003200000000	0x0000000000000000	0x0000000000000000	0x0000000000000000
1190322	0x0000000000000000	0x0000000000000000	0x0000000500000000	0x0000000000000000
1190323	0x0000000000000000	0x0000000000000000	0x0000000000000000	0x0000000500000000
1190324	0x0000003200000000	0x0000000000000000	0x0000000000000000	0x0000000000000000
1190325	0x0000000000000000	0x0000000A00000000	0x0000000000000000	0x0000000000000000
1190326	0x0000003200000000	0x0000000000000000	0x0000000000000000	0x0000000000000000
1190327	0x0000000000000000	0x0000000000000000	0x0000000500000000	0x0000000000000000
1190328	0x0000000000000000	0x0000000000000000	0x0000000000000000	0x0000000500000000
1190329	0x0000003200000000	0x0000000000000000	0x0000000000000000	0x0000000000000000
1190330	0x0000000000000000	0x0000000A00000000	0x0000000000000000	0x0000000000000000
1190331	0x0000003200000000	0x0000000000000000	0x0000000000000000	0x0000000000000000
1190332	0x0000000000000000	0x0000000000000000	0x0000000500000000	0x0000000000000000
1190333	0x0000000000000000	0x0000000000000000	0x0000000000000000	0x0000000500000000
1190334	0x0000003200000000	0x0000000000000000	0x0000000000000000	0x0000000000000000
1190335	0x0000000000000000	0x0000000A00000000	0x0000000000000000	0x0000000000000000
1190336	0x0000003200000000	0x0000000000000000	0x0000000000000000	0x0000000000000000
1190337	0x0000000000000000	0x0000000000000000	0x0000000500000000	0x0000000000000000
1190338	0x0000000000000000	0x0000000000000000	0x0000000000000000	0x0000000500000000
1190339	0x0000003200000000	0x0000000000000000	0x0000000000000000	0x0000000000000000
1190340	0x0000000000000000	0x0000000A00000000	0x0000000000000000	0x0000000000000000
1190341	0x0000003200000000	0x0000000000000000	0x0000000000000000	0x0000000000000000
1190342	0x0000000000000000	0x0000000000000000	0x0000000500000000	0x0000000000000000
1190343	0x0000000000000000	0x0000000000000000	0x0000000000000000	0x0000000500000000
1190344	0x0000003200000000	0x0000000000000000	0x0000000000000000	0x0000000000000000
1190345	0x0000000000000000	0x0000000A00000000	0x0000000000000000	0x0000000000000000
1190346	0x0000003200000000	0x0000000000000000	0x0000000000000000	0x0000000000000000
1190347	0x0000000000000000	0x0000000000000000	0x0000000500000000	0x0000000000000000
1190348	0x0000000000000000	0x0000000000000000	0x0000000000000000	0x0000000500000000
1190349	0x0000003200000000	0x0000000000000000	0x0000000000000000	0x0000000000000000
1190350	0x0000000000000000	0x0000000A00000000	0x0000000000000000	0x0000000000000000
1190351	0x0000003200000000	0x0000000000000000	0x0000000000000000	0x0000000000000000
1190352	0x0000000000000000	0x0000000000000000	0x0000000500000000	0x0000000000000000
1190353	0x0000000000000000	0x0000000000000000	0x0000000000000000	0x0000000500000000
1190354	0x0000003200000000	0x0000000000000000	0x0000000000000000	0x0000000000000000
1190355	0x0000000000000000	0x0000000A00000000	0x0000000000000000	0x0000000000000000
1190356	0x0000003200000000	0x0000000000000000	0x0000000000000000	0x0000000000000000
1190357	0x0000000000000000	0x0000000000000000	0x0000000500000000	0x0000000000000000
1190358	0x0000000000000000	0x0000000000000000	0x0000000000000000	0x0000000500000000
1190359	0x0000003200000000	0x0000000000000000	0x0000000000000000	0x0000000000000000
1200310	0x0000000000000000	0x0000000A00000000	0x0000000000000000	0x0000000000000000
1200311	0x0000003200000000	0x0000000000000000	0x0000000000000000	0x0000000000000000
1200312	0x0000000000000000	0x0000000000000000	0x0000000500000000	0x0000000000000000
1200313	0x0000000000000000	0x0000000000000000	0x0000000000000000	0x0000000500000000
1200314	0x0000003200000000	0x0000000000000000	0x0000000000000000	0x0000000000000000
1200315	0x0000000000000000	0x0000000A00000000	0x0000000000000000	0x0000000000000000
1200316	0x0000003200000000	0x0000000000000000	0x0000000000000000	0x0000000000000000
1200317	0x0000000000000000	0x0000000000000000	0x0000000500000000	0x0000000000000000
1200318	0x0000000000000000	0x0000000000000000	0x0000000000000000	0x0000000500000000
1200319	0x0000003200000000	0x0000000000000000	0x0000000000000000	0x0000000000000000
1200320	0x0000000000000000	0x0000000A00000000	0x0000000000000000	0x0000000000000000
1200321	0x0000003200000000	0x0000000000000000	0x0000000000000000	0x0000000000000000
1200322	0x0000000000000000	0x0000000000000000	0x0000000500000000	0x0000000000000000
1200323	0x0000000000000000	0x0000000000000000	0x0000000000000000	0x0000000500000000
1200324	0x0000003200000000	0x0000000000000000	0x0000000000000000	0x0000000000000000
1200325	0x0000000000000000	0x0000000A00000000	0x0000000000000000	0x0000000000000000
1200326	0x0000003200000000	0x0000000000000000	0x0000000000000000	0x0000000000000000
1200327	0x0000000000000000	0x0000000000000000	0x0000000500000000	0x0000000000000000
1200328	0x0000000000000000	0x0000000000000000	0x0000000000000000	0x0000000500000000
1200329	0x0000003200000000	0x0000000000000000	0x0000000000000000	0x0000000000000000
1200330	0x0000000000000000	0x0000000A00000000	0x0000000000000000	0x0000000000000000
1200331	0x0000003200000000	0x0000000000000000	0x0000000000000000	0x0000000000000000
1200332	0x0000000000000000	0x0000000000000000	0x0000000500000000	0x0000000000000000
1200333	0x0000000000000000	0x0000000000000000	0x0000000000000000	0x0000000500000000
1200334	0x0000003200000000	0x0000000000000000	0x0000000000000000	0x0000000000000000
1200335	0x0000000000000000	0x0000000A00000000	0x0000000000000000	0x0000000000000000
1200336	0x0000003200000000	0x0000000000000000	0x0000000000000000	0x0000000000000000
1200337	0x0000000000000000	0x0000000000000000	0x0000000500000000	0x0000000000000000
1200338	0x0000000000000000	0x0000000000000000	0x0000000000000000	0x0000000500000000
1200339	0x0000003200000000	0x0000000000000000	0x0000000000000000	0x0000000000000000
1200340	0x0000000000000000	0x0000000A00000000	0x0000000000000000	0x0000000000000000
1200341	0x0000003200000000	0x0000000000000000	0x0000000000000000	0x0000000000000000
1200342	0x0000000000000000	0x0000000000000000	0x0000000500000000	0x0000000000000000
1200343	0x0000000000000000	0x0000000000000000	0x0000000000000000	0x0000000500000000
1200344	0x0000003200000000	0x0000000000000000	0x0000000000000000	0x0000000000000000
1200345	0x0000000000000000	0x0000000A00000000	0x0000000000000000	0x0000000000000000
1200346	0x0000003200000000	0x0000000000000000	0x0000000000000000	0x0000000000000000
1200347	0x0000000000000000	0x0000000000000000	0x0000000500000000	0x0000000000000000
1200348	0x0000000000000000	0x0000000000000000	0x0000000000000000	0x0000000500000000
1200349	0x0000003200000000	0x0000000000000000	0x0000000000000000	0x0000000000000000
1200350	0x0000000000000000	0x0000000A00000000	0x0000000000000000	0x0000000000000000
1200351	0x0000003200000000	0x0000000000000000	0x0000000000000000	0x0000000000000000
1200352	0x0000000000000000	0x0000000000000000	0x0000000500000000	0x0000000000000000
1200353	0x0000000000000000	0x0000000000000000	0x0000000000000000	0x0000000500000000
1200354	0x0000003200000000	0x0000000000000000	0x0000000000000000	0x0000000000000000
1200355	0x0000000000000000	0x0000000A00000000	0x0000000000000000	0x0000000000000000
1200356	0x0000003200000000	0x0000000000000000	0x0000000000000000	0x0000000000000000
1200357	0x0000000000000000	0x0000000000000000	0x0000000500000000	0x0000000000000000
1200358	0x0000000000000000	0x0000000000000000	0x0000000000000000	0x0000000500000000
1200359	0x0000003200000000	0x0000000000000000	0x0000000000000000	0x0000000000000000
1210210	0x0000000000000000	0x0000000A00000000	0x0000000000000000	0x0000000000000000
1210211	0x0000003200000000	0x0000000000000000	0x0000000000000000	0x0000000000000000
1210212	0x0000000000000000	0x0000000000000000	0x0000000500000000	0x0000000000000000
1210213	0x0000000000000000	0x0000000000000000	0x0000000000000000	0x0000000500000000
1210214	0x0000003200000000	0x0000000000000000	0x0000000000000000	0x0000000000000000
1210215	0x0000000000000000	0x0000000A00000000	0x0000000000000000	0x0000000000000000
1210216	0x0000003200000000	0x0000000000000000	0x0000000000000000	0x0000000000000000
1210217	0x0000000000000000	0x0000000000000000	0x0000000500000000	0x0000000000000000
1210218	0x0000000000000000	0x0000000000000000	0x0000000000000000	0x0000000500000000
1210219	0x0000003200000000	0x0000000000000000	0x0000000000000000	0x0000000000000000
1210220	0x0000000000000000	0x0000000A00000000	0x0000000000000000	0x0000000000000000
1210221	0x0000003200000000	0x0000000000000000	0x0000000000000000	0x0000000000000000
1210222	0x0000000000000000	0x0000000000000000	0x0000000500000000	0x0000000000000000
1210223	0x0000000000000000	0x0000000000000000	0x0000000000000000	0x0000000500000000
1210224	0x0000003200000000	0x0000000000000000	0x0000000000000000	0x0000000000000000
1210225	0x0000000000000000	0x0000000A00000000	0x0000000000000000	0x0000000000000000
1210226	0x0000003200000000	0x0000000000000000	0x0000000000000000	0x0000000000000000
1210227	0x0000000000000000	0x0000000000000000	0x0000000500000000	0x0000000000000000
1210228	0x0000000000000000	0x0000000000000000	0x0000000000000000	0x0000000500000000
1210229	0x0000003200000000	0x0000000000000000	0x0000000000000000	0x0000000000000000
1210230	0x0000000000000000	0x0000000A00000000	0x0000000000000000	0x0000000000000000
1210231	0x0000003200000000	0x0000000000000000	0x0000000000000000	0x0000000000000000
1210232	0x0000000000000000	0x0000000000000000	0x0000000500000000	0x0000000000000000
1210233	0x0000000000000000	0x0000000000000000	0x0000000000000000	0x0000000500000000
1210234	0x0000003200000000	0x0000000000000000	0x0000000000000000	0x0000000000000000
1210235	0x0000000000000000	0x0000000A00000000	0x0000000000000000	0x0000000000000000
1210236	0x0000003200000000	0x0000000000000000	0x0000000000000000	0x0000000000000000
1210237	0x0000000000000000	0x0000000000000000	0x0000000500000000	0x0000000000000000
1210238	0x0000000000000000	0x0000000000000000	0x0000000000000000	0x0000000500000000
1210239	0x0000003200000000	0x0000000000000000	0x0000000000000000	0x0000000000000000
1210240	0x0000000000000000	0x0000000A00000000	0x0000000000000000	0x0000000000000000
1210241	0x0000003200000000	0x0000000000000000	0x0000000000000000	0x0000000000000000
1210242	0x0000000000000000	0x0000000000000000	0x0000000500000000	0x0000000000000000
1210243	0x0000000000000000	0x0000000000000000	0x0000000000000000	0x0000000500000000
1210244	0x0000003200000000	0x0000000000000000	0x0000000000000000	0x0000000000000000
1210245	0x0000000000000000	0x0000000A00000000	0x0000000000000000	0x0000000000000000
1210246	0x0000003200000000	0x0000000000000000	0x0000000000000000	0x0000000000000000
1210247	0x0000000000000000	0x0000000000000000	0x0000000500000000	0x0000000000000000
1210248	0x0000000000000000	0x0000000000000000	0x0000000000000000	0x0000000500000000
1210249	0x0000003200000000	0x0000000000000000	0x0000000000000000	0x0000000000000000
1210250	0x0000000000000000	0x0000000A00000000	0x0000000000000000	0x0000000000000000
1210251	0x0000003200000000	0x0000000000000000	0x0000000000000000	0x0000000000000000
1210252	0x0000000000000000	0x0000000000000000	0x0000000500000000	0x0000000000000000
1210253	0x0000000000000000	0x0000000000000000	0x0000000000000000	0x0000000500000000
1210254	0x0000003200000000	0x0000000000000000	0x0000000000000000	0x0000000000000000
1210255	0x0000000000000000	0x0000000A00000000	0x0000000000000000	0x0000000000000000
1210256	0x0000003200000000	0x0000000000000000	0x0000000000000000	0x0000000000000000
1210257	0x0000000000000000	0x0000000000000000	0x0000000500000000	0x0000000000000000
1210258	0x0000000000000000	0x0000000000000000	0x0000000000000000	0x0000000500000000
1210259	0x0000003200000000	0x0000000000000000	0x0000000000000000	0x0000000000000000
1530310	0x0000000000000000	0x0000000A00000000	0x0000000000000000	0x0000000000000000
1530311	0x0000003200000000	0x0000000000000000	0x0000000000000000	0x0000000000000000
1530312	0x0000000000000000	0x0000000000000000	0x0000000500000000	0x0000000000000000
1530313	0x0000000000000000	0x0000000000000000	0x0000000000000000	0x0000000500000000
1530314	0x0000003200000000	0x0000000000000000	0x0000000000000000	0x0000000000000000
1530315	0x0000000000000000	0x0000000A00000000	0x0000000000000000	0x0000000000000000
1530316	0x0000003200000000	0x0000000000000000	0x0000000000000000	0x0000000000000000
1530317	0x0000000000000000	0x0000000000000000	0x0000000500000000	0x0000000000000000
1530318	0x0000000000000000	0x0000000000000000	0x0000000000000000	0x0000000500000000
1530319	0x0000003200000000	0x0000000000000000	0x0000000000000000	0x0000000000000000
1530320	0x0000000000000000	0x0000000A00000000	0x0000000000000000	0x0000000000000000
1530321	0x0000003200000000	0x0000000000000000	0x0000000000000000	0x0000000000000000
1530322	0x0000000000000000	0x0000000000000000	0x0000000500000000	0x0000000000000000
1530323	0x0000000000000000	0x0000000000000000	0x0000000000000000	0x0000000500000000
1530324	0x0000003200000000	0x0000000000000000	0x0000000000000000	0x0000000000000000
1530325	0x0000000000000000	0x0000000A00000000	0x0000000000000000	0x0000000000000000
1530326	0x0000003200000000	0x0000000000000000	0x0000000000000000	0x0000000000000000
1530327	0x0000000000000000	0x0000000000000000	0x0000000500000000	0x0000000000000000
1530328	0x0000000000000000	0x0000000000000000	0x0000000000000000	0x0000000500000000
1530329	0x0000003200000000	0x0000000000000000	0x0000000000000000	0x0000000000000000
1530330	0x0000000000000000	0x0000000A00000000	0x0000000000000000	0x0000000000000000
1530331	0x0000003200000000	0x0000000000000000	0x0000000000000000	0x0000000000000000
1530332	0x0000000000000000	0x0000000000000000	0x0000000500000000	0x0000000000000000
1530333	0x0000000000000000	0x0000000000000000	0x0000000000000000	0x0000000500000000
1530334	0x0000003200000000	0x0000000000000000	0x0000000000000000	0x0000000000000000
1530335	0x0000000000000000	0x0000000A00000000	0x0000000000000000	0x0000000000000000
1530336	0x0000003200000000	0x0000000000000000	0x0000000000000000	0x0000000000000000
1530337	0x0000000000000000	0x0000000000000000	0x0000000500000000	0x0000000000000000
1530338	0x0000000000000000	0x0000000000000000	0x0000000000000000	0x0000000500000000
1530339	0x0000003200000000	0x0000000000000000	0x0000000000000000	0x0000000000000000
1530340	0x0000000000000000	0x0000000A00000000	0x0000000000000000	0x0000000000000000
1530341	0x0000003200000000	0x0000000000000000	0x0000000000000000	0x0000000000000000
1530342	0x0000000000000000	0x0000000000000000	0x0000000500000000	0x0000000000000000
1530343	0x0000000000000000	0x0000000000000000	0x0000000000000000	0x0000000500000000
1530344	0x0000003200000000	0x0000000000000000	0x0000000000000000	0x0000000000000000
1530345	0x0000000000000000	0x0000000A00000000	0x0000000000000000	0x0000000000000000
1530346	0x0000003200000000	0x0000000000000000	0x0000000000000000	0x0000000000000000
1530347	0x0000000000000000	0x0000000000000000	0x0000000500000000	0x0000000000000000
1530348	0x0000000000000000	0x0000000000000000	0x0000000000000000	0x0000000500000000
1530349	0x0000003200000000	0x0000000000000000	0x0000000000000000	0x0000000000000000
1530350	0x0000000000000000	0x0000000A00000000	0x0000000000000000	0x0000000000000000
1530351	0x0000003200000000	0x0000000000000000	0x0000000000000000	0x0000000000000000
1530352	0x0000000000000000	0x0000000000000000	0x0000000500000000	0x0000000000000000
1530353	0x0000000000000000	0x0000000000000000	0x0000000000000000	0x0000000500000000
1530354	0x0000003200000000	0x0000000000000000	0x0000000000000000	0x0000000000000000
1530355	0x0000000000000000	0x0000000A00000000	0x0000000000000000	0x0000000000000000
1530356	0x0000003200000000	0x0000000000000000	0x0000000000000000	0x0000000000000000
1530357	0x0000000000000000	0x0000000000000000	0x0000000500000000	0x0000000000000000
1530358	0x0000000000000000	0x0000000000000000	0x0000000000000000	0x0000000500000000
1530359	0x0000003200000000	0x0000000000000000	0x0000000000000000	0x0000000000000000
1120310	0x0000000000000000	0x0000000A00000000	0x0000000000000000	0x0000000000000000
1120311	0x0000003200000000	0x0000000000000000	0x0000000000000000	0x0000000000000000
1120312	0x0000000000000000	0x0000000000000000	0x0000000500000000	0x0000000000000000
1120313	0x0000000000000000	0x0000000000000000	0x0000000000000000	0x0000000500000000
1120314	0x0000003200000000	0x0000000000000000	0x0000000000000000	0x0000000000000000
1120315	0x0000000000000000	0x0000000A00000000	0x0000000000000000	0x0000000000000000
1120316	0x0000003200000000	0x0000000000000000	0x0000000000000000	0x0000000000000000
1120317	0x0000000000000000	0x0000000000000000	0x0000000500000000	0x0000000000000000
1120318	0x0000000000000000	0x0000000000000000	0x0000000000000000	0x0000000500000000
1120319	0x0000003200000000	0x0000000000000000	0x0000000000000000	0x0000000000000000
1120320	0x0000000000000000	0x0000000A00000000	0x0000000000000000	0x0000000000000000
1120321	0x0000003200000000	0x0000000000000000	0x0000000000000000	0x0000000000000000
1120322	0x0000000000000000	0x0000000000000000	0x0000000500000000	0x0000000000000000
1120323	0x0000000000000000	0x0000000000000000	0x0000000000000000	0x0000000500000000
1120324	0x0000003200000000	0x0000000000000000	0x0000000000000000	0x0000000000000000
1120325	0x0000000000000000	0x0000000A00000000	0x0000000000000000	0x0000000000000000
1120326	0x0000003200000000	0x0000000000000000	0x0000000000000000	0x0000000000000000
1120327	0x0000000000000000	0x0000000000000000	0x0000000500000000	0x0000000000000000
1120328	0x0000000000000000	0x0000000000000000	0x0000000000000000	0x0000000500000000
1120329	0x0000003200000000	0x0000000000000000	0x0000000000000000	0x0000000000000000
1120330	0x0000000000000000	0x0000000A00000000	0x0000000000000000	0x0000000000000000
1120331	0x0000003200000000	0x0000000000000000	0x0000000000000000	0x0000000000000000
1120332	0x0000000000000000	0x0000000000000000	0x0000000500000000	0x0000000000000000
1120333	0x0000000000000000	0x0000000000000000	0x0000000000000000	0x0000000500000000
1120334	0x0000003200000000	0x0000000000000000	0x0000000000000000	0x0000000000000000
1120335	0x0000000000000000	0x0000000A00000000	0x0000000000000000	0x0000000000000000
1120336	0x0000003200000000	0x0000000000000000	0x0000000000000000	0x0000000000000000
1120337	0x0000000000000000	0x0000000000000000	0x0000000500000000	0x0000000000000000
1120338	0x0000000000000000	0x0000000000000000	0x0000000000000000	0x0000000500000000
1120339	0x0000003200000000	0x0000000000000000	0x0000000000000000	0x0000000000000000
1120340	0x0000000000000000	0x0000000A00000000	0x0000000000000000	0x0000000000000000
1120341	0x0000003200000000	0x0000000000000000	0x0000000000000000	0x0000000000000000
1120342	0x0000000000000000	0x0000000000000000	0x0000000500000000	0x0000000000000000
1120343	0x0000000000000000	0x0000000000000000	0x0000000000000000	0x0000000500000000
1120344	0x0000003200000000	0x0000000000000000	0x0000000000000000	0x0000000000000000
1120345	0x0000000000000000	0x0000000A00000000	0x0000000000000000	0x0000000000000000
1120346	0x0000003200000000	0x0000000000000000	0x0000000000000000	0x0000000000000000
1120347	0x0000000000000000	0x0000000000000000	0x0000000500000000	0x0000000000000000
1120348	0x0000000000000000	0x0000000000000000	0x0000000000000000	0x0000000500000000
1120349	0x0000003200000000	0x0000000000000000	0x0000000000000000	0x0000000000000000
1120350	0x0000000000000000	0x0000000A00000000	0x0000000000000000	0x0000000000000000
1120351	0x0000003200000000	0x0000000000000000	0x0000000000000000	0x0000000000000000
1120352	0x0000000000000000	0x0000000000000000	0x0000000500000000	0x0000000000000000
1120353	0x0000000000000000	0x0000000000000000	0x0000000000000000	0x0000000500000000
1120354	0x0000003200000000	0x0000000000000000	0x0000000000000000	0x0000000000000000
1120355	0x0000000000000000	0x0000000A00000000	0x0000000000000000	0x0000000000000000
1120356	0x0000003200000000	0x0000000000000000	0x0000000000000000	0x0000000000000000
1120357	0x0000000000000000	0x0000000000000000	0x0000000500000000	0x0000000000000000
1120358	0x0000000000000000	0x0000000000000000	0x0000000000000000	0x0000000500000000
1120359	0x0000003200000000	0x0000000000000000	0x0000000000000000	0x0000000000000000
1220210	0x0000000000000000	0x0000000A00000000	0x0000000000000000	0x0000000000000000
1220211	0x0000003200000000	0x0000000000000000	0x0000000000000000	0x0000000000000000
1220212	0x0000000000000000	0x0000000000000000	0x0000000500000000	0x0000000000000000
1220213	0x0000000000000000	0x0000000000000000	0x0000000000000000	0x0000000500000000
1220214	0x0000003200000000	0x0000000000000000	0x0000000000000000	0x0000000000000000
1220215	0x0000000000000000	0x0000000A00000000	0x0000000000000000	0x0000000000000000
1220216	0x0000003200000000	0x0000000000000000	0x0000000000000000	0x0000000000000000
1220217	0x0000000000000000	0x0000000000000000	0x0000000500000000	0x0000000000000000
1220218	0x0000000000000000	0x0000000000000000	0x0000000000000000	0x0000000500000000
1220219	0x0000003200000000	0x0000000000000000	0x0000000000000000	0x0000000000000000
1220220	0x0000000000000000	0x0000000A00000000	0x0000000000000000	0x0000000000000000
1220221	0x0000003200000000	0x0000000000000000	0x0000000000000000	0x0000000000000000
1220222	0x0000000000000000	0x0000000000000000	0x0000000500000000	0x0000000000000000
1220223	0x0000000000000000	0x0000000000000000	0x0000000000000000	0x0000000500000000
1220224	0x0000003200000000	0x0000000000000000	0x0000000000000000	0x0000000000000000
1220225	0x0000000000000000	0x0000000A00000000	0x0000000000000000	0x0000000000000000
1220226	0x0000003200000000	0x0000000000000000	0x0000000000000000	0x0000000000000000
1220227	0x0000000000000000	0x0000000000000000	0x0000000500000000	0x0000000000000000
1220228	0x0000000000000000	0x0000000000000000	0x0000000000000000	0x0000000500000000
1220229	0x0000003200000000	0x0000000000000000	0x0000000000000000	0x0000000000000000
1220230	0x0000000000000000	0x0000000A00000000	0x0000000000000000	0x0000000000000000
1220231	0x0000003200000000	0x0000000000000000	0x0000000000000000	0x0000000000000000
1220232	0x0000000000000000	0x0000000000000000	0x0000000500000000	0x0000000000000000
1220233	0x0000000000000000	0x0000000000000000	0x0000000000000000	0x0000000500000000
1220234	0x0000003200000000	0x0000000000000000	0x0000000000000000	0x0000000000000000
1220235	0x0000000000000000	0x0000000A00000000	0x0000000000000000	0x0000000000000000
1220236	0x0000003200000000	0x0000000000000000	0x0000000000000000	0x0000000000000000
1220237	0x0000000000000000	0x0000000000000000	0x0000000500000000	0x0000000000000000
1220238	0x0000000000000000	0x0000000000000000	0x0000000000000000	0x0000000500000000
1220239	0x0000003200000000	0x0000000000000000	0x0000000000000000	0x0000000000000000
1220240	0x0000000000000000	0x0000000A00000000	0x0000000000000000	0x0000000000000000
1220241	0x0000003200000000	0x0000000000000000	0x0000000000000000	0x0000000000000000
1220242	0x0000000000000000	0x0000000000000000	0x0000000500000000	0x0000000000000000
1220243	0x0000000000000000	0x0000000000000000	0x0000000000000000	0x0000000500000000
1220244	0x0000003200000000	0x0000000000000000	0x0000000000000000	0x0000000000000000
1220245	0x0000000000000000	0x0000000A00000000	0x0000000000000000	0x0000000000000000
1220246	0x0000003200000000	0x0000000000000000	0x0000000000000000	0x0000000000000000
1220247	0x0000000000000000	0x0000000000000000	0x0000000500000000	0x0000000000000000
1220248	0x0000000000000000	0x0000000000000000	0x0000000000000000	0x0000000500000000
1220249	0x0000003200000000	0x0000000000000000	0x0000000000000000	0x0000000000000000
1220250	0x0000000000000000	0x0000000A00000000	0x0000000000000000	0x0000000000000000
1220251	0x0000003200000000	0x0000000000000000	0x0000000000000000	0x0000000000000000
1220252	0x0000000000000000	0x0000000000000000	0x0000000500000000	0x0000000000000000
1220253	0x0000000000000000	0x0000000000000000	0x0000000000000000	0x0000000500000000
1220254	0x0000003200000000	0x0000000000000000	0x0000000000000000	0x0000000000000000
1220255	0x0000000000000000	0x0000000A00000000	0x0000000000000000	0x0000000000000000
1220256	0x0000003200000000	0x0000000000000000	0x0000000000000000	0x0000000000000000
1220257	0x0000000000000000	0x0000000000000000	0x0000000500000000	0x0000000000000000
1220258	0x0000000000000000	0x0000000000000000	0x0000000000000000	0x0000000500000000
1220259	0x0000003200000000	0x0000000000000000	0x0000000000000000	0x0000000000000000
1130310	0x0000000000000000	0x0000000A00000000	0x0000000000000000	0x0000000000000000
1130311	0x0000003200000000	0x0000000000000000	0x0000000000000000	0x0000000000000000
1130312	0x0000000000000000	0x0000000000000000	0x0000000500000000	0x0000000000000000
1130313	0x0000000000000000	0x0000000000000000	0x0000000000000000	0x0000000500000000
1130314	0x0000003200000000	0x0000000000000000	0x0000000000000000	0x0000000000000000
1130315	0x0000000000000000	0x0000000A00000000	0x0000000000000000	0x0000000000000000
1130316	0x0000003200000000	0x0000000000000000	0x0000000000000000	0x0000000000000000
1130317	0x0000000000000000	0x0000000000000000	0x0000000500000000	0x0000000000000000
1130318	0x0000000000000000	0x0000000000000000	0x0000000000000000	0x0000000500000000
1130319	0x0000003200000000	0x0000000000000000	0x0000000000000000	0x0000000000000000
1130320	0x0000000000000000	0x0000000A00000000	0x0000000000000000	0x0000000000000000
1130321	0x0000003200000000	0x0000000000000000	0x0000000000000000	0x0000000000000000
1130322	0x0000000000000000	0x0000000000000000	0x0000000500000000	0x0000000000000000
1130323	0x0000000000000000	0x0000000000000000	0x0000000000000000	0x0000000500000000
1130324	0x0000003200000000	0x0000000000000000	0x0000000000000000	0x0000000000000000
1130325	0x0000000000000000	0x0000000A00000000	0x0000000000000000	0x0000000000000000
1130326	0x0000003200000000	0x0000000000000000	0x0000000000000000	0x0000000000000000
1130327	0x0000000000000000	0x0000000000000000	0x0000000500000000	0x0000000000000000
1130328	0x0000000000000000	0x0000000000000000	0x0000000000000000	0x0000000500000000
1130329	0x0000003200000000	0x0000000000000000	0x0000000000000000	0x0000000000000000
1130330	0x0000000000000000	0x0000000A00000000	0x0000000000000000	0x0000000000000000
1130331	0x0000003200000000	0x0000000000000000	0x0000000000000000	0x0000000000000000
1130332	0x0000000000000000	0x0000000000000000	0x0000000500000000	0x0000000000000000
1130333	0x0000000000000000	0x0000000000000000	0x0000000000000000	0x0000000500000000
1130334	0x0000003200000000	0x0000000000000000	0x0000000000000000	0x0000000000000000
1130335	0x0000000000000000	0x0000000A00000000	0x0000000000000000	0x0000000000000000
1130336	0x0000003200000000	0x0000000000000000	0x0000000000000000	0x0000000000000000
1130337	0x0000000000000000	0x0000000000000000	0x0000000500000000	0x0000000000000000
1130338	0x0000000000000000	0x0000000000000000	0x0000000000000000	0x0000000500000000
1130339	0x0000003200000000	0x0000000000000000	0x0000000000000000	0x0000000000000000
1130340	0x0000000000000000	0x0000000A00000000	0x0000000000000000	0x0000000000000000
1130341	0x0000003200000000	0x0000000000000000	0x0000000000000000	0x0000000000000000
1130342	0x0000000000000000	0x0000000000000000	0x0000000500000000	0x0000000000000000
1130343	0x0000000000000000	0x0000000000000000	0x0000000000000000	0x0000000500000000
1130344	0x0000003200000000	0x0000000000000000	0x0000000000000000	0x0000000000000000
1130345	0x0000000000000000	0x0000000A00000000	0x0000000000000000	0x0000000000000000
1130346	0x0000003200000000	0x0000000000000000	0x0000000000000000	0x0000000000000000
1130347	0x0000000000000000	0x0000000000000000	0x0000000500000000	0x0000000000000000
1130348	0x0000000000000000	0x0000000000000000	0x0000000000000000	0x0000000500000000
1130349	0x0000003200000000	0x0000000000000000	0x0000000000000000	0x0000000000000000
1130350	0x0000000000000000	0x0000000A00000000	0x0000000000000000	0x0000000000000000
1130351	0x0000003200000000	0x0000000000000000	0x0000000000000000	0x0000000000000000
1130352	0x0000000000000000	0x0000000000000000	0x0000000500000000	0x0000000000000000
1130353	0x0000000000000000	0x0000000000000000	0x0000000000000000	0x0000000500000000
1130354	0x0000003200000000	0x0000000000000000	0x0000000000000000	0x0000000000000000
1130355	0x0000000000000000	0x0000000A00000000	0x0000000000000000	0x0000000000000000
1130356	0x0000003200000000	0x0000000000000000	0x0000000000000000	0x0000000000000000
1130357	0x0000000000000000	0x0000000000000000	0x0000000500000000	0x0000000000000000
1130358	0x0000000000000000	0x0000000000000000	0x0000000000000000	0x0000000500000000
1130359	0x0000003200000000	0x0000000000000000	0x0000000000000000	0x0000000000000000
1540310	0x0000000000000000	0x0000000A00000000	0x0000000000000000	0x0000000000000000
1540311	0x0000003200000000	0x0000000000000000	0x0000000000000000	0x0000000000000000
1540312	0x0000000000000000	0x0000000000000000	0x0000000500000000	0x0000000000000000
1540313	0x0000000000000000	0x0000000000000000	0x0000000000000000	0x0000000500000000
1540314	0x0000003200000000	0x0000000000000000	0x0000000000000000	0x0000000000000000
1540315	0x0000000000000000	0x0000000A00000000	0x0000000000000000	0x0000000000000000
1540316	0x0000003200000000	0x0000000000000000	0x0000000000000000	0x0000000000000000
1540317	0x0000000000000000	0x0000000000000000	0x0000000500000000	0x0000000000000000
1540318	0x0000000000000000	0x0000000000000000	0x0000000000000000	0x0000000500000000
1540319	0x0000003200000000	0x0000000000000000	0x0000000000000000	0x0000000000000000
1540320	0x0000000000000000	0x0000000A00000000	0x0000000000000000	0x0000000000000000
1540321	0x0000003200000000	0x0000000000000000	0x0000000000000000	0x0000000000000000
1540322	0x0000000000000000	0x0000000000000000	0x0000000500000000	0x0000000000000000
1540323	0x0000000000000000	0x0000000000000000	0x0000000000000000	0x0000000500000000
1540324	0x0000003200000000	0x0000000000000000	0x0000000000000000	0x0000000000000000
1540325	0x0000000000000000	0x0000000A00000000	0x0000000000000000	0x0000000000000000
1540326	0x0000003200000000	0x0000000000000000	0x0000000000000000	0x0000000000000000
1540327	0x0000000000000000	0x0000000000000000	0x0000000500000000	0x0000000000000000
1540328	0x0000000000000000	0x0000000000000000	0x0000000000000000	0x0000000500000000
1540329	0x0000003200000000	0x0000000000000000	0x0000000000000000	0x0000000000000000
1540330	0x0000000000000000	0x0000000A00000000	0x0000000000000000	0x0000000000000000
1540331	0x0000003200000000	0x0000000000000000	0x0000000000000000	0x0000000000000000
1540332	0x0000000000000000	0x0000000000000000	0x0000000500000000	0x0000000000000000
1540333	0x0000000000000000	0x0000000000000000	0x0000000000000000	0x0000000500000000
1540334	0x0000003200000000	0x0000000000000000	0x0000000000000000	0x0000000000000000
1540335	0x0000000000000000	0x0000000A00000000	0x0000000000000000	0x0000000000000000
1540336	0x0000003200000000	0x0000000000000000	0x0000000000000000	0x0000000000000000
1540337	0x0000000000000000	0x0000000000000000	0x0000000500000000	0x0000000000000000
1540338	0x0000000000000000	0x0000000000000000	0x0000000000000000	0x0000000500000000
1540339	0x0000003200000000	0x0000000000000000	0x0000000000000000	0x0000000000000000
1540340	0x0000000000000000	0x0000000A00000000	0x0000000000000000	0x0000000000000000
1540341	0x0000003200000000	0x0000000000000000	0x0000000000000000	0x0000000000000000
1540342	0x0000000000000000	0x0000000000000000	0x0000000500000000	0x0000000000000000
1540343	0x0000000000000000	0x0000000000000000	0x0000000000000000	0x0000000500000000
1540344	0x0000003200000000	0x0000000000000000	0x0000000000000000	0x0000000000000000
1540345	0x0000000000000000	0x0000000A00000000	0x0000000000000000	0x0000000000000000
1540346	0x0000003200000000	0x0000000000000000	0x0000000000000000	0x0000000000000000
1540347	0x0000000000000000	0x0000000000000000	0x0000000500000000	0x0000000000000000
1540348	0x0000000000000000	0x0000000000000000	0x0000000000000000	0x0000000500000000
1540349	0x0000003200000000	0x0000000000000000	0x0000000000000000	0x0000000000000000
1540350	0x0000000000000000	0x0000000A00000000	0x0000000000000000	0x0000000000000000
1540351	0x0000003200000000	0x0000000000000000	0x0000000000000000	0x0000000000000000
1540352	0x0000000000000000	0x0000000000000000	0x0000000500000000	0x0000000000000000
1540353	0x0000000000000000	0x0000000000000000	0x0000000000000000	0x0000000500000000
1540354	0x0000003200000000	0x0000000000000000	0x0000000000000000	0x0000000000000000
1540355	0x0000000000000000	0x0000000A00000000	0x0000000000000000	0x0000000000000000
1540356	0x0000003200000000	0x0000000000000000	0x0000000000000000	0x0000000000000000
1540357	0x0000000000000000	0x0000000000000000	0x0000000500000000	0x0000000000000000
1540358	0x0000000000000000	0x0000000000000000	0x0000000000000000	0x0000000500000000
1540359	0x0000003200000000	0x0000000000000000	0x0000000000000000	0x0000000000000000
1030410	0x0000000000000000	0x0000000A00000000	0x0000000000000000	0x0000000000000000
1030411	0x0000003200000000	0x0000000000000000	0x0000000000000000	0x0000000000000000
1030412	0x0000000000000000	0x0000000000000000	0x0000000500000000	0x0000000000000000
1030413	0x0000000000000000	0x0000000000000000	0x0000000000000000	0x0000000500000000
1030414	0x0000003200000000	0x0000000000000000	0x0000000000000000	0x0000000000000000
1030415	0x0000000000000000	0x0000000A00000000	0x0000000000000000	0x0000000000000000
1030416	0x0000003200000000	0x0000000000000000	0x0000000000000000	0x0000000000000000
1030417	0x0000000000000000	0x0000000000000000	0x0000000500000000	0x0000000000000000
1030418	0x0000000000000000	0x0000000000000000	0x0000000000000000	0x0000000500000000
1030419	0x0000003200000000	0x0000000000000000	0x0000000000000000	0x0000000000000000
1030420	0x0000000000000000	0x0000000A00000000	0x0000000000000000	0x0000000000000000
1030421	0x0000003200000000	0x0000000000000000	0x0000000000000000	0x0000000000000000
1030422	0x0000000000000000	0x0000000000000000	0x0000000500000000	0x0000000000000000
1030423	0x0000000000000000	0x0000000000000000	0x0000000000000000	0x0000000500000000
1030424	0x0000003200000000	0x0000000000000000	0x0000000000000000	0x0000000000000000
1030425	0x0000000000000000	0x0000000A00000000	0x0000000000000000	0x0000000000000000
1030426	0x0000003200000000	0x0000000000000000	0x0000000000000000	0x0000000000000000
1030427	0x0000000000000000	0x0000000000000000	0x0000000500000000	0x0000000000000000
1030428	0x0000000000000000	0x0000000000000000	0x0000000000000000	0x0000000500000000
1030429	0x0000003200000000	0x0000000000000000	0x0000000000000000	0x0000000000000000
1030430	0x0000000000000000	0x0000000A00000000	0x0000000000000000	0x0000000000000000
1030431	0x0000003200000000	0x0000000000000000	0x0000000000000000	0x0000000000000000
1030432	0x0000000000000000	0x0000000000000000	0x0000000500000000	0x0000000000000000
1030433	0x0000000000000000	0x0000000000000000	0x0000000000000000	0x0000000500000000
1030434	0x0000003200000000	0x0000000000000000	0x0000000000000000	0x0000000000000000
1030435	0x0000000000000000	0x0000000A00000000	0x0000000000000000	0x0000000000000000
1030436	0x0000003200000000	0x0000000000000000	0x0000000000000000	0x0000000000000000
1030437	0x0000000000000000	0x0000000000000000	0x0000000500000000	0x0000000000000000
1030438	0x0000000000000000	0x0000000000000000	0x0000000000000000	0x0000000500000000
1030439	0x0000003200000000	0x0000000000000000	0x0000000000000000	0x0000000000000000
1030440	0x0000000000000000	0x0000000A00000000	0x0000000000000000	0x0000000000000000
1030441	0x0000003200000000	0x0000000000000000	0x0000000000000000	0x0000000000000000
1030442	0x0000000000000000	0x0000000000000000	0x0000000500000000	0x0000000000000000
1030443	0x0000000000000000	0x0000000000000000	0x0000000000000000	0x0000000500000000
1030444	0x0000003200000000	0x0000000000000000	0x0000000000000000	0x0000000000000000
1030445	0x0000000000000000	0x0000000A00000000	0x0000000000000000	0x0000000000000000
1030446	0x0000003200000000	0x0000000000000000	0x0000000000000000	0x0000000000000000
1030447	0x0000000000000000	0x0000000000000000	0x0000000500000000	0x0000000000000000
1030448	0x0000000000000000	0x0000000000000000	0x0000000000000000	0x0000000500000000
1030449	0x0000003200000000	0x0000000000000000	0x0000000000000000	0x0000000000000000
1030450	0x0000000000000000	0x0000000A00000000	0x0000000000000000	0x0000000000000000
1030451	0x0000003200000000	0x0000000000000000	0x0000000000000000	0x0000000000000000
1030452	0x0000000000000000	0x0000000000000000	0x0000000500000000	0x0000000000000000
1030453	0x0000000000000000	0x0000000000000000	0x0000000000000000	0x0000000500000000
1030454	0x0000003200000000	0x0000000000000000	0x0000000000000000	0x0000000000000000
1030455	0x0000000000000000	0x0000000A00000000	0x0000000000000000	0x0000000000000000
1030456	0x0000003200000000	0x0000000000000000	0x0000000000000000	0x0000000000000000
1030457	0x0000000000000000	0x0000000000000000	0x0000000500000000	0x0000000000000000
1030458	0x0000000000000000	0x0000000000000000	0x0000000000000000	0x0000000500000000
1030459	0x0000003200000000	0x0000000000000000	0x0000000000000000	0x0000000000000000
1530410	0x0000000000000000	0x0000000A00000000	0x0000000000000000	0x0000000000000000
1530411	0x0000003200000000	0x0000000000000000	0x0000000000000000	0x0000000000000000
1530412	0x0000000000000000	0x0000000000000000	0x0000000500000000	0x0000000000000000
1530413	0x0000000000000000	0x0000000000000000	0x0000000000000000	0x0000000500000000
1530414	0x0000003200000000	0x0000000000000000	0x0000000000000000	0x0000000000000000
1530415	0x0000000000000000	0x0000000A00000000	0x0000000000000000	0x0000000000000000
1530416	0x0000003200000000	0x0000000000000000	0x0000000000000000	0x0000000000000000
1530417	0x0000000000000000	0x0000000000000000	0x0000000500000000	0x0000000000000000
1530418	0x0000000000000000	0x0000000000000000	0x0000000000000000	0x0000000500000000
1530419	0x0000003200000000	0x0000000000000000	0x0000000000000000	0x0000000000000000
1530420	0x0000000000000000	0x0000000A00000000	0x0000000000000000	0x0000000000000000
1530421	0x0000003200000000	0x0000000000000000	0x0000000000000000	0x0000000000000000
1530422	0x0000000000000000	0x0000000000000000	0x0000000500000000	0x0000000000000000
1530423	0x0000000000000000	0x0000000000000000	0x0000000000000000	0x0000000500000000
1530424	0x0000003200000000	0x0000000000000000	0x0000000000000000	0x0000000000000000
1530425	0x0000000000000000	0x0000000A00000000	0x0000000000000000	0x0000000000000000
1530426	0x0000003200000000	0x0000000000000000	0x0000000000000000	0x0000000000000000
1530427	0x0000000000000000	0x0000000000000000	0x0000000500000000	0x0000000000000000
1530428	0x0000000000000000	0x0000000000000000	0x0000000000000000	0x0000000500000000
1530429	0x0000003200000000	0x0000000000000000	0x0000000000000000	0x0000000000000000
1530430	0x0000000000000000	0x0000000A00000000	0x0000000000000000	0x0000000000000000
1530431	0x0000003200000000	0x0000000000000000	0x0000000000000000	0x0000000000000000
1530432	0x0000000000000000	0x0000000000000000	0x0000000500000000	0x0000000000000000
1530433	0x0000000000000000	0x0000000000000000	0x0000000000000000	0x0000000500000000
1530434	0x0000003200000000	0x0000000000000000	0x0000000000000000	0x0000000000000000
1530435	0x0000000000000000	0x0000000A00000000	0x0000000000000000	0x0000000000000000
1530436	0x0000003200000000	0x0000000000000000	0x0000000000000000	0x0000000000000000
1530437	0x0000000000000000	0x0000000000000000	0x0000000500000000	0x0000000000000000
1530438	0x0000000000000000	0x0000000000000000	0x0000000000000000	0x0000000500000000
1530439	0x0000003200000000	0x0000000000000000	0x0000000000000000	0x0000000000000000
1530440	0x0000000000000000	0x0000000A00000000	0x0000000000000000	0x0000000000000000
1530441	0x0000003200000000	0x0000000000000000	0x0000000000000000	0x0000000000000000
1530442	0x0000000000000000	0x0000000000000000	0x0000000500000000	0x0000000000000000
1530443	0x0000000000000000	0x0000000000000000	0x0000000000000000	0x0000000500000000
1530444	0x0000003200000000	0x0000000000000000	0x0000000000000000	0x0000000000000000
1530445	0x0000000000000000	0x0000000A00000000	0x0000000000000000	0x0000000000000000
1530446	0x0000003200000000	0x0000000000000000	0x0000000000000000	0x0000000000000000
1530447	0x0000000000000000	0x0000000000000000	0x0000000500000000	0x0000000000000000
1530448	0x0000000000000000	0x0000000000000000	0x0000000000000000	0x0000000500000000
1530449	0x0000003200000000	0x0000000000000000	0x0000000000000000	0x0000000000000000
1530450	0x0000000000000000	0x0000000A00000000	0x0000000000000000	0x0000000000000000
1530451	0x0000003200000000	0x0000000000000000	0x0000000000000000	0x0000000000000000
1530452	0x0000000000000000	0x0000000000000000	0x0000000500000000	0x0000000000000000
1530453	0x0000000000000000	0x0000000000000000	0x0000000000000000	0x0000000500000000
1530454	0x0000003200000000	0x0000000000000000	0x0000000000000000	0x0000000000000000
1530455	0x0000000000000000	0x0000000A00000000	0x0000000000000000	0x0000000000000000
1530456	0x0000003200000000	0x0000000000000000	0x0000000000000000	0x0000000000000000
1530457	0x0000000000000000	0x0000000000000000	0x0000000500000000	0x0000000000000000
1530458	0x0000000000000000	0x0000000000000000	0x0000000000000000	0x0000000500000000
1530459	0x0000003200000000	0x0000000000000000	0x0000000000000000	0x0000000000000000
1550310	0x0000000000000000	0x0000000A00000000	0x0000000000000000	0x0000000000000000
1550311	0x0000003200000000	0x0000000000000000	0x0000000000000000	0x0000000000000000
1550312	0x0000000000000000	0x0000000000000000	0x0000000500000000	0x0000000000000000
1550313	0x0000000000000000	0x0000000000000000	0x0000000000000000	0x0000000500000000
1550314	0x0000003200000000	0x0000000000000000	0x0000000000000000	0x0000000000000000
1550315	0x0000000000000000	0x0000000A00000000	0x0000000000000000	0x0000000000000000
1550316	0x0000003200000000	0x0000000000000000	0x0000000000000000	0x0000000000000000
1550317	0x0000000000000000	0x0000000000000000	0x0000000500000000	0x0000000000000000
1550318	0x0000000000000000	0x0000000000000000	0x0000000000000000	0x0000000500000000
1550319	0x0000003200000000	0x0000000000000000	0x0000000000000000	0x0000000000000000
1550320	0x0000000000000000	0x0000000A00000000	0x0000000000000000	0x0000000000000000
1550321	0x0000003200000000	0x0000000000000000	0x0000000000000000	0x0000000000000000
1550322	0x0000000000000000	0x0000000000000000	0x0000000500000000	0x0000000000000000
1550323	0x0000000000000000	0x0000000000000000	0x0000000000000000	0x0000000500000000
1550324	0x0000003200000000	0x0000000000000000	0x0000000000000000	0x0000000000000000
1550325	0x0000000000000000	0x0000000A00000000	0x0000000000000000	0x0000000000000000
1550326	0x0000003200000000	0x0000000000000000	0x0000000000000000	0x0000000000000000
1550327	0x0000000000000000	0x0000000000000000	0x0000000500000000	0x0000000000000000
1550328	0x0000000000000000	0x0000000000000000	0x0000000000000000	0x0000000500000000
1550329	0x0000003200000000	0x0000000000000000	0x0000000000000000	0x0000000000000000
1550330	0x0000000000000000	0x0000000A00000000	0x0000000000000000	0x0000000000000000
1550331	0x0000003200000000	0x0000000000000000	0x0000000000000000	0x0000000000000000
1550332	0x0000000000000000	0x0000000000000000	0x0000000500000000	0x0000000000000000
1550333	0x0000000000000000	0x0000000000000000	0x0000000000000000	0x0000000500000000
1550334	0x0000003200000000	0x0000000000000000	0x0000000000000000	0x0000000000000000
1550335	0x0000000000000000	0x0000000A00000000	0x0000000000000000	0x0000000000000000
1550336	0x0000003200000000	0x0000000000000000	0x0000000000000000	0x0000000000000000
1550337	0x0000000000000000	0x0000000000000000	0x0000000500000000	0x0000000000000000
1550338	0x0000000000000000	0x0000000000000000	0x0000000000000000	0x0000000500000000
1550339	0x0000003200000000	0x0000000000000000	0x0000000000000000	0x0000000000000000
1550340	0x0000000000000000	0x0000000A00000000	0x0000000000000000	0x0000000000000000
1550341	0x0000003200000000	0x0000000000000000	0x0000000000000000	0x0000000000000000
1550342	0x0000000000000000	0x0000000000000000	0x0000000500000000	0x0000000000000000
1550343	0x0000000000000000	0x0000000000000000	0x0000000000000000	0x0000000500000000
1550344	0x0000003200000000	0x0000000000000000	0x0000000000000000	0x0000000000000000
1550345	0x0000000000000000	0x0000000A00000000	0x0000000000000000	0x0000000000000000
1550346	0x0000003200000000	0x0000000000000000	0x0000000000000000	0x0000000000000000
1550347	0x0000000000000000	0x0000000000000000	0x0000000500000000	0x0000000000000000
1550348	0x0000000000000000	0x0000000000000000	0x0000000000000000	0x0000000500000000
1550349	0x0000003200000000	0x0000000000000000	0x0000000000000000	0x0000000000000000
1550350	0x0000000000000000	0x0000000A00000000	0x0000000000000000	0x0000000000000000
1550351	0x0000003200000000	0x0000000000000000	0x0000000000000000	0x0000000000000000
1550352	0x0000000000000000	0x0000000000000000	0x0000000500000000	0x0000000000000000
1550353	0x0000000000000000	0x0000000000000000	0x0000000000000000	0x0000000500000000
1550354	0x0000003200000000	0x0000000000000000	0x0000000000000000	0x0000000000000000
1550355	0x0000000000000000	0x0000000A00000000	0x0000000000000000	0x0000000000000000
1550356	0x0000003200000000	0x0000000000000000	0x0000000000000000	0x0000000000000000
1550357	0x0000000000000000	0x0000000000000000	0x0000000500000000	0x0000000000000000
1550358	0x0000000000000000	0x0000000000000000	0x0000000000000000	0x0000000500000000
1550359	0x0000003200000000	0x0000000000000000	0x0000000000000000	0x0000000000000000
1050410	0x0000000000000000	0x0000000A00000000	0x0000000000000000	0x0000000000000000
1050411	0x0000003200000000	0x0000000000000000	0x0000000000000000	0x0000000000000000
1050412	0x0000000000000000	0x0000000000000000	0x0000000500000000	0x0000000000000000
1050413	0x0000000000000000	0x0000000000000000	0x0000000000000000	0x0000000500000000
1050414	0x0000003200000000	0x0000000000000000	0x0000000000000000	0x0000000000000000
1050415	0x0000000000000000	0x0000000A00000000	0x0000000000000000	0x0000000000000000
1050416	0x0000003200000000	0x0000000000000000	0x0000000000000000	0x0000000000000000
1050417	0x0000000000000000	0x0000000000000000	0x0000000500000000	0x0000000000000000
1050418	0x0000000000000000	0x0000000000000000	0x0000000000000000	0x0000000500000000
1050419	0x0000003200000000	0x0000000000000000	0x0000000000000000	0x0000000000000000
1050420	0x0000000000000000	0x0000000A00000000	0x0000000000000000	0x0000000000000000
1050421	0x0000003200000000	0x0000000000000000	0x0000000000000000	0x0000000000000000
1050422	0x0000000000000000	0x0000000000000000	0x0000000500000000	0x0000000000000000
1050423	0x0000000000000000	0x0000000000000000	0x0000000000000000	0x0000000500000000
1050424	0x0000003200000000	0x0000000000000000	0x0000000000000000	0x0000000000000000
1050425	0x0000000000000000	0x0000000A00000000	0x0000000000000000	0x0000000000000000
1050426	0x0000003200000000	0x0000000000000000	0x0000000000000000	0x0000000000000000
1050427	0x0000000000000000	0x0000000000000000	0x0000000500000000	0x0000000000000000
1050428	0x0000000000000000	0x0000000000000000	0x0000000000000000	0x0000000500000000
1050429	0x0000003200000000	0x0000000000000000	0x0000000000000000	0x0000000000000000
1050430	0x0000000000000000	0x0000000A00000000	0x0000000000000000	0x0000000000000000
1050431	0x0000003200000000	0x0000000000000000	0x0000000000000000	0x0000000000000000
1050432	0x0000000000000000	0x0000000000000000	0x0000000500000000	0x0000000000000000
1050433	0x0000000000000000	0x0000000000000000	0x0000000000000000	0x0000000500000000
1050434	0x0000003200000000	0x0000000000000000	0x0000000000000000	0x0000000000000000
1050435	0x0000000000000000	0x0000000A00000000	0x0000000000000000	0x0000000000000000
1050436	0x0000003200000000	0x0000000000000000	0x0000000000000000	0x0000000000000000
1050437	0x0000000000000000	0x0000000000000000	0x0000000500000000	0x0000000000000000
1050438	0x0000000000000000	0x0000000000000000	0x0000000000000000	0x0000000500000000
1050439	0x0000003200000000	0x0000000000000000	0x0000000000000000	0x0000000000000000
1050440	0x0000000000000000	0x0000000A00000000	0x0000000000000000	0x0000000000000000
1050441	0x0000003200000000	0x0000000000000000	0x0000000000000000	0x0000000000000000
1050442	0x0000000000000000	0x0000000000000000	0x0000000500000000	0x0000000000000000
1050443	0x0000000000000000	0x0000000000000000	0x0000000000000000	0x0000000500000000
1050444	0x0000003200000000	0x0000000000000000	0x0000000000000000	0x0000000000000000
1050445	0x0000000000000000	0x0000000A00000000	0x0000000000000000	0x0000000000000000
1050446	0x0000003200000000	0x0000000000000000	0x0000000000000000	0x0000000000000000
1050447	0x0000000000000000	0x0000000000000000	0x0000000500000000	0x0000000000000000
1050448	0x0000000000000000	0x0000000000000000	0x0000000000000000	0x0000000500000000
1050449	0x0000003200000000	0x0000000000000000	0x0000000000000000	0x0000000000000000
1050450	0x0000000000000000	0x0000000A00000000	0x0000000000000000	0x0000000000000000
1050451	0x0000003200000000	0x0000000000000000	0x0000000000000000	0x0000000000000000
1050452	0x0000000000000000	0x0000000000000000	0x0000000500000000	0x0000000000000000
1050453	0x0000000000000000	0x0000000000000000	0x0000000000000000	0x0000000500000000
1050454	0x0000003200000000	0x0000000000000000	0x0000000000000000	0x0000000000000000
1050455	0x0000000000000000	0x0000000A00000000	0x0000000000000000	0x0000000000000000
1050456	0x0000003200000000	0x0000000000000000	0x0000000000000000	0x0000000000000000
1050457	0x0000000000000000	0x0000000000000000	0x0000000500000000	0x0000000000000000
1050458	0x0000000000000000	0x0000000000000000	0x0000000000000000	0x0000000500000000
1050459	0x0000003200000000	0x0000000000000000	0x0000000000000000	0x0000000000000000
1560310	0x0000000000000000	0x0000000A00000000	0x0000000000000000	0x0000000000000000
1560311	0x0000003200000000	0x0000000000000000	0x0000000000000000	0x0000000000000000
1560312	0x0000000000000000	0x0000000000000000	0x0000000500000000	0x0000000000000000
1560313	0x0000000000000000	0x0000000000000000	0x0000000000000000	0x0000000500000000
1560314	0x0000003200000000	0x0000000000000000	0x0000000000000000	0x0000000000000000
1560315	0x0000000000000000	0x0000000A00000000	0x0000000000000000	0x0000000000000000
1560316	0x0000003200000000	0x0000000000000000	0x0000000000000000	0x0000000000000000
1560317	0x0000000000000000	0x0000000000000000	0x0000000500000000	0x0000000000000000
1560318	0x0000000000000000	0x0000000000000000	0x0000000000000000	0x0000000500000000
1560319	0x0000003200000000	0x0000000000000000	0x0000000000000000	0x0000000000000000
1560320	0x0000000000000000	0x0000000A00000000	0x0000000000000000	0x0000000000000000
1560321	0x0000003200000000	0x0000000000000000	0x0000000000000000	0x0000000000000000
1560322	0x0000000000000000	0x0000000000000000	0x0000000500000000	0x0000000000000000
1560323	0x0000000000000000	0x0000000000000000	0x0000000000000000	0x0000000500000000
1560324	0x0000003200000000	0x0000000000000000	0x0000000000000000	0x0000000000000000
1560325	0x0000000000000000	0x0000000A00000000	0x0000000000000000	0x0000000000000000
1560326	0x0000003200000000	0x0000000000000000	0x0000000000000000	0x0000000000000000
1560327	0x0000000000000000	0x0000000000000000	0x0000000500000000	0x0000000000000000
1560328	0x0000000000000000	0x0000000000000000	0x0000000000000000	0x0000000500000000
1560329	0x0000003200000000	0x0000000000000000	0x0000000000000000	0x0000000000000000
1560330	0x0000000000000000	0x0000000A00000000	0x0000000000000000	0x0000000000000000
1560331	0x0000003200000000	0x0000000000000000	0x0000000000000000	0x0000000000000000
1560332	0x0000000000000000	0x0000000000000000	0x0000000500000000	0x0000000000000000
1560333	0x0000000000000000	0x0000000000000000	0x0000000000000000	0x0000000500000000
1560334	0x0000003200000000	0x0000000000000000	0x0000000000000000	0x0000000000000000
1560335	0x0000000000000000	0x0000000A00000000	0x0000000000000000	0x0000000000000000
1560336	0x0000003200000000	0x0000000000000000	0x0000000000000000	0x0000000000000000
1560337	0x0000000000000000	0x0000000000000000	0x0000000500000000	0x0000000000000000
1560338	0x0000000000000000	0x0000000000000000	0x0000000000000000	0x0000000500000000
1560339	0x0000003200000000	0x0000000000000000	0x0000000000000000	0x0000000000000000
1560340	0x0000000000000000	0x0000000A00000000	0x0000000000000000	0x0000000000000000
1560341	0x0000003200000000	0x0000000000000000	0x0000000000000000	0x0000000000000000
1560342	0x0000000000000000	0x0000000000000000	0x0000000500000000	0x0000000000000000
1560343	0x0000000000000000	0x0000000000000000	0x0000000000000000	0x0000000500000000
1560344	0x0000003200000000	0x0000000000000000	0x0000000000000000	0x0000000000000000
1560345	0x0000000000000000	0x0000000A00000000	0x0000000000000000	0x0000000000000000
1560346	0x0000003200000000	0x0000000000000000	0x0000000000000000	0x0000000000000000
1560347	0x0000000000000000	0x0000000000000000	0x0000000500000000	0x0000000000000000
1560348	0x0000000000000000	0x0000000000000000	0x0000000000000000	0x0000000500000000
1560349	0x0000003200000000	0x0000000000000000	0x0000000000000000	0x0000000000000000
1560350	0x0000000000000000	0x0000000A00000000	0x0000000000000000	0x0000000000000000
1560351	0x0000003200000000	0x0000000000000000	0x0000000000000000	0x0000000000000000
1560352	0x0000000000000000	0x0000000000000000	0x0000000500000000	0x0000000000000000
1560353	0x0000000000000000	0x0000000000000000	0x0000000000000000	0x0000000500000000
1560354	0x0000003200000000	0x0000000000000000	0x0000000000000000	0x0000000000000000
1560355	0x0000000000000000	0x0000000A00000000	0x0000000000000000	0x0000000000000000
1560356	0x0000003200000000	0x0000000000000000	0x0000000000000000	0x0000000000000000
1560357	0x0000000000000000	0x0000000000000000	0x0000000500000000	0x0000000000000000
1560358	0x0000000000000000	0x0000000000000000	0x0000000000000000	0x0000000500000000
1560359	0x0000003200000000	0x0000000000000000	0x0000000000000000	0x0000000000000000
1070410	0x0000000000000000	0x0000000A00000000	0x0000000000000000	0x0000000000000000
1070411	0x0000003200000000	0x0000000000000000	0x0000000000000000	0x0000000000000000
1070412	0x0000000000000000	0x0000000000000000	0x0000000500000000	0x0000000000000000
1070413	0x0000000000000000	0x0000000000000000	0x0000000000000000	0x0000000500000000
1070414	0x0000003200000000	0x0000000000000000	0x0000000000000000	0x0000000000000000
1070415	0x0000000000000000	0x0000000A00000000	0x0000000000000000	0x0000000000000000
1070416	0x0000003200000000	0x0000000000000000	0x0000000000000000	0x0000000000000000
1070417	0x0000000000000000	0x0000000000000000	0x0000000500000000	0x0000000000000000
1070418	0x0000000000000000	0x0000000000000000	0x0000000000000000	0x0000000500000000
1070419	0x0000003200000000	0x0000000000000000	0x0000000000000000	0x0000000000000000
1070420	0x0000000000000000	0x0000000A00000000	0x0000000000000000	0x0000000000000000
1070421	0x0000003200000000	0x0000000000000000	0x0000000000000000	0x0000000000000000
1070422	0x0000000000000000	0x0000000000000000	0x0000000500000000	0x0000000000000000
1070423	0x0000000000000000	0x0000000000000000	0x0000000000000000	0x0000000500000000
1070424	0x0000003200000000	0x0000000000000000	0x0000000000000000	0x0000000000000000
1070425	0x0000000000000000	0x0000000A00000000	0x0000000000000000	0x0000000000000000
1070426	0x0000003200000000	0x0000000000000000	0x0000000000000000	0x0000000000000000
1070427	0x0000000000000000	0x0000000000000000	0x0000000500000000	0x0000000000000000
1070428	0x0000000000000000	0x0000000000000000	0x0000000000000000	0x0000000500000000
1070429	0x0000003200000000	0x0000000000000000	0x0000000000000000	0x0000000000000000
1070430	0x0000000000000000	0x0000000A00000000	0x0000000000000000	0x0000000000000000
1070431	0x0000003200000000	0x0000000000000000	0x0000000000000000	0x0000000000000000
1070432	0x0000000000000000	0x0000000000000000	0x0000000500000000	0x0000000000000000
1070433	0x0000000000000000	0x0000000000000000	0x0000000000000000	0x0000000500000000
1070434	0x0000003200000000	0x0000000000000000	0x0000000000000000	0x0000000000000000
1070435	0x0000000000000000	0x0000000A00000000	0x0000000000000000	0x0000000000000000
1070436	0x0000003200000000	0x0000000000000000	0x0000000000000000	0x0000000000000000
1070437	0x0000000000000000	0x0000000000000000	0x0000000500000000	0x0000000000000000
1070438	0x0000000000000000	0x0000000000000000	0x0000000000000000	0x0000000500000000
1070439	0x0000003200000000	0x0000000000000000	0x0000000000000000	0x0000000000000000
1070440	0x0000000000000000	0x0000000A00000000	0x0000000000000000	0x0000000000000000
1070441	0x0000003200000000	0x0000000000000000	0x0000000000000000	0x0000000000000000
1070442	0x0000000000000000	0x0000000000000000	0x0000000500000000	0x0000000000000000
1070443	0x0000000000000000	0x0000000000000000	0x0000000000000000	0x0000000500000000
1070444	0x0000003200000000	0x0000000000000000	0x0000000000000000	0x0000000000000000
1070445	0x0000000000000000	0x0000000A00000000	0x0000000000000000	0x0000000000000000
1070446	0x0000003200000000	0x0000000000000000	0x0000000000000000	0x0000000000000000
1070447	0x0000000000000000	0x0000000000000000	0x0000000500000000	0x0000000000000000
1070448	0x0000000000000000	0x0000000000000000	0x0000000000000000	0x0000000500000000
1070449	0x0000003200000000	0x0000000000000000	0x0000000000000000	0x0000000000000000
1070450	0x0000000000000000	0x0000000A00000000	0x0000000000000000	0x0000000000000000
1070451	0x0000003200000000	0x0000000000000000	0x0000000000000000	0x0000000000000000
1070452	0x0000000000000000	0x0000000000000000	0x0000000500000000	0x0000000000000000
1070453	0x0000000000000000	0x0000000000000000	0x0000000000000000	0x0000000500000000
1070454	0x0000003200000000	0x0000000000000000	0x0000000000000000	0x0000000000000000
1070455	0x0000000000000000	0x0000000A00000000	0x0000000000000000	0x0000000000000000
1070456	0x0000003200000000	0x0000000000000000	0x0000000000000000	0x0000000000000000
1070457	0x0000000000000000	0x0000000000000000	0x0000000500000000	0x0000000000000000
1070458	0x0000000000000000	0x0000000000000000	0x0000000000000000	0x0000000500000000
1070459	0x0000003200000000	0x0000000000000000	0x0000000000000000	0x0000000000000000
1570310	0x0000000000000000	0x0000000A00000000	0x0000000000000000	0x0000000000000000
1570311	0x0000003200000000	0x0000000000000000	0x0000000000000000	0x0000000000000000
1570312	0x0000000000000000	0x0000000000000000	0x0000000500000000	0x0000000000000000
1570313	0x0000000000000000	0x0000000000000000	0x0000000000000000	0x0000000500000000
1570314	0x0000003200000000	0x0000000000000000	0x0000000000000000	0x0000000000000000
1570315	0x0000000000000000	0x0000000A00000000	0x0000000000000000	0x0000000000000000
1570316	0x0000003200000000	0x0000000000000000	0x0000000000000000	0x0000000000000000
1570317	0x0000000000000000	0x0000000000000000	0x0000000500000000	0x0000000000000000
1570318	0x0000000000000000	0x0000000000000000	0x0000000000000000	0x0000000500000000
1570319	0x0000003200000000	0x0000000000000000	0x0000000000000000	0x0000000000000000
1570320	0x0000000000000000	0x0000000A00000000	0x0000000000000000	0x0000000000000000
1570321	0x0000003200000000	0x0000000000000000	0x0000000000000000	0x0000000000000000
1570322	0x0000000000000000	0x0000000000000000	0x0000000500000000	0x0000000000000000
1570323	0x0000000000000000	0x0000000000000000	0x0000000000000000	0x0000000500000000
1570324	0x0000003200000000	0x0000000000000000	0x0000000000000000	0x0000000000000000
1570325	0x0000000000000000	0x0000000A00000000	0x0000000000000000	0x0000000000000000
1570326	0x0000003200000000	0x0000000000000000	0x0000000000000000	0x0000000000000000
1570327	0x0000000000000000	0x0000000000000000	0x0000000500000000	0x0000000000000000
1570328	0x0000000000000000	0x0000000000000000	0x0000000000000000	0x0000000500000000
1570329	0x0000003200000000	0x0000000000000000	0x0000000000000000	0x0000000000000000
1570330	0x0000000000000000	0x0000000A00000000	0x0000000000000000	0x0000000000000000
1570331	0x0000003200000000	0x0000000000000000	0x0000000000000000	0x0000000000000000
1570332	0x0000000000000000	0x0000000000000000	0x0000000500000000	0x0000000000000000
1570333	0x0000000000000000	0x0000000000000000	0x0000000000000000	0x0000000500000000
1570334	0x0000003200000000	0x0000000000000000	0x0000000000000000	0x0000000000000000
1570335	0x0000000000000000	0x0000000A00000000	0x0000000000000000	0x0000000000000000
1570336	0x0000003200000000	0x0000000000000000	0x0000000000000000	0x0000000000000000
1570337	0x0000000000000000	0x0000000000000000	0x0000000500000000	0x0000000000000000
1570338	0x0000000000000000	0x0000000000000000	0x0000000000000000	0x0000000500000000
1570339	0x0000003200000000	0x0000000000000000	0x0000000000000000	0x0000000000000000
1570340	0x0000000000000000	0x0000000A00000000	0x0000000000000000	0x0000000000000000
1570341	0x0000003200000000	0x0000000000000000	0x0000000000000000	0x0000000000000000
1570342	0x0000000000000000	0x0000000000000000	0x0000000500000000	0x0000000000000000
1570343	0x0000000000000000	0x0000000000000000	0x0000000000000000	0x0000000500000000
1570344	0x0000003200000000	0x0000000000000000	0x0000000000000000	0x0000000000000000
1570345	0x0000000000000000	0x0000000A00000000	0x0000000000000000	0x0000000000000000
1570346	0x0000003200000000	0x0000000000000000	0x0000000000000000	0x0000000000000000
1570347	0x0000000000000000	0x0000000000000000	0x0000000500000000	0x0000000000000000
1570348	0x0000000000000000	0x0000000000000000	0x0000000000000000	0x0000000500000000
1570349	0x0000003200000000	0x0000000000000000	0x0000000000000000	0x0000000000000000
1570350	0x0000000000000000	0x0000000A00000000	0x0000000000000000	0x0000000000000000
1570351	0x0000003200000000	0x0000000000000000	0x0000000000000000	0x0000000000000000
1570352	0x0000000000000000	0x0000000000000000	0x0000000500000000	0x0000000000000000
1570353	0x0000000000000000	0x0000000000000000	0x0000000000000000	0x0000000500000000
1570354	0x0000003200000000	0x0000000000000000	0x0000000000000000	0x0000000000000000
1570355	0x0000000000000000	0x0000000A00000000	0x0000000000000000	0x0000000000000000
1570356	0x0000003200000000	0x0000000000000000	0x0000000000000000	0x0000000000000000
1570357	0x0000000000000000	0x0000000000000000	0x0000000500000000	0x0000000000000000
1570358	0x0000000000000000	0x0000000000000000	0x0000000000000000	0x0000000500000000
1570359	0x0000003200000000	0x0000000000000000	0x0000000000000000	0x0000000000000000
1040410	0x0000000000000000	0x0000000A00000000	0x0000000000000000	0x0000000000000000
1040411	0x0000003200000000	0x0000000000000000	0x0000000000000000	0x0000000000000000
1040412	0x0000000000000000	0x0000000000000000	0x0000000500000000	0x0000000000000000
1040413	0x0000000000000000	0x0000000000000000	0x0000000000000000	0x0000000500000000
1040414	0x0000003200000000	0x0000000000000000	0x0000000000000000	0x0000000000000000
1040415	0x0000000000000000	0x0000000A00000000	0x0000000000000000	0x0000000000000000
1040416	0x0000003200000000	0x0000000000000000	0x0000000000000000	0x0000000000000000
1040417	0x0000000000000000	0x0000000000000000	0x0000000500000000	0x0000000000000000
1040418	0x0000000000000000	0x0000000000000000	0x0000000000000000	0x0000000500000000
1040419	0x0000003200000000	0x0000000000000000	0x0000000000000000	0x0000000000000000
1040420	0x0000000000000000	0x0000000A00000000	0x0000000000000000	0x0000000000000000
1040421	0x0000003200000000	0x0000000000000000	0x0000000000000000	0x0000000000000000
1040422	0x0000000000000000	0x0000000000000000	0x0000000500000000	0x0000000000000000
1040423	0x0000000000000000	0x0000000000000000	0x0000000000000000	0x0000000500000000
1040424	0x0000003200000000	0x0000000000000000	0x0000000000000000	0x0000000000000000
1040425	0x0000000000000000	0x0000000A00000000	0x0000000000000000	0x0000000000000000
1040426	0x0000003200000000	0x0000000000000000	0x0000000000000000	0x0000000000000000
1040427	0x0000000000000000	0x0000000000000000	0x0000000500000000	0x0000000000000000
1040428	0x0000000000000000	0x0000000000000000	0x0000000000000000	0x0000000500000000
1040429	0x0000003200000000	0x0000000000000000	0x0000000000000000	0x0000000000000000
1040430	0x0000000000000000	0x0000000A00000000	0x0000000000000000	0x0000000000000000
1040431	0x0000003200000000	0x0000000000000000	0x0000000000000000	0x0000000000000000
1040432	0x0000000000000000	0x0000000000000000	0x0000000500000000	0x0000000000000000
1040433	0x0000000000000000	0x0000000000000000	0x0000000000000000	0x0000000500000000
1040434	0x0000003200000000	0x0000000000000000	0x0000000000000000	0x0000000000000000
1040435	0x0000000000000000	0x0000000A00000000	0x0000000000000000	0x0000000000000000
1040436	0x0000003200000000	0x0000000000000000	0x0000000000000000	0x0000000000000000
1040437	0x0000000000000000	0x0000000000000000	0x0000000500000000	0x0000000000000000
1040438	0x0000000000000000	0x0000000000000000	0x0000000000000000	0x0000000500000000
1040439	0x0000003200000000	0x0000000000000000	0x0000000000000000	0x0000000000000000
1040440	0x0000000000000000	0x0000000A00000000	0x0000000000000000	0x0000000000000000
1040441	0x0000003200000000	0x0000000000000000	0x0000000000000000	0x0000000000000000
1040442	0x0000000000000000	0x0000000000000000	0x0000000500000000	0x0000000000000000
1040443	0x0000000000000000	0x0000000000000000	0x0000000000000000	0x0000000500000000
1040444	0x0000003200000000	0x0000000000000000	0x0000000000000000	0x0000000000000000
1040445	0x0000000000000000	0x0000000A00000000	0x0000000000000000	0x0000000000000000
1040446	0x0000003200000000	0x0000000000000000	0x0000000000000000	0x0000000000000000
1040447	0x0000000000000000	0x0000000000000000	0x0000000500000000	0x0000000000000000
1040448	0x0000000000000000	0x0000000000000000	0x0000000000000000	0x0000000500000000
1040449	0x0000003200000000	0x0000000000000000	0x0000000000000000	0x0000000000000000
1040450	0x0000000000000000	0x0000000A00000000	0x0000000000000000	0x0000000000000000
1040451	0x0000003200000000	0x0000000000000000	0x0000000000000000	0x0000000000000000
1040452	0x0000000000000000	0x0000000000000000	0x0000000500000000	0x0000000000000000
1040453	0x0000000000000000	0x0000000000000000	0x0000000000000000	0x0000000500000000
1040454	0x0000003200000000	0x0000000000000000	0x0000000000000000	0x0000000000000000
1040455	0x0000000000000000	0x0000000A00000000	0x0000000000000000	0x0000000000000000
1040456	0x0000003200000000	0x0000000000000000	0x0000000000000000	0x0000000000000000
1040457	0x0000000000000000	0x0000000000000000	0x0000000500000000	0x0000000000000000
1040458	0x0000000000000000	0x0000000000000000	0x0000000000000000	0x0000000500000000
1040459	0x0000003200000000	0x0000000000000000	0x0000000000000000	0x0000000000000000
1230210	0x0000000000000000	0x0000000A00000000	0x0000000000000000	0x0000000000000000
1230211	0x0000003200000000	0x0000000000000000	0x0000000000000000	0x0000000000000000
1230212	0x0000000000000000	0x0000000000000000	0x0000000500000000	0x0000000000000000
1230213	0x0000000000000000	0x0000000000000000	0x0000000000000000	0x0000000500000000
1230214	0x0000003200000000	0x0000000000000000	0x0000000000000000	0x0000000000000000
1230215	0x0000000000000000	0x0000000A00000000	0x0000000000000000	0x0000000000000000
1230216	0x0000003200000000	0x0000000000000000	0x0000000000000000	0x0000000000000000
1230217	0x0000000000000000	0x0000000000000000	0x0000000500000000	0x0000000000000000
1230218	0x0000000000000000	0x0000000000000000	0x0000000000000000	0x0000000500000000
1230219	0x0000003200000000	0x0000000000000000	0x0000000000000000	0x0000000000000000
1230220	0x0000000000000000	0x0000000A00000000	0x0000000000000000	0x0000000000000000
1230221	0x0000003200000000	0x0000000000000000	0x0000000000000000	0x0000000000000000
1230222	0x0000000000000000	0x0000000000000000	0x0000000500000000	0x0000000000000000
1230223	0x0000000000000000	0x0000000000000000	0x0000000000000000	0x0000000500000000
1230224	0x0000003200000000	0x0000000000000000	0x0000000000000000	0x0000000000000000
1230225	0x0000000000000000	0x0000000A00000000	0x0000000000000000	0x0000000000000000
1230226	0x0000003200000000	0x0000000000000000	0x0000000000000000	0x0000000000000000
1230227	0x0000000000000000	0x0000000000000000	0x0000000500000000	0x0000000000000000
1230228	0x0000000000000000	0x0000000000000000	0x0000000000000000	0x0000000500000000
1230229	0x0000003200000000	0x0000000000000000	0x0000000000000000	0x0000000000000000
1230230	0x0000000000000000	0x0000000A00000000	0x0000000000000000	0x0000000000000000
1230231	0x0000003200000000	0x0000000000000000	0x0000000000000000	0x0000000000000000
1230232	0x0000000000000000	0x0000000000000000	0x0000000500000000	0x0000000000000000
1230233	0x0000000000000000	0x0000000000000000	0x0000000000000000	0x0000000500000000
1230234	0x0000003200000000	0x0000000000000000	0x0000000000000000	0x0000000000000000
1230235	0x0000000000000000	0x0000000A00000000	0x0000000000000000	0x0000000000000000
1230236	0x0000003200000000	0x0000000000000000	0x0000000000000000	0x0000000000000000
1230237	0x0000000000000000	0x0000000000000000	0x0000000500000000	0x0000000000000000
1230238	0x0000000000000000	0x0000000000000000	0x0000000000000000	0x0000000500000000
1230239	0x0000003200000000	0x0000000000000000	0x0000000000000000	0x0000000000000000
1230240	0x0000000000000000	0x0000000A00000000	0x0000000000000000	0x0000000000000000
1230241	0x0000003200000000	0x0000000000000000	0x0000000000000000	0x0000000000000000
1230242	0x0000000000000000	0x0000000000000000	0x0000000500000000	0x0000000000000000
1230243	0x0000000000000000	0x0000000000000000	0x0000000000000000	0x0000000500000000
1230244	0x0000003200000000	0x0000000000000000	0x0000000000000000	0x0000000000000000
1230245	0x0000000000000000	0x0000000A00000000	0x0000000000000000	0x0000000000000000
1230246	0x0000003200000000	0x0000000000000000	0x0000000000000000	0x0000000000000000
1230247	0x0000000000000000	0x0000000000000000	0x0000000500000000	0x0000000000000000
1230248	0x0000000000000000	0x0000000000000000	0x0000000000000000	0x0000000500000000
1230249	0x0000003200000000	0x0000000000000000	0x0000000000000000	0x0000000000000000
1230250	0x0000000000000000	0x0000000A00000000	0x0000000000000000	0x0000000000000000
1230251	0x0000003200000000	0x0000000000000000	0x0000000000000000	0x0000000000000000
1230252	0x0000000000000000	0x0000000000000000	0x0000000500000000	0x0000000000000000
1230253	0x0000000000000000	0x0000000000000000	0x0000000000000000	0x0000000500000000
1230254	0x0000003200000000	0x0000000000000000	0x0000000000000000	0x0000000000000000
1230255	0x0000000000000000	0x0000000A00000000	0x0000000000000000	0x0000000000000000
1230256	0x0000003200000000	0x0000000000000000	0x0000000000000000	0x0000000000000000
1230257	0x0000000000000000	0x0000000000000000	0x0000000500000000	0x0000000000000000
1230258	0x0000000000000000	0x0000000000000000	0x0000000000000000	0x0000000500000000
1230259	0x0000003200000000	0x0000000000000000	0x0000000000000000	0x0000000000000000
1010410	0x0000000000000000	0x0000000A00000000	0x0000000000000000	0x0000000000000000
1010411	0x0000003200000000	0x0000000000000000	0x0000000000000000	0x0000000000000000
1010412	0x0000000000000000	0x0000000000000000	0x0000000500000000	0x0000000000000000
1010413	0x0000000000000000	0x0000000000000000	0x0000000000000000	0x0000000500000000
1010414	0x0000003200000000	0x0000000000000000	0x0000000000000000	0x0000000000000000
1010415	0x0000000000000000	0x0000000A00000000	0x0000000000000000	0x0000000000000000
1010416	0x0000003200000000	0x0000000000000000	0x0000000000000000	0x0000000000000000
1010417	0x0000000000000000	0x0000000000000000	0x0000000500000000	0x0000000000000000
1010418	0x0000000000000000	0x0000000000000000	0x0000000000000000	0x0000000500000000
1010419	0x0000003200000000	0x0000000000000000	0x0000000000000000	0x0000000000000000
1010420	0x0000000000000000	0x0000000A00000000	0x0000000000000000	0x0000000000000000
1010421	0x0000003200000000	0x0000000000000000	0x0000000000000000	0x0000000000000000
1010422	0x0000000000000000	0x0000000000000000	0x0000000500000000	0x0000000000000000
1010423	0x0000000000000000	0x0000000000000000	0x0000000000000000	0x0000000500000000
1010424	0x0000003200000000	0x0000000000000000	0x0000000000000000	0x0000000000000000
1010425	0x0000000000000000	0x0000000A00000000	0x0000000000000000	0x0000000000000000
1010426	0x0000003200000000	0x0000000000000000	0x0000000000000000	0x0000000000000000
1010427	0x0000000000000000	0x0000000000000000	0x0000000500000000	0x0000000000000000
1010428	0x0000000000000000	0x0000000000000000	0x0000000000000000	0x0000000500000000
1010429	0x0000003200000000	0x0000000000000000	0x0000000000000000	0x0000000000000000
1010430	0x0000000000000000	0x0000000A00000000	0x0000000000000000	0x0000000000000000
1010431	0x0000003200000000	0x0000000000000000	0x0000000000000000	0x0000000000000000
1010432	0x0000000000000000	0x0000000000000000	0x0000000500000000	0x0000000000000000
1010433	0x0000000000000000	0x0000000000000000	0x0000000000000000	0x0000000500000000
1010434	0x0000003200000000	0x0000000000000000	0x0000000000000000	0x0000000000000000
1010435	0x0000000000000000	0x0000000A00000000	0x0000000000000000	0x0000000000000000
1010436	0x0000003200000000	0x0000000000000000	0x0000000000000000	0x0000000000000000
1010437	0x0000000000000000	0x0000000000000000	0x0000000500000000	0x0000000000000000
1010438	0x0000000000000000	0x0000000000000000	0x0000000000000000	0x0000000500000000
1010439	0x0000003200000000	0x0000000000000000	0x0000000000000000	0x0000000000000000
1010440	0x0000000000000000	0x0000000A00000000	0x0000000000000000	0x0000000000000000
1010441	0x0000003200000000	0x0000000000000000	0x0000000000000000	0x0000000000000000
1010442	0x0000000000000000	0x0000000000000000	0x0000000500000000	0x0000000000000000
1010443	0x0000000000000000	0x0000000000000000	0x0000000000000000	0x0000000500000000
1010444	0x0000003200000000	0x0000000000000000	0x0000000000000000	0x0000000000000000
1010445	0x0000000000000000	0x0000000A00000000	0x0000000000000000	0x0000000000000000
1010446	0x0000003200000000	0x0000000000000000	0x0000000000000000	0x0000000000000000
1010447	0x0000000000000000	0x0000000000000000	0x0000000500000000	0x0000000000000000
1010448	0x0000000000000000	0x0000000000000000	0x0000000000000000	0x0000000500000000
1010449	0x0000003200000000	0x0000000000000000	0x0000000000000000	0x0000000000000000
1010450	0x0000000000000000	0x0000000A00000000	0x0000000000000000	0x0000000000000000
1010451	0x0000003200000000	0x0000000000000000	0x0000000000000000	0x0000000000000000
1010452	0x0000000000000000	0x0000000000000000	0x0000000500000000	0x0000000000000000
1010453	0x0000000000000000	0x0000000000000000	0x0000000000000000	0x0000000500000000
1010454	0x0000003200000000	0x0000000000000000	0x0000000000000000	0x0000000000000000
1010455	0x0000000000000000	0x0000000A00000000	0x0000000000000000	0x0000000000000000
1010456	0x0000003200000000	0x0000000000000000	0x0000000000000000	0x0000000000000000
1010457	0x0000000000000000	0x0000000000000000	0x0000000500000000	0x0000000000000000
1010458	0x0000000000000000	0x0000000000000000	0x0000000000000000	0x0000000500000000
1010459	0x0000003200000000	0x0000000000000000	0x0000000000000000	0x0000000000000000
1090310	0x0000000000000000	0x0000000A00000000	0x0000000000000000	0x0000000000000000
1090311	0x0000003200000000	0x0000000000000000	0x0000000000000000	0x0000000000000000
1090312	0x0000000000000000	0x0000000000000000	0x0000000500000000	0x0000000000000000
1090313	0x0000000000000000	0x0000000000000000	0x0000000000000000	0x0000000500000000
1090314	0x0000003200000000	0x0000000000000000	0x0000000000000000	0x0000000000000000
1090315	0x0000000000000000	0x0000000A00000000	0x0000000000000000	0x0000000000000000
1090316	0x0000003200000000	0x0000000000000000	0x0000000000000000	0x0000000000000000
1090317	0x0000000000000000	0x0000000000000000	0x0000000500000000	0x0000000000000000
1090318	0x0000000000000000	0x0000000000000000	0x0000000000000000	0x0000000500000000
1090319	0x0000003200000000	0x0000000000000000	0x0000000000000000	0x0000000000000000
1090320	0x0000000000000000	0x0000000A00000000	0x0000000000000000	0x0000000000000000
1090321	0x0000003200000000	0x0000000000000000	0x0000000000000000	0x0000000000000000
1090322	0x0000000000000000	0x0000000000000000	0x0000000500000000	0x0000000000000000
1090323	0x0000000000000000	0x0000000000000000	0x0000000000000000	0x0000000500000000
1090324	0x0000003200000000	0x0000000000000000	0x0000000000000000	0x0000000000000000
1090325	0x0000000000000000	0x0000000A00000000	0x0000000000000000	0x0000000000000000
1090326	0x0000003200000000	0x0000000000000000	0x0000000000000000	0x0000000000000000
1090327	0x0000000000000000	0x0000000000000000	0x0000000500000000	0x0000000000000000
1090328	0x0000000000000000	0x0000000000000000	0x0000000000000000	0x0000000500000000
1090329	0x0000003200000000	0x0000000000000000	0x0000000000000000	0x0000000000000000
1090330	0x0000000000000000	0x0000000A00000000	0x0000000000000000	0x0000000000000000
1090331	0x0000003200000000	0x0000000000000000	0x0000000000000000	0x0000000000000000
1090332	0x0000000000000000	0x0000000000000000	0x0000000500000000	0x0000000000000000
1090333	0x0000000000000000	0x0000000000000000	0x0000000000000000	0x0000000500000000
1090334	0x0000003200000000	0x0000000000000000	0x0000000000000000	0x0000000000000000
1090335	0x0000000000000000	0x0000000A00000000	0x0000000000000000	0x0000000000000000
1090336	0x0000003200000000	0x0000000000000000	0x0000000000000000	0x0000000000000000
1090337	0x0000000000000000	0x0000000000000000	0x0000000500000000	0x0000000000000000
1090338	0x0000000000000000	0x0000000000000000	0x0000000000000000	0x0000000500000000
1090339	0x0000003200000000	0x0000000000000000	0x0000000000000000	0x0000000000000000
1090340	0x0000000000000000	0x0000000A00000000	0x0000000000000000	0x0000000000000000
1090341	0x0000003200000000	0x0000000000000000	0x0000000000000000	0x0000000000000000
1090342	0x0000000000000000	0x0000000000000000	0x0000000500000000	0x0000000000000000
1090343	0x0000000000000000	0x0000000000000000	0x0000000000000000	0x0000000500000000
1090344	0x0000003200000000	0x0000000000000000	0x0000000000000000	0x0000000000000000
1090345	0x0000000000000000	0x0000000A00000000	0x0000000000000000	0x0000000000000000
1090346	0x0000003200000000	0x0000000000000000	0x0000000000000000	0x0000000000000000
1090347	0x0000000000000000	0x0000000000000000	0x0000000500000000	0x0000000000000000
1090348	0x0000000000000000	0x0000000000000000	0x0000000000000000	0x0000000500000000
1090349	0x0000003200000000	0x0000000000000000	0x0000000000000000	0x0000000000000000
1090350	0x0000000000000000	0x0000000A00000000	0x0000000000000000	0x0000000000000000
1090351	0x0000003200000000	0x0000000000000000	0x0000000000000000	0x0000000000000000
1090352	0x0000000000000000	0x0000000000000000	0x0000000500000000	0x0000000000000000
1090353	0x0000000000000000	0x0000000000000000	0x0000000000000000	0x0000000500000000
1090354	0x0000003200000000	0x0000000000000000	0x0000000000000000	0x0000000000000000
1090355	0x0000000000000000	0x0000000A00000000	0x0000000000000000	0x0000000000000000
1090356	0x0000003200000000	0x0000000000000000	0x0000000000000000	0x0000000000000000
1090357	0x0000000000000000	0x0000000000000000	0x0000000500000000	0x0000000000000000
1090358	0x0000000000000000	0x0000000000000000	0x0000000000000000	0x0000000500000000
1090359	0x0000003200000000	0x0000000000000000	0x0000000000000000	0x0000000000000000
1020510	0x0000000000000000	0x0000000A00000000	0x0000000000000000	0x0000000000000000
1020511	0x0000003200000000	0x0000000000000000	0x0000000000000000	0x0000000000000000
1020512	0x0000000000000000	0x0000000000000000	0x0000000500000000	0x0000000000000000
1020513	0x0000000000000000	0x0000000000000000	0x0000000000000000	0x0000000500000000
1020514	0x0000003200000000	0x0000000000000000	0x0000000000000000	0x0000000000000000
1020515	0x0000000000000000	0x0000000A00000000	0x0000000000000000	0x0000000000000000
1020516	0x0000003200000000	0x0000000000000000	0x0000000000000000	0x0000000000000000
1020517	0x0000000000000000	0x0000000000000000	0x0000000500000000	0x0000000000000000
1020518	0x0000000000000000	0x0000000000000000	0x0000000000000000	0x0000000500000000
1020519	0x0000003200000000	0x0000000000000000	0x0000000000000000	0x0000000000000000
1020520	0x0000000000000000	0x0000000A00000000	0x0000000000000000	0x0000000000000000
1020521	0x0000003200000000	0x0000000000000000	0x0000000000000000	0x0000000000000000
1020522	0x0000000000000000	0x0000000000000000	0x0000000500000000	0x0000000000000000
1020523	0x0000000000000000	0x0000000000000000	0x0000000000000000	0x0000000500000000
1020524	0x0000003200000000	0x0000000000000000	0x0000000000000000	0x0000000000000000
1020525	0x0000000000000000	0x0000000A00000000	0x0000000000000000	0x0000000000000000
1020526	0x0000003200000000	0x0000000000000000	0x0000000000000000	0x0000000000000000
1020527	0x0000000000000000	0x0000000000000000	0x0000000500000000	0x0000000000000000
1020528	0x0000000000000000	0x0000000000000000	0x0000000000000000	0x0000000500000000
1020529	0x0000003200000000	0x0000000000000000	0x0000000000000000	0x0000000000000000
1020530	0x0000000000000000	0x0000000A00000000	0x0000000000000000	0x0000000000000000
1020531	0x0000003200000000	0x0000000000000000	0x0000000000000000	0x0000000000000000
1020532	0x0000000000000000	0x0000000000000000	0x0000000500000000	0x0000000000000000
1020533	0x0000000000000000	0x0000000000000000	0x0000000000000000	0x0000000500000000
1020534	0x0000003200000000	0x0000000000000000	0x0000000000000000	0x0000000000000000
1020535	0x0000000000000000	0x0000000A00000000	0x0000000000000000	0x0000000000000000
1020536	0x0000003200000000	0x0000000000000000	0x0000000000000000	0x0000000000000000
1020537	0x0000000000000000	0x0000000000000000	0x0000000500000000	0x0000000000000000
1020538	0x0000000000000000	0x0000000000000000	0x0000000000000000	0x0000000500000000
1020539	0x0000003200000000	0x0000000000000000	0x0000000000000000	0x0000000000000000
1020540	0x0000000000000000	0x0000000A00000000	0x0000000000000000	0x0000000000000000
1020541	0x0000003200000000	0x0000000000000000	0x0000000000000000	0x0000000000000000
1020542	0x0000000000000000	0x0000000000000000	0x0000000500000000	0x0000000000000000
1020543	0x0000000000000000	0x0000000000000000	0x0000000000000000	0x0000000500000000
1020544	0x0000003200000000	0x0000000000000000	0x0000000000000000	0x0000000000000000
1020545	0x0000000000000000	0x0000000A00000000	0x0000000000000000	0x0000000000000000
1020546	0x0000003200000000	0x0000000000000000	0x0000000000000000	0x0000000000000000
1020547	0x0000000000000000	0x0000000000000000	0x0000000500000000	0x0000000000000000
1020548	0x0000000000000000	0x0000000000000000	0x0000000000000000	0x0000000500000000
1020549	0x0000003200000000	0x0000000000000000	0x0000000000000000	0x0000000000000000
1020550	0x0000000000000000	0x0000000A00000000	0x0000000000000000	0x0000000000000000
1020551	0x0000003200000000	0x0000000000000000	0x0000000000000000	0x0000000000000000
1020552	0x0000000000000000	0x0000000000000000	0x0000000500000000	0x0000000000000000
1020553	0x0000000000000000	0x0000000000000000	0x0000000000000000	0x0000000500000000
1020554	0x0000003200000000	0x0000000000000000	0x0000000000000000	0x0000000000000000
1020555	0x0000000000000000	0x0000000A00000000	0x0000000000000000	0x0000000000000000
1020556	0x0000003200000000	0x0000000000000000	0x0000000000000000	0x0000000000000000
1020557	0x0000000000000000	0x0000000000000000	0x0000000500000000	0x0000000000000000
1020558	0x0000000000000000	0x0000000000000000	0x0000000000000000	0x0000000500000000
1020559	0x0000003200000000	0x0000000000000000	0x0000000000000000	0x0000000000000000
1240210	0x0000000000000000	0x0000000A00000000	0x0000000000000000	0x0000000000000000
1240211	0x0000003200000000	0x0000000000000000	0x0000000000000000	0x0000000000000000
1240212	0x0000000000000000	0x0000000000000000	0x0000000500000000	0x0000000000000000
1240213	0x0000000000000000	0x0000000000000000	0x0000000000000000	0x0000000500000000
1240214	0x0000003200000000	0x0000000000000000	0x0000000000000000	0x0000000000000000
1240215	0x0000000000000000	0x0000000A00000000	0x0000000000000000	0x0000000000000000
1240216	0x0000003200000000	0x0000000000000000	0x0000000000000000	0x0000000000000000
1240217	0x0000000000000000	0x0000000000000000	0x0000000500000000	0x0000000000000000
1240218	0x0000000000000000	0x0000000000000000	0x0000000000000000	0x0000000500000000
1240219	0x0000003200000000	0x0000000000000000	0x0000000000000000	0x0000000000000000
1240220	0x0000000000000000	0x0000000A00000000	0x0000000000000000	0x0000000000000000
1240221	0x0000003200000000	0x0000000000000000	0x0000000000000000	0x0000000000000000
1240222	0x0000000000000000	0x0000000000000000	0x0000000500000000	0x0000000000000000
1240223	0x0000000000000000	0x0000000000000000	0x0000000000000000	0x0000000500000000
1240224	0x0000003200000000	0x0000000000000000	0x0000000000000000	0x0000000000000000
1240225	0x0000000000000000	0x0000000A00000000	0x0000000000000000	0x0000000000000000
1240226	0x0000003200000000	0x0000000000000000	0x0000000000000000	0x0000000000000000
1240227	0x0000000000000000	0x0000000000000000	0x0000000500000000	0x0000000000000000
1240228	0x0000000000000000	0x0000000000000000	0x0000000000000000	0x0000000500000000
1240229	0x0000003200000000	0x0000000000000000	0x0000000000000000	0x0000000000000000
1240230	0x0000000000000000	0x0000000A00000000	0x0000000000000000	0x0000000000000000
1240231	0x0000003200000000	0x0000000000000000	0x0000000000000000	0x0000000000000000
1240232	0x0000000000000000	0x0000000000000000	0x0000000500000000	0x0000000000000000
1240233	0x0000000000000000	0x0000000000000000	0x0000000000000000	0x0000000500000000
1240234	0x0000003200000000	0x0000000000000000	0x0000000000000000	0x0000000000000000
1240235	0x0000000000000000	0x0000000A00000000	0x0000000000000000	0x0000000000000000
1240236	0x0000003200000000	0x0000000000000000	0x0000000000000000	0x0000000000000000
1240237	0x0000000000000000	0x0000000000000000	0x0000000500000000	0x0000000000000000
1240238	0x0000000000000000	0x0000000000000000	0x0000000000000000	0x0000000500000000
1240239	0x0000003200000000	0x0000000000000000	0x0000000000000000	0x0000000000000000
1240240	0x0000000000000000	0x0000000A00000000	0x0000000000000000	0x0000000000000000
1240241	0x0000003200000000	0x0000000000000000	0x0000000000000000	0x0000000000000000
1240242	0x0000000000000000	0x0000000000000000	0x0000000500000000	0x0000000000000000
1240243	0x0000000000000000	0x0000000000000000	0x0000000000000000	0x0000000500000000
1240244	0x0000003200000000	0x0000000000000000	0x0000000000000000	0x0000000000000000
1240245	0x0000000000000000	0x0000000A00000000	0x0000000000000000	0x0000000000000000
1240246	0x0000003200000000	0x0000000000000000	0x0000000000000000	0x0000000000000000
1240247	0x0000000000000000	0x0000000000000000	0x0000000500000000	0x0000000000000000
1240248	0x0000000000000000	0x0000000000000000	0x0000000000000000	0x0000000500000000
1240249	0x0000003200000000	0x0000000000000000	0x0000000000000000	0x0000000000000000
1240250	0x0000000000000000	0x0000000A00000000	0x0000000000000000	0x0000000000000000
1240251	0x0000003200000000	0x0000000000000000	0x0000000000000000	0x0000000000000000
1240252	0x0000000000000000	0x0000000000000000	0x0000000500000000	0x0000000000000000
1240253	0x0000000000000000	0x0000000000000000	0x0000000000000000	0x0000000500000000
1240254	0x0000003200000000	0x0000000000000000	0x0000000000000000	0x0000000000000000
1240255	0x0000000000000000	0x0000000A00000000	0x0000000000000000	0x0000000000000000
1240256	0x0000003200000000	0x0000000000000000	0x0000000000000000	0x0000000000000000
1240257	0x0000000000000000	0x0000000000000000	0x0000000500000000	0x0000000000000000
1240258	0x0000000000000000	0x0000000000000000	0x0000000000000000	0x0000000500000000
1240259	0x0000003200000000	0x0000000000000000	0x0000000000000000	0x0000000000000000
1220310	0x0000000000000000	0x0000000A00000000	0x0000000000000000	0x0000000000000000
1220311	0x0000003200000000	0x0000000000000000	0x0000000000000000	0x0000000000000000
1220312	0x0000000000000000	0x0000000000000000	0x0000000500000000	0x0000000000000000
1220313	0x0000000000000000	0x0000000000000000	0x0000000000000000	0x0000000500000000
1220314	0x0000003200000000	0x0000000000000000	0x0000000000000000	0x0000000000000000
1220315	0x0000000000000000	0x0000000A00000000	0x0000000000000000	0x0000000000000000
1220316	0x0000003200000000	0x0000000000000000	0x0000000000000000	0x0000000000000000
1220317	0x0000000000000000	0x0000000000000000	0x0000000500000000	0x0000000000000000
1220318	0x0000000000000000	0x0000000000000000	0x0000000000000000	0x0000000500000000
1220319	0x0000003200000000	0x0000000000000000	0x0000000000000000	0x0000000000000000
1220320	0x0000000000000000	0x0000000A00000000	0x0000000000000000	0x0000000000000000
1220321	0x0000003200000000	0x0000000000000000	0x0000000000000000	0x0000000000000000
1220322	0x0000000000000000	0x0000000000000000	0x0000000500000000	0x0000000000000000
1220323	0x0000000000000000	0x0000000000000000	0x0000000000000000	0x0000000500000000
1220324	0x0000003200000000	0x0000000000000000	0x0000000000000000	0x0000000000000000
1220325	0x0000000000000000	0x0000000A00000000	0x0000000000000000	0x0000000000000000
1220326	0x0000003200000000	0x0000000000000000	0x0000000000000000	0x0000000000000000
1220327	0x0000000000000000	0x0000000000000000	0x0000000500000000	0x0000000000000000
1220328	0x0000000000000000	0x0000000000000000	0x0000000000000000	0x0000000500000000
1220329	0x0000003200000000	0x0000000000000000	0x0000000000000000	0x0000000000000000
1220330	0x0000000000000000	0x0000000A00000000	0x0000000000000000	0x0000000000000000
1220331	0x0000003200000000	0x0000000000000000	0x0000000000000000	0x0000000000000000
1220332	0x0000000000000000	0x0000000000000000	0x0000000500000000	0x0000000000000000
1220333	0x0000000000000000	0x0000000000000000	0x0000000000000000	0x0000000500000000
1220334	0x0000003200000000	0x0000000000000000	0x0000000000000000	0x0000000000000000
1220335	0x0000000000000000	0x0000000A00000000	0x0000000000000000	0x0000000000000000
1220336	0x0000003200000000	0x0000000000000000	0x0000000000000000	0x0000000000000000
1220337	0x0000000000000000	0x0000000000000000	0x0000000500000000	0x0000000000000000
1220338	0x0000000000000000	0x0000000000000000	0x0000000000000000	0x0000000500000000
1220339	0x0000003200000000	0x0000000000000000	0x0000000000000000	0x0000000000000000
1220340	0x0000000000000000	0x0000000A00000000	0x0000000000000000	0x0000000000000000
1220341	0x0000003200000000	0x0000000000000000	0x0000000000000000	0x0000000000000000
1220342	0x0000000000000000	0x0000000000000000	0x0000000500000000	0x0000000000000000
1220343	0x0000000000000000	0x0000000000000000	0x0000000000000000	0x0000000500000000
1220344	0x0000003200000000	0x0000000000000000	0x0000000000000000	0x0000000000000000
1220345	0x0000000000000000	0x0000000A00000000	0x0000000000000000	0x0000000000000000
1220346	0x0000003200000000	0x0000000000000000	0x0000000000000000	0x0000000000000000
1220347	0x0000000000000000	0x0000000000000000	0x0000000500000000	0x0000000000000000
1220348	0x0000000000000000	0x0000000000000000	0x0000000000000000	0x0000000500000000
1220349	0x0000003200000000	0x0000000000000000	0x0000000000000000	0x0000000000000000
1220350	0x0000000000000000	0x0000000A00000000	0x0000000000000000	0x0000000000000000
1220351	0x0000003200000000	0x0000000000000000	0x0000000000000000	0x0000000000000000
1220352	0x0000000000000000	0x0000000000000000	0x0000000500000000	0x0000000000000000
1220353	0x0000000000000000	0x0000000000000000	0x0000000000000000	0x0000000500000000
1220354	0x0000003200000000	0x0000000000000000	0x0000000000000000	0x0000000000000000
1220355	0x0000000000000000	0x0000000A00000000	0x0000000000000000	0x0000000000000000
1220356	0x0000003200000000	0x0000000000000000	0x0000000000000000	0x0000000000000000
1220357	0x0000000000000000	0x0000000000000000	0x0000000500000000	0x0000000000000000
1220358	0x0000000000000000	0x0000000000000000	0x0000000000000000	0x0000000500000000
1220359	0x0000003200000000	0x0000000000000000	0x0000000000000000	0x0000000000000000
1250210	0x0000000000000000	0x0000000A00000000	0x0000000000000000	0x0000000000000000
1250211	0x0000003200000000	0x0000000000000000	0x0000000000000000	0x0000000000000000
1250212	0x0000000000000000	0x0000000000000000	0x0000000500000000	0x0000000000000000
1250213	0x0000000000000000	0x0000000000000000	0x0000000000000000	0x0000000500000000
1250214	0x0000003200000000	0x0000000000000000	0x0000000000000000	0x0000000000000000
1250215	0x0000000000000000	0x0000000A00000000	0x0000000000000000	0x0000000000000000
1250216	0x0000003200000000	0x0000000000000000	0x0000000000000000	0x0000000000000000
1250217	0x0000000000000000	0x0000000000000000	0x0000000500000000	0x0000000000000000
1250218	0x0000000000000000	0x0000000000000000	0x0000000000000000	0x0000000500000000
1250219	0x0000003200000000	0x0000000000000000	0x0000000000000000	0x0000000000000000
1250220	0x0000000000000000	0x0000000A00000000	0x0000000000000000	0x0000000000000000
1250221	0x0000003200000000	0x0000000000000000	0x0000000000000000	0x0000000000000000
1250222	0x0000000000000000	0x0000000000000000	0x0000000500000000	0x0000000000000000
1250223	0x0000000000000000	0x0000000000000000	0x0000000000000000	0x0000000500000000
1250224	0x0000003200000000	0x0000000000000000	0x0000000000000000	0x0000000000000000
1250225	0x0000000000000000	0x0000000A00000000	0x0000000000000000	0x0000000000000000
1250226	0x0000003200000000	0x0000000000000000	0x0000000000000000	0x0000000000000000
1250227	0x0000000000000000	0x0000000000000000	0x0000000500000000	0x0000000000000000
1250228	0x0000000000000000	0x0000000000000000	0x0000000000000000	0x0000000500000000
1250229	0x0000003200000000	0x0000000000000000	0x0000000000000000	0x0000000000000000
1250230	0x0000000000000000	0x0000000A00000000	0x0000000000000000	0x0000000000000000
1250231	0x0000003200000000	0x0000000000000000	0x0000000000000000	0x0000000000000000
1250232	0x0000000000000000	0x0000000000000000	0x0000000500000000	0x0000000000000000
1250233	0x0000000000000000	0x0000000000000000	0x0000000000000000	0x0000000500000000
1250234	0x0000003200000000	0x0000000000000000	0x0000000000000000	0x0000000000000000
1250235	0x0000000000000000	0x0000000A00000000	0x0000000000000000	0x0000000000000000
1250236	0x0000003200000000	0x0000000000000000	0x0000000000000000	0x0000000000000000
1250237	0x0000000000000000	0x0000000000000000	0x0000000500000000	0x0000000000000000
1250238	0x0000000000000000	0x0000000000000000	0x0000000000000000	0x0000000500000000
1250239	0x0000003200000000	0x0000000000000000	0x0000000000000000	0x0000000000000000
1250240	0x0000000000000000	0x0000000A00000000	0x0000000000000000	0x0000000000000000
1250241	0x0000003200000000	0x0000000000000000	0x0000000000000000	0x0000000000000000
1250242	0x0000000000000000	0x0000000000000000	0x0000000500000000	0x0000000000000000
1250243	0x0000000000000000	0x0000000000000000	0x0000000000000000	0x0000000500000000
1250244	0x0000003200000000	0x0000000000000000	0x0000000000000000	0x0000000000000000
1250245	0x0000000000000000	0x0000000A00000000	0x0000000000000000	0x0000000000000000
1250246	0x0000003200000000	0x0000000000000000	0x0000000000000000	0x0000000000000000
1250247	0x0000000000000000	0x0000000000000000	0x0000000500000000	0x0000000000000000
1250248	0x0000000000000000	0x0000000000000000	0x0000000000000000	0x0000000500000000
1250249	0x0000003200000000	0x0000000000000000	0x0000000000000000	0x0000000000000000
1250250	0x0000000000000000	0x0000000A00000000	0x0000000000000000	0x0000000000000000
1250251	0x0000003200000000	0x0000000000000000	0x0000000000000000	0x0000000000000000
1250252	0x0000000000000000	0x0000000000000000	0x0000000500000000	0x0000000000000000
1250253	0x0000000000000000	0x0000000000000000	0x0000000000000000	0x0000000500000000
1250254	0x0000003200000000	0x0000000000000000	0x0000000000000000	0x0000000000000000
1250255	0x0000000000000000	0x0000000A00000000	0x0000000000000000	0x0000000000000000
1250256	0x0000003200000000	0x0000000000000000	0x0000000000000000	0x0000000000000000
1250257	0x0000000000000000	0x0000000000000000	0x0000000500000000	0x0000000000000000
1250258	0x0000000000000000	0x0000000000000000	0x0000000000000000	0x0000000500000000
1250259	0x0000003200000000	0x0000000000000000	0x0000000000000000	0x0000000000000000
1260310	0x0000000000000000	0x0000000A00000000	0x0000000000000000	0x0000000000000000
1260311	0x0000003200000000	0x0000000000000000	0x0000000000000000	0x0000000000000000
1260312	0x0000000000000000	0x0000000000000000	0x0000000500000000	0x0000000000000000
1260313	0x0000000000000000	0x0000000000000000	0x0000000000000000	0x0000000500000000
1260314	0x0000003200000000	0x0000000000000000	0x0000000000000000	0x0000000000000000
1260315	0x0000000000000000	0x0000000A00000000	0x0000000000000000	0x0000000000000000
1260316	0x0000003200000000	0x0000000000000000	0x0000000000000000	0x0000000000000000
1260317	0x0000000000000000	0x0000000000000000	0x0000000500000000	0x0000000000000000
1260318	0x0000000000000000	0x0000000000000000	0x0000000000000000	0x0000000500000000
1260319	0x0000003200000000	0x0000000000000000	0x0000000000000000	0x0000000000000000
1260320	0x0000000000000000	0x0000000A00000000	0x0000000000000000	0x0000000000000000
1260321	0x0000003200000000	0x0000000000000000	0x0000000000000000	0x0000000000000000
1260322	0x0000000000000000	0x0000000000000000	0x0000000500000000	0x0000000000000000
1260323	0x0000000000000000	0x0000000000000000	0x0000000000000000	0x0000000500000000
1260324	0x0000003200000000	0x0000000000000000	0x0000000000000000	0x0000000000000000
1260325	0x0000000000000000	0x0000000A00000000	0x0000000000000000	0x0000000000000000
1260326	0x0000003200000000	0x0000000000000000	0x0000000000000000	0x0000000000000000
1260327	0x0000000000000000	0x0000000000000000	0x0000000500000000	0x0000000000000000
1260328	0x0000000000000000	0x0000000000000000	0x0000000000000000	0x0000000500000000
1260329	0x0000003200000000	0x0000000000000000	0x0000000000000000	0x0000000000000000
1260330	0x0000000000000000	0x0000000A00000000	0x0000000000000000	0x0000000000000000
1260331	0x0000003200000000	0x0000000000000000	0x0000000000000000	0x0000000000000000
1260332	0x0000000000000000	0x0000000000000000	0x0000000500000000	0x0000000000000000
1260333	0x0000000000000000	0x0000000000000000	0x0000000000000000	0x0000000500000000
1260334	0x0000003200000000	0x0000000000000000	0x0000000000000000	0x0000000000000000
1260335	0x0000000000000000	0x0000000A00000000	0x0000000000000000	0x0000000000000000
1260336	0x0000003200000000	0x0000000000000000	0x0000000000000000	0x0000000000000000
1260337	0x0000000000000000	0x0000000000000000	0x0000000500000000	0x0000000000000000
1260338	0x0000000000000000	0x0000000000000000	0x0000000000000000	0x0000000500000000
1260339	0x0000003200000000	0x0000000000000000	0x0000000000000000	0x0000000000000000
1260340	0x0000000000000000	0x0000000A00000000	0x0000000000000000	0x0000000000000000
1260341	0x0000003200000000	0x0000000000000000	0x0000000000000000	0x0000000000000000
1260342	0x0000000000000000	0x0000000000000000	0x0000000500000000	0x0000000000000000
1260343	0x0000000000000000	0x0000000000000000	0x0000000000000000	0x0000000500000000
1260344	0x0000003200000000	0x0000000000000000	0x0000000000000000	0x0000000000000000
1260345	0x0000000000000000	0x0000000A00000000	0x0000000000000000	0x0000000000000000
1260346	0x0000003200000000	0x0000000000000000	0x0000000000000000	0x0000000000000000
1260347	0x0000000000000000	0x0000000000000000	0x0000000500000000	0x0000000000000000
1260348	0x0000000000000000	0x0000000000000000	0x0000000000000000	0x0000000500000000
1260349	0x0000003200000000	0x0000000000000000	0x0000000000000000	0x0000000000000000
1260350	0x0000000000000000	0x0000000A00000000	0x0000000000000000	0x0000000000000000
1260351	0x0000003200000000	0x0000000000000000	0x0000000000000000	0x0000000000000000
1260352	0x0000000000000000	0x0000000000000000	0x0000000500000000	0x0000000000000000
1260353	0x0000000000000000	0x0000000000000000	0x0000000000000000	0x0000000500000000
1260354	0x0000003200000000	0x0000000000000000	0x0000000000000000	0x0000000000000000
1260355	0x0000000000000000	0x0000000A00000000	0x0000000000000000	0x0000000000000000
1260356	0x0000003200000000	0x0000000000000000	0x0000000000000000	0x0000000000000000
1260357	0x0000000000000000	0x0000000000000000	0x0000000500000000	0x0000000000000000
1260358	0x0000000000000000	0x0000000000000000	0x0000000000000000	0x0000000500000000
1260359	0x0000003200000000	0x0000000000000000	0x0000000000000000	0x0000000000000000
1270310	0x0000000000000000	0x0000000A00000000	0x0000000000000000	0x0000000000000000
1270311	0x0000003200000000	0x0000000000000000	0x0000000000000000	0x0000000000000000
1270312	0x0000000000000000	0x0000000000000000	0x0000000500000000	0x0000000000000000
1270313	0x0000000000000000	0x0000000000000000	0x0000000000000000	0x0000000500000000
1270314	0x0000003200000000	0x0000000000000000	0x0000000000000000	0x0000000000000000
1270315	0x0000000000000000	0x0000000A00000000	0x0000000000000000	0x0000000000000000
1270316	0x0000003200000000	0x0000000000000000	0x0000000000000000	0x0000000000000000
1270317	0x0000000000000000	0x0000000000000000	0x0000000500000000	0x0000000000000000
1270318	0x0000000000000000	0x0000000000000000	0x0000000000000000	0x0000000500000000
1270319	0x0000003200000000	0x0000000000000000	0x0000000000000000	0x0000000000000000
1270320	0x0000000000000000	0x0000000A00000000	0x0000000000000000	0x0000000000000000
1270321	0x0000003200000000	0x0000000000000000	0x0000000000000000	0x0000000000000000
1270322	0x0000000000000000	0x0000000000000000	0x0000000500000000	0x0000000000000000
1270323	0x0000000000000000	0x0000000000000000	0x0000000000000000	0x0000000500000000
1270324	0x0000003200000000	0x0000000000000000	0x0000000000000000	0x0000000000000000
1270325	0x0000000000000000	0x0000000A00000000	0x0000000000000000	0x0000000000000000
1270326	0x0000003200000000	0x0000000000000000	0x0000000000000000	0x0000000000000000
1270327	0x0000000000000000	0x0000000000000000	0x0000000500000000	0x0000000000000000
1270328	0x0000000000000000	0x0000000000000000	0x0000000000000000	0x0000000500000000
1270329	0x0000003200000000	0x0000000000000000	0x0000000000000000	0x0000000000000000
1270330	0x0000000000000000	0x0000000A00000000	0x0000000000000000	0x0000000000000000
1270331	0x0000003200000000	0x0000000000000000	0x0000000000000000	0x0000000000000000
1270332	0x0000000000000000	0x0000000000000000	0x0000000500000000	0x0000000000000000
1270333	0x0000000000000000	0x0000000000000000	0x0000000000000000	0x0000000500000000
1270334	0x0000003200000000	0x0000000000000000	0x0000000000000000	0x0000000000000000
1270335	0x0000000000000000	0x0000000A00000000	0x0000000000000000	0x0000000000000000
1270336	0x0000003200000000	0x0000000000000000	0x0000000000000000	0x0000000000000000
1270337	0x0000000000000000	0x0000000000000000	0x0000000500000000	0x0000000000000000
1270338	0x0000000000000000	0x0000000000000000	0x0000000000000000	0x0000000500000000
1270339	0x0000003200000000	0x0000000000000000	0x0000000000000000	0x0000000000000000
1270340	0x0000000000000000	0x0000000A00000000	0x0000000000000000	0x0000000000000000
1270341	0x0000003200000000	0x0000000000000000	0x0000000000000000	0x0000000000000000
1270342	0x0000000000000000	0x0000000000000000	0x0000000500000000	0x0000000000000000
1270343	0x0000000000000000	0x0000000000000000	0x0000000000000000	0x0000000500000000
1270344	0x0000003200000000	0x0000000000000000	0x0000000000000000	0x0000000000000000
1270345	0x0000000000000000	0x0000000A00000000	0x0000000000000000	0x0000000000000000
1270346	0x0000003200000000	0x0000000000000000	0x0000000000000000	0x0000000000000000
1270347	0x0000000000000000	0x0000000000000000	0x0000000500000000	0x0000000000000000
1270348	0x0000000000000000	0x0000000000000000	0x0000000000000000	0x0000000500000000
1270349	0x0000003200000000	0x0000000000000000	0x0000000000000000	0x0000000000000000
1270350	0x0000000000000000	0x0000000A00000000	0x0000000000000000	0x0000000000000000
1270351	0x0000003200000000	0x0000000000000000	0x0000000000000000	0x0000000000000000
1270352	0x0000000000000000	0x0000000000000000	0x0000000500000000	0x0000000000000000
1270353	0x0000000000000000	0x0000000000000000	0x0000000000000000	0x0000000500000000
1270354	0x0000003200000000	0x0000000000000000	0x0000000000000000	0x0000000000000000
1270355	0x0000000000000000	0x0000000A00000000	0x0000000000000000	0x0000000000000000
1270356	0x0000003200000000	0x0000000000000000	0x0000000000000000	0x0000000000000000
1270357	0x0000000000000000	0x0000000000000000	0x0000000500000000	0x0000000000000000
1270358	0x0000000000000000	0x0000000000000000	0x0000000000000000	0x0000000500000000
1270359	0x0000003200000000	0x0000000000000000	0x0000000000000000	0x0000000000000000
1280210	0x0000000000000000	0x0000000A00000000	0x0000000000000000	0x0000000000000000
1280211	0x0000003200000000	0x0000000000000000	0x0000000000000000	0x0000000000000000
1280212	0x0000000000000000	0x0000000000000000	0x0000000500000000	0x0000000000000000
1280213	0x0000000000000000	0x0000000000000000	0x0000000000000000	0x0000000500000000
1280214	0x0000003200000000	0x0000000000000000	0x0000000000000000	0x0000000000000000
1280215	0x0000000000000000	0x0000000A00000000	0x0000000000000000	0x0000000000000000
1280216	0x0000003200000000	0x0000000000000000	0x0000000000000000	0x0000000000000000
1280217	0x0000000000000000	0x0000000000000000	0x0000000500000000	0x0000000000000000
1280218	0x0000000000000000	0x0000000000000000	0x0000000000000000	0x0000000500000000
1280219	0x0000003200000000	0x0000000000000000	0x0000000000000000	0x0000000000000000
1280220	0x0000000000000000	0x0000000A00000000	0x0000000000000000	0x0000000000000000
1280221	0x0000003200000000	0x0000000000000000	0x0000000000000000	0x0000000000000000
1280222	0x0000000000000000	0x0000000000000000	0x0000000500000000	0x0000000000000000
1280223	0x0000000000000000	0x0000000000000000	0x0000000000000000	0x0000000500000000
1280224	0x0000003200000000	0x0000000000000000	0x0000000000000000	0x0000000000000000
1280225	0x0000000000000000	0x0000000A00000000	0x0000000000000000	0x0000000000000000
1280226	0x0000003200000000	0x0000000000000000	0x0000000000000000	0x0000000000000000
1280227	0x0000000000000000	0x0000000000000000	0x0000000500000000	0x0000000000000000
1280228	0x0000000000000000	0x0000000000000000	0x0000000000000000	0x0000000500000000
1280229	0x0000003200000000	0x0000000000000000	0x0000000000000000	0x0000000000000000
1280230	0x0000000000000000	0x0000000A00000000	0x0000000000000000	0x0000000000000000
1280231	0x0000003200000000	0x0000000000000000	0x0000000000000000	0x0000000000000000
1280232	0x0000000000000000	0x0000000000000000	0x0000000500000000	0x0000000000000000
1280233	0x0000000000000000	0x0000000000000000	0x0000000000000000	0x0000000500000000
1280234	0x0000003200000000	0x0000000000000000	0x0000000000000000	0x0000000000000000
1280235	0x0000000000000000	0x0000000A00000000	0x0000000000000000	0x0000000000000000
1280236	0x0000003200000000	0x0000000000000000	0x0000000000000000	0x0000000000000000
1280237	0x0000000000000000	0x0000000000000000	0x0000000500000000	0x0000000000000000
1280238	0x0000000000000000	0x0000000000000000	0x0000000000000000	0x0000000500000000
1280239	0x0000003200000000	0x0000000000000000	0x0000000000000000	0x0000000000000000
1280240	0x0000000000000000	0x0000000A00000000	0x0000000000000000	0x0000000000000000
1280241	0x0000003200000000	0x0000000000000000	0x0000000000000000	0x0000000000000000
1280242	0x0000000000000000	0x0000000000000000	0x0000000500000000	0x0000000000000000
1280243	0x0000000000000000	0x0000000000000000	0x0000000000000000	0x0000000500000000
1280244	0x0000003200000000	0x0000000000000000	0x0000000000000000	0x0000000000000000
1280245	0x0000000000000000	0x0000000A00000000	0x0000000000000000	0x0000000000000000
1280246	0x0000003200000000	0x0000000000000000	0x0000000000000000	0x0000000000000000
1280247	0x0000000000000000	0x0000000000000000	0x0000000500000000	0x0000000000000000
1280248	0x0000000000000000	0x0000000000000000	0x0000000000000000	0x0000000500000000
1280249	0x0000003200000000	0x0000000000000000	0x0000000000000000	0x0000000000000000
1280250	0x0000000000000000	0x0000000A00000000	0x0000000000000000	0x0000000000000000
1280251	0x0000003200000000	0x0000000000000000	0x0000000000000000	0x0000000000000000
1280252	0x0000000000000000	0x0000000000000000	0x0000000500000000	0x0000000000000000
1280253	0x0000000000000000	0x0000000000000000	0x0000000000000000	0x0000000500000000
1280254	0x0000003200000000	0x0000000000000000	0x0000000000000000	0x0000000000000000
1280255	0x0000000000000000	0x0000000A00000000	0x0000000000000000	0x0000000000000000
1280256	0x0000003200000000	0x0000000000000000	0x0000000000000000	0x0000000000000000
1280257	0x0000000000000000	0x0000000000000000	0x0000000500000000	0x0000000000000000
1280258	0x0000000000000000	0x0000000000000000	0x0000000000000000	0x0000000500000000
1280259	0x0000003200000000	0x0000000000000000	0x0000000000000000	0x0000000000000000
1080410	0x0000000000000000	0x0000000A00000000	0x0000000000000000	0x0000000000000000
1080411	0x0000003200000000	0x0000000000000000	0x0000000000000000	0x0000000000000000
1080412	0x0000000000000000	0x0000000000000000	0x0000000500000000	0x0000000000000000
1080413	0x0000000000000000	0x0000000000000000	0x0000000000000000	0x0000000500000000
1080414	0x0000003200000000	0x0000000000000000	0x0000000000000000	0x0000000000000000
1080415	0x0000000000000000	0x0000000A00000000	0x0000000000000000	0x0000000000000000
1080416	0x0000003200000000	0x0000000000000000	0x0000000000000000	0x0000000000000000
1080417	0x0000000000000000	0x0000000000000000	0x0000000500000000	0x0000000000000000
1080418	0x0000000000000000	0x0000000000000000	0x0000000000000000	0x0000000500000000
1080419	0x0000003200000000	0x0000000000000000	0x0000000000000000	0x0000000000000000
1080420	0x0000000000000000	0x0000000A00000000	0x0000000000000000	0x0000000000000000
1080421	0x0000003200000000	0x0000000000000000	0x0000000000000000	0x0000000000000000
1080422	0x0000000000000000	0x0000000000000000	0x0000000500000000	0x0000000000000000
1080423	0x0000000000000000	0x0000000000000000	0x0000000000000000	0x0000000500000000
1080424	0x0000003200000000	0x0000000000000000	0x0000000000000000	0x0000000000000000
1080425	0x0000000000000000	0x0000000A00000000	0x0000000000000000	0x0000000000000000
1080426	0x0000003200000000	0x0000000000000000	0x0000000000000000	0x0000000000000000
1080427	0x0000000000000000	0x0000000000000000	0x0000000500000000	0x0000000000000000
1080428	0x0000000000000000	0x0000000000000000	0x0000000000000000	0x0000000500000000
1080429	0x0000003200000000	0x0000000000000000	0x0000000000000000	0x0000000000000000
1080430	0x0000000000000000	0x0000000A00000000	0x0000000000000000	0x0000000000000000
1080431	0x0000003200000000	0x0000000000000000	0x0000000000000000	0x0000000000000000
1080432	0x0000000000000000	0x0000000000000000	0x0000000500000000	0x0000000000000000
1080433	0x0000000000000000	0x0000000000000000	0x0000000000000000	0x0000000500000000
1080434	0x0000003200000000	0x0000000000000000	0x0000000000000000	0x0000000000000000
1080435	0x0000000000000000	0x0000000A00000000	0x0000000000000000	0x0000000000000000
1080436	0x0000003200000000	0x0000000000000000	0x0000000000000000	0x0000000000000000
1080437	0x0000000000000000	0x0000000000000000	0x0000000500000000	0x0000000000000000
1080438	0x0000000000000000	0x0000000000000000	0x0000000000000000	0x0000000500000000
1080439	0x0000003200000000	0x0000000000000000	0x0000000000000000	0x0000000000000000
1080440	0x0000000000000000	0x0000000A00000000	0x0000000000000000	0x0000000000000000
1080441	0x0000003200000000	0x0000000000000000	0x0000000000000000	0x0000000000000000
1080442	0x0000000000000000	0x0000000000000000	0x0000000500000000	0x0000000000000000
1080443	0x0000000000000000	0x0000000000000000	0x0000000000000000	0x0000000500000000
1080444	0x0000003200000000	0x0000000000000000	0x0000000000000000	0x0000000000000000
1080445	0x0000000000000000	0x0000000A00000000	0x0000000000000000	0x0000000000000000
1080446	0x0000003200000000	0x0000000000000000	0x0000000000000000	0x0000000000000000
1080447	0x0000000000000000	0x0000000000000000	0x0000000500000000	0x0000000000000000
1080448	0x0000000000000000	0x0000000000000000	0x0000000000000000	0x0000000500000000
1080449	0x0000003200000000	0x0000000000000000	0x0000000000000000	0x0000000000000000
1080450	0x0000000000000000	0x0000000A00000000	0x0000000000000000	0x0000000000000000
1080451	0x0000003200000000	0x0000000000000000	0x0000000000000000	0x0000000000000000
1080452	0x0000000000000000	0x0000000000000000	0x0000000500000000	0x0000000000000000
1080453	0x0000000000000000	0x0000000000000000	0x0000000000000000	0x0000000500000000
1080454	0x0000003200000000	0x0000000000000000	0x0000000000000000	0x0000000000000000
1080455	0x0000000000000000	0x0000000A00000000	0x0000000000000000	0x0000000000000000
1080456	0x0000003200000000	0x0000000000000000	0x0000000000000000	0x0000000000000000
1080457	0x0000000000000000	0x0000000000000000	0x0000000500000000	0x0000000000000000
1080458	0x0000000000000000	0x0000000000000000	0x0000000000000000	0x0000000500000000
1080459	0x0000003200000000	0x0000000000000000	0x0000000000000000	0x0000000000000000
1520410	0x0000000000000000	0x0000000A00000000	0x0000000000000000	0x0000000000000000
1520411	0x0000003200000000	0x0000000000000000	0x0000000000000000	0x0000000000000000
1520412	0x0000000000000000	0x0000000000000000	0x0000000500000000	0x0000000000000000
1520413	0x0000000000000000	0x0000000000000000	0x0000000000000000	0x0000000500000000
1520414	0x0000003200000000	0x0000000000000000	0x0000000000000000	0x0000000000000000
1520415	0x0000000000000000	0x0000000A00000000	0x0000000000000000	0x0000000000000000
1520416	0x0000003200000000	0x0000000000000000	0x0000000000000000	0x0000000000000000
1520417	0x0000000000000000	0x0000000000000000	0x0000000500000000	0x0000000000000000
1520418	0x0000000000000000	0x0000000000000000	0x0000000000000000	0x0000000500000000
1520419	0x0000003200000000	0x0000000000000000	0x0000000000000000	0x0000000000000000
1520420	0x0000000000000000	0x0000000A00000000	0x0000000000000000	0x0000000000000000
1520421	0x0000003200000000	0x0000000000000000	0x0000000000000000	0x0000000000000000
1520422	0x0000000000000000	0x0000000000000000	0x0000000500000000	0x0000000000000000
1520423	0x0000000000000000	0x0000000000000000	0x0000000000000000	0x0000000500000000
1520424	0x0000003200000000	0x0000000000000000	0x0000000000000000	0x0000000000000000
1520425	0x0000000000000000	0x0000000A00000000	0x0000000000000000	0x0000000000000000
1520426	0x0000003200000000	0x0000000000000000	0x0000000000000000	0x0000000000000000
1520427	0x0000000000000000	0x0000000000000000	0x0000000500000000	0x0000000000000000
1520428	0x0000000000000000	0x0000000000000000	0x0000000000000000	0x0000000500000000
1520429	0x0000003200000000	0x0000000000000000	0x0000000000000000	0x0000000000000000
1520430	0x0000000000000000	0x0000000A00000000	0x0000000000000000	0x0000000000000000
1520431	0x0000003200000000	0x0000000000000000	0x0000000000000000	0x0000000000000000
1520432	0x0000000000000000	0x0000000000000000	0x0000000500000000	0x0000000000000000
1520433	0x0000000000000000	0x0000000000000000	0x0000000000000000	0x0000000500000000
1520434	0x0000003200000000	0x0000000000000000	0x0000000000000000	0x0000000000000000
1520435	0x0000000000000000	0x0000000A00000000	0x0000000000000000	0x0000000000000000
1520436	0x0000003200000000	0x0000000000000000	0x0000000000000000	0x0000000000000000
1520437	0x0000000000000000	0x0000000000000000	0x0000000500000000	0x0000000000000000
1520438	0x0000000000000000	0x0000000000000000	0x0000000000000000	0x0000000500000000
1520439	0x0000003200000000	0x0000000000000000	0x0000000000000000	0x0000000000000000
1520440	0x0000000000000000	0x0000000A00000000	0x0000000000000000	0x0000000000000000
1520441	0x0000003200000000	0x0000000000000000	0x0000000000000000	0x0000000000000000
1520442	0x0000000000000000	0x0000000000000000	0x0000000500000000	0x0000000000000000
1520443	0x0000000000000000	0x0000000000000000	0x0000000000000000	0x0000000500000000
1520444	0x0000003200000000	0x0000000000000000	0x0000000000000000	0x0000000000000000
1520445	0x0000000000000000	0x0000000A00000000	0x0000000000000000	0x0000000000000000
1520446	0x0000003200000000	0x0000000000000000	0x0000000000000000	0x0000000000000000
1520447	0x0000000000000000	0x0000000000000000	0x0000000500000000	0x0000000000000000
1520448	0x0000000000000000	0x0000000000000000	0x0000000000000000	0x0000000500000000
1520449	0x0000003200000000	0x0000000000000000	0x0000000000000000	0x0000000000000000
1520450	0x0000000000000000	0x0000000A00000000	0x0000000000000000	0x0000000000000000
1520451	0x0000003200000000	0x0000000000000000	0x0000000000000000	0x0000000000000000
1520452	0x0000000000000000	0x0000000000000000	0x0000000500000000	0x0000000000000000
1520453	0x0000000000000000	0x0000000000000000	0x0000000000000000	0x0000000500000000
1520454	0x0000003200000000	0x0000000000000000	0x0000000000000000	0x0000000000000000
1520455	0x0000000000000000	0x0000000A00000000	0x0000000000000000	0x0000000000000000
1520456	0x0000003200000000	0x0000000000000000	0x0000000000000000	0x0000000000000000
1520457	0x0000000000000000	0x0000000000000000	0x0000000500000000	0x0000000000000000
1520458	0x0000000000000000	0x0000000000000000	0x0000000000000000	0x0000000500000000
1520459	0x0000003200000000	0x0000000000000000	0x0000000000000000	0x0000000000000000
1290210	0x0000000000000000	0x0000000A00000000	0x0000000000000000	0x0000000000000000
1290211	0x0000003200000000	0x0000000000000000	0x0000000000000000	0x0000000000000000
1290212	0x0000000000000000	0x0000000000000000	0x0000000500000000	0x0000000000000000
1290213	0x0000000000000000	0x0000000000000000	0x0000000000000000	0x0000000500000000
1290214	0x0000003200000000	0x0000000000000000	0x0000000000000000	0x0000000000000000
1290215	0x0000000000000000	0x0000000A00000000	0x0000000000000000	0x0000000000000000
1290216	0x0000003200000000	0x0000000000000000	0x0000000000000000	0x0000000000000000
1290217	0x0000000000000000	0x0000000000000000	0x0000000500000000	0x0000000000000000
1290218	0x0000000000000000	0x0000000000000000	0x0000000000000000	0x0000000500000000
1290219	0x0000003200000000	0x0000000000000000	0x0000000000000000	0x0000000000000000
1290220	0x0000000000000000	0x0000000A00000000	0x0000000000000000	0x0000000000000000
1290221	0x0000003200000000	0x0000000000000000	0x0000000000000000	0x0000000000000000
1290222	0x0000000000000000	0x0000000000000000	0x0000000500000000	0x0000000000000000
1290223	0x0000000000000000	0x0000000000000000	0x0000000000000000	0x0000000500000000
1290224	0x0000003200000000	0x0000000000000000	0x0000000000000000	0x0000000000000000
1290225	0x0000000000000000	0x0000000A00000000	0x0000000000000000	0x0000000000000000
1290226	0x0000003200000000	0x0000000000000000	0x0000000000000000	0x0000000000000000
1290227	0x0000000000000000	0x0000000000000000	0x0000000500000000	0x0000000000000000
1290228	0x0000000000000000	0x0000000000000000	0x0000000000000000	0x0000000500000000
1290229	0x0000003200000000	0x0000000000000000	0x0000000000000000	0x0000000000000000
1290230	0x0000000000000000	0x0000000A00000000	0x0000000000000000	0x0000000000000000
1290231	0x0000003200000000	0x0000000000000000	0x0000000000000000	0x0000000000000000
1290232	0x0000000000000000	0x0000000000000000	0x0000000500000000	0x0000000000000000
1290233	0x0000000000000000	0x0000000000000000	0x0000000000000000	0x0000000500000000
1290234	0x0000003200000000	0x0000000000000000	0x0000000000000000	0x0000000000000000
1290235	0x0000000000000000	0x0000000A00000000	0x0000000000000000	0x0000000000000000
1290236	0x0000003200000000	0x0000000000000000	0x0000000000000000	0x0000000000000000
1290237	0x0000000000000000	0x0000000000000000	0x0000000500000000	0x0000000000000000
1290238	0x0000000000000000	0x0000000000000000	0x0000000000000000	0x0000000500000000
1290239	0x0000003200000000	0x0000000000000000	0x0000000000000000	0x0000000000000000
1290240	0x0000000000000000	0x0000000A00000000	0x0000000000000000	0x0000000000000000
1290241	0x0000003200000000	0x0000000000000000	0x0000000000000000	0x0000000000000000
1290242	0x0000000000000000	0x0000000000000000	0x0000000500000000	0x0000000000000000
1290243	0x0000000000000000	0x0000000000000000	0x0000000000000000	0x0000000500000000
1290244	0x0000003200000000	0x0000000000000000	0x0000000000000000	0x0000000000000000
1290245	0x0000000000000000	0x0000000A00000000	0x0000000000000000	0x0000000000000000
1290246	0x0000003200000000	0x0000000000000000	0x0000000000000000	0x0000000000000000
1290247	0x0000000000000000	0x0000000000000000	0x0000000500000000	0x0000000000000000
1290248	0x0000000000000000	0x0000000000000000	0x0000000000000000	0x0000000500000000
1290249	0x0000003200000000	0x0000000000000000	0x0000000000000000	0x0000000000000000
1290250	0x0000000000000000	0x0000000A00000000	0x0000000000000000	0x0000000000000000
1290251	0x0000003200000000	0x0000000000000000	0x0000000000000000	0x0000000000000000
1290252	0x0000000000000000	0x0000000000000000	0x0000000500000000	0x0000000000000000
1290253	0x0000000000000000	0x0000000000000000	0x0000000000000000	0x0000000500000000
1290254	0x0000003200000000	0x0000000000000000	0x0000000000000000	0x0000000000000000
1290255	0x0000000000000000	0x0000000A00000000	0x0000000000000000	0x0000000000000000
1290256	0x0000003200000000	0x0000000000000000	0x0000000000000000	0x0000000000000000
1290257	0x0000000000000000	0x0000000000000000	0x0000000500000000	0x0000000000000000
1290258	0x0000000000000000	0x0000000000000000	0x0000000000000000	0x0000000500000000
1290259	0x0000003200000000	0x0000000000000000	0x0000000000000000	0x0000000000000000
1170410	0x0000000000000000	0x0000000A00000000	0x0000000000000000	0x0000000000000000
1170411	0x0000003200000000	0x0000000000000000	0x0000000000000000	0x0000000000000000
1170412	0x0000000000000000	0x0000000000000000	0x0000000500000000	0x0000000000000000
1170413	0x0000000000000000	0x0000000000000000	0x0000000000000000	0x0000000500000000
1170414	0x0000003200000000	0x0000000000000000	0x0000000000000000	0x0000000000000000
1170415	0x0000000000000000	0x0000000A00000000	0x0000000000000000	0x0000000000000000
1170416	0x0000003200000000	0x0000000000000000	0x0000000000000000	0x0000000000000000
1170417	0x0000000000000000	0x0000000000000000	0x0000000500000000	0x0000000000000000
1170418	0x0000000000000000	0x0000000000000000	0x0000000000000000	0x0000000500000000
1170419	0x0000003200000000	0x0000000000000000	0x0000000000000000	0x0000000000000000
1170420	0x0000000000000000	0x0000000A00000000	0x0000000000000000	0x0000000000000000
1170421	0x0000003200000000	0x0000000000000000	0x0000000000000000	0x0000000000000000
1170422	0x0000000000000000	0x0000000000000000	0x0000000500000000	0x0000000000000000
1170423	0x0000000000000000	0x0000000000000000	0x0000000000000000	0x0000000500000000
1170424	0x0000003200000000	0x0000000000000000	0x0000000000000000	0x0000000000000000
1170425	0x0000000000000000	0x0000000A00000000	0x0000000000000000	0x0000000000000000
1170426	0x0000003200000000	0x0000000000000000	0x0000000000000000	0x0000000000000000
1170427	0x0000000000000000	0x0000000000000000	0x0000000500000000	0x0000000000000000
1170428	0x0000000000000000	0x0000000000000000	0x0000000000000000	0x0000000500000000
1170429	0x0000003200000000	0x0000000000000000	0x0000000000000000	0x0000000000000000
1170430	0x0000000000000000	0x0000000A00000000	0x0000000000000000	0x0000000000000000
1170431	0x0000003200000000	0x0000000000000000	0x0000000000000000	0x0000000000000000
1170432	0x0000000000000000	0x0000000000000000	0x0000000500000000	0x0000000000000000
1170433	0x0000000000000000	0x0000000000000000	0x0000000000000000	0x0000000500000000
1170434	0x0000003200000000	0x0000000000000000	0x0000000000000000	0x0000000000000000
1170435	0x0000000000000000	0x0000000A00000000	0x0000000000000000	0x0000000000000000
1170436	0x0000003200000000	0x0000000000000000	0x0000000000000000	0x0000000000000000
1170437	0x0000000000000000	0x0000000000000000	0x0000000500000000	0x0000000000000000
1170438	0x0000000000000000	0x0000000000000000	0x0000000000000000	0x0000000500000000
1170439	0x0000003200000000	0x0000000000000000	0x0000000000000000	0x0000000000000000
1170440	0x0000000000000000	0x0000000A00000000	0x0000000000000000	0x0000000000000000
1170441	0x0000003200000000	0x0000000000000000	0x0000000000000000	0x0000000000000000
1170442	0x0000000000000000	0x0000000000000000	0x0000000500000000	0x0000000000000000
1170443	0x0000000000000000	0x0000000000000000	0x0000000000000000	0x0000000500000000
1170444	0x0000003200000000	0x0000000000000000	0x0000000000000000	0x0000000000000000
1170445	0x0000000000000000	0x0000000A00000000	0x0000000000000000	0x0000000000000000
1170446	0x0000003200000000	0x0000000000000000	0x0000000000000000	0x0000000000000000
1170447	0x0000000000000000	0x0000000000000000	0x0000000500000000	0x0000000000000000
1170448	0x0000000000000000	0x0000000000000000	0x0000000000000000	0x0000000500000000
1170449	0x0000003200000000	0x0000000000000000	0x0000000000000000	0x0000000000000000
1170450	0x0000000000000000	0x0000000A00000000	0x0000000000000000	0x0000000000000000
1170451	0x0000003200000000	0x0000000000000000	0x0000000000000000	0x0000000000000000
1170452	0x0000000000000000	0x0000000000000000	0x0000000500000000	0x0000000000000000
1170453	0x0000000000000000	0x0000000000000000	0x0000000000000000	0x0000000500000000
1170454	0x0000003200000000	0x0000000000000000	0x0000000000000000	0x0000000000000000
1170455	0x0000000000000000	0x0000000A00000000	0x0000000000000000	0x0000000000000000
1170456	0x0000003200000000	0x0000000000000000	0x0000000000000000	0x0000000000000000
1170457	0x0000000000000000	0x0000000000000000	0x0000000500000000	0x0000000000000000
1170458	0x0000000000000000	0x0000000000000000	0x0000000000000000	0x0000000500000000
1170459	0x0000003200000000	0x0000000000000000	0x0000000000000000	0x0000000000000000
1300210	0x0000000000000000	0x0000000A00000000	0x0000000000000000	0x0000000000000000
1300211	0x0000003200000000	0x0000000000000000	0x0000000000000000	0x0000000000000000
1300212	0x0000000000000000	0x0000000000000000	0x0000000500000000	0x0000000000000000
1300213	0x0000000000000000	0x0000000000000000	0x0000000000000000	0x0000000500000000
1300214	0x0000003200000000	0x0000000000000000	0x0000000000000000	0x0000000000000000
1300215	0x0000000000000000	0x0000000A00000000	0x0000000000000000	0x0000000000000000
1300216	0x0000003200000000	0x0000000000000000	0x0000000000000000	0x0000000000000000
1300217	0x0000000000000000	0x0000000000000000	0x0000000500000000	0x0000000000000000
1300218	0x0000000000000000	0x0000000000000000	0x0000000000000000	0x0000000500000000
1300219	0x0000003200000000	0x0000000000000000	0x0000000000000000	0x0000000000000000
1300220	0x0000000000000000	0x0000000A00000000	0x0000000000000000	0x0000000000000000
1300221	0x0000003200000000	0x0000000000000000	0x0000000000000000	0x0000000000000000
1300222	0x0000000000000000	0x0000000000000000	0x0000000500000000	0x0000000000000000
1300223	0x0000000000000000	0x0000000000000000	0x0000000000000000	0x0000000500000000
1300224	0x0000003200000000	0x0000000000000000	0x0000000000000000	0x0000000000000000
1300225	0x0000000000000000	0x0000000A00000000	0x0000000000000000	0x0000000000000000
1300226	0x0000003200000000	0x0000000000000000	0x0000000000000000	0x0000000000000000
1300227	0x0000000000000000	0x0000000000000000	0x0000000500000000	0x0000000000000000
1300228	0x0000000000000000	0x0000000000000000	0x0000000000000000	0x0000000500000000
1300229	0x0000003200000000	0x0000000000000000	0x0000000000000000	0x0000000000000000
1300230	0x0000000000000000	0x0000000A00000000	0x0000000000000000	0x0000000000000000
1300231	0x0000003200000000	0x0000000000000000	0x0000000000000000	0x0000000000000000
1300232	0x0000000000000000	0x0000000000000000	0x0000000500000000	0x0000000000000000
1300233	0x0000000000000000	0x0000000000000000	0x0000000000000000	0x0000000500000000
1300234	0x0000003200000000	0x0000000000000000	0x0000000000000000	0x0000000000000000
1300235	0x0000000000000000	0x0000000A00000000	0x0000000000000000	0x0000000000000000
1300236	0x0000003200000000	0x0000000000000000	0x0000000000000000	0x0000000000000000
1300237	0x0000000000000000	0x0000000000000000	0x0000000500000000	0x0000000000000000
1300238	0x0000000000000000	0x0000000000000000	0x0000000000000000	0x0000000500000000
1300239	0x0000003200000000	0x0000000000000000	0x0000000000000000	0x0000000000000000
1300240	0x0000000000000000	0x0000000A00000000	0x0000000000000000	0x0000000000000000
1300241	0x0000003200000000	0x0000000000000000	0x0000000000000000	0x0000000000000000
1300242	0x0000000000000000	0x0000000000000000	0x0000000500000000	0x0000000000000000
1300243	0x0000000000000000	0x0000000000000000	0x0000000000000000	0x0000000500000000
1300244	0x0000003200000000	0x0000000000000000	0x0000000000000000	0x0000000000000000
1300245	0x0000000000000000	0x0000000A00000000	0x0000000000000000	0x0000000000000000
1300246	0x0000003200000000	0x0000000000000000	0x0000000000000000	0x0000000000000000
1300247	0x0000000000000000	0x0000000000000000	0x0000000500000000	0x0000000000000000
1300248	0x0000000000000000	0x0000000000000000	0x0000000000000000	0x0000000500000000
1300249	0x0000003200000000	0x0000000000000000	0x0000000000000000	0x0000000000000000
1300250	0x0000000000000000	0x0000000A00000000	0x0000000000000000	0x0000000000000000
1300251	0x0000003200000000	0x0000000000000000	0x0000000000000000	0x0000000000000000
1300252	0x0000000000000000	0x0000000000000000	0x0000000500000000	0x0000000000000000
1300253	0x0000000000000000	0x0000000000000000	0x0000000000000000	0x0000000500000000
1300254	0x0000003200000000	0x0000000000000000	0x0000000000000000	0x0000000000000000
1300255	0x0000000000000000	0x0000000A00000000	0x0000000000000000	0x0000000000000000
1300256	0x0000003200000000	0x0000000000000000	0x0000000000000000	0x0000000000000000
1300257	0x0000000000000000	0x0000000000000000	0x0000000500000000	0x0000000000000000
1300258	0x0000000000000000	0x0000000000000000	0x0000000000000000	0x0000000500000000
1300259	0x0000003200000000	0x0000000000000000	0x0000000000000000	0x0000000000000000
1240310	0x0000000000000000	0x0000000A00000000	0x0000000000000000	0x0000000000000000
1240311	0x0000003200000000	0x0000000000000000	0x0000000000000000	0x0000000000000000
1240312	0x0000000000000000	0x0000000000000000	0x0000000500000000	0x0000000000000000
1240313	0x0000000000000000	0x0000000000000000	0x0000000000000000	0x0000000500000000
1240314	0x0000003200000000	0x0000000000000000	0x0000000000000000	0x0000000000000000
1240315	0x0000000000000000	0x0000000A00000000	0x0000000000000000	0x0000000000000000
1240316	0x0000003200000000	0x0000000000000000	0x0000000000000000	0x0000000000000000
1240317	0x0000000000000000	0x0000000000000000	0x0000000500000000	0x0000000000000000
1240318	0x0000000000000000	0x0000000000000000	0x0000000000000000	0x0000000500000000
1240319	0x0000003200000000	0x0000000000000000	0x0000000000000000	0x0000000000000000
1240320	0x0000000000000000	0x0000000A00000000	0x0000000000000000	0x0000000000000000
1240321	0x0000003200000000	0x0000000000000000	0x0000000000000000	0x0000000000000000
1240322	0x0000000000000000	0x0000000000000000	0x0000000500000000	0x0000000000000000
1240323	0x0000000000000000	0x0000000000000000	0x0000000000000000	0x0000000500000000
1240324	0x0000003200000000	0x0000000000000000	0x0000000000000000	0x0000000000000000
1240325	0x0000000000000000	0x0000000A00000000	0x0000000000000000	0x0000000000000000
1240326	0x0000003200000000	0x0000000000000000	0x0000000000000000	0x0000000000000000
1240327	0x0000000000000000	0x0000000000000000	0x0000000500000000	0x0000000000000000
1240328	0x0000000000000000	0x0000000000000000	0x0000000000000000	0x0000000500000000
1240329	0x0000003200000000	0x0000000000000000	0x0000000000000000	0x0000000000000000
1240330	0x0000000000000000	0x0000000A00000000	0x0000000000000000	0x0000000000000000
1240331	0x0000003200000000	0x0000000000000000	0x0000000000000000	0x0000000000000000
1240332	0x0000000000000000	0x0000000000000000	0x0000000500000000	0x0000000000000000
1240333	0x0000000000000000	0x0000000000000000	0x0000000000000000	0x0000000500000000
1240334	0x0000003200000000	0x0000000000000000	0x0000000000000000	0x0000000000000000
1240335	0x0000000000000000	0x0000000A00000000	0x0000000000000000	0x0000000000000000
1240336	0x0000003200000000	0x0000000000000000	0x0000000000000000	0x0000000000000000
1240337	0x0000000000000000	0x0000000000000000	0x0000000500000000	0x0000000000000000
1240338	0x0000000000000000	0x0000000000000000	0x0000000000000000	0x0000000500000000
1240339	0x0000003200000000	0x0000000000000000	0x0000000000000000	0x0000000000000000
1240340	0x0000000000000000	0x0000000A00000000	0x0000000000000000	0x0000000000000000
1240341	0x0000003200000000	0x0000000000000000	0x0000000000000000	0x0000000000000000
1240342	0x0000000000000000	0x0000000000000000	0x0000000500000000	0x0000000000000000
1240343	0x0000000000000000	0x0000000000000000	0x0000000000000000	0x0000000500000000
1240344	0x0000003200000000	0x0000000000000000	0x0000000000000000	0x0000000000000000
1240345	0x0000000000000000	0x0000000A00000000	0x0000000000000000	0x0000000000000000
1240346	0x0000003200000000	0x0000000000000000	0x0000000000000000	0x0000000000000000
1240347	0x0000000000000000	0x0000000000000000	0x0000000500000000	0x0000000000000000
1240348	0x0000000000000000	0x0000000000000000	0x0000000000000000	0x0000000500000000
1240349	0x0000003200000000	0x0000000000000000	0x0000000000000000	0x0000000000000000
1240350	0x0000000000000000	0x0000000A00000000	0x0000000000000000	0x0000000000000000
1240351	0x0000003200000000	0x0000000000000000	0x0000000000000000	0x0000000000000000
1240352	0x0000000000000000	0x0000000000000000	0x0000000500000000	0x0000000000000000
1240353	0x0000000000000000	0x0000000000000000	0x0000000000000000	0x0000000500000000
1240354	0x0000003200000000	0x0000000000000000	0x0000000000000000	0x0000000000000000
1240355	0x0000000000000000	0x0000000A00000000	0x0000000000000000	0x0000000000000000
1240356	0x0000003200000000	0x0000000000000000	0x0000000000000000	0x0000000000000000
1240357	0x0000000000000000	0x0000000000000000	0x0000000500000000	0x0000000000000000
1240358	0x0000000000000000	0x0000000000000000	0x0000000000000000	0x0000000500000000
1240359	0x0000003200000000	0x0000000000000000	0x0000000000000000	0x0000000000000000
1210310	0x0000000000000000	0x0000000A00000000	0x0000000000000000	0x0000000000000000
1210311	0x0000003200000000	0x0000000000000000	0x0000000000000000	0x0000000000000000
1210312	0x0000000000000000	0x0000000000000000	0x0000000500000000	0x0000000000000000
1210313	0x0000000000000000	0x0000000000000000	0x0000000000000000	0x0000000500000000
1210314	0x0000003200000000	0x0000000000000000	0x0000000000000000	0x0000000000000000
1210315	0x0000000000000000	0x0000000A00000000	0x0000000000000000	0x0000000000000000
1210316	0x0000003200000000	0x0000000000000000	0x0000000000000000	0x0000000000000000
1210317	0x0000000000000000	0x0000000000000000	0x0000000500000000	0x0000000000000000
1210318	0x0000000000000000	0x0000000000000000	0x0000000000000000	0x0000000500000000
1210319	0x0000003200000000	0x0000000000000000	0x0000000000000000	0x0000000000000000
1210320	0x0000000000000000	0x0000000A00000000	0x0000000000000000	0x0000000000000000
1210321	0x0000003200000000	0x0000000000000000	0x0000000000000000	0x0000000000000000
1210322	0x0000000000000000	0x0000000000000000	0x0000000500000000	0x0000000000000000
1210323	0x0000000000000000	0x0000000000000000	0x0000000000000000	0x0000000500000000
1210324	0x0000003200000000	0x0000000000000000	0x0000000000000000	0x0000000000000000
1210325	0x0000000000000000	0x0000000A00000000	0x0000000000000000	0x0000000000000000
1210326	0x0000003200000000	0x0000000000000000	0x0000000000000000	0x0000000000000000
1210327	0x0000000000000000	0x0000000000000000	0x0000000500000000	0x0000000000000000
1210328	0x0000000000000000	0x0000000000000000	0x0000000000000000	0x0000000500000000
1210329	0x0000003200000000	0x0000000000000000	0x0000000000000000	0x0000000000000000
1210330	0x0000000000000000	0x0000000A00000000	0x0000000000000000	0x0000000000000000
1210331	0x0000003200000000	0x0000000000000000	0x0000000000000000	0x0000000000000000
1210332	0x0000000000000000	0x0000000000000000	0x0000000500000000	0x0000000000000000
1210333	0x0000000000000000	0x0000000000000000	0x0000000000000000	0x0000000500000000
1210334	0x0000003200000000	0x0000000000000000	0x0000000000000000	0x0000000000000000
1210335	0x0000000000000000	0x0000000A00000000	0x0000000000000000	0x0000000000000000
1210336	0x0000003200000000	0x0000000000000000	0x0000000000000000	0x0000000000000000
1210337	0x0000000000000000	0x0000000000000000	0x0000000500000000	0x0000000000000000
1210338	0x0000000000000000	0x0000000000000000	0x0000000000000000	0x0000000500000000
1210339	0x0000003200000000	0x0000000000000000	0x0000000000000000	0x0000000000000000
1210340	0x0000000000000000	0x0000000A00000000	0x0000000000000000	0x0000000000000000
1210341	0x0000003200000000	0x0000000000000000	0x0000000000000000	0x0000000000000000
1210342	0x0000000000000000	0x0000000000000000	0x0000000500000000	0x0000000000000000
1210343	0x0000000000000000	0x0000000000000000	0x0000000000000000	0x0000000500000000
1210344	0x0000003200000000	0x0000000000000000	0x0000000000000000	0x0000000000000000
1210345	0x0000000000000000	0x0000000A00000000	0x0000000000000000	0x0000000000000000
1210346	0x0000003200000000	0x0000000000000000	0x0000000000000000	0x0000000000000000
1210347	0x0000000000000000	0x0000000000000000	0x0000000500000000	0x0000000000000000
1210348	0x0000000000000000	0x0000000000000000	0x0000000000000000	0x0000000500000000
1210349	0x0000003200000000	0x0000000000000000	0x0000000000000000	0x0000000000000000
1210350	0x0000000000000000	0x0000000A00000000	0x0000000000000000	0x0000000000000000
1210351	0x0000003200000000	0x0000000000000000	0x0000000000000000	0x0000000000000000
1210352	0x0000000000000000	0x0000000000000000	0x0000000500000000	0x0000000000000000
1210353	0x0000000000000000	0x0000000000000000	0x0000000000000000	0x0000000500000000
1210354	0x0000003200000000	0x0000000000000000	0x0000000000000000	0x0000000000000000
1210355	0x0000000000000000	0x0000000A00000000	0x0000000000000000	0x0000000000000000
1210356	0x0000003200000000	0x0000000000000000	0x0000000000000000	0x0000000000000000
1210357	0x0000000000000000	0x0000000000000000	0x0000000500000000	0x0000000000000000
1210358	0x0000000000000000	0x0000000000000000	0x0000000000000000	0x0000000500000000
1210359	0x0000003200000000	0x0000000000000000	0x0000000000000000	0x0000000000000000
1020610	0x0000000000000000	0x0000000A00000000	0x0000000000000000	0x0000000000000000
1020611	0x0000003200000000	0x0000000000000000	0x0000000000000000	0x0000000000000000
1020612	0x0000000000000000	0x0000000000000000	0x0000000500000000	0x0000000000000000
1020613	0x0000000000000000	0x0000000000000000	0x0000000000000000	0x0000000500000000
1020614	0x0000003200000000	0x0000000000000000	0x0000000000000000	0x0000000000000000
1020615	0x0000000000000000	0x0000000A00000000	0x0000000000000000	0x0000000000000000
1020616	0x0000003200000000	0x0000000000000000	0x0000000000000000	0x0000000000000000
1020617	0x0000000000000000	0x0000000000000000	0x0000000500000000	0x0000000000000000
1020618	0x0000000000000000	0x0000000000000000	0x0000000000000000	0x0000000500000000
1020619	0x0000003200000000	0x0000000000000000	0x0000000000000000	0x0000000000000000
1020620	0x0000000000000000	0x0000000A00000000	0x0000000000000000	0x0000000000000000
1020621	0x0000003200000000	0x0000000000000000	0x0000000000000000	0x0000000000000000
1020622	0x0000000000000000	0x0000000000000000	0x0000000500000000	0x0000000000000000
1020623	0x0000000000000000	0x0000000000000000	0x0000000000000000	0x0000000500000000
1020624	0x0000003200000000	0x0000000000000000	0x0000000000000000	0x0000000000000000
1020625	0x0000000000000000	0x0000000A00000000	0x0000000000000000	0x0000000000000000
1020626	0x0000003200000000	0x0000000000000000	0x0000000000000000	0x0000000000000000
1020627	0x0000000000000000	0x0000000000000000	0x0000000500000000	0x0000000000000000
1020628	0x0000000000000000	0x0000000000000000	0x0000000000000000	0x0000000500000000
1020629	0x0000003200000000	0x0000000000000000	0x0000000000000000	0x0000000000000000
1020630	0x0000000000000000	0x0000000A00000000	0x0000000000000000	0x0000000000000000
1020631	0x0000003200000000	0x0000000000000000	0x0000000000000000	0x0000000000000000
1020632	0x0000000000000000	0x0000000000000000	0x0000000500000000	0x0000000000000000
1020633	0x0000000000000000	0x0000000000000000	0x0000000000000000	0x0000000500000000
1020634	0x0000003200000000	0x0000000000000000	0x0000000000000000	0x0000000000000000
1020635	0x0000000000000000	0x0000000A00000000	0x0000000000000000	0x0000000000000000
1020636	0x0000003200000000	0x0000000000000000	0x0000000000000000	0x0000000000000000
1020637	0x0000000000000000	0x0000000000000000	0x0000000500000000	0x0000000000000000
1020638	0x0000000000000000	0x0000000000000000	0x0000000000000000	0x0000000500000000
1020639	0x0000003200000000	0x0000000000000000	0x0000000000000000	0x0000000000000000
1020640	0x0000000000000000	0x0000000A00000000	0x0000000000000000	0x0000000000000000
1020641	0x0000003200000000	0x0000000000000000	0x0000000000000000	0x0000000000000000
1020642	0x0000000000000000	0x0000000000000000	0x0000000500000000	0x0000000000000000
1020643	0x0000000000000000	0x0000000000000000	0x0000000000000000	0x0000000500000000
1020644	0x0000003200000000	0x0000000000000000	0x0000000000000000	0x0000000000000000
1020645	0x0000000000000000	0x0000000A00000000	0x0000000000000000	0x0000000000000000
1020646	0x0000003200000000	0x0000000000000000	0x0000000000000000	0x0000000000000000
1020647	0x0000000000000000	0x0000000000000000	0x0000000500000000	0x0000000000000000
1020648	0x0000000000000000	0x0000000000000000	0x0000000000000000	0x0000000500000000
1020649	0x0000003200000000	0x0000000000000000	0x0000000000000000	0x0000000000000000
1020650	0x0000000000000000	0x0000000A00000000	0x0000000000000000	0x0000000000000000
1020651	0x0000003200000000	0x0000000000000000	0x0000000000000000	0x0000000000000000
1020652	0x0000000000000000	0x0000000000000000	0x0000000500000000	0x0000000000000000
1020653	0x0000000000000000	0x0000000000000000	0x0000000000000000	0x0000000500000000
1020654	0x0000003200000000	0x0000000000000000	0x0000000000000000	0x0000000000000000
1020655	0x0000000000000000	0x0000000A00000000	0x0000000000000000	0x0000000000000000
1020656	0x0000003200000000	0x0000000000000000	0x0000000000000000	0x0000000000000000
1020657	0x0000000000000000	0x0000000000000000	0x0000000500000000	0x0000000000000000
1020658	0x0000000000000000	0x0000000000000000	0x0000000000000000	0x0000000500000000
1020659	0x0000003200000000	0x0000000000000000	0x0000000000000000	0x0000000000000000
1310210	0x0000000000000000	0x0000000A00000000	0x0000000000000000	0x0000000000000000
1310211	0x0000003200000000	0x0000000000000000	0x0000000000000000	0x0000000000000000
1310212	0x0000000000000000	0x0000000000000000	0x0000000500000000	0x0000000000000000
1310213	0x0000000000000000	0x0000000000000000	0x0000000000000000	0x0000000500000000
1310214	0x0000003200000000	0x0000000000000000	0x0000000000000000	0x0000000000000000
1310215	0x0000000000000000	0x0000000A00000000	0x0000000000000000	0x0000000000000000
1310216	0x0000003200000000	0x0000000000000000	0x0000000000000000	0x0000000000000000
1310217	0x0000000000000000	0x0000000000000000	0x0000000500000000	0x0000000000000000
1310218	0x0000000000000000	0x0000000000000000	0x0000000000000000	0x0000000500000000
1310219	0x0000003200000000	0x0000000000000000	0x0000000000000000	0x0000000000000000
1310220	0x0000000000000000	0x0000000A00000000	0x0000000000000000	0x0000000000000000
1310221	0x0000003200000000	0x0000000000000000	0x0000000000000000	0x0000000000000000
1310222	0x0000000000000000	0x0000000000000000	0x0000000500000000	0x0000000000000000
1310223	0x0000000000000000	0x0000000000000000	0x0000000000000000	0x0000000500000000
1310224	0x0000003200000000	0x0000000000000000	0x0000000000000000	0x0000000000000000
1310225	0x0000000000000000	0x0000000A00000000	0x0000000000000000	0x0000000000000000
1310226	0x0000003200000000	0x0000000000000000	0x0000000000000000	0x0000000000000000
1310227	0x0000000000000000	0x0000000000000000	0x0000000500000000	0x0000000000000000
1310228	0x0000000000000000	0x0000000000000000	0x0000000000000000	0x0000000500000000
1310229	0x0000003200000000	0x0000000000000000	0x0000000000000000	0x0000000000000000
1310230	0x0000000000000000	0x0000000A00000000	0x0000000000000000	0x0000000000000000
1310231	0x0000003200000000	0x0000000000000000	0x0000000000000000	0x0000000000000000
1310232	0x0000000000000000	0x0000000000000000	0x0000000500000000	0x0000000000000000
1310233	0x0000000000000000	0x0000000000000000	0x0000000000000000	0x0000000500000000
1310234	0x0000003200000000	0x0000000000000000	0x0000000000000000	0x0000000000000000
1310235	0x0000000000000000	0x0000000A00000000	0x0000000000000000	0x0000000000000000
1310236	0x0000003200000000	0x0000000000000000	0x0000000000000000	0x0000000000000000
1310237	0x0000000000000000	0x0000000000000000	0x0000000500000000	0x0000000000000000
1310238	0x0000000000000000	0x0000000000000000	0x0000000000000000	0x0000000500000000
1310239	0x0000003200000000	0x0000000000000000	0x0000000000000000	0x0000000000000000
1310240	0x0000000000000000	0x0000000A00000000	0x0000000000000000	0x0000000000000000
1310241	0x0000003200000000	0x0000000000000000	0x0000000000000000	0x0000000000000000
1310242	0x0000000000000000	0x0000000000000000	0x0000000500000000	0x0000000000000000
1310243	0x0000000000000000	0x0000000000000000	0x0000000000000000	0x0000000500000000
1310244	0x0000003200000000	0x0000000000000000	0x0000000000000000	0x0000000000000000
1310245	0x0000000000000000	0x0000000A00000000	0x0000000000000000	0x0000000000000000
1310246	0x0000003200000000	0x0000000000000000	0x0000000000000000	0x0000000000000000
1310247	0x0000000000000000	0x0000000000000000	0x0000000500000000	0x0000000000000000
1310248	0x0000000000000000	0x0000000000000000	0x0000000000000000	0x0000000500000000
1310249	0x0000003200000000	0x0000000000000000	0x0000000000000000	0x0000000000000000
1310250	0x0000000000000000	0x0000000A00000000	0x0000000000000000	0x0000000000000000
1310251	0x0000003200000000	0x0000000000000000	0x0000000000000000	0x0000000000000000
1310252	0x0000000000000000	0x0000000000000000	0x0000000500000000	0x0000000000000000
1310253	0x0000000000000000	0x0000000000000000	0x0000000000000000	0x0000000500000000
1310254	0x0000003200000000	0x0000000000000000	0x0000000000000000	0x0000000000000000
1310255	0x0000000000000000	0x0000000A00000000	0x0000000000000000	0x0000000000000000
1310256	0x0000003200000000	0x0000000000000000	0x0000000000000000	0x0000000000000000
1310257	0x0000000000000000	0x0000000000000000	0x0000000500000000	0x0000000000000000
1310258	0x0000000000000000	0x0000000000000000	0x0000000000000000	0x0000000500000000
1310259	0x0000003200000000	0x0000000000000000	0x0000000000000000	0x0000000000000000
1050510	0x0000000000000000	0x0000000A00000000	0x0000000000000000	0x0000000000000000
1050511	0x0000003200000000	0x0000000000000000	0x0000000000000000	0x0000000000000000
1050512	0x0000000000000000	0x0000000000000000	0x0000000500000000	0x0000000000000000
1050513	0x0000000000000000	0x0000000000000000	0x0000000000000000	0x0000000500000000
1050514	0x0000003200000000	0x0000000000000000	0x0000000000000000	0x0000000000000000
1050515	0x0000000000000000	0x0000000A00000000	0x0000000000000000	0x0000000000000000
1050516	0x0000003200000000	0x0000000000000000	0x0000000000000000	0x0000000000000000
1050517	0x0000000000000000	0x0000000000000000	0x0000000500000000	0x0000000000000000
1050518	0x0000000000000000	0x0000000000000000	0x0000000000000000	0x0000000500000000
1050519	0x0000003200000000	0x0000000000000000	0x0000000000000000	0x0000000000000000
1050520	0x0000000000000000	0x0000000A00000000	0x0000000000000000	0x0000000000000000
1050521	0x0000003200000000	0x0000000000000000	0x0000000000000000	0x0000000000000000
1050522	0x0000000000000000	0x0000000000000000	0x0000000500000000	0x0000000000000000
1050523	0x0000000000000000	0x0000000000000000	0x0000000000000000	0x0000000500000000
1050524	0x0000003200000000	0x0000000000000000	0x0000000000000000	0x0000000000000000
1050525	0x0000000000000000	0x0000000A00000000	0x0000000000000000	0x0000000000000000
1050526	0x0000003200000000	0x0000000000000000	0x0000000000000000	0x0000000000000000
1050527	0x0000000000000000	0x0000000000000000	0x0000000500000000	0x0000000000000000
1050528	0x0000000000000000	0x0000000000000000	0x0000000000000000	0x0000000500000000
1050529	0x0000003200000000	0x0000000000000000	0x0000000000000000	0x0000000000000000
1050530	0x0000000000000000	0x0000000A00000000	0x0000000000000000	0x0000000000000000
1050531	0x0000003200000000	0x0000000000000000	0x0000000000000000	0x0000000000000000
1050532	0x0000000000000000	0x0000000000000000	0x0000000500000000	0x0000000000000000
1050533	0x0000000000000000	0x0000000000000000	0x0000000000000000	0x0000000500000000
1050534	0x0000003200000000	0x0000000000000000	0x0000000000000000	0x0000000000000000
1050535	0x0000000000000000	0x0000000A00000000	0x0000000000000000	0x0000000000000000
1050536	0x0000003200000000	0x0000000000000000	0x0000000000000000	0x0000000000000000
1050537	0x0000000000000000	0x0000000000000000	0x0000000500000000	0x0000000000000000
1050538	0x0000000000000000	0x0000000000000000	0x0000000000000000	0x0000000500000000
1050539	0x0000003200000000	0x0000000000000000	0x0000000000000000	0x0000000000000000
1050540	0x0000000000000000	0x0000000A00000000	0x0000000000000000	0x0000000000000000
1050541	0x0000003200000000	0x0000000000000000	0x0000000000000000	0x0000000000000000
1050542	0x0000000000000000	0x0000000000000000	0x0000000500000000	0x0000000000000000
1050543	0x0000000000000000	0x0000000000000000	0x0000000000000000	0x0000000500000000
1050544	0x0000003200000000	0x0000000000000000	0x0000000000000000	0x0000000000000000
1050545	0x0000000000000000	0x0000000A00000000	0x0000000000000000	0x0000000000000000
1050546	0x0000003200000000	0x0000000000000000	0x0000000000000000	0x0000000000000000
1050547	0x0000000000000000	0x0000000000000000	0x0000000500000000	0x0000000000000000
1050548	0x0000000000000000	0x0000000000000000	0x0000000000000000	0x0000000500000000
1050549	0x0000003200000000	0x0000000000000000	0x0000000000000000	0x0000000000000000
1050550	0x0000000000000000	0x0000000A00000000	0x0000000000000000	0x0000000000000000
1050551	0x0000003200000000	0x0000000000000000	0x0000000000000000	0x0000000000000000
1050552	0x0000000000000000	0x0000000000000000	0x0000000500000000	0x0000000000000000
1050553	0x0000000000000000	0x0000000000000000	0x0000000000000000	0x0000000500000000
1050554	0x0000003200000000	0x0000000000000000	0x0000000000000000	0x0000000000000000
1050555	0x0000000000000000	0x0000000A00000000	0x0000000000000000	0x0000000000000000
1050556	0x0000003200000000	0x0000000000000000	0x0000000000000000	0x0000000000000000
1050557	0x0000000000000000	0x0000000000000000	0x0000000500000000	0x0000000000000000
1050558	0x0000000000000000	0x0000000000000000	0x0000000000000000	0x0000000500000000
1050559	0x0000003200000000	0x0000000000000000	0x0000000000000000	0x0000000000000000
1320310	0x0000000000000000	0x0000000A00000000	0x0000000000000000	0x0000000000000000
1320311	0x0000003200000000	0x0000000000000000	0x0000000000000000	0x0000000000000000
1320312	0x0000000000000000	0x0000000000000000	0x0000000500000000	0x0000000000000000
1320313	0x0000000000000000	0x0000000000000000	0x0000000000000000	0x0000000500000000
1320314	0x0000003200000000	0x0000000000000000	0x0000000000000000	0x0000000000000000
1320315	0x0000000000000000	0x0000000A00000000	0x0000000000000000	0x0000000000000000
1320316	0x0000003200000000	0x0000000000000000	0x0000000000000000	0x0000000000000000
1320317	0x0000000000000000	0x0000000000000000	0x0000000500000000	0x0000000000000000
1320318	0x0000000000000000	0x0000000000000000	0x0000000000000000	0x0000000500000000
1320319	0x0000003200000000	0x0000000000000000	0x0000000000000000	0x0000000000000000
1320320	0x0000000000000000	0x0000000A00000000	0x0000000000000000	0x0000000000000000
1320321	0x0000003200000000	0x0000000000000000	0x0000000000000000	0x0000000000000000
1320322	0x0000000000000000	0x0000000000000000	0x0000000500000000	0x0000000000000000
1320323	0x0000000000000000	0x0000000000000000	0x0000000000000000	0x0000000500000000
1320324	0x0000003200000000	0x0000000000000000	0x0000000000000000	0x0000000000000000
1320325	0x0000000000000000	0x0000000A00000000	0x0000000000000000	0x0000000000000000
1320326	0x0000003200000000	0x0000000000000000	0x0000000000000000	0x0000000000000000
1320327	0x0000000000000000	0x0000000000000000	0x0000000500000000	0x0000000000000000
1320328	0x0000000000000000	0x0000000000000000	0x0000000000000000	0x0000000500000000
1320329	0x0000003200000000	0x0000000000000000	0x0000000000000000	0x0000000000000000
1320330	0x0000000000000000	0x0000000A00000000	0x0000000000000000	0x0000000000000000
1320331	0x0000003200000000	0x0000000000000000	0x0000000000000000	0x0000000000000000
1320332	0x0000000000000000	0x0000000000000000	0x0000000500000000	0x0000000000000000
1320333	0x0000000000000000	0x0000000000000000	0x0000000000000000	0x0000000500000000
1320334	0x0000003200000000	0x0000000000000000	0x0000000000000000	0x0000000000000000
1320335	0x0000000000000000	0x0000000A00000000	0x0000000000000000	0x0000000000000000
1320336	0x0000003200000000	0x0000000000000000	0x0000000000000000	0x0000000000000000
1320337	0x0000000000000000	0x0000000000000000	0x0000000500000000	0x0000000000000000
1320338	0x0000000000000000	0x0000000000000000	0x0000000000000000	0x0000000500000000
1320339	0x0000003200000000	0x0000000000000000	0x0000000000000000	0x0000000000000000
1320340	0x0000000000000000	0x0000000A00000000	0x0000000000000000	0x0000000000000000
1320341	0x0000003200000000	0x0000000000000000	0x0000000000000000	0x0000000000000000
1320342	0x0000000000000000	0x0000000000000000	0x0000000500000000	0x0000000000000000
1320343	0x0000000000000000	0x0000000000000000	0x0000000000000000	0x0000000500000000
1320344	0x0000003200000000	0x0000000000000000	0x0000000000000000	0x0000000000000000
1320345	0x0000000000000000	0x0000000A00000000	0x0000000000000000	0x0000000000000000
1320346	0x0000003200000000	0x0000000000000000	0x0000000000000000	0x0000000000000000
1320347	0x0000000000000000	0x0000000000000000	0x0000000500000000	0x0000000000000000
1320348	0x0000000000000000	0x0000000000000000	0x0000000000000000	0x0000000500000000
1320349	0x0000003200000000	0x0000000000000000	0x0000000000000000	0x0000000000000000
1320350	0x0000000000000000	0x0000000A00000000	0x0000000000000000	0x0000000000000000
1320351	0x0000003200000000	0x0000000000000000	0x0000000000000000	0x0000000000000000
1320352	0x0000000000000000	0x0000000000000000	0x0000000500000000	0x0000000000000000
1320353	0x0000000000000000	0x0000000000000000	0x0000000000000000	0x0000000500000000
1320354	0x0000003200000000	0x0000000000000000	0x0000000000000000	0x0000000000000000
1320355	0x0000000000000000	0x0000000A00000000	0x0000000000000000	0x0000000000000000
1320356	0x0000003200000000	0x0000000000000000	0x0000000000000000	0x0000000000000000
1320357	0x0000000000000000	0x0000000000000000	0x0000000500000000	0x0000000000000000
1320358	0x0000000000000000	0x0000000000000000	0x0000000000000000	0x0000000500000000
1320359	0x0000003200000000	0x0000000000000000	0x0000000000000000	0x0000000000000000
1330310	0x0000000000000000	0x0000000A00000000	0x0000000000000000	0x0000000000000000
1330311	0x0000003200000000	0x0000000000000000	0x0000000000000000	0x0000000000000000
1330312	0x0000000000000000	0x0000000000000000	0x0000000500000000	0x0000000000000000
1330313	0x0000000000000000	0x0000000000000000	0x0000000000000000	0x0000000500000000
1330314	0x0000003200000000	0x0000000000000000	0x0000000000000000	0x0000000000000000
1330315	0x0000000000000000	0x0000000A00000000	0x0000000000000000	0x0000000000000000
1330316	0x0000003200000000	0x0000000000000000	0x0000000000000000	0x0000000000000000
1330317	0x0000000000000000	0x0000000000000000	0x0000000500000000	0x0000000000000000
1330318	0x0000000000000000	0x0000000000000000	0x0000000000000000	0x0000000500000000
1330319	0x0000003200000000	0x0000000000000000	0x0000000000000000	0x0000000000000000
1330320	0x0000000000000000	0x0000000A00000000	0x0000000000000000	0x0000000000000000
1330321	0x0000003200000000	0x0000000000000000	0x0000000000000000	0x0000000000000000
1330322	0x0000000000000000	0x0000000000000000	0x0000000500000000	0x0000000000000000
1330323	0x0000000000000000	0x0000000000000000	0x0000000000000000	0x0000000500000000
1330324	0x0000003200000000	0x0000000000000000	0x0000000000000000	0x0000000000000000
1330325	0x0000000000000000	0x0000000A00000000	0x0000000000000000	0x0000000000000000
1330326	0x0000003200000000	0x0000000000000000	0x0000000000000000	0x0000000000000000
1330327	0x0000000000000000	0x0000000000000000	0x0000000500000000	0x0000000000000000
1330328	0x0000000000000000	0x0000000000000000	0x0000000000000000	0x0000000500000000
1330329	0x0000003200000000	0x0000000000000000	0x0000000000000000	0x0000000000000000
1330330	0x0000000000000000	0x0000000A00000000	0x0000000000000000	0x0000000000000000
1330331	0x0000003200000000	0x0000000000000000	0x0000000000000000	0x0000000000000000
1330332	0x0000000000000000	0x0000000000000000	0x0000000500000000	0x0000000000000000
1330333	0x0000000000000000	0x0000000000000000	0x0000000000000000	0x0000000500000000
1330334	0x0000003200000000	0x0000000000000000	0x0000000000000000	0x0000000000000000
1330335	0x0000000000000000	0x0000000A00000000	0x0000000000000000	0x0000000000000000
1330336	0x0000003200000000	0x0000000000000000	0x0000000000000000	0x0000000000000000
1330337	0x0000000000000000	0x0000000000000000	0x0000000500000000	0x0000000000000000
1330338	0x0000000000000000	0x0000000000000000	0x0000000000000000	0x0000000500000000
1330339	0x0000003200000000	0x0000000000000000	0x0000000000000000	0x0000000000000000
1330340	0x0000000000000000	0x0000000A00000000	0x0000000000000000	0x0000000000000000
1330341	0x0000003200000000	0x0000000000000000	0x0000000000000000	0x0000000000000000
1330342	0x0000000000000000	0x0000000000000000	0x0000000500000000	0x0000000000000000
1330343	0x0000000000000000	0x0000000000000000	0x0000000000000000	0x0000000500000000
1330344	0x0000003200000000	0x0000000000000000	0x0000000000000000	0x0000000000000000
1330345	0x0000000000000000	0x0000000A00000000	0x0000000000000000	0x0000000000000000
1330346	0x0000003200000000	0x0000000000000000	0x0000000000000000	0x0000000000000000
1330347	0x0000000000000000	0x0000000000000000	0x0000000500000000	0x0000000000000000
1330348	0x0000000000000000	0x0000000000000000	0x0000000000000000	0x0000000500000000
1330349	0x0000003200000000	0x0000000000000000	0x0000000000000000	0x0000000000000000
1330350	0x0000000000000000	0x0000000A00000000	0x0000000000000000	0x0000000000000000
1330351	0x0000003200000000	0x0000000000000000	0x0000000000000000	0x0000000000000000
1330352	0x0000000000000000	0x0000000000000000	0x0000000500000000	0x0000000000000000
1330353	0x0000000000000000	0x0000000000000000	0x0000000000000000	0x0000000500000000
1330354	0x0000003200000000	0x0000000000000000	0x0000000000000000	0x0000000000000000
1330355	0x0000000000000000	0x0000000A00000000	0x0000000000000000	0x0000000000000000
1330356	0x0000003200000000	0x0000000000000000	0x0000000000000000	0x0000000000000000
1330357	0x0000000000000000	0x0000000000000000	0x0000000500000000	0x0000000000000000
1330358	0x0000000000000000	0x0000000000000000	0x0000000000000000	0x0000000500000000
1330359	0x0000003200000000	0x0000000000000000	0x0000000000000000	0x0000000000000000
1530510	0x0000000000000000	0x0000000A00000000	0x0000000000000000	0x0000000000000000
1530511	0x0000003200000000	0x0000000000000000	0x0000000000000000	0x0000000000000000
1530512	0x0000000000000000	0x0000000000000000	0x0000000500000000	0x0000000000000000
1530513	0x0000000000000000	0x0000000000000000	0x0000000000000000	0x0000000500000000
1530514	0x0000003200000000	0x0000000000000000	0x0000000000000000	0x0000000000000000
1530515	0x0000000000000000	0x0000000A00000000	0x0000000000000000	0x0000000000000000
1530516	0x0000003200000000	0x0000000000000000	0x0000000000000000	0x0000000000000000
1530517	0x0000000000000000	0x0000000000000000	0x0000000500000000	0x0000000000000000
1530518	0x0000000000000000	0x0000000000000000	0x0000000000000000	0x0000000500000000
1530519	0x0000003200000000	0x0000000000000000	0x0000000000000000	0x0000000000000000
1530520	0x0000000000000000	0x0000000A00000000	0x0000000000000000	0x0000000000000000
1530521	0x0000003200000000	0x0000000000000000	0x0000000000000000	0x0000000000000000
1530522	0x0000000000000000	0x0000000000000000	0x0000000500000000	0x0000000000000000
1530523	0x0000000000000000	0x0000000000000000	0x0000000000000000	0x0000000500000000
1530524	0x0000003200000000	0x0000000000000000	0x0000000000000000	0x0000000000000000
1530525	0x0000000000000000	0x0000000A00000000	0x0000000000000000	0x0000000000000000
1530526	0x0000003200000000	0x0000000000000000	0x0000000000000000	0x0000000000000000
1530527	0x0000000000000000	0x0000000000000000	0x0000000500000000	0x0000000000000000
1530528	0x0000000000000000	0x0000000000000000	0x0000000000000000	0x0000000500000000
1530529	0x0000003200000000	0x0000000000000000	0x0000000000000000	0x0000000000000000
1530530	0x0000000000000000	0x0000000A00000000	0x0000000000000000	0x0000000000000000
1530531	0x0000003200000000	0x0000000000000000	0x0000000000000000	0x0000000000000000
1530532	0x0000000000000000	0x0000000000000000	0x0000000500000000	0x0000000000000000
1530533	0x0000000000000000	0x0000000000000000	0x0000000000000000	0x0000000500000000
1530534	0x0000003200000000	0x0000000000000000	0x0000000000000000	0x0000000000000000
1530535	0x0000000000000000	0x0000000A00000000	0x0000000000000000	0x0000000000000000
1530536	0x0000003200000000	0x0000000000000000	0x0000000000000000	0x0000000000000000
1530537	0x0000000000000000	0x0000000000000000	0x0000000500000000	0x0000000000000000
1530538	0x0000000000000000	0x0000000000000000	0x0000000000000000	0x0000000500000000
1530539	0x0000003200000000	0x0000000000000000	0x0000000000000000	0x0000000000000000
1530540	0x0000000000000000	0x0000000A00000000	0x0000000000000000	0x0000000000000000
1530541	0x0000003200000000	0x0000000000000000	0x0000000000000000	0x0000000000000000
1530542	0x0000000000000000	0x0000000000000000	0x0000000500000000	0x0000000000000000
1530543	0x0000000000000000	0x0000000000000000	0x0000000000000000	0x0000000500000000
1530544	0x0000003200000000	0x0000000000000000	0x0000000000000000	0x0000000000000000
1530545	0x0000000000000000	0x0000000A00000000	0x0000000000000000	0x0000000000000000
1530546	0x0000003200000000	0x0000000000000000	0x0000000000000000	0x0000000000000000
1530547	0x0000000000000000	0x0000000000000000	0x0000000500000000	0x0000000000000000
1530548	0x0000000000000000	0x0000000000000000	0x0000000000000000	0x0000000500000000
1530549	0x0000003200000000	0x0000000000000000	0x0000000000000000	0x0000000000000000
1530550	0x0000000000000000	0x0000000A00000000	0x0000000000000000	0x0000000000000000
1530551	0x0000003200000000	0x0000000000000000	0x0000000000000000	0x0000000000000000
1530552	0x0000000000000000	0x0000000000000000	0x0000000500000000	0x0000000000000000
1530553	0x0000000000000000	0x0000000000000000	0x0000000000000000	0x0000000500000000
1530554	0x0000003200000000	0x0000000000000000	0x0000000000000000	0x0000000000000000
1530555	0x0000000000000000	0x0000000A00000000	0x0000000000000000	0x0000000000000000
1530556	0x0000003200000000	0x0000000000000000	0x0000000000000000	0x0000000000000000
1530557	0x0000000000000000	0x0000000000000000	0x0000000500000000	0x0000000000000000
1530558	0x0000000000000000	0x0000000000000000	0x0000000000000000	0x0000000500000000
1530559	0x0000003200000000	0x0000000000000000	0x0000000000000000	0x0000000000000000
1340210	0x0000000000000000	0x0000000A00000000	0x0000000000000000	0x0000000000000000
1340211	0x0000003200000000	0x0000000000000000	0x0000000000000000	0x0000000000000000
1340212	0x0000000000000000	0x0000000000000000	0x0000000500000000	0x0000000000000000
1340213	0x0000000000000000	0x0000000000000000	0x0000000000000000	0x0000000500000000
1340214	0x0000003200000000	0x0000000000000000	0x0000000000000000	0x0000000000000000
1340215	0x0000000000000000	0x0000000A00000000	0x0000000000000000	0x0000000000000000
1340216	0x0000003200000000	0x0000000000000000	0x0000000000000000	0x0000000000000000
1340217	0x0000000000000000	0x0000000000000000	0x0000000500000000	0x0000000000000000
1340218	0x0000000000000000	0x0000000000000000	0x0000000000000000	0x0000000500000000
1340219	0x0000003200000000	0x0000000000000000	0x0000000000000000	0x0000000000000000
1340220	0x0000000000000000	0x0000000A00000000	0x0000000000000000	0x0000000000000000
1340221	0x0000003200000000	0x0000000000000000	0x0000000000000000	0x0000000000000000
1340222	0x0000000000000000	0x0000000000000000	0x0000000500000000	0x0000000000000000
1340223	0x0000000000000000	0x0000000000000000	0x0000000000000000	0x0000000500000000
1340224	0x0000003200000000	0x0000000000000000	0x0000000000000000	0x0000000000000000
1340225	0x0000000000000000	0x0000000A00000000	0x0000000000000000	0x0000000000000000
1340226	0x0000003200000000	0x0000000000000000	0x0000000000000000	0x0000000000000000
1340227	0x0000000000000000	0x0000000000000000	0x0000000500000000	0x0000000000000000
1340228	0x0000000000000000	0x0000000000000000	0x0000000000000000	0x0000000500000000
1340229	0x0000003200000000	0x0000000000000000	0x0000000000000000	0x0000000000000000
1340230	0x0000000000000000	0x0000000A00000000	0x0000000000000000	0x0000000000000000
1340231	0x0000003200000000	0x0000000000000000	0x0000000000000000	0x0000000000000000
1340232	0x0000000000000000	0x0000000000000000	0x0000000500000000	0x0000000000000000
1340233	0x0000000000000000	0x0000000000000000	0x0000000000000000	0x0000000500000000
1340234	0x0000003200000000	0x0000000000000000	0x0000000000000000	0x0000000000000000
1340235	0x0000000000000000	0x0000000A00000000	0x0000000000000000	0x0000000000000000
1340236	0x0000003200000000	0x0000000000000000	0x0000000000000000	0x0000000000000000
1340237	0x0000000000000000	0x0000000000000000	0x0000000500000000	0x0000000000000000
1340238	0x0000000000000000	0x0000000000000000	0x0000000000000000	0x0000000500000000
1340239	0x0000003200000000	0x0000000000000000	0x0000000000000000	0x0000000000000000
1340240	0x0000000000000000	0x0000000A00000000	0x0000000000000000	0x0000000000000000
1340241	0x0000003200000000	0x0000000000000000	0x0000000000000000	0x0000000000000000
1340242	0x0000000000000000	0x0000000000000000	0x0000000500000000	0x0000000000000000
1340243	0x0000000000000000	0x0000000000000000	0x0000000000000000	0x0000000500000000
1340244	0x0000003200000000	0x0000000000000000	0x0000000000000000	0x0000000000000000
1340245	0x0000000000000000	0x0000000A00000000	0x0000000000000000	0x0000000000000000
1340246	0x0000003200000000	0x0000000000000000	0x0000000000000000	0x0000000000000000
1340247	0x0000000000000000	0x0000000000000000	0x0000000500000000	0x0000000000000000
1340248	0x0000000000000000	0x0000000000000000	0x0000000000000000	0x0000000500000000
1340249	0x0000003200000000	0x0000000000000000	0x0000000000000000	0x0000000000000000
1340250	0x0000000000000000	0x0000000A00000000	0x0000000000000000	0x0000000000000000
1340251	0x0000003200000000	0x0000000000000000	0x0000000000000000	0x0000000000000000
1340252	0x0000000000000000	0x0000000000000000	0x0000000500000000	0x0000000000000000
1340253	0x0000000000000000	0x0000000000000000	0x0000000000000000	0x0000000500000000
1340254	0x0000003200000000	0x0000000000000000	0x0000000000000000	0x0000000000000000
1340255	0x0000000000000000	0x0000000A00000000	0x0000000000000000	0x0000000000000000
1340256	0x0000003200000000	0x0000000000000000	0x0000000000000000	0x0000000000000000
1340257	0x0000000000000000	0x0000000000000000	0x0000000500000000	0x0000000000000000
1340258	0x0000000000000000	0x0000000000000000	0x0000000000000000	0x0000000500000000
1340259	0x0000003200000000	0x0000000000000000	0x0000000000000000	0x0000000000000000
1130410	0x0000000000000000	0x0000000A00000000	0x0000000000000000	0x0000000000000000
1130411	0x0000003200000000	0x0000000000000000	0x0000000000000000	0x0000000000000000
1130412	0x0000000000000000	0x0000000000000000	0x0000000500000000	0x0000000000000000
1130413	0x0000000000000000	0x0000000000000000	0x0000000000000000	0x0000000500000000
1130414	0x0000003200000000	0x0000000000000000	0x0000000000000000	0x0000000000000000
1130415	0x0000000000000000	0x0000000A00000000	0x0000000000000000	0x0000000000000000
1130416	0x0000003200000000	0x0000000000000000	0x0000000000000000	0x0000000000000000
1130417	0x0000000000000000	0x0000000000000000	0x0000000500000000	0x0000000000000000
1130418	0x0000000000000000	0x0000000000000000	0x0000000000000000	0x0000000500000000
1130419	0x0000003200000000	0x0000000000000000	0x0000000000000000	0x0000000000000000
1130420	0x0000000000000000	0x0000000A00000000	0x0000000000000000	0x0000000000000000
1130421	0x0000003200000000	0x0000000000000000	0x0000000000000000	0x0000000000000000
1130422	0x0000000000000000	0x0000000000000000	0x0000000500000000	0x0000000000000000
1130423	0x0000000000000000	0x0000000000000000	0x0000000000000000	0x0000000500000000
1130424	0x0000003200000000	0x0000000000000000	0x0000000000000000	0x0000000000000000
1130425	0x0000000000000000	0x0000000A00000000	0x0000000000000000	0x0000000000000000
1130426	0x0000003200000000	0x0000000000000000	0x0000000000000000	0x0000000000000000
1130427	0x0000000000000000	0x0000000000000000	0x0000000500000000	0x0000000000000000
1130428	0x0000000000000000	0x0000000000000000	0x0000000000000000	0x0000000500000000
1130429	0x0000003200000000	0x0000000000000000	0x0000000000000000	0x0000000000000000
1130430	0x0000000000000000	0x0000000A00000000	0x0000000000000000	0x0000000000000000
1130431	0x0000003200000000	0x0000000000000000	0x0000000000000000	0x0000000000000000
1130432	0x0000000000000000	0x0000000000000000	0x0000000500000000	0x0000000000000000
1130433	0x0000000000000000	0x0000000000000000	0x0000000000000000	0x0000000500000000
1130434	0x0000003200000000	0x0000000000000000	0x0000000000000000	0x0000000000000000
1130435	0x0000000000000000	0x0000000A00000000	0x0000000000000000	0x0000000000000000
1130436	0x0000003200000000	0x0000000000000000	0x0000000000000000	0x0000000000000000
1130437	0x0000000000000000	0x0000000000000000	0x0000000500000000	0x0000000000000000
1130438	0x0000000000000000	0x0000000000000000	0x0000000000000000	0x0000000500000000
1130439	0x0000003200000000	0x0000000000000000	0x0000000000000000	0x0000000000000000
1130440	0x0000000000000000	0x0000000A00000000	0x0000000000000000	0x0000000000000000
1130441	0x0000003200000000	0x0000000000000000	0x0000000000000000	0x0000000000000000
1130442	0x0000000000000000	0x0000000000000000	0x0000000500000000	0x0000000000000000
1130443	0x0000000000000000	0x0000000000000000	0x0000000000000000	0x0000000500000000
1130444	0x0000003200000000	0x0000000000000000	0x0000000000000000	0x0000000000000000
1130445	0x0000000000000000	0x0000000A00000000	0x0000000000000000	0x0000000000000000
1130446	0x0000003200000000	0x0000000000000000	0x0000000000000000	0x0000000000000000
1130447	0x0000000000000000	0x0000000000000000	0x0000000500000000	0x0000000000000000
1130448	0x0000000000000000	0x0000000000000000	0x0000000000000000	0x0000000500000000
1130449	0x0000003200000000	0x0000000000000000	0x0000000000000000	0x0000000000000000
1130450	0x0000000000000000	0x0000000A00000000	0x0000000000000000	0x0000000000000000
1130451	0x0000003200000000	0x0000000000000000	0x0000000000000000	0x0000000000000000
1130452	0x0000000000000000	0x0000000000000000	0x0000000500000000	0x0000000000000000
1130453	0x0000000000000000	0x0000000000000000	0x0000000000000000	0x0000000500000000
1130454	0x0000003200000000	0x0000000000000000	0x0000000000000000	0x0000000000000000
1130455	0x0000000000000000	0x0000000A00000000	0x0000000000000000	0x0000000000000000
1130456	0x0000003200000000	0x0000000000000000	0x0000000000000000	0x0000000000000000
1130457	0x0000000000000000	0x0000000000000000	0x0000000500000000	0x0000000000000000
1130458	0x0000000000000000	0x0000000000000000	0x0000000000000000	0x0000000500000000
1130459	0x0000003200000000	0x0000000000000000	0x0000000000000000	0x0000000000000000
1350310	0x0000000000000000	0x0000000A00000000	0x0000000000000000	0x0000000000000000
1350311	0x0000003200000000	0x0000000000000000	0x0000000000000000	0x0000000000000000
1350312	0x0000000000000000	0x0000000000000000	0x0000000500000000	0x0000000000000000
1350313	0x0000000000000000	0x0000000000000000	0x0000000000000000	0x0000000500000000
1350314	0x0000003200000000	0x0000000000000000	0x0000000000000000	0x0000000000000000
1350315	0x0000000000000000	0x0000000A00000000	0x0000000000000000	0x0000000000000000
1350316	0x0000003200000000	0x0000000000000000	0x0000000000000000	0x0000000000000000
1350317	0x0000000000000000	0x0000000000000000	0x0000000500000000	0x0000000000000000
1350318	0x0000000000000000	0x0000000000000000	0x0000000000000000	0x0000000500000000
1350319	0x0000003200000000	0x0000000000000000	0x0000000000000000	0x0000000000000000
1350320	0x0000000000000000	0x0000000A00000000	0x0000000000000000	0x0000000000000000
1350321	0x0000003200000000	0x0000000000000000	0x0000000000000000	0x0000000000000000
1350322	0x0000000000000000	0x0000000000000000	0x0000000500000000	0x0000000000000000
1350323	0x0000000000000000	0x0000000000000000	0x0000000000000000	0x0000000500000000
1350324	0x0000003200000000	0x0000000000000000	0x0000000000000000	0x0000000000000000
1350325	0x0000000000000000	0x0000000A00000000	0x0000000000000000	0x0000000000000000
1350326	0x0000003200000000	0x0000000000000000	0x0000000000000000	0x0000000000000000
1350327	0x0000000000000000	0x0000000000000000	0x0000000500000000	0x0000000000000000
1350328	0x0000000000000000	0x0000000000000000	0x0000000000000000	0x0000000500000000
1350329	0x0000003200000000	0x0000000000000000	0x0000000000000000	0x0000000000000000
1350330	0x0000000000000000	0x0000000A00000000	0x0000000000000000	0x0000000000000000
1350331	0x0000003200000000	0x0000000000000000	0x0000000000000000	0x0000000000000000
1350332	0x0000000000000000	0x0000000000000000	0x0000000500000000	0x0000000000000000
1350333	0x0000000000000000	0x0000000000000000	0x0000000000000000	0x0000000500000000
1350334	0x0000003200000000	0x0000000000000000	0x0000000000000000	0x0000000000000000
1350335	0x0000000000000000	0x0000000A00000000	0x0000000000000000	0x0000000000000000
1350336	0x0000003200000000	0x0000000000000000	0x0000000000000000	0x0000000000000000
1350337	0x0000000000000000	0x0000000000000000	0x0000000500000000	0x0000000000000000
1350338	0x0000000000000000	0x0000000000000000	0x0000000000000000	0x0000000500000000
1350339	0x0000003200000000	0x0000000000000000	0x0000000000000000	0x0000000000000000
1350340	0x0000000000000000	0x0000000A00000000	0x0000000000000000	0x0000000000000000
1350341	0x0000003200000000	0x0000000000000000	0x0000000000000000	0x0000000000000000
1350342	0x0000000000000000	0x0000000000000000	0x0000000500000000	0x0000000000000000
1350343	0x0000000000000000	0x0000000000000000	0x0000000000000000	0x0000000500000000
1350344	0x0000003200000000	0x0000000000000000	0x0000000000000000	0x0000000000000000
1350345	0x0000000000000000	0x0000000A00000000	0x0000000000000000	0x0000000000000000
1350346	0x0000003200000000	0x0000000000000000	0x0000000000000000	0x0000000000000000
1350347	0x0000000000000000	0x0000000000000000	0x0000000500000000	0x0000000000000000
1350348	0x0000000000000000	0x0000000000000000	0x0000000000000000	0x0000000500000000
1350349	0x0000003200000000	0x0000000000000000	0x0000000000000000	0x0000000000000000
1350350	0x0000000000000000	0x0000000A00000000	0x0000000000000000	0x0000000000000000
1350351	0x0000003200000000	0x0000000000000000	0x0000000000000000	0x0000000000000000
1350352	0x0000000000000000	0x0000000000000000	0x0000000500000000	0x0000000000000000
1350353	0x0000000000000000	0x0000000000000000	0x0000000000000000	0x0000000500000000
1350354	0x0000003200000000	0x0000000000000000	0x0000000000000000	0x0000000000000000
1350355	0x0000000000000000	0x0000000A00000000	0x0000000000000000	0x0000000000000000
1350356	0x0000003200000000	0x0000000000000000	0x0000000000000000	0x0000000000000000
1350357	0x0000000000000000	0x0000000000000000	0x0000000500000000	0x0000000000000000
1350358	0x0000000000000000	0x0000000000000000	0x0000000000000000	0x0000000500000000
1350359	0x0000003200000000	0x0000000000000000	0x0000000000000000	0x0000000000000000
1360310	0x0000000000000000	0x0000000A00000000	0x0000000000000000	0x0000000000000000
1360311	0x0000003200000000	0x0000000000000000	0x0000000000000000	0x0000000000000000
1360312	0x0000000000000000	0x0000000000000000	0x0000000500000000	0x0000000000000000
1360313	0x0000000000000000	0x0000000000000000	0x0000000000000000	0x0000000500000000
1360314	0x0000003200000000	0x0000000000000000	0x0000000000000000	0x0000000000000000
1360315	0x0000000000000000	0x0000000A00000000	0x0000000000000000	0x0000000000000000
1360316	0x0000003200000000	0x0000000000000000	0x0000000000000000	0x0000000000000000
1360317	0x0000000000000000	0x0000000000000000	0x0000000500000000	0x0000000000000000
1360318	0x0000000000000000	0x0000000000000000	0x0000000000000000	0x0000000500000000
1360319	0x0000003200000000	0x0000000000000000	0x0000000000000000	0x0000000000000000
1360320	0x0000000000000000	0x0000000A00000000	0x0000000000000000	0x0000000000000000
1360321	0x0000003200000000	0x0000000000000000	0x0000000000000000	0x0000000000000000
1360322	0x0000000000000000	0x0000000000000000	0x0000000500000000	0x0000000000000000
1360323	0x0000000000000000	0x0000000000000000	0x0000000000000000	0x0000000500000000
1360324	0x0000003200000000	0x0000000000000000	0x0000000000000000	0x0000000000000000
1360325	0x0000000000000000	0x0000000A00000000	0x0000000000000000	0x0000000000000000
1360326	0x0000003200000000	0x0000000000000000	0x0000000000000000	0x0000000000000000
1360327	0x0000000000000000	0x0000000000000000	0x0000000500000000	0x0000000000000000
1360328	0x0000000000000000	0x0000000000000000	0x0000000000000000	0x0000000500000000
1360329	0x0000003200000000	0x0000000000000000	0x0000000000000000	0x0000000000000000
1360330	0x0000000000000000	0x0000000A00000000	0x0000000000000000	0x0000000000000000
1360331	0x0000003200000000	0x0000000000000000	0x0000000000000000	0x0000000000000000
1360332	0x0000000000000000	0x0000000000000000	0x0000000500000000	0x0000000000000000
1360333	0x0000000000000000	0x0000000000000000	0x0000000000000000	0x0000000500000000
1360334	0x0000003200000000	0x0000000000000000	0x0000000000000000	0x0000000000000000
1360335	0x0000000000000000	0x0000000A00000000	0x0000000000000000	0x0000000000000000
1360336	0x0000003200000000	0x0000000000000000	0x0000000000000000	0x0000000000000000
1360337	0x0000000000000000	0x0000000000000000	0x0000000500000000	0x0000000000000000
1360338	0x0000000000000000	0x0000000000000000	0x0000000000000000	0x0000000500000000
1360339	0x0000003200000000	0x0000000000000000	0x0000000000000000	0x0000000000000000
1360340	0x0000000000000000	0x0000000A00000000	0x0000000000000000	0x0000000000000000
1360341	0x0000003200000000	0x0000000000000000	0x0000000000000000	0x0000000000000000
1360342	0x0000000000000000	0x0000000000000000	0x0000000500000000	0x0000000000000000
1360343	0x0000000000000000	0x0000000000000000	0x0000000000000000	0x0000000500000000
1360344	0x0000003200000000	0x0000000000000000	0x0000000000000000	0x0000000000000000
1360345	0x0000000000000000	0x0000000A00000000	0x0000000000000000	0x0000000000000000
1360346	0x0000003200000000	0x0000000000000000	0x0000000000000000	0x0000000000000000
1360347	0x0000000000000000	0x0000000000000000	0x0000000500000000	0x0000000000000000
1360348	0x0000000000000000	0x0000000000000000	0x0000000000000000	0x0000000500000000
1360349	0x0000003200000000	0x0000000000000000	0x0000000000000000	0x0000000000000000
1360350	0x0000000000000000	0x0000000A00000000	0x0000000000000000	0x0000000000000000
1360351	0x0000003200000000	0x0000000000000000	0x0000000000000000	0x0000000000000000
1360352	0x0000000000000000	0x0000000000000000	0x0000000500000000	0x0000000000000000
1360353	0x0000000000000000	0x0000000000000000	0x0000000000000000	0x0000000500000000
1360354	0x0000003200000000	0x0000000000000000	0x0000000000000000	0x0000000000000000
1360355	0x0000000000000000	0x0000000A00000000	0x0000000000000000	0x0000000000000000
1360356	0x0000003200000000	0x0000000000000000	0x0000000000000000	0x0000000000000000
1360357	0x0000000000000000	0x0000000000000000	0x0000000500000000	0x0000000000000000
1360358	0x0000000000000000	0x0000000000000000	0x0000000000000000	0x0000000500000000
1360359	0x0000003200000000	0x0000000000000000	0x0000000000000000	0x0000000000000000
1040510	0x0000000000000000	0x0000000A00000000	0x0000000000000000	0x0000000000000000
1040511	0x0000003200000000	0x0000000000000000	0x0000000000000000	0x0000000000000000
1040512	0x0000000000000000	0x0000000000000000	0x0000000500000000	0x0000000000000000
1040513	0x0000000000000000	0x0000000000000000	0x0000000000000000	0x0000000500000000
1040514	0x0000003200000000	0x0000000000000000	0x0000000000000000	0x0000000000000000
1040515	0x0000000000000000	0x0000000A00000000	0x0000000000000000	0x0000000000000000
1040516	0x0000003200000000	0x0000000000000000	0x0000000000000000	0x0000000000000000
1040517	0x0000000000000000	0x0000000000000000	0x0000000500000000	0x0000000000000000
1040518	0x0000000000000000	0x0000000000000000	0x0000000000000000	0x0000000500000000
1040519	0x0000003200000000	0x0000000000000000	0x0000000000000000	0x0000000000000000
1040520	0x0000000000000000	0x0000000A00000000	0x0000000000000000	0x0000000000000000
1040521	0x0000003200000000	0x0000000000000000	0x0000000000000000	0x0000000000000000
1040522	0x0000000000000000	0x0000000000000000	0x0000000500000000	0x0000000000000000
1040523	0x0000000000000000	0x0000000000000000	0x0000000000000000	0x0000000500000000
1040524	0x0000003200000000	0x0000000000000000	0x0000000000000000	0x0000000000000000
1040525	0x0000000000000000	0x0000000A00000000	0x0000000000000000	0x0000000000000000
1040526	0x0000003200000000	0x0000000000000000	0x0000000000000000	0x0000000000000000
1040527	0x0000000000000000	0x0000000000000000	0x0000000500000000	0x0000000000000000
1040528	0x0000000000000000	0x0000000000000000	0x0000000000000000	0x0000000500000000
1040529	0x0000003200000000	0x0000000000000000	0x0000000000000000	0x0000000000000000
1040530	0x0000000000000000	0x0000000A00000000	0x0000000000000000	0x0000000000000000
1040531	0x0000003200000000	0x0000000000000000	0x0000000000000000	0x0000000000000000
1040532	0x0000000000000000	0x0000000000000000	0x0000000500000000	0x0000000000000000
1040533	0x0000000000000000	0x0000000000000000	0x0000000000000000	0x0000000500000000
1040534	0x0000003200000000	0x0000000000000000	0x0000000000000000	0x0000000000000000
1040535	0x0000000000000000	0x0000000A00000000	0x0000000000000000	0x0000000000000000
1040536	0x0000003200000000	0x0000000000000000	0x0000000000000000	0x0000000000000000
1040537	0x0000000000000000	0x0000000000000000	0x0000000500000000	0x0000000000000000
1040538	0x0000000000000000	0x0000000000000000	0x0000000000000000	0x0000000500000000
1040539	0x0000003200000000	0x0000000000000000	0x0000000000000000	0x0000000000000000
1040540	0x0000000000000000	0x0000000A00000000	0x0000000000000000	0x0000000000000000
1040541	0x0000003200000000	0x0000000000000000	0x0000000000000000	0x0000000000000000
1040542	0x0000000000000000	0x0000000000000000	0x0000000500000000	0x0000000000000000
1040543	0x0000000000000000	0x0000000000000000	0x0000000000000000	0x0000000500000000
1040544	0x0000003200000000	0x0000000000000000	0x0000000000000000	0x0000000000000000
1040545	0x0000000000000000	0x0000000A00000000	0x0000000000000000	0x0000000000000000
1040546	0x0000003200000000	0x0000000000000000	0x0000000000000000	0x0000000000000000
1040547	0x0000000000000000	0x0000000000000000	0x0000000500000000	0x0000000000000000
1040548	0x0000000000000000	0x0000000000000000	0x0000000000000000	0x0000000500000000
1040549	0x0000003200000000	0x0000000000000000	0x0000000000000000	0x0000000000000000
1040550	0x0000000000000000	0x0000000A00000000	0x0000000000000000	0x0000000000000000
1040551	0x0000003200000000	0x0000000000000000	0x0000000000000000	0x0000000000000000
1040552	0x0000000000000000	0x0000000000000000	0x0000000500000000	0x0000000000000000
1040553	0x0000000000000000	0x0000000000000000	0x0000000000000000	0x0000000500000000
1040554	0x0000003200000000	0x0000000000000000	0x0000000000000000	0x0000000000000000
1040555	0x0000000000000000	0x0000000A00000000	0x0000000000000000	0x0000000000000000
1040556	0x0000003200000000	0x0000000000000000	0x0000000000000000	0x0000000000000000
1040557	0x0000000000000000	0x0000000000000000	0x0000000500000000	0x0000000000000000
1040558	0x0000000000000000	0x0000000000000000	0x0000000000000000	0x0000000500000000
1040559	0x0000003200000000	0x0000000000000000	0x0000000000000000	0x0000000000000000
1370210	0x0000000000000000	0x0000000A00000000	0x0000000000000000	0x0000000000000000
1370211	0x0000003200000000	0x0000000000000000	0x0000000000000000	0x0000000000000000
1370212	0x0000000000000000	0x0000000000000000	0x0000000500000000	0x0000000000000000
1370213	0x0000000000000000	0x0000000000000000	0x0000000000000000	0x0000000500000000
1370214	0x0000003200000000	0x0000000000000000	0x0000000000000000	0x0000000000000000
1370215	0x0000000000000000	0x0000000A00000000	0x0000000000000000	0x0000000000000000
1370216	0x0000003200000000	0x0000000000000000	0x0000000000000000	0x0000000000000000
1370217	0x0000000000000000	0x0000000000000000	0x0000000500000000	0x0000000000000000
1370218	0x0000000000000000	0x0000000000000000	0x0000000000000000	0x0000000500000000
1370219	0x0000003200000000	0x0000000000000000	0x0000000000000000	0x0000000000000000
1370220	0x0000000000000000	0x0000000A00000000	0x0000000000000000	0x0000000000000000
1370221	0x0000003200000000	0x0000000000000000	0x0000000000000000	0x0000000000000000
1370222	0x0000000000000000	0x0000000000000000	0x0000000500000000	0x0000000000000000
1370223	0x0000000000000000	0x0000000000000000	0x0000000000000000	0x0000000500000000
1370224	0x0000003200000000	0x0000000000000000	0x0000000000000000	0x0000000000000000
1370225	0x0000000000000000	0x0000000A00000000	0x0000000000000000	0x0000000000000000
1370226	0x0000003200000000	0x0000000000000000	0x0000000000000000	0x0000000000000000
1370227	0x0000000000000000	0x0000000000000000	0x0000000500000000	0x0000000000000000
1370228	0x0000000000000000	0x0000000000000000	0x0000000000000000	0x0000000500000000
1370229	0x0000003200000000	0x0000000000000000	0x0000000000000000	0x0000000000000000
1370230	0x0000000000000000	0x0000000A00000000	0x0000000000000000	0x0000000000000000
1370231	0x0000003200000000	0x0000000000000000	0x0000000000000000	0x0000000000000000
1370232	0x0000000000000000	0x0000000000000000	0x0000000500000000	0x0000000000000000
1370233	0x0000000000000000	0x0000000000000000	0x0000000000000000	0x0000000500000000
1370234	0x0000003200000000	0x0000000000000000	0x0000000000000000	0x0000000000000000
1370235	0x0000000000000000	0x0000000A00000000	0x0000000000000000	0x0000000000000000
1370236	0x0000003200000000	0x0000000000000000	0x0000000000000000	0x0000000000000000
1370237	0x0000000000000000	0x0000000000000000	0x0000000500000000	0x0000000000000000
1370238	0x0000000000000000	0x0000000000000000	0x0000000000000000	0x0000000500000000
1370239	0x0000003200000000	0x0000000000000000	0x0000000000000000	0x0000000000000000
1370240	0x0000000000000000	0x0000000A00000000	0x0000000000000000	0x0000000000000000
1370241	0x0000003200000000	0x0000000000000000	0x0000000000000000	0x0000000000000000
1370242	0x0000000000000000	0x0000000000000000	0x0000000500000000	0x0000000000000000
1370243	0x0000000000000000	0x0000000000000000	0x0000000000000000	0x0000000500000000
1370244	0x0000003200000000	0x0000000000000000	0x0000000000000000	0x0000000000000000
1370245	0x0000000000000000	0x0000000A00000000	0x0000000000000000	0x0000000000000000
1370246	0x0000003200000000	0x0000000000000000	0x0000000000000000	0x0000000000000000
1370247	0x0000000000000000	0x0000000000000000	0x0000000500000000	0x0000000000000000
1370248	0x0000000000000000	0x0000000000000000	0x0000000000000000	0x0000000500000000
1370249	0x0000003200000000	0x0000000000000000	0x0000000000000000	0x0000000000000000
1370250	0x0000000000000000	0x0000000A00000000	0x0000000000000000	0x0000000000000000
1370251	0x0000003200000000	0x0000000000000000	0x0000000000000000	0x0000000000000000
1370252	0x0000000000000000	0x0000000000000000	0x0000000500000000	0x0000000000000000
1370253	0x0000000000000000	0x0000000000000000	0x0000000000000000	0x0000000500000000
1370254	0x0000003200000000	0x0000000000000000	0x0000000000000000	0x0000000000000000
1370255	0x0000000000000000	0x0000000A00000000	0x0000000000000000	0x0000000000000000
1370256	0x0000003200000000	0x0000000000000000	0x0000000000000000	0x0000000000000000
1370257	0x0000000000000000	0x0000000000000000	0x0000000500000000	0x0000000000000000
1370258	0x0000000000000000	0x0000000000000000	0x0000000000000000	0x0000000500000000
1370259	0x0000003200000000	0x0000000000000000	0x0000000000000000	0x0000000000000000
1380310	0x0000000000000000	0x0000000A00000000	0x0000000000000000	0x0000000000000000
1380311	0x0000003200000000	0x0000000000000000	0x0000000000000000	0x0000000000000000
1380312	0x0000000000000000	0x0000000000000000	0x0000000500000000	0x0000000000000000
1380313	0x0000000000000000	0x0000000000000000	0x0000000000000000	0x0000000500000000
1380314	0x0000003200000000	0x0000000000000000	0x0000000000000000	0x0000000000000000
1380315	0x0000000000000000	0x0000000A00000000	0x0000000000000000	0x0000000000000000
1380316	0x0000003200000000	0x0000000000000000	0x0000000000000000	0x0000000000000000
1380317	0x0000000000000000	0x0000000000000000	0x0000000500000000	0x0000000000000000
1380318	0x0000000000000000	0x0000000000000000	0x0000000000000000	0x0000000500000000
1380319	0x0000003200000000	0x0000000000000000	0x0000000000000000	0x0000000000000000
1380320	0x0000000000000000	0x0000000A00000000	0x0000000000000000	0x0000000000000000
1380321	0x0000003200000000	0x0000000000000000	0x0000000000000000	0x0000000000000000
1380322	0x0000000000000000	0x0000000000000000	0x0000000500000000	0x0000000000000000
1380323	0x0000000000000000	0x0000000000000000	0x0000000000000000	0x0000000500000000
1380324	0x0000003200000000	0x0000000000000000	0x0000000000000000	0x0000000000000000
1380325	0x0000000000000000	0x0000000A00000000	0x0000000000000000	0x0000000000000000
1380326	0x0000003200000000	0x0000000000000000	0x0000000000000000	0x0000000000000000
1380327	0x0000000000000000	0x0000000000000000	0x0000000500000000	0x0000000000000000
1380328	0x0000000000000000	0x0000000000000000	0x0000000000000000	0x0000000500000000
1380329	0x0000003200000000	0x0000000000000000	0x0000000000000000	0x0000000000000000
1380330	0x0000000000000000	0x0000000A00000000	0x0000000000000000	0x0000000000000000
1380331	0x0000003200000000	0x0000000000000000	0x0000000000000000	0x0000000000000000
1380332	0x0000000000000000	0x0000000000000000	0x0000000500000000	0x0000000000000000
1380333	0x0000000000000000	0x0000000000000000	0x0000000000000000	0x0000000500000000
1380334	0x0000003200000000	0x0000000000000000	0x0000000000000000	0x0000000000000000
1380335	0x0000000000000000	0x0000000A00000000	0x0000000000000000	0x0000000000000000
1380336	0x0000003200000000	0x0000000000000000	0x0000000000000000	0x0000000000000000
1380337	0x0000000000000000	0x0000000000000000	0x0000000500000000	0x0000000000000000
1380338	0x0000000000000000	0x0000000000000000	0x0000000000000000	0x0000000500000000
1380339	0x0000003200000000	0x0000000000000000	0x0000000000000000	0x0000000000000000
1380340	0x0000000000000000	0x0000000A00000000	0x0000000000000000	0x0000000000000000
1380341	0x0000003200000000	0x0000000000000000	0x0000000000000000	0x0000000000000000
1380342	0x0000000000000000	0x0000000000000000	0x0000000500000000	0x0000000000000000
1380343	0x0000000000000000	0x0000000000000000	0x0000000000000000	0x0000000500000000
1380344	0x0000003200000000	0x0000000000000000	0x0000000000000000	0x0000000000000000
1380345	0x0000000000000000	0x0000000A00000000	0x0000000000000000	0x0000000000000000
1380346	0x0000003200000000	0x0000000000000000	0x0000000000000000	0x0000000000000000
1380347	0x0000000000000000	0x0000000000000000	0x0000000500000000	0x0000000000000000
1380348	0x0000000000000000	0x0000000000000000	0x0000000000000000	0x0000000500000000
1380349	0x0000003200000000	0x0000000000000000	0x0000000000000000	0x0000000000000000
1380350	0x0000000000000000	0x0000000A00000000	0x0000000000000000	0x0000000000000000
1380351	0x0000003200000000	0x0000000000000000	0x0000000000000000	0x0000000000000000
1380352	0x0000000000000000	0x0000000000000000	0x0000000500000000	0x0000000000000000
1380353	0x0000000000000000	0x0000000000000000	0x0000000000000000	0x0000000500000000
1380354	0x0000003200000000	0x0000000000000000	0x0000000000000000	0x0000000000000000
1380355	0x0000000000000000	0x0000000A00000000	0x0000000000000000	0x0000000000000000
1380356	0x0000003200000000	0x0000000000000000	0x0000000000000000	0x0000000000000000
1380357	0x0000000000000000	0x0000000000000000	0x0000000500000000	0x0000000000000000
1380358	0x0000000000000000	0x0000000000000000	0x0000000000000000	0x0000000500000000
1380359	0x0000003200000000	0x0000000000000000	0x0000000000000000	0x0000000000000000
1030510	0x0000000000000000	0x0000000A00000000	0x0000000000000000	0x0000000000000000
1030511	0x0000003200000000	0x0000000000000000	0x0000000000000000	0x0000000000000000
1030512	0x0000000000000000	0x0000000000000000	0x0000000500000000	0x0000000000000000
1030513	0x0000000000000000	0x0000000000000000	0x0000000000000000	0x0000000500000000
1030514	0x0000003200000000	0x0000000000000000	0x0000000000000000	0x0000000000000000
1030515	0x0000000000000000	0x0000000A00000000	0x0000000000000000	0x0000000000000000
1030516	0x0000003200000000	0x0000000000000000	0x0000000000000000	0x0000000000000000
1030517	0x0000000000000000	0x0000000000000000	0x0000000500000000	0x0000000000000000
1030518	0x0000000000000000	0x0000000000000000	0x0000000000000000	0x0000000500000000
1030519	0x0000003200000000	0x0000000000000000	0x0000000000000000	0x0000000000000000
1030520	0x0000000000000000	0x0000000A00000000	0x0000000000000000	0x0000000000000000
1030521	0x0000003200000000	0x0000000000000000	0x0000000000000000	0x0000000000000000
1030522	0x0000000000000000	0x0000000000000000	0x0000000500000000	0x0000000000000000
1030523	0x0000000000000000	0x0000000000000000	0x0000000000000000	0x0000000500000000
1030524	0x0000003200000000	0x0000000000000000	0x0000000000000000	0x0000000000000000
1030525	0x0000000000000000	0x0000000A00000000	0x0000000000000000	0x0000000000000000
1030526	0x0000003200000000	0x0000000000000000	0x0000000000000000	0x0000000000000000
1030527	0x0000000000000000	0x0000000000000000	0x0000000500000000	0x0000000000000000
1030528	0x0000000000000000	0x0000000000000000	0x0000000000000000	0x0000000500000000
1030529	0x0000003200000000	0x0000000000000000	0x0000000000000000	0x0000000000000000
1030530	0x0000000000000000	0x0000000A00000000	0x0000000000000000	0x0000000000000000
1030531	0x0000003200000000	0x0000000000000000	0x0000000000000000	0x0000000000000000
1030532	0x0000000000000000	0x0000000000000000	0x0000000500000000	0x0000000000000000
1030533	0x0000000000000000	0x0000000000000000	0x0000000000000000	0x0000000500000000
1030534	0x0000003200000000	0x0000000000000000	0x0000000000000000	0x0000000000000000
1030535	0x0000000000000000	0x0000000A00000000	0x0000000000000000	0x0000000000000000
1030536	0x0000003200000000	0x0000000000000000	0x0000000000000000	0x0000000000000000
1030537	0x0000000000000000	0x0000000000000000	0x0000000500000000	0x0000000000000000
1030538	0x0000000000000000	0x0000000000000000	0x0000000000000000	0x0000000500000000
1030539	0x0000003200000000	0x0000000000000000	0x0000000000000000	0x0000000000000000
1030540	0x0000000000000000	0x0000000A00000000	0x0000000000000000	0x0000000000000000
1030541	0x0000003200000000	0x0000000000000000	0x0000000000000000	0x0000000000000000
1030542	0x0000000000000000	0x0000000000000000	0x0000000500000000	0x0000000000000000
1030543	0x0000000000000000	0x0000000000000000	0x0000000000000000	0x0000000500000000
1030544	0x0000003200000000	0x0000000000000000	0x0000000000000000	0x0000000000000000
1030545	0x0000000000000000	0x0000000A00000000	0x0000000000000000	0x0000000000000000
1030546	0x0000003200000000	0x0000000000000000	0x0000000000000000	0x0000000000000000
1030547	0x0000000000000000	0x0000000000000000	0x0000000500000000	0x0000000000000000
1030548	0x0000000000000000	0x0000000000000000	0x0000000000000000	0x0000000500000000
1030549	0x0000003200000000	0x0000000000000000	0x0000000000000000	0x0000000000000000
1030550	0x0000000000000000	0x0000000A00000000	0x0000000000000000	0x0000000000000000
1030551	0x0000003200000000	0x0000000000000000	0x0000000000000000	0x0000000000000000
1030552	0x0000000000000000	0x0000000000000000	0x0000000500000000	0x0000000000000000
1030553	0x0000000000000000	0x0000000000000000	0x0000000000000000	0x0000000500000000
1030554	0x0000003200000000	0x0000000000000000	0x0000000000000000	0x0000000000000000
1030555	0x0000000000000000	0x0000000A00000000	0x0000000000000000	0x0000000000000000
1030556	0x0000003200000000	0x0000000000000000	0x0000000000000000	0x0000000000000000
1030557	0x0000000000000000	0x0000000000000000	0x0000000500000000	0x0000000000000000
1030558	0x0000000000000000	0x0000000000000000	0x0000000000000000	0x0000000500000000
1030559	0x0000003200000000	0x0000000000000000	0x0000000000000000	0x0000000000000000
1290310	0x0000000000000000	0x0000000A00000000	0x0000000000000000	0x0000000000000000
1290311	0x0000003200000000	0x0000000000000000	0x0000000000000000	0x0000000000000000
1290312	0x0000000000000000	0x0000000000000000	0x0000000500000000	0x0000000000000000
1290313	0x0000000000000000	0x0000000000000000	0x0000000000000000	0x0000000500000000
1290314	0x0000003200000000	0x0000000000000000	0x0000000000000000	0x0000000000000000
1290315	0x0000000000000000	0x0000000A00000000	0x0000000000000000	0x0000000000000000
1290316	0x0000003200000000	0x0000000000000000	0x0000000000000000	0x0000000000000000
1290317	0x0000000000000000	0x0000000000000000	0x0000000500000000	0x0000000000000000
1290318	0x0000000000000000	0x0000000000000000	0x0000000000000000	0x0000000500000000
1290319	0x0000003200000000	0x0000000000000000	0x0000000000000000	0x0000000000000000
1290320	0x0000000000000000	0x0000000A00000000	0x0000000000000000	0x0000000000000000
1290321	0x0000003200000000	0x0000000000000000	0x0000000000000000	0x0000000000000000
1290322	0x0000000000000000	0x0000000000000000	0x0000000500000000	0x0000000000000000
1290323	0x0000000000000000	0x0000000000000000	0x0000000000000000	0x0000000500000000
1290324	0x0000003200000000	0x0000000000000000	0x0000000000000000	0x0000000000000000
1290325	0x0000000000000000	0x0000000A00000000	0x0000000000000000	0x0000000000000000
1290326	0x0000003200000000	0x0000000000000000	0x0000000000000000	0x0000000000000000
1290327	0x0000000000000000	0x0000000000000000	0x0000000500000000	0x0000000000000000
1290328	0x0000000000000000	0x0000000000000000	0x0000000000000000	0x0000000500000000
1290329	0x0000003200000000	0x0000000000000000	0x0000000000000000	0x0000000000000000
1290330	0x0000000000000000	0x0000000A00000000	0x0000000000000000	0x0000000000000000
1290331	0x0000003200000000	0x0000000000000000	0x0000000000000000	0x0000000000000000
1290332	0x0000000000000000	0x0000000000000000	0x0000000500000000	0x0000000000000000
1290333	0x0000000000000000	0x0000000000000000	0x0000000000000000	0x0000000500000000
1290334	0x0000003200000000	0x0000000000000000	0x0000000000000000	0x0000000000000000
1290335	0x0000000000000000	0x0000000A00000000	0x0000000000000000	0x0000000000000000
1290336	0x0000003200000000	0x0000000000000000	0x0000000000000000	0x0000000000000000
1290337	0x0000000000000000	0x0000000000000000	0x0000000500000000	0x0000000000000000
1290338	0x0000000000000000	0x0000000000000000	0x0000000000000000	0x0000000500000000
1290339	0x0000003200000000	0x0000000000000000	0x0000000000000000	0x0000000000000000
1290340	0x0000000000000000	0x0000000A00000000	0x0000000000000000	0x0000000000000000
1290341	0x0000003200000000	0x0000000000000000	0x0000000000000000	0x0000000000000000
1290342	0x0000000000000000	0x0000000000000000	0x0000000500000000	0x0000000000000000
1290343	0x0000000000000000	0x0000000000000000	0x0000000000000000	0x0000000500000000
1290344	0x0000003200000000	0x0000000000000000	0x0000000000000000	0x0000000000000000
1290345	0x0000000000000000	0x0000000A00000000	0x0000000000000000	0x0000000000000000
1290346	0x0000003200000000	0x0000000000000000	0x0000000000000000	0x0000000000000000
1290347	0x0000000000000000	0x0000000000000000	0x0000000500000000	0x0000000000000000
1290348	0x0000000000000000	0x0000000000000000	0x0000000000000000	0x0000000500000000
1290349	0x0000003200000000	0x0000000000000000	0x0000000000000000	0x0000000000000000
1290350	0x0000000000000000	0x0000000A00000000	0x0000000000000000	0x0000000000000000
1290351	0x0000003200000000	0x0000000000000000	0x0000000000000000	0x0000000000000000
1290352	0x0000000000000000	0x0000000000000000	0x0000000500000000	0x0000000000000000
1290353	0x0000000000000000	0x0000000000000000	0x0000000000000000	0x0000000500000000
1290354	0x0000003200000000	0x0000000000000000	0x0000000000000000	0x0000000000000000
1290355	0x0000000000000000	0x0000000A00000000	0x0000000000000000	0x0000000000000000
1290356	0x0000003200000000	0x0000000000000000	0x0000000000000000	0x0000000000000000
1290357	0x0000000000000000	0x0000000000000000	0x0000000500000000	0x0000000000000000
1290358	0x0000000000000000	0x0000000000000000	0x0000000000000000	0x0000000500000000
1290359	0x0000003200000000	0x0000000000000000	0x0000000000000000	0x0000000000000000
1140410	0x0000000000000000	0x0000000A00000000	0x0000000000000000	0x0000000000000000
1140411	0x0000003200000000	0x0000000000000000	0x0000000000000000	0x0000000000000000
1140412	0x0000000000000000	0x0000000000000000	0x0000000500000000	0x0000000000000000
1140413	0x0000000000000000	0x0000000000000000	0x0000000000000000	0x0000000500000000
1140414	0x0000003200000000	0x0000000000000000	0x0000000000000000	0x0000000000000000
1140415	0x0000000000000000	0x0000000A00000000	0x0000000000000000	0x0000000000000000
1140416	0x0000003200000000	0x0000000000000000	0x0000000000000000	0x0000000000000000
1140417	0x0000000000000000	0x0000000000000000	0x0000000500000000	0x0000000000000000
1140418	0x0000000000000000	0x0000000000000000	0x0000000000000000	0x0000000500000000
1140419	0x0000003200000000	0x0000000000000000	0x0000000000000000	0x0000000000000000
1140420	0x0000000000000000	0x0000000A00000000	0x0000000000000000	0x0000000000000000
1140421	0x0000003200000000	0x0000000000000000	0x0000000000000000	0x0000000000000000
1140422	0x0000000000000000	0x0000000000000000	0x0000000500000000	0x0000000000000000
1140423	0x0000000000000000	0x0000000000000000	0x0000000000000000	0x0000000500000000
1140424	0x0000003200000000	0x0000000000000000	0x0000000000000000	0x0000000000000000
1140425	0x0000000000000000	0x0000000A00000000	0x0000000000000000	0x0000000000000000
1140426	0x0000003200000000	0x0000000000000000	0x0000000000000000	0x0000000000000000
1140427	0x0000000000000000	0x0000000000000000	0x0000000500000000	0x0000000000000000
1140428	0x0000000000000000	0x0000000000000000	0x0000000000000000	0x0000000500000000
1140429	0x0000003200000000	0x0000000000000000	0x0000000000000000	0x0000000000000000
1140430	0x0000000000000000	0x0000000A00000000	0x0000000000000000	0x0000000000000000
1140431	0x0000003200000000	0x0000000000000000	0x0000000000000000	0x0000000000000000
1140432	0x0000000000000000	0x0000000000000000	0x0000000500000000	0x0000000000000000
1140433	0x0000000000000000	0x0000000000000000	0x0000000000000000	0x0000000500000000
1140434	0x0000003200000000	0x0000000000000000	0x0000000000000000	0x0000000000000000
1140435	0x0000000000000000	0x0000000A00000000	0x0000000000000000	0x0000000000000000
1140436	0x0000003200000000	0x0000000000000000	0x0000000000000000	0x0000000000000000
1140437	0x0000000000000000	0x0000000000000000	0x0000000500000000	0x0000000000000000
1140438	0x0000000000000000	0x0000000000000000	0x0000000000000000	0x0000000500000000
1140439	0x0000003200000000	0x0000000000000000	0x0000000000000000	0x0000000000000000
1140440	0x0000000000000000	0x0000000A00000000	0x0000000000000000	0x0000000000000000
1140441	0x0000003200000000	0x0000000000000000	0x0000000000000000	0x0000000000000000
1140442	0x0000000000000000	0x0000000000000000	0x0000000500000000	0x0000000000000000
1140443	0x0000000000000000	0x0000000000000000	0x0000000000000000	0x0000000500000000
1140444	0x0000003200000000	0x0000000000000000	0x0000000000000000	0x0000000000000000
1140445	0x0000000000000000	0x0000000A00000000	0x0000000000000000	0x0000000000000000
1140446	0x0000003200000000	0x0000000000000000	0x0000000000000000	0x0000000000000000
1140447	0x0000000000000000	0x0000000000000000	0x0000000500000000	0x0000000000000000
1140448	0x0000000000000000	0x0000000000000000	0x0000000000000000	0x0000000500000000
1140449	0x0000003200000000	0x0000000000000000	0x0000000000000000	0x0000000000000000
1140450	0x0000000000000000	0x0000000A00000000	0x0000000000000000	0x0000000000000000
1140451	0x0000003200000000	0x0000000000000000	0x0000000000000000	0x0000000000000000
1140452	0x0000000000000000	0x0000000000000000	0x0000000500000000	0x0000000000000000
1140453	0x0000000000000000	0x0000000000000000	0x0000000000000000	0x0000000500000000
1140454	0x0000003200000000	0x0000000000000000	0x0000000000000000	0x0000000000000000
1140455	0x0000000000000000	0x0000000A00000000	0x0000000000000000	0x0000000000000000
1140456	0x0000003200000000	0x0000000000000000	0x0000000000000000	0x0000000000000000
1140457	0x0000000000000000	0x0000000000000000	0x0000000500000000	0x0000000000000000
1140458	0x0000000000000000	0x0000000000000000	0x0000000000000000	0x0000000500000000
1140459	0x0000003200000000	0x0000000000000000	0x0000000000000000	0x0000000000000000
1390310	0x0000000000000000	0x0000000A00000000	0x0000000000000000	0x0000000000000000
1390311	0x0000003200000000	0x0000000000000000	0x0000000000000000	0x0000000000000000
1390312	0x0000000000000000	0x0000000000000000	0x0000000500000000	0x0000000000000000
1390313	0x0000000000000000	0x0000000000000000	0x0000000000000000	0x0000000500000000
1390314	0x0000003200000000	0x0000000000000000	0x0000000000000000	0x0000000000000000
1390315	0x0000000000000000	0x0000000A00000000	0x0000000000000000	0x0000000000000000
1390316	0x0000003200000000	0x0000000000000000	0x0000000000000000	0x0000000000000000
1390317	0x0000000000000000	0x0000000000000000	0x0000000500000000	0x0000000000000000
1390318	0x0000000000000000	0x0000000000000000	0x0000000000000000	0x0000000500000000
1390319	0x0000003200000000	0x0000000000000000	0x0000000000000000	0x0000000000000000
1390320	0x0000000000000000	0x0000000A00000000	0x0000000000000000	0x0000000000000000
1390321	0x0000003200000000	0x0000000000000000	0x0000000000000000	0x0000000000000000
1390322	0x0000000000000000	0x0000000000000000	0x0000000500000000	0x0000000000000000
1390323	0x0000000000000000	0x0000000000000000	0x0000000000000000	0x0000000500000000
1390324	0x0000003200000000	0x0000000000000000	0x0000000000000000	0x0000000000000000
1390325	0x0000000000000000	0x0000000A00000000	0x0000000000000000	0x0000000000000000
1390326	0x0000003200000000	0x0000000000000000	0x0000000000000000	0x0000000000000000
1390327	0x0000000000000000	0x0000000000000000	0x0000000500000000	0x0000000000000000
1390328	0x0000000000000000	0x0000000000000000	0x0000000000000000	0x0000000500000000
1390329	0x0000003200000000	0x0000000000000000	0x0000000000000000	0x0000000000000000
1390330	0x0000000000000000	0x0000000A00000000	0x0000000000000000	0x0000000000000000
1390331	0x0000003200000000	0x0000000000000000	0x0000000000000000	0x0000000000000000
1390332	0x0000000000000000	0x0000000000000000	0x0000000500000000	0x0000000000000000
1390333	0x0000000000000000	0x0000000000000000	0x0000000000000000	0x0000000500000000
1390334	0x0000003200000000	0x0000000000000000	0x0000000000000000	0x0000000000000000
1390335	0x0000000000000000	0x0000000A00000000	0x0000000000000000	0x0000000000000000
1390336	0x0000003200000000	0x0000000000000000	0x0000000000000000	0x0000000000000000
1390337	0x0000000000000000	0x0000000000000000	0x0000000500000000	0x0000000000000000
1390338	0x0000000000000000	0x0000000000000000	0x0000000000000000	0x0000000500000000
1390339	0x0000003200000000	0x0000000000000000	0x0000000000000000	0x0000000000000000
1390340	0x0000000000000000	0x0000000A00000000	0x0000000000000000	0x0000000000000000
1390341	0x0000003200000000	0x0000000000000000	0x0000000000000000	0x0000000000000000
1390342	0x0000000000000000	0x0000000000000000	0x0000000500000000	0x0000000000000000
1390343	0x0000000000000000	0x0000000000000000	0x0000000000000000	0x0000000500000000
1390344	0x0000003200000000	0x0000000000000000	0x0000000000000000	0x0000000000000000
1390345	0x0000000000000000	0x0000000A00000000	0x0000000000000000	0x0000000000000000
1390346	0x0000003200000000	0x0000000000000000	0x0000000000000000	0x0000000000000000
1390347	0x0000000000000000	0x0000000000000000	0x0000000500000000	0x0000000000000000
1390348	0x0000000000000000	0x0000000000000000	0x0000000000000000	0x0000000500000000
1390349	0x0000003200000000	0x0000000000000000	0x0000000000000000	0x0000000000000000
1390350	0x0000000000000000	0x0000000A00000000	0x0000000000000000	0x0000000000000000
1390351	0x0000003200000000	0x0000000000000000	0x0000000000000000	0x0000000000000000
1390352	0x0000000000000000	0x0000000000000000	0x0000000500000000	0x0000000000000000
1390353	0x0000000000000000	0x0000000000000000	0x0000000000000000	0x0000000500000000
1390354	0x0000003200000000	0x0000000000000000	0x0000000000000000	0x0000000000000000
1390355	0x0000000000000000	0x0000000A00000000	0x0000000000000000	0x0000000000000000
1390356	0x0000003200000000	0x0000000000000000	0x0000000000000000	0x0000000000000000
1390357	0x0000000000000000	0x0000000000000000	0x0000000500000000	0x0000000000000000
1390358	0x0000000000000000	0x0000000000000000	0x0000000000000000	0x0000000500000000
1390359	0x0000003200000000	0x0000000000000000	0x0000000000000000	0x0000000000000000
1060410	0x0000000000000000	0x0000000A00000000	0x0000000000000000	0x0000000000000000
1060411	0x0000003200000000	0x0000000000000000	0x0000000000000000	0x0000000000000000
1060412	0x0000000000000000	0x0000000000000000	0x0000000500000000	0x0000000000000000
1060413	0x0000000000000000	0x0000000000000000	0x0000000000000000	0x0000000500000000
1060414	0x0000003200000000	0x0000000000000000	0x0000000000000000	0x0000000000000000
1060415	0x0000000000000000	0x0000000A00000000	0x0000000000000000	0x0000000000000000
1060416	0x0000003200000000	0x0000000000000000	0x0000000000000000	0x0000000000000000
1060417	0x0000000000000000	0x0000000000000000	0x0000000500000000	0x0000000000000000
1060418	0x0000000000000000	0x0000000000000000	0x0000000000000000	0x0000000500000000
1060419	0x0000003200000000	0x0000000000000000	0x0000000000000000	0x0000000000000000
1060420	0x0000000000000000	0x0000000A00000000	0x0000000000000000	0x0000000000000000
1060421	0x0000003200000000	0x0000000000000000	0x0000000000000000	0x0000000000000000
1060422	0x0000000000000000	0x0000000000000000	0x0000000500000000	0x0000000000000000
1060423	0x0000000000000000	0x0000000000000000	0x0000000000000000	0x0000000500000000
1060424	0x0000003200000000	0x0000000000000000	0x0000000000000000	0x0000000000000000
1060425	0x0000000000000000	0x0000000A00000000	0x0000000000000000	0x0000000000000000
1060426	0x0000003200000000	0x0000000000000000	0x0000000000000000	0x0000000000000000
1060427	0x0000000000000000	0x0000000000000000	0x0000000500000000	0x0000000000000000
1060428	0x0000000000000000	0x0000000000000000	0x0000000000000000	0x0000000500000000
1060429	0x0000003200000000	0x0000000000000000	0x0000000000000000	0x0000000000000000
1060430	0x0000000000000000	0x0000000A00000000	0x0000000000000000	0x0000000000000000
1060431	0x0000003200000000	0x0000000000000000	0x0000000000000000	0x0000000000000000
1060432	0x0000000000000000	0x0000000000000000	0x0000000500000000	0x0000000000000000
1060433	0x0000000000000000	0x0000000000000000	0x0000000000000000	0x0000000500000000
1060434	0x0000003200000000	0x0000000000000000	0x0000000000000000	0x0000000000000000
1060435	0x0000000000000000	0x0000000A00000000	0x0000000000000000	0x0000000000000000
1060436	0x0000003200000000	0x0000000000000000	0x0000000000000000	0x0000000000000000
1060437	0x0000000000000000	0x0000000000000000	0x0000000500000000	0x0000000000000000
1060438	0x0000000000000000	0x0000000000000000	0x0000000000000000	0x0000000500000000
1060439	0x0000003200000000	0x0000000000000000	0x0000000000000000	0x0000000000000000
1060440	0x0000000000000000	0x0000000A00000000	0x0000000000000000	0x0000000000000000
1060441	0x0000003200000000	0x0000000000000000	0x0000000000000000	0x0000000000000000
1060442	0x0000000000000000	0x0000000000000000	0x0000000500000000	0x0000000000000000
1060443	0x0000000000000000	0x0000000000000000	0x0000000000000000	0x0000000500000000
1060444	0x0000003200000000	0x0000000000000000	0x0000000000000000	0x0000000000000000
1060445	0x0000000000000000	0x0000000A00000000	0x0000000000000000	0x0000000000000000
1060446	0x0000003200000000	0x0000000000000000	0x0000000000000000	0x0000000000000000
1060447	0x0000000000000000	0x0000000000000000	0x0000000500000000	0x0000000000000000
1060448	0x0000000000000000	0x0000000000000000	0x0000000000000000	0x0000000500000000
1060449	0x0000003200000000	0x0000000000000000	0x0000000000000000	0x0000000000000000
1060450	0x0000000000000000	0x0000000A00000000	0x0000000000000000	0x0000000000000000
1060451	0x0000003200000000	0x0000000000000000	0x0000000000000000	0x0000000000000000
1060452	0x0000000000000000	0x0000000000000000	0x0000000500000000	0x0000000000000000
1060453	0x0000000000000000	0x0000000000000000	0x0000000000000000	0x0000000500000000
1060454	0x0000003200000000	0x0000000000000000	0x0000000000000000	0x0000000000000000
1060455	0x0000000000000000	0x0000000A00000000	0x0000000000000000	0x0000000000000000
1060456	0x0000003200000000	0x0000000000000000	0x0000000000000000	0x0000000000000000
1060457	0x0000000000000000	0x0000000000000000	0x0000000500000000	0x0000000000000000
1060458	0x0000000000000000	0x0000000000000000	0x0000000000000000	0x0000000500000000
1060459	0x0000003200000000	0x0000000000000000	0x0000000000000000	0x0000000000000000
0	0x0000000000000000	0x0000000000000000	0x0000000000000000	0x0000000000000000
200001	0x0000009600000000	0x0000001E00000000	0x0000000000000000	0x0000000000000000
200002	0x0000009600000000	0x0000000000000000	0x0000002D00000000	0x0000000000000000
200003	0x0000009600000000	0x0000000000000000	0x0000000000000000	0x0000001E00000000
200004	0x0000000000000000	0x0000001E00000000	0x0000002D00000000	0x0000000000000000
200005	0x0000000000000000	0x0000001E00000000	0x0000000000000000	0x0000001E00000000
200006	0x0000000000000000	0x0000000000000000	0x0000002D00000000	0x0000001E00000000
201001	0x0000003200000000	0x0000000A00000000	0x0000000000000000	0x0000000000000000
201002	0x0000003200000000	0x0000000000000000	0x0000000F00000000	0x0000000000000000
201003	0x0000003200000000	0x0000000000000000	0x0000000000000000	0x0000000A00000000
201004	0x0000000000000000	0x0000000A00000000	0x0000000F00000000	0x0000000000000000
201005	0x0000000000000000	0x0000000A00000000	0x0000000000000000	0x0000000A00000000
201006	0x0000000000000000	0x0000000000000000	0x0000000F00000000	0x0000000A00000000
202001	0x0000004B00000000	0x0000000F00000000	0x0000000000000000	0x0000000000000000
202002	0x0000004B00000000	0x0000000000000000	0x0000001700000000	0x0000000000000000
202003	0x0000004B00000000	0x0000000000000000	0x0000000000000000	0x0000000F00000000
202004	0x0000000000000000	0x0000000F00000000	0x0000001700000000	0x0000000000000000
202005	0x0000000000000000	0x0000000F00000000	0x0000000000000000	0x0000000F00000000
40160014	0x000000FFCB426DBE	0x0000000000000000	0x0000000000000000	0x00000008793EFA8B
40160024	0x00000104F8BEC483	0x0000000000000000	0x0000000000000000	0x000000081D16636B
40160034	0x00000104F8BEC483	0x0000000000000000	0x0000000000000000	0x000000084B2AAEFB
40160044	0x00000104F8BEC483	0x0000000000000000	0x0000000000000000	0x00000008793EFA8B
40160054	0x000000FE6C070AFA	0x0000000000000000	0x0000000000000000	0x00000008793EFA8B
40160064	0x000000FE6C070AFA	0x0000000000000000	0x0000000000000000	0x000000084B2AAEFB
40160074	0x00000104F8BEC483	0x0000000000000000	0x0000000000000000	0x000000084B2AAEFB
40160084	0x00000104F8BEC483	0x0000000000000000	0x0000000000000000	0x000000084B2AAEFB
40160094	0x0000010A3BEA8D78	0x0000000000000000	0x0000000000000000	0x000000084B2AAEFB
40160104	0x00000104F8BEC483	0x0000000000000000	0x0000000000000000	0x000000084B2AAEFB
40160114	0x0000010B876F8748	0x0000000000000000	0x0000000000000000	0x00000008151DD1F8
40160124	0x000000FD2081EDC1	0x0000000000000000	0x0000000000000000	0x00000008151DD1F8
40260014	0x000000FFCB426DBE	0x0000000000000000	0x0000000000000000	0x00000008793EFA8B
40260024	0x00000104F8BEC483	0x0000000000000000	0x0000000000000000	0x000000081D16636B
40260034	0x00000104F8BEC483	0x0000000000000000	0x0000000000000000	0x000000084B2AAEFB
40260044	0x00000104F8BEC483	0x0000000000000000	0x0000000000000000	0x00000008793EFA8B
40260054	0x000000FE6C070AFA	0x0000000000000000	0x0000000000000000	0x00000008793EFA8B
40260064	0x000000FE6C070AFA	0x0000000000000000	0x0000000000000000	0x000000084B2AAEFB
40260074	0x00000104F8BEC483	0x0000000000000000	0x0000000000000000	0x000000084B2AAEFB
40260084	0x00000104F8BEC483	0x0000000000000000	0x0000000000000000	0x000000084B2AAEFB
40260094	0x0000010A3BEA8D78	0x0000000000000000	0x0000000000000000	0x000000084B2AAEFB
40260104	0x00000104F8BEC483	0x0000000000000000	0x0000000000000000	0x000000084B2AAEFB
40260114	0x0000010B876F8748	0x0000000000000000	0x0000000000000000	0x00000008151DD1F8
40260124	0x000000FD2081EDC1	0x0000000000000000	0x0000000000000000	0x00000008151DD1F8
40360014	0x000000FFCB426DBE	0x0000000000000000	0x0000000000000000	0x00000008793EFA8B
40360024	0x00000104F8BEC483	0x0000000000000000	0x0000000000000000	0x000000081D16636B
40360034	0x00000104F8BEC483	0x0000000000000000	0x0000000000000000	0x000000084B2AAEFB
40360044	0x00000104F8BEC483	0x0000000000000000	0x0000000000000000	0x00000008793EFA8B
40360054	0x000000FE6C070AFA	0x0000000000000000	0x0000000000000000	0x00000008793EFA8B
40360064	0x000000FE6C070AFA	0x0000000000000000	0x0000000000000000	0x000000084B2AAEFB
40360074	0x00000104F8BEC483	0x0000000000000000	0x0000000000000000	0x000000084B2AAEFB
40360084	0x00000104F8BEC483	0x0000000000000000	0x0000000000000000	0x000000084B2AAEFB
40360094	0x0000010A3BEA8D78	0x0000000000000000	0x0000000000000000	0x000000084B2AAEFB
40360104	0x00000104F8BEC483	0x0000000000000000	0x0000000000000000	0x000000084B2AAEFB
40360114	0x0000010B876F8748	0x0000000000000000	0x0000000000000000	0x00000008151DD1F8
40360124	0x000000FD2081EDC1	0x0000000000000000	0x0000000000000000	0x00000008151DD1F8
40460014	0x0000000000000000	0x000000172FFD6B28	0x0000001BFD01FAC7	0x0000000000000000
40460024	0x0000000000000000	0x000000179DAA4F3D	0x0000001BFD01FAC7	0x0000000000000000
40460034	0x0000000000000000	0x000000179DAA4F3D	0x0000001B747AC189	0x0000000000000000
40460044	0x0000000000000000	0x0000001698099125	0x0000001B4B84FF29	0x0000000000000000
40460054	0x0000000000000000	0x0000001698099125	0x0000001BFD01FAC7	0x0000000000000000
40460064	0x0000000000000000	0x00000017C7C6D007	0x0000001BFD01FAC7	0x0000000000000000
40460074	0x0000000000000000	0x00000017C7C6D007	0x0000001B4B84FF29	0x0000000000000000
40460084	0x0000000000000000	0x00000017C7C6D007	0x0000001C85BF6278	0x0000000000000000
40460094	0x0000000000000000	0x000000172FFD6B28	0x0000001B747AC189	0x0000000000000000
40460104	0x0000000000000000	0x000000172FFD6B28	0x0000001BFD01FAC7	0x0000000000000000
40460114	0x0000000000000000	0x000000172FFD6B28	0x0000001BFD01FAC7	0x0000000000000000
40460124	0x0000000000000000	0x00000017DE2D1F6D	0x0000001BFD01FAC7	0x0000000000000000
40560014	0x0000000000000000	0x000000172FFD6B28	0x0000001BFD01FAC7	0x0000000000000000
40560024	0x0000000000000000	0x000000179DAA4F3D	0x0000001BFD01FAC7	0x0000000000000000
40560034	0x0000000000000000	0x000000179DAA4F3D	0x0000001B747AC189	0x0000000000000000
40560044	0x0000000000000000	0x0000001698099125	0x0000001B4B84FF29	0x0000000000000000
40560054	0x0000000000000000	0x0000001698099125	0x0000001BFD01FAC7	0x0000000000000000
40560064	0x0000000000000000	0x00000017C7C6D007	0x0000001BFD01FAC7	0x0000000000000000
40560074	0x0000000000000000	0x00000017C7C6D007	0x0000001B4B84FF29	0x0000000000000000
40560084	0x0000000000000000	0x00000017C7C6D007	0x0000001C85BF6278	0x0000000000000000
40560094	0x0000000000000000	0x000000172FFD6B28	0x0000001B747AC189	0x0000000000000000
40560104	0x0000000000000000	0x000000172FFD6B28	0x0000001BFD01FAC7	0x0000000000000000
40560114	0x0000000000000000	0x000000172FFD6B28	0x0000001BFD01FAC7	0x0000000000000000
40560124	0x0000000000000000	0x00000017DE2D1F6D	0x0000001BFD01FAC7	0x0000000000000000
40660014	0x0000000000000000	0x000000172FFD6B28	0x0000001BFD01FAC7	0x0000000000000000
40660024	0x0000000000000000	0x000000179DAA4F3D	0x0000001BFD01FAC7	0x0000000000000000
40660034	0x0000000000000000	0x000000179DAA4F3D	0x0000001B747AC189	0x0000000000000000
40660044	0x0000000000000000	0x0000001698099125	0x0000001B4B84FF29	0x0000000000000000
40660054	0x0000000000000000	0x0000001698099125	0x0000001BFD01FAC7	0x0000000000000000
40660064	0x0000000000000000	0x00000017C7C6D007	0x0000001BFD01FAC7	0x0000000000000000
40660074	0x0000000000000000	0x00000017C7C6D007	0x0000001B4B84FF29	0x0000000000000000
40660084	0x0000000000000000	0x00000017C7C6D007	0x0000001C85BF6278	0x0000000000000000
40660094	0x0000000000000000	0x000000172FFD6B28	0x0000001B747AC189	0x0000000000000000
40660104	0x0000000000000000	0x000000172FFD6B28	0x0000001BFD01FAC7	0x0000000000000000
40660114	0x0000000000000000	0x000000172FFD6B28	0x0000001BFD01FAC7	0x0000000000000000
40660124	0x0000000000000000	0x00000017DE2D1F6D	0x0000001BFD01FAC7	0x0000000000000000
40160144	0x000000FE6C070AFA	0x0000000000000000	0x0000000000000000	0x00000008793EFA8B
40260144	0x000000FE6C070AFA	0x0000000000000000	0x0000000000000000	0x00000008793EFA8B
40360144	0x000000FE6C070AFA	0x0000000000000000	0x0000000000000000	0x00000008793EFA8B
40460144	0x0000000000000000	0x000000172FFD6B28	0x0000001BFD01FAC7	0x0000000000000000
40560144	0x0000000000000000	0x000000172FFD6B28	0x0000001BFD01FAC7	0x0000000000000000
40660144	0x0000000000000000	0x000000172FFD6B28	0x0000001BFD01FAC7	0x0000000000000000
40160134	0x000000FE6C070AFA	0x0000000000000000	0x0000000000000000	0x00000008151DD1F8
40260134	0x000000FE6C070AFA	0x0000000000000000	0x0000000000000000	0x00000008151DD1F8
40360134	0x000000FE6C070AFA	0x0000000000000000	0x0000000000000000	0x00000008151DD1F8
40460134	0x0000000000000000	0x000000179DAA4F3D	0x0000001BFD01FAC7	0x0000000000000000
40560134	0x0000000000000000	0x000000179DAA4F3D	0x0000001BFD01FAC7	0x0000000000000000
40660134	0x0000000000000000	0x000000179DAA4F3D	0x0000001BFD01FAC7	0x0000000000000000
40160154	0x00000104F8BEC483	0x0000000000000000	0x0000000000000000	0x000000081D16636B
40260154	0x00000104F8BEC483	0x0000000000000000	0x0000000000000000	0x000000081D16636B
40360154	0x00000104F8BEC483	0x0000000000000000	0x0000000000000000	0x000000081D16636B
40460154	0x0000000000000000	0x000000179DAA4F3D	0x0000001BFD01FAC7	0x0000000000000000
40560154	0x0000000000000000	0x000000179DAA4F3D	0x0000001BFD01FAC7	0x0000000000000000
40660154	0x0000000000000000	0x000000179DAA4F3D	0x0000001BFD01FAC7	0x0000000000000000
40160164	0x00000104F8BEC483	0x0000000000000000	0x0000000000000000	0x000000084B2AAEFB
40260164	0x00000104F8BEC483	0x0000000000000000	0x0000000000000000	0x000000084B2AAEFB
40360164	0x00000104F8BEC483	0x0000000000000000	0x0000000000000000	0x000000084B2AAEFB
40460164	0x0000000000000000	0x000000179DAA4F3D	0x0000001BFD01FAC7	0x0000000000000000
40560164	0x0000000000000000	0x000000179DAA4F3D	0x0000001BFD01FAC7	0x0000000000000000
40660164	0x0000000000000000	0x000000179DAA4F3D	0x0000001BFD01FAC7	0x0000000000000000
40160174	0x000001078FC6591B	0x0000000000000000	0x0000000000000000	0x000000081D16636B
40260174	0x000001078FC6591B	0x0000000000000000	0x0000000000000000	0x000000081D16636B
40360174	0x000001078FC6591B	0x0000000000000000	0x0000000000000000	0x000000081D16636B
40460174	0x0000000000000000	0x0000001770807668	0x0000001BFD01FAC7	0x0000000000000000
40560174	0x0000000000000000	0x0000001770807668	0x0000001BFD01FAC7	0x0000000000000000
40660174	0x0000000000000000	0x0000001770807668	0x0000001BFD01FAC7	0x0000000000000000
40160184	0x0000010261B72FEB	0x0000000000000000	0x0000000000000000	0x000000085B2A9E8D
40260184	0x0000010261B72FEB	0x0000000000000000	0x0000000000000000	0x000000085B2A9E8D
40360184	0x0000010261B72FEB	0x0000000000000000	0x0000000000000000	0x000000085B2A9E8D
40460184	0x0000000000000000	0x000000179DAA4F3D	0x0000001B747AC189	0x0000000000000000
40560184	0x0000000000000000	0x000000179DAA4F3D	0x0000001B747AC189	0x0000000000000000
40660184	0x0000000000000000	0x000000179DAA4F3D	0x0000001B747AC189	0x0000000000000000
40160015	0x000000FFCB426DBE	0x0000000000000000	0x0000000000000000	0x00000008793EFA8B
40160025	0x00000104F8BEC483	0x0000000000000000	0x0000000000000000	0x000000081D16636B
40160035	0x00000104F8BEC483	0x0000000000000000	0x0000000000000000	0x000000084B2AAEFB
40160045	0x00000104F8BEC483	0x0000000000000000	0x0000000000000000	0x00000008793EFA8B
40160055	0x000000FE6C070AFA	0x0000000000000000	0x0000000000000000	0x00000008793EFA8B
40160065	0x000000FE6C070AFA	0x0000000000000000	0x0000000000000000	0x000000084B2AAEFB
40160075	0x00000104F8BEC483	0x0000000000000000	0x0000000000000000	0x000000084B2AAEFB
40160085	0x00000104F8BEC483	0x0000000000000000	0x0000000000000000	0x000000084B2AAEFB
40160095	0x0000010A3BEA8D78	0x0000000000000000	0x0000000000000000	0x000000084B2AAEFB
40160105	0x00000104F8BEC483	0x0000000000000000	0x0000000000000000	0x000000084B2AAEFB
40160115	0x0000010B876F8748	0x0000000000000000	0x0000000000000000	0x00000008151DD1F8
40160125	0x000000FD2081EDC1	0x0000000000000000	0x0000000000000000	0x00000008151DD1F8
40260015	0x000000FFCB426DBE	0x0000000000000000	0x0000000000000000	0x00000008793EFA8B
40260025	0x00000104F8BEC483	0x0000000000000000	0x0000000000000000	0x000000081D16636B
40260035	0x00000104F8BEC483	0x0000000000000000	0x0000000000000000	0x000000084B2AAEFB
40260045	0x00000104F8BEC483	0x0000000000000000	0x0000000000000000	0x00000008793EFA8B
40260055	0x000000FE6C070AFA	0x0000000000000000	0x0000000000000000	0x00000008793EFA8B
40260065	0x000000FE6C070AFA	0x0000000000000000	0x0000000000000000	0x000000084B2AAEFB
40260075	0x00000104F8BEC483	0x0000000000000000	0x0000000000000000	0x000000084B2AAEFB
40260085	0x00000104F8BEC483	0x0000000000000000	0x0000000000000000	0x000000084B2AAEFB
40260095	0x0000010A3BEA8D78	0x0000000000000000	0x0000000000000000	0x000000084B2AAEFB
40260105	0x00000104F8BEC483	0x0000000000000000	0x0000000000000000	0x000000084B2AAEFB
40260115	0x0000010B876F8748	0x0000000000000000	0x0000000000000000	0x00000008151DD1F8
40260125	0x000000FD2081EDC1	0x0000000000000000	0x0000000000000000	0x00000008151DD1F8
40360015	0x000000FFCB426DBE	0x0000000000000000	0x0000000000000000	0x00000008793EFA8B
40360025	0x00000104F8BEC483	0x0000000000000000	0x0000000000000000	0x000000081D16636B
40360035	0x00000104F8BEC483	0x0000000000000000	0x0000000000000000	0x000000084B2AAEFB
40360045	0x00000104F8BEC483	0x0000000000000000	0x0000000000000000	0x00000008793EFA8B
40360055	0x000000FE6C070AFA	0x0000000000000000	0x0000000000000000	0x00000008793EFA8B
40360065	0x000000FE6C070AFA	0x0000000000000000	0x0000000000000000	0x000000084B2AAEFB
40360075	0x00000104F8BEC483	0x0000000000000000	0x0000000000000000	0x000000084B2AAEFB
40360085	0x00000104F8BEC483	0x0000000000000000	0x0000000000000000	0x000000084B2AAEFB
40360095	0x0000010A3BEA8D78	0x0000000000000000	0x0000000000000000	0x000000084B2AAEFB
40360105	0x00000104F8BEC483	0x0000000000000000	0x0000000000000000	0x000000084B2AAEFB
40360115	0x0000010B876F8748	0x0000000000000000	0x0000000000000000	0x00000008151DD1F8
40360125	0x000000FD2081EDC1	0x0000000000000000	0x0000000000000000	0x00000008151DD1F8
40460015	0x0000000000000000	0x000000172FFD6B28	0x0000001BFD01FAC7	0x0000000000000000
40460025	0x0000000000000000	0x000000179DAA4F3D	0x0000001BFD01FAC7	0x0000000000000000
40460035	0x0000000000000000	0x000000179DAA4F3D	0x0000001B747AC189	0x0000000000000000
40460045	0x0000000000000000	0x0000001698099125	0x0000001B4B84FF29	0x0000000000000000
40460055	0x0000000000000000	0x0000001698099125	0x0000001BFD01FAC7	0x0000000000000000
40460065	0x0000000000000000	0x00000017C7C6D007	0x0000001BFD01FAC7	0x0000000000000000
40460075	0x0000000000000000	0x00000017C7C6D007	0x0000001B4B84FF29	0x0000000000000000
40460085	0x0000000000000000	0x00000017C7C6D007	0x0000001C85BF6278	0x0000000000000000
40460095	0x0000000000000000	0x000000172FFD6B28	0x0000001B747AC189	0x0000000000000000
40460105	0x0000000000000000	0x000000172FFD6B28	0x0000001BFD01FAC7	0x0000000000000000
40460115	0x0000000000000000	0x000000172FFD6B28	0x0000001BFD01FAC7	0x0000000000000000
40460125	0x0000000000000000	0x00000017DE2D1F6D	0x0000001BFD01FAC7	0x0000000000000000
40560015	0x0000000000000000	0x000000172FFD6B28	0x0000001BFD01FAC7	0x0000000000000000
40560025	0x0000000000000000	0x000000179DAA4F3D	0x0000001BFD01FAC7	0x0000000000000000
40560035	0x0000000000000000	0x000000179DAA4F3D	0x0000001B747AC189	0x0000000000000000
40560045	0x0000000000000000	0x0000001698099125	0x0000001B4B84FF29	0x0000000000000000
40560055	0x0000000000000000	0x0000001698099125	0x0000001BFD01FAC7	0x0000000000000000
40560065	0x0000000000000000	0x00000017C7C6D007	0x0000001BFD01FAC7	0x0000000000000000
40560075	0x0000000000000000	0x00000017C7C6D007	0x0000001B4B84FF29	0x0000000000000000
40560085	0x0000000000000000	0x00000017C7C6D007	0x0000001C85BF6278	0x0000000000000000
40560095	0x0000000000000000	0x000000172FFD6B28	0x0000001B747AC189	0x0000000000000000
40560105	0x0000000000000000	0x000000172FFD6B28	0x0000001BFD01FAC7	0x0000000000000000
40560115	0x0000000000000000	0x000000172FFD6B28	0x0000001BFD01FAC7	0x0000000000000000
40560125	0x0000000000000000	0x00000017DE2D1F6D	0x0000001BFD01FAC7	0x0000000000000000
40660015	0x0000000000000000	0x000000172FFD6B28	0x0000001BFD01FAC7	0x0000000000000000
40660025	0x0000000000000000	0x000000179DAA4F3D	0x0000001BFD01FAC7	0x0000000000000000
40660035	0x0000000000000000	0x000000179DAA4F3D	0x0000001B747AC189	0x0000000000000000
40660045	0x0000000000000000	0x0000001698099125	0x0000001B4B84FF29	0x0000000000000000
40660055	0x0000000000000000	0x0000001698099125	0x0000001BFD01FAC7	0x0000000000000000
40660065	0x0000000000000000	0x00000017C7C6D007	0x0000001BFD01FAC7	0x0000000000000000
40660075	0x0000000000000000	0x00000017C7C6D007	0x0000001B4B84FF29	0x0000000000000000
40660085	0x0000000000000000	0x00000017C7C6D007	0x0000001C85BF6278	0x0000000000000000
40660095	0x0000000000000000	0x000000172FFD6B28	0x0000001B747AC189	0x0000000000000000
40660105	0x0000000000000000	0x000000172FFD6B28	0x0000001BFD01FAC7	0x0000000000000000
40660115	0x0000000000000000	0x000000172FFD6B28	0x0000001BFD01FAC7	0x0000000000000000
40660125	0x0000000000000000	0x00000017DE2D1F6D	0x0000001BFD01FAC7	0x0000000000000000
40160145	0x000000FE6C070AFA	0x0000000000000000	0x0000000000000000	0x00000008793EFA8B
40260145	0x000000FE6C070AFA	0x0000000000000000	0x0000000000000000	0x00000008793EFA8B
40360145	0x000000FE6C070AFA	0x0000000000000000	0x0000000000000000	0x00000008793EFA8B
40460145	0x0000000000000000	0x000000172FFD6B28	0x0000001BFD01FAC7	0x0000000000000000
40560145	0x0000000000000000	0x000000172FFD6B28	0x0000001BFD01FAC7	0x0000000000000000
40660145	0x0000000000000000	0x000000172FFD6B28	0x0000001BFD01FAC7	0x0000000000000000
40160135	0x000000FE6C070AFA	0x0000000000000000	0x0000000000000000	0x00000008151DD1F8
40260135	0x000000FE6C070AFA	0x0000000000000000	0x0000000000000000	0x00000008151DD1F8
40360135	0x000000FE6C070AFA	0x0000000000000000	0x0000000000000000	0x00000008151DD1F8
40460135	0x0000000000000000	0x000000179DAA4F3D	0x0000001BFD01FAC7	0x0000000000000000
40560135	0x0000000000000000	0x000000179DAA4F3D	0x0000001BFD01FAC7	0x0000000000000000
40660135	0x0000000000000000	0x000000179DAA4F3D	0x0000001BFD01FAC7	0x0000000000000000
40160155	0x00000104F8BEC483	0x0000000000000000	0x0000000000000000	0x000000081D16636B
40260155	0x00000104F8BEC483	0x0000000000000000	0x0000000000000000	0x000000081D16636B
40360155	0x00000104F8BEC483	0x0000000000000000	0x0000000000000000	0x000000081D16636B
40460155	0x0000000000000000	0x000000179DAA4F3D	0x0000001BFD01FAC7	0x0000000000000000
40560155	0x0000000000000000	0x000000179DAA4F3D	0x0000001BFD01FAC7	0x0000000000000000
40660155	0x0000000000000000	0x000000179DAA4F3D	0x0000001BFD01FAC7	0x0000000000000000
40160165	0x00000104F8BEC483	0x0000000000000000	0x0000000000000000	0x000000084B2AAEFB
40260165	0x00000104F8BEC483	0x0000000000000000	0x0000000000000000	0x000000084B2AAEFB
40360165	0x00000104F8BEC483	0x0000000000000000	0x0000000000000000	0x000000084B2AAEFB
40460165	0x0000000000000000	0x000000179DAA4F3D	0x0000001BFD01FAC7	0x0000000000000000
40560165	0x0000000000000000	0x000000179DAA4F3D	0x0000001BFD01FAC7	0x0000000000000000
40660165	0x0000000000000000	0x000000179DAA4F3D	0x0000001BFD01FAC7	0x0000000000000000
40160175	0x000001078FC6591B	0x0000000000000000	0x0000000000000000	0x000000081D16636B
40260175	0x000001078FC6591B	0x0000000000000000	0x0000000000000000	0x000000081D16636B
40360175	0x000001078FC6591B	0x0000000000000000	0x0000000000000000	0x000000081D16636B
40460175	0x0000000000000000	0x0000001770807668	0x0000001BFD01FAC7	0x0000000000000000
40560175	0x0000000000000000	0x0000001770807668	0x0000001BFD01FAC7	0x0000000000000000
40660175	0x0000000000000000	0x0000001770807668	0x0000001BFD01FAC7	0x0000000000000000
40160185	0x0000010261B72FEB	0x0000000000000000	0x0000000000000000	0x000000085B2A9E8D
40260185	0x0000010261B72FEB	0x0000000000000000	0x0000000000000000	0x000000085B2A9E8D
40360185	0x0000010261B72FEB	0x0000000000000000	0x0000000000000000	0x000000085B2A9E8D
40460185	0x0000000000000000	0x000000179DAA4F3D	0x0000001B747AC189	0x0000000000000000
40560185	0x0000000000000000	0x000000179DAA4F3D	0x0000001B747AC189	0x0000000000000000
40660185	0x0000000000000000	0x000000179DAA4F3D	0x0000001B747AC189	0x0000000000000000
20130010	0x0000000000000000	0x00000024BFFFF238	0x0000000000000000	0x000000117FFFFF97
20130011	0x0000000000000000	0x0000003A032CBDD8	0x0000000000000000	0x0000001BB333328D
20130012	0x0000000000000000	0x0000005983293C18	0x0000000000000000	0x0000002AB3333233
20140010	0x0000000000000000	0x0000002A00000000	0x0000000000000000	0x0000001400000000
20140011	0x0000000000000000	0x0000004D7D7086C8	0x0000000000000000	0x00000024CCCCCBF0
20140012	0x0000000000000000	0x00000080AD625088	0x0000000000000000	0x0000003D0CCCB5E8
20140013	0x0000000000000000	0x000000C37508F5C8	0x0000000000000000	0x0000005CD99976C8
20150010	0x0000000000000000	0x0000002F3FFFEE48	0x0000000000000000	0x000000167FFFFF79
20150011	0x0000000000000000	0x0000005E7FFFFDC9	0x0000000000000000	0x0000002D00000000
20150012	0x0000000000000000	0x0000009BECCC1883	0x0000000000000000	0x0000004A666664A8
20150013	0x0000000000000000	0x000000E7A1475738	0x0000000000000000	0x0000006E733309C8
20150014	0x0000000000000000	0x00000141828EE398	0x0000000000000000	0x000000993FFFC688
20150020	0x0000000000000000	0x0000002DE6666553	0x0000000000000000	0x000000172CCCB201
20150021	0x0000000000000000	0x0000005BCCCCCAA6	0x0000000000000000	0x0000002E59998838
20150022	0x0000000000000000	0x000000977851B2B8	0x0000000000000000	0x0000004CA1CA67E8
20150023	0x0000000000000000	0x000000E103116A6C	0x0000000000000000	0x00000071C3681228
20150024	0x0000000000000000	0x0000013852F040DC	0x0000000000000000	0x0000009DD8E42FE8
20160010	0x0000000000000000	0x000000347FFFFEC5	0x0000000000000000	0x0000001900000000
20160011	0x0000000000000000	0x0000006F8FF39478	0x0000000000000000	0x000000353FFFEC08
20160012	0x0000000000000000	0x000000BC6C13FBB8	0x0000000000000000	0x00000059D99977E8
20160013	0x0000000000000000	0x0000011ADEB7E7D8	0x0000000000000000	0x0000008700000000
20160014	0x0000000000000000	0x0000018B028EC808	0x0000000000000000	0x000000BC9999952E
20160020	0x0000000000000000	0x0000003300000000	0x0000000000000000	0x00000019BFFFF658
20160021	0x0000000000000000	0x0000006C5FFF82B1	0x0000000000000000	0x00000036D8EFA768
20160022	0x0000000000000000	0x000000B709FB13C9	0x0000000000000000	0x0000005C8B9B95C8
20160023	0x0000000000000000	0x00000112C9B9207C	0x0000000000000000	0x0000008B0CCC98A8
20160024	0x0000000000000000	0x0000017FB95654B4	0x0000000000000000	0x000000C2420B691E
20160030	0x0000000000000000	0x0000003200000000	0x0000000000000000	0x000000187FFFFF6D
20160031	0x0000000000000000	0x0000006A3FFFD828	0x0000000000000000	0x000000342F5BEC9F
20160032	0x0000000000000000	0x000000B37332EFE8	0x0000000000000000	0x000000580D9102A3
20160033	0x0000000000000000	0x0000010D66666016	0x0000000000000000	0x000000844CCCC9B3
20160034	0x0000000000000000	0x0000017833332A62	0x0000000000000000	0x000000B8D3F6F924
20220010	0x0000000000000000	0x000000207FFFFF3D	0x0000000000000000	0x0000000E9FFFEF17
20230010	0x0000000000000000	0x0000002300000000	0x0000000000000000	0x0000000FBFFFFA18
20230011	0x0000000000000000	0x000000373FFFEB48	0x0000000000000000	0x00000018EE147188
20230012	0x0000000000000000	0x000000553FFFE008	0x0000000000000000	0x000000266E146C78
20240010	0x0000000000000000	0x0000002800000000	0x0000000000000000	0x0000001200000000
20240011	0x0000000000000000	0x00000049CCCCCB12	0x0000000000000000	0x000000211EB84580
20240012	0x0000000000000000	0x0000007A8CCC9ED8	0x0000000000000000	0x00000036F1EB4597
20240013	0x0000000000000000	0x000000BA26662098	0x0000000000000000	0x0000005390A3766B
20250010	0x0000000000000000	0x0000002D00000000	0x0000000000000000	0x000000143FFFF868
20250011	0x0000000000000000	0x0000005A00000000	0x0000000000000000	0x000000287FFFFF0D
20250012	0x0000000000000000	0x000000947FFFFC85	0x0000000000000000	0x00000042F5C27640
20250013	0x0000000000000000	0x000000DC9999946E	0x0000000000000000	0x0000006367ADA18B
20250014	0x0000000000000000	0x0000013233332C06	0x0000000000000000	0x00000089ECCC2D53
20250020	0x0000000000000000	0x0000002C19999891	0x0000000000000000	0x00000014B33332B7
20250021	0x0000000000000000	0x0000005833333122	0x0000000000000000	0x000000296666656E
20250022	0x0000000000000000	0x0000009187ADDDE8	0x0000000000000000	0x0000004472AFD1A0
20250023	0x0000000000000000	0x000000D8301FCAA4	0x0000000000000000	0x000000659D2EA522
20250024	0x0000000000000000	0x0000012C13736174	0x0000000000000000	0x0000008CFD706EF8
20260010	0x0000000000000000	0x0000003100000000	0x0000000000000000	0x0000001700000000
20260011	0x0000000000000000	0x000000681FFF879B	0x0000000000000000	0x00000030FD709178
20260012	0x0000000000000000	0x000000AFDC69B3A3	0x0000000000000000	0x00000052A978756A
20260013	0x0000000000000000	0x0000010803113D54	0x0000000000000000	0x0000007C3333304A
20260014	0x0000000000000000	0x00000170AD0CABBC	0x0000000000000000	0x000000AD8311A5F8
20260020	0x0000000000000000	0x0000003300000000	0x0000000000000000	0x0000001600000000
20260021	0x0000000000000000	0x0000006C5FFF82B1	0x0000000000000000	0x0000002EDC28E430
20260022	0x0000000000000000	0x000000B709FB13C9	0x0000000000000000	0x0000004F11681744
20260023	0x0000000000000000	0x00000112C9B9207C	0x0000000000000000	0x00000076CCCCCA04
20260024	0x0000000000000000	0x0000017FB95654B4	0x0000000000000000	0x000000A5F7CE1930
20260030	0x0000000000000000	0x000000347FFFFEC5	0x0000000000000000	0x000000153FFFF808
20260031	0x0000000000000000	0x0000006F8FF39478	0x0000000000000000	0x0000002D432E2938
20260032	0x0000000000000000	0x000000BC6C13FBB8	0x0000000000000000	0x0000004C5F53A858
20260033	0x0000000000000000	0x0000011ADEB7E7D8	0x0000000000000000	0x00000072BFFFD4F8
20260034	0x0000000000000000	0x0000018B028EC808	0x0000000000000000	0x000000A04F5BECD8
20260040	0x0000000000000000	0x000000333FFFECC8	0x0000000000000000	0x00000017BFFFF718
20260041	0x0000000000000000	0x0000006CE7902B45	0x0000000000000000	0x000000329660C4A8
20260042	0x0000000000000000	0x000000B7EEF1343D	0x0000000000000000	0x000000555B7B9E08
20260043	0x0000000000000000	0x00000114228E1CE1	0x0000000000000000	0x000000803FFFCFE8
20260044	0x0000000000000000	0x000001819ADF89D3	0x0000000000000000	0x000000B32B84DB88
20260050	0x0000000000000000	0x0000003500000000	0x0000000000000000	0x0000001700000000
20260051	0x0000000000000000	0x000000709FFF7DC7	0x0000000000000000	0x00000030FD709178
20260052	0x0000000000000000	0x000000BE378C73EF	0x0000000000000000	0x00000052A978756A
20260053	0x0000000000000000	0x0000011D906103A4	0x0000000000000000	0x0000007C3333304A
20260054	0x0000000000000000	0x0000018EC59FFDAC	0x0000000000000000	0x000000AD8311A5F8
20260060	0x0000000000000000	0x000000327FFFFED1	0x0000000000000000	0x0000001800000000
20260061	0x0000000000000000	0x0000006B4FF40D98	0x0000000000000000	0x000000331EB83EC0
20260062	0x0000000000000000	0x000000B53E835FD8	0x0000000000000000	0x000000564188D390
20260063	0x0000000000000000	0x00000110180F27B2	0x0000000000000000	0x0000008199999690
20260064	0x0000000000000000	0x0000017BF643EA76	0x0000000000000000	0x000000B50E5532C0
20320010	0x0000000000000000	0x0000001EDFFFDC4D	0x0000000000000000	0x000000103FFFF9E8
20330010	0x0000000000000000	0x000000213FFFF388	0x0000000000000000	0x000000117FFFFF97
20330011	0x0000000000000000	0x000000347CC6F4E8	0x0000000000000000	0x0000001BB333328D
20330012	0x0000000000000000	0x00000050FCC3C8A8	0x0000000000000000	0x0000002AB3333233
20340010	0x0000000000000000	0x0000002600000000	0x0000000000000000	0x0000001400000000
20340011	0x0000000000000000	0x000000461C28DB78	0x0000000000000000	0x00000024CCCCCBF0
20340012	0x0000000000000000	0x000000746C1BFFB8	0x0000000000000000	0x0000003D0CCCB5E8
20340013	0x0000000000000000	0x000000B0D79A6478	0x0000000000000000	0x0000005CD99976C8
20350010	0x0000000000000000	0x0000002ABFFFEFF8	0x0000000000000000	0x000000167FFFFF79
20350011	0x0000000000000000	0x000000557FFFFDFF	0x0000000000000000	0x0000002D00000000
20350012	0x0000000000000000	0x0000008D13329015	0x0000000000000000	0x0000004A666664A8
20350013	0x0000000000000000	0x000000D191EB3688	0x0000000000000000	0x0000006E733309C8
20350014	0x0000000000000000	0x00000122E3D69D28	0x0000000000000000	0x000000993FFFC688
20350020	0x0000000000000000	0x0000002BA6665608	0x0000000000000000	0x000000160CCCC488
20350021	0x0000000000000000	0x000000574CCCCAC1	0x0000000000000000	0x0000002C19999891
20350022	0x0000000000000000	0x000000900B84782B	0x0000000000000000	0x00000048E97880B0
20350023	0x0000000000000000	0x000000D5FB6362B2	0x0000000000000000	0x0000006C3DB1AFE7
20350024	0x0000000000000000	0x000001290394299A	0x0000000000000000	0x000000962F5B7B4F
20360010	0x0000000000000000	0x0000002F7FFFFEE3	0x0000000000000000	0x0000001900000000
20360011	0x0000000000000000	0x00000064EFF4C348	0x0000000000000000	0x000000353FFFEC08
20360012	0x0000000000000000	0x000000AA7A2A7608	0x0000000000000000	0x00000059D99977E8
20360013	0x0000000000000000	0x000000FFEE141AE8	0x0000000000000000	0x0000008700000000
20360014	0x0000000000000000	0x0000016563D68438	0x0000000000000000	0x000000BC9999952E
20360020	0x0000000000000000	0x000000307FFFFEDD	0x0000000000000000	0x000000187FFFFF6D
20360021	0x0000000000000000	0x000000670FF486B8	0x0000000000000000	0x000000342F5BEC9F
20360022	0x0000000000000000	0x000000AE10F2C3F8	0x0000000000000000	0x000000580D9102A3
20360023	0x0000000000000000	0x000001055167448A	0x0000000000000000	0x000000844CCCC9B3
20360024	0x0000000000000000	0x0000016CE9FA417E	0x0000000000000000	0x000000B8D3F6F924
20360030	0x0000000000000000	0x0000002E7FFFFEE9	0x0000000000000000	0x000000197FFFFF67
20360031	0x0000000000000000	0x00000062CFF4FFD8	0x0000000000000000	0x0000003650A3983D
20360032	0x0000000000000000	0x000000A6E3622818	0x0000000000000000	0x0000005BA5A160C9
20360033	0x0000000000000000	0x000000FA8ABF6162	0x0000000000000000	0x00000089B3332FF9
20360034	0x0000000000000000	0x0000015DDDB09886	0x0000000000000000	0x000000C05F3A85EC
20430010	0x0000000000000000	0x00000025CCCCCBEA	0x0000000000000000	0x000000125FFFEAC1
20430011	0x0000000000000000	0x0000003BAB850858	0x0000000000000000	0x0000001D15C26DBB
20430012	0x0000000000000000	0x0000005C11EB6298	0x0000000000000000	0x0000002CD5C25B85
20440010	0x0000000000000000	0x0000002B33333230	0x0000000000000000	0x0000001500000000
20440011	0x0000000000000000	0x0000004FB438FBE8	0x0000000000000000	0x00000026A3D6FBC0
20440012	0x0000000000000000	0x000000845A9F256E	0x0000000000000000	0x000000401A364DB8
20440013	0x0000000000000000	0x000000C90ABF9A9E	0x0000000000000000	0x000000617E09A058
20450010	0x0000000000000000	0x0000003099999876	0x0000000000000000	0x000000172CCCB201
20450011	0x0000000000000000	0x00000061333330EC	0x0000000000000000	0x0000002E59998838
20450012	0x0000000000000000	0x000000A0614771F0	0x0000000000000000	0x0000004CA1CA67E8
20450013	0x0000000000000000	0x000000EE3F7BDA18	0x0000000000000000	0x00000071C3681228
20450014	0x0000000000000000	0x0000014AB22B8FF8	0x0000000000000000	0x0000009DD8E42FE8
20450020	0x0000000000000000	0x0000002F3FFFEE48	0x0000000000000000	0x000000179FFFE4AF
20450021	0x0000000000000000	0x0000005E7FFFFDC9	0x0000000000000000	0x0000002F3FFFEE48
20450022	0x0000000000000000	0x0000009BECCC1883	0x0000000000000000	0x0000004E1EB834A0
20450023	0x0000000000000000	0x000000E7A1475738	0x0000000000000000	0x00000073F8E8D958
20450024	0x0000000000000000	0x00000141828EE398	0x0000000000000000	0x000000A0E987AF98
20460010	0x0000000000000000	0x0000003600000000	0x0000000000000000	0x00000019BFFFF658
20460011	0x0000000000000000	0x00000072BFFFD4F8	0x0000000000000000	0x00000036D8EFA768
20460012	0x0000000000000000	0x000000C1CE552402	0x0000000000000000	0x0000005C8B9B95C8
20460013	0x0000000000000000	0x00000122F3B4F538	0x0000000000000000	0x0000008B0CCC98A8
20460014	0x0000000000000000	0x000001964BC4D228	0x0000000000000000	0x000000C2420B691E
20460020	0x0000000000000000	0x000000367FFFFEB9	0x0000000000000000	0x0000001900000000
20460021	0x0000000000000000	0x00000073CFF31B58	0x0000000000000000	0x000000353FFFEC08
20460022	0x0000000000000000	0x000000C399A49798	0x0000000000000000	0x00000059D99977E8
20460023	0x0000000000000000	0x00000125A55EEE02	0x0000000000000000	0x0000008700000000
20460024	0x0000000000000000	0x0000019A0ED73C66	0x0000000000000000	0x000000BC9999952E
20460030	0x0000000000000000	0x0000003200000000	0x0000000000000000	0x0000001900000000
20460031	0x0000000000000000	0x0000006A3FFFD828	0x0000000000000000	0x000000353FFFEC08
20460032	0x0000000000000000	0x000000B37332EFE8	0x0000000000000000	0x00000059D99977E8
20460033	0x0000000000000000	0x0000010D66666016	0x0000000000000000	0x0000008700000000
20460034	0x0000000000000000	0x0000017833332A62	0x0000000000000000	0x000000BC9999952E
20530010	0x0000000000000000	0x000000221FFFD88B	0x0000000000000000	0x0000000FBFFFFA18
20530011	0x0000000000000000	0x00000035DE2F15A7	0x0000000000000000	0x00000018EE147188
20530012	0x0000000000000000	0x000000531E110C8F	0x0000000000000000	0x000000266E146C78
20540010	0x0000000000000000	0x0000002700000000	0x0000000000000000	0x000000127FFFFF91
20540011	0x0000000000000000	0x00000047F47A8E15	0x0000000000000000	0x000000220A3D63E0
20540012	0x0000000000000000	0x000000777C002F55	0x0000000000000000	0x000000387869DA29
20540013	0x0000000000000000	0x000000B57E4FDE9D	0x0000000000000000	0x00000055E2891655
20550010	0x0000000000000000	0x0000002BDFFFCD45	0x0000000000000000	0x00000014CFFDAED8
20550011	0x0000000000000000	0x00000057BFFFDF18	0x0000000000000000	0x000000299FFFCFDF
20550012	0x0000000000000000	0x00000090C9897B28	0x0000000000000000	0x00000044D1EB6B50
20550013	0x0000000000000000	0x000000D715C196AB	0x0000000000000000	0x000000662A267335
20550014	0x0000000000000000	0x0000012A8B83C587	0x0000000000000000	0x0000008DC108096D
20550020	0x0000000000000000	0x0000002C19999891	0x0000000000000000	0x00000014B33332B7
20550021	0x0000000000000000	0x0000005833333122	0x0000000000000000	0x000000296666656E
20550022	0x0000000000000000	0x0000009187ADDDE8	0x0000000000000000	0x0000004472AFD1A0
20550023	0x0000000000000000	0x000000D8301FCAA4	0x0000000000000000	0x000000659D2EA522
20550024	0x0000000000000000	0x0000012C13736174	0x0000000000000000	0x0000008CFD706EF8
20560010	0x0000000000000000	0x00000030BFFFEDB8	0x0000000000000000	0x000000171FFFE543
20560011	0x0000000000000000	0x0000006797959FCB	0x0000000000000000	0x000000314167055D
20560012	0x0000000000000000	0x000000AEF604A853	0x0000000000000000	0x000000531C258969
20560013	0x0000000000000000	0x00000106AA3C40EF	0x0000000000000000	0x0000007CDFFF6F9D
20560014	0x0000000000000000	0x0000016ECB83769D	0x0000000000000000	0x000000AE747A1791
20560020	0x0000000000000000	0x0000003200000000	0x0000000000000000	0x000000167FFFFF79
20560021	0x0000000000000000	0x0000006A3FFFD828	0x0000000000000000	0x0000002FECCC9563
20560022	0x0000000000000000	0x000000B37332EFE8	0x0000000000000000	0x00000050DD704657
20560023	0x0000000000000000	0x0000010D66666016	0x0000000000000000	0x000000797FFFFD27
20560024	0x0000000000000000	0x0000017833332A62	0x0000000000000000	0x000000A9BD706430
20630010	0x0000000000000000	0x0000002300000000	0x0000000000000000	0x0000000FBFFFFA18
20630011	0x0000000000000000	0x000000373FFFEB48	0x0000000000000000	0x00000018EE147188
20630012	0x0000000000000000	0x000000553FFFE008	0x0000000000000000	0x000000266E146C78
20640010	0x0000000000000000	0x0000002800000000	0x0000000000000000	0x0000001200000000
20640011	0x0000000000000000	0x00000049CCCCCB12	0x0000000000000000	0x000000211EB84580
20640012	0x0000000000000000	0x0000007A8CCC9ED8	0x0000000000000000	0x00000036F1EB4597
20640013	0x0000000000000000	0x000000BA26662098	0x0000000000000000	0x0000005390A3766B
20650010	0x0000000000000000	0x0000002D00000000	0x0000000000000000	0x000000143FFFF868
20650011	0x0000000000000000	0x0000005A00000000	0x0000000000000000	0x000000287FFFFF0D
20650012	0x0000000000000000	0x000000947FFFFC85	0x0000000000000000	0x00000042F5C27640
20650013	0x0000000000000000	0x000000DC9999946E	0x0000000000000000	0x0000006367ADA18B
20650014	0x0000000000000000	0x0000013233332C06	0x0000000000000000	0x00000089ECCC2D53
20650020	0x0000000000000000	0x0000002DE6666553	0x0000000000000000	0x00000013CCCCCC56
20650021	0x0000000000000000	0x0000005BCCCCCAA6	0x0000000000000000	0x00000027999998AC
20650022	0x0000000000000000	0x000000977851B2B8	0x0000000000000000	0x0000004178D4B240
20650023	0x0000000000000000	0x000000E103116A6C	0x0000000000000000	0x00000061322C9DF4
20650024	0x0000000000000000	0x0000013852F040DC	0x0000000000000000	0x00000086DC28C330
20650500	0x0000000000000000	0x0000002E1FFFCAAB	0x0000000000000000	0x00000013CCCCCC56
20650501	0x0000000000000000	0x0000005C3FFFDD68	0x0000000000000000	0x00000027999998AC
20650502	0x0000000000000000	0x0000009836557458	0x0000000000000000	0x0000004178D4B240
20650503	0x0000000000000000	0x000000E21D6F9E65	0x0000000000000000	0x00000061322C9DF4
20650504	0x0000000000000000	0x00000139DADFDCC9	0x0000000000000000	0x00000086DC28C330
20660010	0x0000000000000000	0x0000003200000000	0x0000000000000000	0x000000167FFFFF79
20660011	0x0000000000000000	0x0000006A3FFFD828	0x0000000000000000	0x0000002FECCC9563
20660012	0x0000000000000000	0x000000B37332EFE8	0x0000000000000000	0x00000050DD704657
20660013	0x0000000000000000	0x0000010D66666016	0x0000000000000000	0x000000797FFFFD27
20660014	0x0000000000000000	0x0000017833332A62	0x0000000000000000	0x000000A9BD706430
20660020	0x0000000000000000	0x0000003300000000	0x0000000000000000	0x0000001600000000
20660021	0x0000000000000000	0x0000006C5FFF82B1	0x0000000000000000	0x0000002EDC28E430
20660022	0x0000000000000000	0x000000B709FB13C9	0x0000000000000000	0x0000004F11681744
20660023	0x0000000000000000	0x00000112C9B9207C	0x0000000000000000	0x00000076CCCCCA04
20660024	0x0000000000000000	0x0000017FB95654B4	0x0000000000000000	0x000000A5F7CE1930
20730010	0x0000000000000000	0x00000024BFFFF238	0x0000000000000000	0x000000117FFFFF97
20730011	0x0000000000000000	0x0000003A032CBDD8	0x0000000000000000	0x0000001BB333328D
20730012	0x0000000000000000	0x0000005983293C18	0x0000000000000000	0x0000002AB3333233
20740010	0x0000000000000000	0x0000002A00000000	0x0000000000000000	0x0000001400000000
20740011	0x0000000000000000	0x0000004D7D7086C8	0x0000000000000000	0x00000024CCCCCBF0
20740012	0x0000000000000000	0x00000080AD625088	0x0000000000000000	0x0000003D0CCCB5E8
20740013	0x0000000000000000	0x000000C37508F5C8	0x0000000000000000	0x0000005CD99976C8
20750010	0x0000000000000000	0x0000002F3FFFEE48	0x0000000000000000	0x000000167FFFFF79
20750011	0x0000000000000000	0x0000005E7FFFFDC9	0x0000000000000000	0x0000002D00000000
20750012	0x0000000000000000	0x0000009BECCC1883	0x0000000000000000	0x0000004A666664A8
20750013	0x0000000000000000	0x000000E7A1475738	0x0000000000000000	0x0000006E733309C8
20750014	0x0000000000000000	0x00000141828EE398	0x0000000000000000	0x000000993FFFC688
20750020	0x0000000000000000	0x0000002E59998838	0x0000000000000000	0x00000016F3332A98
20750021	0x0000000000000000	0x0000005CB3333107	0x0000000000000000	0x0000002DE6666553
20750022	0x0000000000000000	0x00000098F47A306D	0x0000000000000000	0x0000004BE353A010
20750023	0x0000000000000000	0x000000E337CDD25E	0x0000000000000000	0x00000070A8B3B715
20750024	0x0000000000000000	0x0000013B62CF78B6	0x0000000000000000	0x0000009C50A3224D
20760010	0x0000000000000000	0x000000347FFFFEC5	0x0000000000000000	0x0000001900000000
20760011	0x0000000000000000	0x0000006F8FF39478	0x0000000000000000	0x000000353FFFEC08
20760012	0x0000000000000000	0x000000BC6C13FBB8	0x0000000000000000	0x00000059D99977E8
20760013	0x0000000000000000	0x0000011ADEB7E7D8	0x0000000000000000	0x0000008700000000
20760014	0x0000000000000000	0x0000018B028EC808	0x0000000000000000	0x000000BC9999952E
20760020	0x0000000000000000	0x000000337FFFFECB	0x0000000000000000	0x000000197FFFFF67
20760021	0x0000000000000000	0x0000006D6FF3D108	0x0000000000000000	0x0000003650A3983D
20760022	0x0000000000000000	0x000000B8D54BADC8	0x0000000000000000	0x0000005BA5A160C9
20760023	0x0000000000000000	0x000001157B631946	0x0000000000000000	0x00000089B3332FF9
20760024	0x0000000000000000	0x000001837C68BEF2	0x0000000000000000	0x000000C05F3A85EC
20830010	0x0000000000000000	0x00000024BFFFF238	0x0000000000000000	0x000000125FFFEAC1
20830011	0x0000000000000000	0x0000003A032CBDD8	0x0000000000000000	0x0000001D15C26DBB
20830012	0x0000000000000000	0x0000005983293C18	0x0000000000000000	0x0000002CD5C25B85
20840010	0x0000000000000000	0x0000002A00000000	0x0000000000000000	0x0000001500000000
20840011	0x0000000000000000	0x0000004D7D7086C8	0x0000000000000000	0x00000026A3D6FBC0
20840012	0x0000000000000000	0x00000080AD625088	0x0000000000000000	0x000000401A364DB8
20840013	0x0000000000000000	0x000000C37508F5C8	0x0000000000000000	0x000000617E09A058
20850010	0x0000000000000000	0x0000002F3FFFEE48	0x0000000000000000	0x000000179FFFE4AF
20850011	0x0000000000000000	0x0000005E7FFFFDC9	0x0000000000000000	0x0000002F3FFFEE48
20850012	0x0000000000000000	0x0000009BECCC1883	0x0000000000000000	0x0000004E1EB834A0
20850013	0x0000000000000000	0x000000E7A1475738	0x0000000000000000	0x00000073F8E8D958
20850014	0x0000000000000000	0x00000141828EE398	0x0000000000000000	0x000000A0E987AF98
20850020	0x0000000000000000	0x0000002ECCCCCBB4	0x0000000000000000	0x00000017D99990A8
20850021	0x0000000000000000	0x0000005D99999768	0x0000000000000000	0x0000002FB3333215
20850022	0x0000000000000000	0x0000009A70A39D20	0x0000000000000000	0x0000004EDD2EBF70
20850023	0x0000000000000000	0x000000E56C8A3A50	0x0000000000000000	0x0000007513B5BE43
20850024	0x0000000000000000	0x0000013E72AEB090	0x0000000000000000	0x000000A271EAC94B
20860010	0x0000000000000000	0x000000347FFFFEC5	0x0000000000000000	0x0000001A3FFFF628
20860011	0x0000000000000000	0x0000006F8FF39478	0x0000000000000000	0x00000037E9936018
20860012	0x0000000000000000	0x000000BC6C13FBB8	0x0000000000000000	0x0000005E57A393B8
20860013	0x0000000000000000	0x0000011ADEB7E7D8	0x0000000000000000	0x0000008DBFFFCAD8
20860014	0x0000000000000000	0x0000018B028EC808	0x0000000000000000	0x000000C607ADCA38
20860020	0x0000000000000000	0x0000003500000000	0x0000000000000000	0x0000001900000000
20860021	0x0000000000000000	0x000000709FFF7DC7	0x0000000000000000	0x000000353FFFEC08
20860022	0x0000000000000000	0x000000BE378C73EF	0x0000000000000000	0x00000059D99977E8
20860023	0x0000000000000000	0x0000011D906103A4	0x0000000000000000	0x0000008700000000
20860024	0x0000000000000000	0x0000018EC59FFDAC	0x0000000000000000	0x000000BC9999952E
20930010	0x0000000000000000	0x000000221FFFD88B	0x0000000000000000	0x000000117FFFFF97
20930011	0x0000000000000000	0x00000035DE2F15A7	0x0000000000000000	0x0000001BB333328D
20930012	0x0000000000000000	0x000000531E110C8F	0x0000000000000000	0x0000002AB3333233
20940010	0x0000000000000000	0x0000002700000000	0x0000000000000000	0x0000001400000000
20940011	0x0000000000000000	0x00000047F47A8E15	0x0000000000000000	0x00000024CCCCCBF0
20940012	0x0000000000000000	0x000000777C002F55	0x0000000000000000	0x0000003D0CCCB5E8
20940013	0x0000000000000000	0x000000B57E4FDE9D	0x0000000000000000	0x0000005CD99976C8
20950010	0x0000000000000000	0x0000002BDFFFCD45	0x0000000000000000	0x000000167FFFFF79
20950011	0x0000000000000000	0x00000057BFFFDF18	0x0000000000000000	0x0000002D00000000
20950012	0x0000000000000000	0x00000090C9897B28	0x0000000000000000	0x0000004A666664A8
20950013	0x0000000000000000	0x000000D715C196AB	0x0000000000000000	0x0000006E733309C8
20950014	0x0000000000000000	0x0000012A8B83C587	0x0000000000000000	0x000000993FFFC688
20950020	0x0000000000000000	0x0000002BDFFFCD45	0x0000000000000000	0x000000167FFFFF79
20950021	0x0000000000000000	0x00000057BFFFDF18	0x0000000000000000	0x0000002D00000000
20950022	0x0000000000000000	0x00000090C9897B28	0x0000000000000000	0x0000004A666664A8
20950023	0x0000000000000000	0x000000D715C196AB	0x0000000000000000	0x0000006E733309C8
20950024	0x0000000000000000	0x0000012A8B83C587	0x0000000000000000	0x000000993FFFC688
20960010	0x0000000000000000	0x00000030BFFFEDB8	0x0000000000000000	0x0000001900000000
20960011	0x0000000000000000	0x0000006797959FCB	0x0000000000000000	0x000000353FFFEC08
20960012	0x0000000000000000	0x000000AEF604A853	0x0000000000000000	0x00000059D99977E8
20960013	0x0000000000000000	0x00000106AA3C40EF	0x0000000000000000	0x0000008700000000
20960014	0x0000000000000000	0x0000016ECB83769D	0x0000000000000000	0x000000BC9999952E
20960020	0x0000000000000000	0x0000003200000000	0x0000000000000000	0x00000017BFFFF718
20960021	0x0000000000000000	0x0000006A3FFFD828	0x0000000000000000	0x000000329660C4A8
20960022	0x0000000000000000	0x000000B37332EFE8	0x0000000000000000	0x000000555B7B9E08
20960023	0x0000000000000000	0x0000010D66666016	0x0000000000000000	0x000000803FFFCFE8
20960024	0x0000000000000000	0x0000017833332A62	0x0000000000000000	0x000000B32B84DB88
29910010	0x0000000000000000	0x0000001E00000000	0x0000000000000000	0x0000000F00000000
29920010	0x0000000000000000	0x000000207FFFFF3D	0x0000000000000000	0x000000103FFFF9E8
29930010	0x0000000000000000	0x0000002300000000	0x0000000000000000	0x000000117FFFFF97
29930011	0x0000000000000000	0x000000373FFFEB48	0x0000000000000000	0x0000001BB333328D
29930012	0x0000000000000000	0x000000553FFFE008	0x0000000000000000	0x0000002AB3333233
29940010	0x0000000000000000	0x0000002800000000	0x0000000000000000	0x0000001400000000
29940011	0x0000000000000000	0x00000049CCCCCB12	0x0000000000000000	0x00000024CCCCCBF0
29940012	0x0000000000000000	0x0000007A8CCC9ED8	0x0000000000000000	0x0000003D0CCCB5E8
29940013	0x0000000000000000	0x000000BA26662098	0x0000000000000000	0x0000005CD99976C8
29950010	0x0000000000000000	0x0000002D00000000	0x0000000000000000	0x000000167FFFFF79
29950011	0x0000000000000000	0x0000005A00000000	0x0000000000000000	0x0000002D00000000
29950012	0x0000000000000000	0x000000947FFFFC85	0x0000000000000000	0x0000004A666664A8
29950013	0x0000000000000000	0x000000DC9999946E	0x0000000000000000	0x0000006E733309C8
29950014	0x0000000000000000	0x0000013233332C06	0x0000000000000000	0x000000993FFFC688
21040010	0x0000000000000000	0x0000002D33333224	0x0000000000000000	0x0000001400000000
21040011	0x0000000000000000	0x0000005364DCCEAE	0x0000000000000000	0x00000024CCCCCBF0
21040012	0x0000000000000000	0x0000008A7B342AC8	0x0000000000000000	0x0000003D0CCCB5E8
21040013	0x0000000000000000	0x000000D259616A08	0x0000000000000000	0x0000005CD99976C8
21050010	0x0000000000000000	0x00000032D9998688	0x0000000000000000	0x000000167FFFFF79
21050011	0x0000000000000000	0x00000065B33330D1	0x0000000000000000	0x0000002D00000000
21050012	0x0000000000000000	0x000000A7CE13B8DB	0x0000000000000000	0x0000004A666664A8
21050013	0x0000000000000000	0x000000F94729E1D2	0x0000000000000000	0x0000006E733309C8
21050014	0x0000000000000000	0x0000015A0187A73A	0x0000000000000000	0x000000993FFFC688
21060010	0x0000000000000000	0x000000387FFFFEAD	0x0000000000000000	0x0000001900000000
21060011	0x0000000000000000	0x000000780FF2A238	0x0000000000000000	0x000000353FFFEC08
21060012	0x0000000000000000	0x000000CAC7353378	0x0000000000000000	0x00000059D99977E8
21060013	0x0000000000000000	0x000001306C06D12A	0x0000000000000000	0x0000008700000000
21060014	0x0000000000000000	0x000001A91B20E55E	0x0000000000000000	0x000000BC9999952E
30110010	0x0000001E00000000	0x0000000000000000	0x0000000000000000	0x00000001547AE0C8
30120010	0x000000347D709028	0x0000000000000000	0x0000000000000000	0x00000002547AE068
30130010	0x0000004C7D708728	0x0000000000000000	0x0000000000000000	0x00000003547AE008
30130011	0x000000842E144950	0x0000000000000000	0x0000000000000000	0x00000005BAE14588
30130012	0x0000010E7D703E68	0x0000000000000000	0x0000000000000000	0x0000000BBAE14348
30130020	0x0000004AFD7087B8	0x0000000000000000	0x0000000000000000	0x00000003547AE008
30130021	0x00000081970A0CD8	0x0000000000000000	0x0000000000000000	0x00000005BAE14588
30130022	0x0000010930A37398	0x0000000000000000	0x0000000000000000	0x0000000BBAE14348
30140010	0x00000066E3D6E3A8	0x0000000000000000	0x0000000000000000	0x00000004C28F5A60
30140011	0x000000C626661C18	0x0000000000000000	0x0000000000000000	0x000000093FFFFC88
30140012	0x000001AED998F808	0x0000000000000000	0x0000000000000000	0x000000141C28EE38
30140013	0x0000034B7AE00B60	0x0000000000000000	0x0000000000000000	0x000000273D709520
30140020	0x00000066E3D6E3A8	0x0000000000000000	0x0000000000000000	0x00000004AB851CF8
30140021	0x000000C626661C18	0x0000000000000000	0x0000000000000000	0x0000000911EB81B8
30140022	0x000001AED998F808	0x0000000000000000	0x0000000000000000	0x00000013B851E420
30140023	0x0000034B7AE00B60	0x0000000000000000	0x0000000000000000	0x000000267851DD18
30140030	0x00000068FD707C78	0x0000000000000000	0x0000000000000000	0x00000004AB851CF8
30140031	0x000000CA30A38B38	0x0000000000000000	0x0000000000000000	0x0000000911EB81B8
30140032	0x000001B7A3D66560	0x0000000000000000	0x0000000000000000	0x00000013B851E420
30140033	0x0000035CB0A29448	0x0000000000000000	0x0000000000000000	0x000000267851DD18
30140040	0x0000006B170A1548	0x0000000000000000	0x0000000000000000	0x00000004947ADF90
30140041	0x000000CE3AE0FA58	0x0000000000000000	0x0000000000000000	0x00000008E3D706E8
30140042	0x000001C06E13D2B8	0x0000000000000000	0x0000000000000000	0x00000013547ADA08
30140043	0x0000036DE66651D3	0x0000000000000000	0x0000000000000000	0x00000025B3333251
30140060	0x00000068FD707C78	0x0000000000000000	0x0000000000000000	0x00000004AB851CF8
30140061	0x000000CA30A38B38	0x0000000000000000	0x0000000000000000	0x0000000911EB81B8
30140062	0x000001B7A3D66560	0x0000000000000000	0x0000000000000000	0x00000013B851E420
30140063	0x0000035CB0A29448	0x0000000000000000	0x0000000000000000	0x000000267851DD18
30150010	0x000000844A3D3F08	0x0000000000000000	0x0000000000000000	0x000000061EB84FA0
30150011	0x000001089709DA38	0x0000000000000000	0x0000000000000000	0x0000000C3D709F40
30150012	0x000001B4947A3D90	0x0000000000000000	0x0000000000000000	0x00000014333332BA
30150013	0x0000028835C19C48	0x0000000000000000	0x0000000000000000	0x0000001DD70A3240
30150014	0x000003837ADFF660	0x0000000000000000	0x0000000000000000	0x00000029428F4CB0
30150020	0x000000844A3D3F08	0x0000000000000000	0x0000000000000000	0x0000000600000000
30150021	0x000001089709DA38	0x0000000000000000	0x0000000000000000	0x0000000C00000000
30150022	0x000001B4947A3D90	0x0000000000000000	0x0000000000000000	0x00000013CCCCCC56
30150023	0x0000028835C19C48	0x0000000000000000	0x0000000000000000	0x0000001D3FFFF508
30150024	0x000003837ADFF660	0x0000000000000000	0x0000000000000000	0x0000002873332408
30150030	0x00000086FD707138	0x0000000000000000	0x0000000000000000	0x00000005E147ABE0
30150031	0x0000010DFD703E98	0x0000000000000000	0x0000000000000000	0x0000000BC28F57C0
30150032	0x000001BD7D6FFCC8	0x0000000000000000	0x0000000000000000	0x00000013666665F2
30150033	0x0000029570A2DF00	0x0000000000000000	0x0000000000000000	0x0000001CAB8513F8
30150034	0x00000395D708E540	0x0000000000000000	0x0000000000000000	0x00000027A3D6FB60
30150040	0x00000089B0A3A368	0x0000000000000000	0x0000000000000000	0x00000005E147ABE0
30150041	0x0000011363D6A2F8	0x0000000000000000	0x0000000000000000	0x0000000BC28F57C0
30150042	0x000001C666665BC0	0x0000000000000000	0x0000000000000000	0x00000013666665F2
30150043	0x000002A2AB8421B8	0x0000000000000000	0x0000000000000000	0x0000001CAB8513F8
30150044	0x000003A833331D42	0x0000000000000000	0x0000000000000000	0x00000027A3D6FB60
30150050	0x00000089B0A3A368	0x0000000000000000	0x0000000000000000	0x0000000600000000
30150051	0x0000011363D6A2F8	0x0000000000000000	0x0000000000000000	0x0000000C00000000
30150052	0x000001C666665BC0	0x0000000000000000	0x0000000000000000	0x00000013CCCCCC56
30150053	0x000002A2AB8421B8	0x0000000000000000	0x0000000000000000	0x0000001D3FFFF508
30150054	0x000003A833331D42	0x0000000000000000	0x0000000000000000	0x0000002873332408
30150060	0x00000086FD707138	0x0000000000000000	0x0000000000000000	0x0000000600000000
30150061	0x0000010DFD703E98	0x0000000000000000	0x0000000000000000	0x0000000C00000000
30150062	0x000001BD7D6FFCC8	0x0000000000000000	0x0000000000000000	0x00000013CCCCCC56
30150063	0x0000029570A2DF00	0x0000000000000000	0x0000000000000000	0x0000001D3FFFF508
30150064	0x00000395D708E540	0x0000000000000000	0x0000000000000000	0x0000002873332408
30150070	0x00000086FD707138	0x0000000000000000	0x0000000000000000	0x00000005E147ABE0
30150071	0x0000010DFD703E98	0x0000000000000000	0x0000000000000000	0x0000000BC28F57C0
30150072	0x000001BD7D6FFCC8	0x0000000000000000	0x0000000000000000	0x00000013666665F2
30150073	0x0000029570A2DF00	0x0000000000000000	0x0000000000000000	0x0000001CAB8513F8
30150074	0x00000395D708E540	0x0000000000000000	0x0000000000000000	0x00000027A3D6FB60
30150080	0x00000086FD707138	0x0000000000000000	0x0000000000000000	0x0000000600000000
30150081	0x0000010DFD703E98	0x0000000000000000	0x0000000000000000	0x0000000C00000000
30150082	0x000001BD7D6FFCC8	0x0000000000000000	0x0000000000000000	0x00000013CCCCCC56
30150083	0x0000029570A2DF00	0x0000000000000000	0x0000000000000000	0x0000001D3FFFF508
30150084	0x00000395D708E540	0x0000000000000000	0x0000000000000000	0x0000002873332408
30150090	0x00000086FD707138	0x0000000000000000	0x0000000000000000	0x0000000600000000
30150091	0x0000010DFD703E98	0x0000000000000000	0x0000000000000000	0x0000000C00000000
30150092	0x000001BD7D6FFCC8	0x0000000000000000	0x0000000000000000	0x00000013CCCCCC56
30150093	0x0000029570A2DF00	0x0000000000000000	0x0000000000000000	0x0000001D3FFFF508
30150094	0x00000395D708E540	0x0000000000000000	0x0000000000000000	0x0000002873332408
30150500	0x00000086FD707138	0x0000000000000000	0x0000000000000000	0x0000000600000000
30150501	0x0000010DFD703E98	0x0000000000000000	0x0000000000000000	0x0000000C00000000
30150502	0x000001BD7D6FFCC8	0x0000000000000000	0x0000000000000000	0x00000013CCCCCC56
30150503	0x0000029570A2DF00	0x0000000000000000	0x0000000000000000	0x0000001D3FFFF508
30150504	0x00000395D708E540	0x0000000000000000	0x0000000000000000	0x0000002873332408
30150550	0x00000086FD707138	0x0000000000000000	0x0000000000000000	0x0000000600000000
30150551	0x0000010DFD703E98	0x0000000000000000	0x0000000000000000	0x0000000C00000000
30150552	0x000001BD7D6FFCC8	0x0000000000000000	0x0000000000000000	0x00000013CCCCCC56
30150553	0x0000029570A2DF00	0x0000000000000000	0x0000000000000000	0x0000001D3FFFF508
30150554	0x00000395D708E540	0x0000000000000000	0x0000000000000000	0x0000002873332408
30150560	0x00000086FD707138	0x0000000000000000	0x0000000000000000	0x0000000600000000
30150561	0x0000010DFD703E98	0x0000000000000000	0x0000000000000000	0x0000000C00000000
30150562	0x000001BD7D6FFCC8	0x0000000000000000	0x0000000000000000	0x00000013CCCCCC56
30150563	0x0000029570A2DF00	0x0000000000000000	0x0000000000000000	0x0000001D3FFFF508
30150564	0x00000395D708E540	0x0000000000000000	0x0000000000000000	0x0000002873332408
30160010	0x00000092FD706CB8	0x0000000000000000	0x0000000000000000	0x00000006CCCCCCA4
30160011	0x000001385EB7DCC8	0x0000000000000000	0x0000000000000000	0x0000000E73332DC8
30160012	0x0000020F47AD4EC0	0x0000000000000000	0x0000000000000000	0x000000183FFFF6E8
30160013	0x00000317BAE01EC8	0x0000000000000000	0x0000000000000000	0x000000246147A070
30160014	0x00000451B8504CE0	0x0000000000000000	0x0000000000000000	0x0000003311EB71F8
30160020	0x00000095FD706B98	0x0000000000000000	0x0000000000000000	0x000000068A3D6E30
30160021	0x0000013EBD702C50	0x0000000000000000	0x0000000000000000	0x0000000DE3D70508
30160022	0x0000021A0A3CA6E0	0x0000000000000000	0x0000000000000000	0x000000174A3D67E8
30160023	0x00000327E3D5DB48	0x0000000000000000	0x0000000000000000	0x00000022F5C28240
30160024	0x000004684A3BC988	0x0000000000000000	0x0000000000000000	0x0000003111EB72B8
30160030	0x00000095FD706B98	0x0000000000000000	0x0000000000000000	0x00000006AB851C38
30160031	0x0000013EBD702C50	0x0000000000000000	0x0000000000000000	0x0000000E2B851968
30160032	0x0000021A0A3CA6E0	0x0000000000000000	0x0000000000000000	0x00000017C51EAF68
30160033	0x00000327E3D5DB48	0x0000000000000000	0x0000000000000000	0x00000023AB851158
30160034	0x000004684A3BC988	0x0000000000000000	0x0000000000000000	0x0000003211EB7258
30160040	0x00000095FD706B98	0x0000000000000000	0x0000000000000000	0x00000006CCCCCCA4
30160041	0x0000013EBD702C50	0x0000000000000000	0x0000000000000000	0x0000000E73332DC8
30160042	0x0000021A0A3CA6E0	0x0000000000000000	0x0000000000000000	0x000000183FFFF6E8
30160043	0x00000327E3D5DB48	0x0000000000000000	0x0000000000000000	0x000000246147A070
30160044	0x000004684A3BC988	0x0000000000000000	0x0000000000000000	0x0000003311EB71F8
30160050	0x000000923D706D00	0x0000000000000000	0x0000000000000000	0x00000006CCCCCCA4
30160051	0x00000136C51E43C8	0x0000000000000000	0x0000000000000000	0x0000000E73332DC8
30160052	0x0000020C970978B8	0x0000000000000000	0x0000000000000000	0x000000183FFFF6E8
30160053	0x00000313B0A2AFA8	0x0000000000000000	0x0000000000000000	0x000000246147A070
30160054	0x0000044C147944C0	0x0000000000000000	0x0000000000000000	0x0000003311EB71F8
30160060	0x000000923D706D00	0x0000000000000000	0x0000000000000000	0x00000006AB851C38
30160061	0x00000136C51E43C8	0x0000000000000000	0x0000000000000000	0x0000000E2B851968
30160062	0x0000020C970978B8	0x0000000000000000	0x0000000000000000	0x00000017C51EAF68
30160063	0x00000313B0A2AFA8	0x0000000000000000	0x0000000000000000	0x00000023AB851158
30160064	0x0000044C147944C0	0x0000000000000000	0x0000000000000000	0x0000003211EB7258
30160070	0x00000095FD706B98	0x0000000000000000	0x0000000000000000	0x00000006AB851C38
30160071	0x0000013EBD702C50	0x0000000000000000	0x0000000000000000	0x0000000E2B851968
30160072	0x0000021A0A3CA6E0	0x0000000000000000	0x0000000000000000	0x00000017C51EAF68
30160073	0x00000327E3D5DB48	0x0000000000000000	0x0000000000000000	0x00000023AB851158
30160074	0x000004684A3BC988	0x0000000000000000	0x0000000000000000	0x0000003211EB7258
30160080	0x00000095FD706B98	0x0000000000000000	0x0000000000000000	0x00000006AB851C38
30160081	0x0000013EBD702C50	0x0000000000000000	0x0000000000000000	0x0000000E2B851968
30160082	0x0000021A0A3CA6E0	0x0000000000000000	0x0000000000000000	0x00000017C51EAF68
30160083	0x00000327E3D5DB48	0x0000000000000000	0x0000000000000000	0x00000023AB851158
30160084	0x000004684A3BC988	0x0000000000000000	0x0000000000000000	0x0000003211EB7258
30160090	0x00000098FD706A78	0x0000000000000000	0x0000000000000000	0x00000006AB851C38
30160091	0x000001451C287BD8	0x0000000000000000	0x0000000000000000	0x0000000E2B851968
30160092	0x00000224CCCCBFF0	0x0000000000000000	0x0000000000000000	0x00000017C51EAF68
30160093	0x000003380CCB97C8	0x0000000000000000	0x0000000000000000	0x00000023AB851158
30160094	0x0000047EDC274630	0x0000000000000000	0x0000000000000000	0x0000003211EB7258
30160100	0x00000095FD706B98	0x0000000000000000	0x0000000000000000	0x00000006AB851C38
30160101	0x0000013EBD702C50	0x0000000000000000	0x0000000000000000	0x0000000E2B851968
30160102	0x0000021A0A3CA6E0	0x0000000000000000	0x0000000000000000	0x00000017C51EAF68
30160103	0x00000327E3D5DB48	0x0000000000000000	0x0000000000000000	0x00000023AB851158
30160104	0x000004684A3BC988	0x0000000000000000	0x0000000000000000	0x0000003211EB7258
30160110	0x00000099BD706A30	0x0000000000000000	0x0000000000000000	0x000000067FFFFFD9
30160111	0x00000146B5C214D8	0x0000000000000000	0x0000000000000000	0x0000000DD1EB7FF0
30160112	0x000002277D6FD508	0x0000000000000000	0x0000000000000000	0x000000172E147230
30160113	0x0000033C170906E8	0x0000000000000000	0x0000000000000000	0x00000022C7AE0770
30160114	0x000004847FFFE4E5	0x0000000000000000	0x0000000000000000	0x00000030D1EB72D0
30160120	0x000000917D706D48	0x0000000000000000	0x0000000000000000	0x000000067FFFFFD9
30160121	0x000001352E1406F0	0x0000000000000000	0x0000000000000000	0x0000000DD1EB7FF0
30160122	0x00000209E6665A2B	0x0000000000000000	0x0000000000000000	0x000000172E147230
30160123	0x0000030FA6654088	0x0000000000000000	0x0000000000000000	0x00000022C7AE0770
30160124	0x0000044670A23CA0	0x0000000000000000	0x0000000000000000	0x00000030D1EB72D0
30160130	0x000000923D706D00	0x0000000000000000	0x0000000000000000	0x000000067FFFFFD9
30160131	0x00000136C51E43C8	0x0000000000000000	0x0000000000000000	0x0000000DD1EB7FF0
30160132	0x0000020C970978B8	0x0000000000000000	0x0000000000000000	0x000000172E147230
30160133	0x00000313B0A2AFA8	0x0000000000000000	0x0000000000000000	0x00000022C7AE0770
30160134	0x0000044C147944C0	0x0000000000000000	0x0000000000000000	0x00000030D1EB72D0
30160140	0x000000923D706D00	0x0000000000000000	0x0000000000000000	0x00000006CCCCCCA4
30160141	0x00000136C51E43C8	0x0000000000000000	0x0000000000000000	0x0000000E73332DC8
30160142	0x0000020C970978B8	0x0000000000000000	0x0000000000000000	0x000000183FFFF6E8
30160143	0x00000313B0A2AFA8	0x0000000000000000	0x0000000000000000	0x000000246147A070
30160144	0x0000044C147944C0	0x0000000000000000	0x0000000000000000	0x0000003311EB71F8
30160150	0x00000095FD706B98	0x0000000000000000	0x0000000000000000	0x000000068A3D6E30
30160151	0x0000013EBD702C50	0x0000000000000000	0x0000000000000000	0x0000000DE3D70508
30160152	0x0000021A0A3CA6E0	0x0000000000000000	0x0000000000000000	0x000000174A3D67E8
30160153	0x00000327E3D5DB48	0x0000000000000000	0x0000000000000000	0x00000022F5C28240
30160154	0x000004684A3BC988	0x0000000000000000	0x0000000000000000	0x0000003111EB72B8
30160160	0x00000095FD706B98	0x0000000000000000	0x0000000000000000	0x00000006AB851C38
30160161	0x0000013EBD702C50	0x0000000000000000	0x0000000000000000	0x0000000E2B851968
30160162	0x0000021A0A3CA6E0	0x0000000000000000	0x0000000000000000	0x00000017C51EAF68
30160163	0x00000327E3D5DB48	0x0000000000000000	0x0000000000000000	0x00000023AB851158
30160164	0x000004684A3BC988	0x0000000000000000	0x0000000000000000	0x0000003211EB7258
30210010	0x0000001E00000000	0x0000000000000000	0x0000000000000000	0x00000001547AE0C8
30220010	0x000000347D709028	0x0000000000000000	0x0000000000000000	0x00000002547AE068
30230010	0x0000004C7D708728	0x0000000000000000	0x0000000000000000	0x00000003547AE008
30230011	0x000000842E144950	0x0000000000000000	0x0000000000000000	0x00000005BAE14588
30230012	0x0000010E7D703E68	0x0000000000000000	0x0000000000000000	0x0000000BBAE14348
30230020	0x0000004AFD7087B8	0x0000000000000000	0x0000000000000000	0x00000003547AE008
30230021	0x00000081970A0CD8	0x0000000000000000	0x0000000000000000	0x00000005BAE14588
30230022	0x0000010930A37398	0x0000000000000000	0x0000000000000000	0x0000000BBAE14348
30240010	0x00000066E3D6E3A8	0x0000000000000000	0x0000000000000000	0x00000004C28F5A60
30240011	0x000000C626661C18	0x0000000000000000	0x0000000000000000	0x000000093FFFFC88
30240012	0x000001AED998F808	0x0000000000000000	0x0000000000000000	0x000000141C28EE38
30240013	0x0000034B7AE00B60	0x0000000000000000	0x0000000000000000	0x000000273D709520
30240020	0x00000066E3D6E3A8	0x0000000000000000	0x0000000000000000	0x00000004AB851CF8
30240021	0x000000C626661C18	0x0000000000000000	0x0000000000000000	0x0000000911EB81B8
30240022	0x000001AED998F808	0x0000000000000000	0x0000000000000000	0x00000013B851E420
30240023	0x0000034B7AE00B60	0x0000000000000000	0x0000000000000000	0x000000267851DD18
30240030	0x00000068FD707C78	0x0000000000000000	0x0000000000000000	0x00000004AB851CF8
30240031	0x000000CA30A38B38	0x0000000000000000	0x0000000000000000	0x0000000911EB81B8
30240032	0x000001B7A3D66560	0x0000000000000000	0x0000000000000000	0x00000013B851E420
30240033	0x0000035CB0A29448	0x0000000000000000	0x0000000000000000	0x000000267851DD18
30240040	0x0000006B170A1548	0x0000000000000000	0x0000000000000000	0x00000004947ADF90
30240041	0x000000CE3AE0FA58	0x0000000000000000	0x0000000000000000	0x00000008E3D706E8
30240042	0x000001C06E13D2B8	0x0000000000000000	0x0000000000000000	0x00000013547ADA08
30240043	0x0000036DE66651D3	0x0000000000000000	0x0000000000000000	0x00000025B3333251
30240060	0x00000068FD707C78	0x0000000000000000	0x0000000000000000	0x00000004AB851CF8
30240061	0x000000CA30A38B38	0x0000000000000000	0x0000000000000000	0x0000000911EB81B8
30240062	0x000001B7A3D66560	0x0000000000000000	0x0000000000000000	0x00000013B851E420
30240063	0x0000035CB0A29448	0x0000000000000000	0x0000000000000000	0x000000267851DD18
30250010	0x000000844A3D3F08	0x0000000000000000	0x0000000000000000	0x000000061EB84FA0
30250011	0x000001089709DA38	0x0000000000000000	0x0000000000000000	0x0000000C3D709F40
30250012	0x000001B4947A3D90	0x0000000000000000	0x0000000000000000	0x00000014333332BA
30250013	0x0000028835C19C48	0x0000000000000000	0x0000000000000000	0x0000001DD70A3240
30250014	0x000003837ADFF660	0x0000000000000000	0x0000000000000000	0x00000029428F4CB0
30250020	0x000000844A3D3F08	0x0000000000000000	0x0000000000000000	0x0000000600000000
30250021	0x000001089709DA38	0x0000000000000000	0x0000000000000000	0x0000000C00000000
30250022	0x000001B4947A3D90	0x0000000000000000	0x0000000000000000	0x00000013CCCCCC56
30250023	0x0000028835C19C48	0x0000000000000000	0x0000000000000000	0x0000001D3FFFF508
30250024	0x000003837ADFF660	0x0000000000000000	0x0000000000000000	0x0000002873332408
30250030	0x00000086FD707138	0x0000000000000000	0x0000000000000000	0x00000005E147ABE0
30250031	0x0000010DFD703E98	0x0000000000000000	0x0000000000000000	0x0000000BC28F57C0
30250032	0x000001BD7D6FFCC8	0x0000000000000000	0x0000000000000000	0x00000013666665F2
30250033	0x0000029570A2DF00	0x0000000000000000	0x0000000000000000	0x0000001CAB8513F8
30250034	0x00000395D708E540	0x0000000000000000	0x0000000000000000	0x00000027A3D6FB60
30250040	0x00000089B0A3A368	0x0000000000000000	0x0000000000000000	0x00000005E147ABE0
30250041	0x0000011363D6A2F8	0x0000000000000000	0x0000000000000000	0x0000000BC28F57C0
30250042	0x000001C666665BC0	0x0000000000000000	0x0000000000000000	0x00000013666665F2
30250043	0x000002A2AB8421B8	0x0000000000000000	0x0000000000000000	0x0000001CAB8513F8
30250044	0x000003A833331D42	0x0000000000000000	0x0000000000000000	0x00000027A3D6FB60
30250050	0x00000089B0A3A368	0x0000000000000000	0x0000000000000000	0x0000000600000000
30250051	0x0000011363D6A2F8	0x0000000000000000	0x0000000000000000	0x0000000C00000000
30250052	0x000001C666665BC0	0x0000000000000000	0x0000000000000000	0x00000013CCCCCC56
30250053	0x000002A2AB8421B8	0x0000000000000000	0x0000000000000000	0x0000001D3FFFF508
30250054	0x000003A833331D42	0x0000000000000000	0x0000000000000000	0x0000002873332408
30250060	0x00000086FD707138	0x0000000000000000	0x0000000000000000	0x0000000600000000
30250061	0x0000010DFD703E98	0x0000000000000000	0x0000000000000000	0x0000000C00000000
30250062	0x000001BD7D6FFCC8	0x0000000000000000	0x0000000000000000	0x00000013CCCCCC56
30250063	0x0000029570A2DF00	0x0000000000000000	0x0000000000000000	0x0000001D3FFFF508
30250064	0x00000395D708E540	0x0000000000000000	0x0000000000000000	0x0000002873332408
30250070	0x00000086FD707138	0x0000000000000000	0x0000000000000000	0x00000005E147ABE0
30250071	0x0000010DFD703E98	0x0000000000000000	0x0000000000000000	0x0000000BC28F57C0
30250072	0x000001BD7D6FFCC8	0x0000000000000000	0x0000000000000000	0x00000013666665F2
30250073	0x0000029570A2DF00	0x0000000000000000	0x0000000000000000	0x0000001CAB8513F8
30250074	0x00000395D708E540	0x0000000000000000	0x0000000000000000	0x00000027A3D6FB60
30250080	0x00000086FD707138	0x0000000000000000	0x0000000000000000	0x0000000600000000
30250081	0x0000010DFD703E98	0x0000000000000000	0x0000000000000000	0x0000000C00000000
30250082	0x000001BD7D6FFCC8	0x0000000000000000	0x0000000000000000	0x00000013CCCCCC56
30250083	0x0000029570A2DF00	0x0000000000000000	0x0000000000000000	0x0000001D3FFFF508
30250084	0x00000395D708E540	0x0000000000000000	0x0000000000000000	0x0000002873332408
30250090	0x00000086FD707138	0x0000000000000000	0x0000000000000000	0x0000000600000000
30250091	0x0000010DFD703E98	0x0000000000000000	0x0000000000000000	0x0000000C00000000
30250092	0x000001BD7D6FFCC8	0x0000000000000000	0x0000000000000000	0x00000013CCCCCC56
30250093	0x0000029570A2DF00	0x0000000000000000	0x0000000000000000	0x0000001D3FFFF508
30250094	0x00000395D708E540	0x0000000000000000	0x0000000000000000	0x0000002873332408
30250500	0x00000086FD707138	0x0000000000000000	0x0000000000000000	0x0000000600000000
30250501	0x0000010DFD703E98	0x0000000000000000	0x0000000000000000	0x0000000C00000000
30250502	0x000001BD7D6FFCC8	0x0000000000000000	0x0000000000000000	0x00000013CCCCCC56
30250503	0x0000029570A2DF00	0x0000000000000000	0x0000000000000000	0x0000001D3FFFF508
30250504	0x00000395D708E540	0x0000000000000000	0x0000000000000000	0x0000002873332408
30250550	0x00000086FD707138	0x0000000000000000	0x0000000000000000	0x0000000600000000
30250551	0x0000010DFD703E98	0x0000000000000000	0x0000000000000000	0x0000000C00000000
30250552	0x000001BD7D6FFCC8	0x0000000000000000	0x0000000000000000	0x00000013CCCCCC56
30250553	0x0000029570A2DF00	0x0000000000000000	0x0000000000000000	0x0000001D3FFFF508
30250554	0x00000395D708E540	0x0000000000000000	0x0000000000000000	0x0000002873332408
30250560	0x00000086FD707138	0x0000000000000000	0x0000000000000000	0x0000000600000000
30250561	0x0000010DFD703E98	0x0000000000000000	0x0000000000000000	0x0000000C00000000
30250562	0x000001BD7D6FFCC8	0x0000000000000000	0x0000000000000000	0x00000013CCCCCC56
30250563	0x0000029570A2DF00	0x0000000000000000	0x0000000000000000	0x0000001D3FFFF508
30250564	0x00000395D708E540	0x0000000000000000	0x0000000000000000	0x0000002873332408
30260010	0x00000092FD706CB8	0x0000000000000000	0x0000000000000000	0x00000006CCCCCCA4
30260011	0x000001385EB7DCC8	0x0000000000000000	0x0000000000000000	0x0000000E73332DC8
30260012	0x0000020F47AD4EC0	0x0000000000000000	0x0000000000000000	0x000000183FFFF6E8
30260013	0x00000317BAE01EC8	0x0000000000000000	0x0000000000000000	0x000000246147A070
30260014	0x00000451B8504CE0	0x0000000000000000	0x0000000000000000	0x0000003311EB71F8
30260020	0x00000095FD706B98	0x0000000000000000	0x0000000000000000	0x000000068A3D6E30
30260021	0x0000013EBD702C50	0x0000000000000000	0x0000000000000000	0x0000000DE3D70508
30260022	0x0000021A0A3CA6E0	0x0000000000000000	0x0000000000000000	0x000000174A3D67E8
30260023	0x00000327E3D5DB48	0x0000000000000000	0x0000000000000000	0x00000022F5C28240
30260024	0x000004684A3BC988	0x0000000000000000	0x0000000000000000	0x0000003111EB72B8
30260030	0x00000095FD706B98	0x0000000000000000	0x0000000000000000	0x00000006AB851C38
30260031	0x0000013EBD702C50	0x0000000000000000	0x0000000000000000	0x0000000E2B851968
30260032	0x0000021A0A3CA6E0	0x0000000000000000	0x0000000000000000	0x00000017C51EAF68
30260033	0x00000327E3D5DB48	0x0000000000000000	0x0000000000000000	0x00000023AB851158
30260034	0x000004684A3BC988	0x0000000000000000	0x0000000000000000	0x0000003211EB7258
30260040	0x00000095FD706B98	0x0000000000000000	0x0000000000000000	0x00000006CCCCCCA4
30260041	0x0000013EBD702C50	0x0000000000000000	0x0000000000000000	0x0000000E73332DC8
30260042	0x0000021A0A3CA6E0	0x0000000000000000	0x0000000000000000	0x000000183FFFF6E8
30260043	0x00000327E3D5DB48	0x0000000000000000	0x0000000000000000	0x000000246147A070
30260044	0x000004684A3BC988	0x0000000000000000	0x0000000000000000	0x0000003311EB71F8
30260050	0x000000923D706D00	0x0000000000000000	0x0000000000000000	0x00000006CCCCCCA4
30260051	0x00000136C51E43C8	0x0000000000000000	0x0000000000000000	0x0000000E73332DC8
30260052	0x0000020C970978B8	0x0000000000000000	0x0000000000000000	0x000000183FFFF6E8
30260053	0x00000313B0A2AFA8	0x0000000000000000	0x0000000000000000	0x000000246147A070
30260054	0x0000044C147944C0	0x0000000000000000	0x0000000000000000	0x0000003311EB71F8
30260060	0x000000923D706D00	0x0000000000000000	0x0000000000000000	0x00000006AB851C38
30260061	0x00000136C51E43C8	0x0000000000000000	0x0000000000000000	0x0000000E2B851968
30260062	0x0000020C970978B8	0x0000000000000000	0x0000000000000000	0x00000017C51EAF68
30260063	0x00000313B0A2AFA8	0x0000000000000000	0x0000000000000000	0x00000023AB851158
30260064	0x0000044C147944C0	0x0000000000000000	0x0000000000000000	0x0000003211EB7258
30260070	0x00000095FD706B98	0x0000000000000000	0x0000000000000000	0x00000006AB851C38
30260071	0x0000013EBD702C50	0x0000000000000000	0x0000000000000000	0x0000000E2B851968
30260072	0x0000021A0A3CA6E0	0x0000000000000000	0x0000000000000000	0x00000017C51EAF68
30260073	0x00000327E3D5DB48	0x0000000000000000	0x0000000000000000	0x00000023AB851158
30260074	0x000004684A3BC988	0x0000000000000000	0x0000000000000000	0x0000003211EB7258
30260080	0x00000095FD706B98	0x0000000000000000	0x0000000000000000	0x00000006AB851C38
30260081	0x0000013EBD702C50	0x0000000000000000	0x0000000000000000	0x0000000E2B851968
30260082	0x0000021A0A3CA6E0	0x0000000000000000	0x0000000000000000	0x00000017C51EAF68
30260083	0x00000327E3D5DB48	0x0000000000000000	0x0000000000000000	0x00000023AB851158
30260084	0x000004684A3BC988	0x0000000000000000	0x0000000000000000	0x0000003211EB7258
30260090	0x00000098FD706A78	0x0000000000000000	0x0000000000000000	0x00000006AB851C38
30260091	0x000001451C287BD8	0x0000000000000000	0x0000000000000000	0x0000000E2B851968
30260092	0x00000224CCCCBFF0	0x0000000000000000	0x0000000000000000	0x00000017C51EAF68
30260093	0x000003380CCB97C8	0x0000000000000000	0x0000000000000000	0x00000023AB851158
30260094	0x0000047EDC274630	0x0000000000000000	0x0000000000000000	0x0000003211EB7258
30260100	0x00000095FD706B98	0x0000000000000000	0x0000000000000000	0x00000006AB851C38
30260101	0x0000013EBD702C50	0x0000000000000000	0x0000000000000000	0x0000000E2B851968
30260102	0x0000021A0A3CA6E0	0x0000000000000000	0x0000000000000000	0x00000017C51EAF68
30260103	0x00000327E3D5DB48	0x0000000000000000	0x0000000000000000	0x00000023AB851158
30260104	0x000004684A3BC988	0x0000000000000000	0x0000000000000000	0x0000003211EB7258
30260110	0x00000099BD706A30	0x0000000000000000	0x0000000000000000	0x000000067FFFFFD9
30260111	0x00000146B5C214D8	0x0000000000000000	0x0000000000000000	0x0000000DD1EB7FF0
30260112	0x000002277D6FD508	0x0000000000000000	0x0000000000000000	0x000000172E147230
30260113	0x0000033C170906E8	0x0000000000000000	0x0000000000000000	0x00000022C7AE0770
30260114	0x000004847FFFE4E5	0x0000000000000000	0x0000000000000000	0x00000030D1EB72D0
30260120	0x000000917D706D48	0x0000000000000000	0x0000000000000000	0x000000067FFFFFD9
30260121	0x000001352E1406F0	0x0000000000000000	0x0000000000000000	0x0000000DD1EB7FF0
30260122	0x00000209E6665A2B	0x0000000000000000	0x0000000000000000	0x000000172E147230
30260123	0x0000030FA6654088	0x0000000000000000	0x0000000000000000	0x00000022C7AE0770
30260124	0x0000044670A23CA0	0x0000000000000000	0x0000000000000000	0x00000030D1EB72D0
30260130	0x000000923D706D00	0x0000000000000000	0x0000000000000000	0x000000067FFFFFD9
30260131	0x00000136C51E43C8	0x0000000000000000	0x0000000000000000	0x0000000DD1EB7FF0
30260132	0x0000020C970978B8	0x0000000000000000	0x0000000000000000	0x000000172E147230
30260133	0x00000313B0A2AFA8	0x0000000000000000	0x0000000000000000	0x00000022C7AE0770
30260134	0x0000044C147944C0	0x0000000000000000	0x0000000000000000	0x00000030D1EB72D0
30260140	0x000000923D706D00	0x0000000000000000	0x0000000000000000	0x00000006CCCCCCA4
30260141	0x00000136C51E43C8	0x0000000000000000	0x0000000000000000	0x0000000E73332DC8
30260142	0x0000020C970978B8	0x0000000000000000	0x0000000000000000	0x000000183FFFF6E8
30260143	0x00000313B0A2AFA8	0x0000000000000000	0x0000000000000000	0x000000246147A070
30260144	0x0000044C147944C0	0x0000000000000000	0x0000000000000000	0x0000003311EB71F8
30260150	0x00000095FD706B98	0x0000000000000000	0x0000000000000000	0x000000068A3D6E30
30260151	0x0000013EBD702C50	0x0000000000000000	0x0000000000000000	0x0000000DE3D70508
30260152	0x0000021A0A3CA6E0	0x0000000000000000	0x0000000000000000	0x000000174A3D67E8
30260153	0x00000327E3D5DB48	0x0000000000000000	0x0000000000000000	0x00000022F5C28240
30260154	0x000004684A3BC988	0x0000000000000000	0x0000000000000000	0x0000003111EB72B8
30260160	0x00000095FD706B98	0x0000000000000000	0x0000000000000000	0x00000006AB851C38
30260161	0x0000013EBD702C50	0x0000000000000000	0x0000000000000000	0x0000000E2B851968
30260162	0x0000021A0A3CA6E0	0x0000000000000000	0x0000000000000000	0x00000017C51EAF68
30260163	0x00000327E3D5DB48	0x0000000000000000	0x0000000000000000	0x00000023AB851158
30260164	0x000004684A3BC988	0x0000000000000000	0x0000000000000000	0x0000003211EB7258
30310010	0x0000001E00000000	0x0000000000000000	0x0000000000000000	0x00000001547AE0C8
30320010	0x000000347D709028	0x0000000000000000	0x0000000000000000	0x00000002547AE068
30330010	0x0000004C7D708728	0x0000000000000000	0x0000000000000000	0x00000003547AE008
30330011	0x000000842E144950	0x0000000000000000	0x0000000000000000	0x00000005BAE14588
30330012	0x0000010E7D703E68	0x0000000000000000	0x0000000000000000	0x0000000BBAE14348
30330020	0x0000004AFD7087B8	0x0000000000000000	0x0000000000000000	0x00000003547AE008
30330021	0x00000081970A0CD8	0x0000000000000000	0x0000000000000000	0x00000005BAE14588
30330022	0x0000010930A37398	0x0000000000000000	0x0000000000000000	0x0000000BBAE14348
30340010	0x00000066E3D6E3A8	0x0000000000000000	0x0000000000000000	0x00000004C28F5A60
30340011	0x000000C626661C18	0x0000000000000000	0x0000000000000000	0x000000093FFFFC88
30340012	0x000001AED998F808	0x0000000000000000	0x0000000000000000	0x000000141C28EE38
30340013	0x0000034B7AE00B60	0x0000000000000000	0x0000000000000000	0x000000273D709520
30340020	0x00000066E3D6E3A8	0x0000000000000000	0x0000000000000000	0x00000004AB851CF8
30340021	0x000000C626661C18	0x0000000000000000	0x0000000000000000	0x0000000911EB81B8
30340022	0x000001AED998F808	0x0000000000000000	0x0000000000000000	0x00000013B851E420
30340023	0x0000034B7AE00B60	0x0000000000000000	0x0000000000000000	0x000000267851DD18
30340030	0x00000068FD707C78	0x0000000000000000	0x0000000000000000	0x00000004AB851CF8
30340031	0x000000CA30A38B38	0x0000000000000000	0x0000000000000000	0x0000000911EB81B8
30340032	0x000001B7A3D66560	0x0000000000000000	0x0000000000000000	0x00000013B851E420
30340033	0x0000035CB0A29448	0x0000000000000000	0x0000000000000000	0x000000267851DD18
30340040	0x0000006B170A1548	0x0000000000000000	0x0000000000000000	0x00000004947ADF90
30340041	0x000000CE3AE0FA58	0x0000000000000000	0x0000000000000000	0x00000008E3D706E8
30340042	0x000001C06E13D2B8	0x0000000000000000	0x0000000000000000	0x00000013547ADA08
30340043	0x0000036DE66651D3	0x0000000000000000	0x0000000000000000	0x00000025B3333251
30340060	0x00000068FD707C78	0x0000000000000000	0x0000000000000000	0x00000004AB851CF8
30340061	0x000000CA30A38B38	0x0000000000000000	0x0000000000000000	0x0000000911EB81B8
30340062	0x000001B7A3D66560	0x0000000000000000	0x0000000000000000	0x00000013B851E420
30340063	0x0000035CB0A29448	0x0000000000000000	0x0000000000000000	0x000000267851DD18
30350010	0x000000844A3D3F08	0x0000000000000000	0x0000000000000000	0x000000061EB84FA0
30350011	0x000001089709DA38	0x0000000000000000	0x0000000000000000	0x0000000C3D709F40
30350012	0x000001B4947A3D90	0x0000000000000000	0x0000000000000000	0x00000014333332BA
30350013	0x0000028835C19C48	0x0000000000000000	0x0000000000000000	0x0000001DD70A3240
30350014	0x000003837ADFF660	0x0000000000000000	0x0000000000000000	0x00000029428F4CB0
30350020	0x000000844A3D3F08	0x0000000000000000	0x0000000000000000	0x0000000600000000
30350021	0x000001089709DA38	0x0000000000000000	0x0000000000000000	0x0000000C00000000
30350022	0x000001B4947A3D90	0x0000000000000000	0x0000000000000000	0x00000013CCCCCC56
30350023	0x0000028835C19C48	0x0000000000000000	0x0000000000000000	0x0000001D3FFFF508
30350024	0x000003837ADFF660	0x0000000000000000	0x0000000000000000	0x0000002873332408
30350030	0x00000086FD707138	0x0000000000000000	0x0000000000000000	0x00000005E147ABE0
30350031	0x0000010DFD703E98	0x0000000000000000	0x0000000000000000	0x0000000BC28F57C0
30350032	0x000001BD7D6FFCC8	0x0000000000000000	0x0000000000000000	0x00000013666665F2
30350033	0x0000029570A2DF00	0x0000000000000000	0x0000000000000000	0x0000001CAB8513F8
30350034	0x00000395D708E540	0x0000000000000000	0x0000000000000000	0x00000027A3D6FB60
30350040	0x00000089B0A3A368	0x0000000000000000	0x0000000000000000	0x00000005E147ABE0
30350041	0x0000011363D6A2F8	0x0000000000000000	0x0000000000000000	0x0000000BC28F57C0
30350042	0x000001C666665BC0	0x0000000000000000	0x0000000000000000	0x00000013666665F2
30350043	0x000002A2AB8421B8	0x0000000000000000	0x0000000000000000	0x0000001CAB8513F8
30350044	0x000003A833331D42	0x0000000000000000	0x0000000000000000	0x00000027A3D6FB60
30350050	0x00000089B0A3A368	0x0000000000000000	0x0000000000000000	0x0000000600000000
30350051	0x0000011363D6A2F8	0x0000000000000000	0x0000000000000000	0x0000000C00000000
30350052	0x000001C666665BC0	0x0000000000000000	0x0000000000000000	0x00000013CCCCCC56
30350053	0x000002A2AB8421B8	0x0000000000000000	0x0000000000000000	0x0000001D3FFFF508
30350054	0x000003A833331D42	0x0000000000000000	0x0000000000000000	0x0000002873332408
30350060	0x00000086FD707138	0x0000000000000000	0x0000000000000000	0x0000000600000000
30350061	0x0000010DFD703E98	0x0000000000000000	0x0000000000000000	0x0000000C00000000
30350062	0x000001BD7D6FFCC8	0x0000000000000000	0x0000000000000000	0x00000013CCCCCC56
30350063	0x0000029570A2DF00	0x0000000000000000	0x0000000000000000	0x0000001D3FFFF508
30350064	0x00000395D708E540	0x0000000000000000	0x0000000000000000	0x0000002873332408
30350070	0x00000086FD707138	0x0000000000000000	0x0000000000000000	0x00000005E147ABE0
30350071	0x0000010DFD703E98	0x0000000000000000	0x0000000000000000	0x0000000BC28F57C0
30350072	0x000001BD7D6FFCC8	0x0000000000000000	0x0000000000000000	0x00000013666665F2
30350073	0x0000029570A2DF00	0x0000000000000000	0x0000000000000000	0x0000001CAB8513F8
30350074	0x00000395D708E540	0x0000000000000000	0x0000000000000000	0x00000027A3D6FB60
30350080	0x00000086FD707138	0x0000000000000000	0x0000000000000000	0x0000000600000000
30350081	0x0000010DFD703E98	0x0000000000000000	0x0000000000000000	0x0000000C00000000
30350082	0x000001BD7D6FFCC8	0x0000000000000000	0x0000000000000000	0x00000013CCCCCC56
30350083	0x0000029570A2DF00	0x0000000000000000	0x0000000000000000	0x0000001D3FFFF508
30350084	0x00000395D708E540	0x0000000000000000	0x0000000000000000	0x0000002873332408
30350090	0x00000086FD707138	0x0000000000000000	0x0000000000000000	0x0000000600000000
30350091	0x0000010DFD703E98	0x0000000000000000	0x0000000000000000	0x0000000C00000000
30350092	0x000001BD7D6FFCC8	0x0000000000000000	0x0000000000000000	0x00000013CCCCCC56
30350093	0x0000029570A2DF00	0x0000000000000000	0x0000000000000000	0x0000001D3FFFF508
30350094	0x00000395D708E540	0x0000000000000000	0x0000000000000000	0x0000002873332408
30350500	0x00000086FD707138	0x0000000000000000	0x0000000000000000	0x0000000600000000
30350501	0x0000010DFD703E98	0x0000000000000000	0x0000000000000000	0x0000000C00000000
30350502	0x000001BD7D6FFCC8	0x0000000000000000	0x0000000000000000	0x00000013CCCCCC56
30350503	0x0000029570A2DF00	0x0000000000000000	0x0000000000000000	0x0000001D3FFFF508
30350504	0x00000395D708E540	0x0000000000000000	0x0000000000000000	0x0000002873332408
30350550	0x00000086FD707138	0x0000000000000000	0x0000000000000000	0x0000000600000000
30350551	0x0000010DFD703E98	0x0000000000000000	0x0000000000000000	0x0000000C00000000
30350552	0x000001BD7D6FFCC8	0x0000000000000000	0x0000000000000000	0x00000013CCCCCC56
30350553	0x0000029570A2DF00	0x0000000000000000	0x0000000000000000	0x0000001D3FFFF508
30350554	0x00000395D708E540	0x0000000000000000	0x0000000000000000	0x0000002873332408
30350560	0x00000086FD707138	0x0000000000000000	0x0000000000000000	0x0000000600000000
30350561	0x0000010DFD703E98	0x0000000000000000	0x0000000000000000	0x0000000C00000000
30350562	0x000001BD7D6FFCC8	0x0000000000000000	0x0000000000000000	0x00000013CCCCCC56
30350563	0x0000029570A2DF00	0x0000000000000000	0x0000000000000000	0x0000001D3FFFF508
30350564	0x00000395D708E540	0x0000000000000000	0x0000000000000000	0x0000002873332408
30360010	0x00000092FD706CB8	0x0000000000000000	0x0000000000000000	0x00000006CCCCCCA4
30360011	0x000001385EB7DCC8	0x0000000000000000	0x0000000000000000	0x0000000E73332DC8
30360012	0x0000020F47AD4EC0	0x0000000000000000	0x0000000000000000	0x000000183FFFF6E8
30360013	0x00000317BAE01EC8	0x0000000000000000	0x0000000000000000	0x000000246147A070
30360014	0x00000451B8504CE0	0x0000000000000000	0x0000000000000000	0x0000003311EB71F8
30360020	0x00000095FD706B98	0x0000000000000000	0x0000000000000000	0x000000068A3D6E30
30360021	0x0000013EBD702C50	0x0000000000000000	0x0000000000000000	0x0000000DE3D70508
30360022	0x0000021A0A3CA6E0	0x0000000000000000	0x0000000000000000	0x000000174A3D67E8
30360023	0x00000327E3D5DB48	0x0000000000000000	0x0000000000000000	0x00000022F5C28240
30360024	0x000004684A3BC988	0x0000000000000000	0x0000000000000000	0x0000003111EB72B8
30360030	0x00000095FD706B98	0x0000000000000000	0x0000000000000000	0x00000006AB851C38
30360031	0x0000013EBD702C50	0x0000000000000000	0x0000000000000000	0x0000000E2B851968
30360032	0x0000021A0A3CA6E0	0x0000000000000000	0x0000000000000000	0x00000017C51EAF68
30360033	0x00000327E3D5DB48	0x0000000000000000	0x0000000000000000	0x00000023AB851158
30360034	0x000004684A3BC988	0x0000000000000000	0x0000000000000000	0x0000003211EB7258
30360040	0x00000095FD706B98	0x0000000000000000	0x0000000000000000	0x00000006CCCCCCA4
30360041	0x0000013EBD702C50	0x0000000000000000	0x0000000000000000	0x0000000E73332DC8
30360042	0x0000021A0A3CA6E0	0x0000000000000000	0x0000000000000000	0x000000183FFFF6E8
30360043	0x00000327E3D5DB48	0x0000000000000000	0x0000000000000000	0x000000246147A070
30360044	0x000004684A3BC988	0x0000000000000000	0x0000000000000000	0x0000003311EB71F8
30360050	0x000000923D706D00	0x0000000000000000	0x0000000000000000	0x00000006CCCCCCA4
30360051	0x00000136C51E43C8	0x0000000000000000	0x0000000000000000	0x0000000E73332DC8
30360052	0x0000020C970978B8	0x0000000000000000	0x0000000000000000	0x000000183FFFF6E8
30360053	0x00000313B0A2AFA8	0x0000000000000000	0x0000000000000000	0x000000246147A070
30360054	0x0000044C147944C0	0x0000000000000000	0x0000000000000000	0x0000003311EB71F8
30360060	0x000000923D706D00	0x0000000000000000	0x0000000000000000	0x00000006AB851C38
30360061	0x00000136C51E43C8	0x0000000000000000	0x0000000000000000	0x0000000E2B851968
30360062	0x0000020C970978B8	0x0000000000000000	0x0000000000000000	0x00000017C51EAF68
30360063	0x00000313B0A2AFA8	0x0000000000000000	0x0000000000000000	0x00000023AB851158
30360064	0x0000044C147944C0	0x0000000000000000	0x0000000000000000	0x0000003211EB7258
30360070	0x00000095FD706B98	0x0000000000000000	0x0000000000000000	0x00000006AB851C38
30360071	0x0000013EBD702C50	0x0000000000000000	0x0000000000000000	0x0000000E2B851968
30360072	0x0000021A0A3CA6E0	0x0000000000000000	0x0000000000000000	0x00000017C51EAF68
30360073	0x00000327E3D5DB48	0x0000000000000000	0x0000000000000000	0x00000023AB851158
30360074	0x000004684A3BC988	0x0000000000000000	0x0000000000000000	0x0000003211EB7258
30360080	0x00000095FD706B98	0x0000000000000000	0x0000000000000000	0x00000006AB851C38
30360081	0x0000013EBD702C50	0x0000000000000000	0x0000000000000000	0x0000000E2B851968
30360082	0x0000021A0A3CA6E0	0x0000000000000000	0x0000000000000000	0x00000017C51EAF68
30360083	0x00000327E3D5DB48	0x0000000000000000	0x0000000000000000	0x00000023AB851158
30360084	0x000004684A3BC988	0x0000000000000000	0x0000000000000000	0x0000003211EB7258
30360090	0x00000098FD706A78	0x0000000000000000	0x0000000000000000	0x00000006AB851C38
30360091	0x000001451C287BD8	0x0000000000000000	0x0000000000000000	0x0000000E2B851968
30360092	0x00000224CCCCBFF0	0x0000000000000000	0x0000000000000000	0x00000017C51EAF68
30360093	0x000003380CCB97C8	0x0000000000000000	0x0000000000000000	0x00000023AB851158
30360094	0x0000047EDC274630	0x0000000000000000	0x0000000000000000	0x0000003211EB7258
30360100	0x00000095FD706B98	0x0000000000000000	0x0000000000000000	0x00000006AB851C38
30360101	0x0000013EBD702C50	0x0000000000000000	0x0000000000000000	0x0000000E2B851968
30360102	0x0000021A0A3CA6E0	0x0000000000000000	0x0000000000000000	0x00000017C51EAF68
30360103	0x00000327E3D5DB48	0x0000000000000000	0x0000000000000000	0x00000023AB851158
30360104	0x000004684A3BC988	0x0000000000000000	0x0000000000000000	0x0000003211EB7258
30360110	0x00000099BD706A30	0x0000000000000000	0x0000000000000000	0x000000067FFFFFD9
30360111	0x00000146B5C214D8	0x0000000000000000	0x0000000000000000	0x0000000DD1EB7FF0
30360112	0x000002277D6FD508	0x0000000000000000	0x0000000000000000	0x000000172E147230
30360113	0x0000033C170906E8	0x0000000000000000	0x0000000000000000	0x00000022C7AE0770
30360114	0x000004847FFFE4E5	0x0000000000000000	0x0000000000000000	0x00000030D1EB72D0
30360120	0x000000917D706D48	0x0000000000000000	0x0000000000000000	0x000000067FFFFFD9
30360121	0x000001352E1406F0	0x0000000000000000	0x0000000000000000	0x0000000DD1EB7FF0
30360122	0x00000209E6665A2B	0x0000000000000000	0x0000000000000000	0x000000172E147230
30360123	0x0000030FA6654088	0x0000000000000000	0x0000000000000000	0x00000022C7AE0770
30360124	0x0000044670A23CA0	0x0000000000000000	0x0000000000000000	0x00000030D1EB72D0
30360130	0x000000923D706D00	0x0000000000000000	0x0000000000000000	0x000000067FFFFFD9
30360131	0x00000136C51E43C8	0x0000000000000000	0x0000000000000000	0x0000000DD1EB7FF0
30360132	0x0000020C970978B8	0x0000000000000000	0x0000000000000000	0x000000172E147230
30360133	0x00000313B0A2AFA8	0x0000000000000000	0x0000000000000000	0x00000022C7AE0770
30360134	0x0000044C147944C0	0x0000000000000000	0x0000000000000000	0x00000030D1EB72D0
30360140	0x000000923D706D00	0x0000000000000000	0x0000000000000000	0x00000006CCCCCCA4
30360141	0x00000136C51E43C8	0x0000000000000000	0x0000000000000000	0x0000000E73332DC8
30360142	0x0000020C970978B8	0x0000000000000000	0x0000000000000000	0x000000183FFFF6E8
30360143	0x00000313B0A2AFA8	0x0000000000000000	0x0000000000000000	0x000000246147A070
30360144	0x0000044C147944C0	0x0000000000000000	0x0000000000000000	0x0000003311EB71F8
30360150	0x00000095FD706B98	0x0000000000000000	0x0000000000000000	0x000000068A3D6E30
30360151	0x0000013EBD702C50	0x0000000000000000	0x0000000000000000	0x0000000DE3D70508
30360152	0x0000021A0A3CA6E0	0x0000000000000000	0x0000000000000000	0x000000174A3D67E8
30360153	0x00000327E3D5DB48	0x0000000000000000	0x0000000000000000	0x00000022F5C28240
30360154	0x000004684A3BC988	0x0000000000000000	0x0000000000000000	0x0000003111EB72B8
30360160	0x00000095FD706B98	0x0000000000000000	0x0000000000000000	0x00000006AB851C38
30360161	0x0000013EBD702C50	0x0000000000000000	0x0000000000000000	0x0000000E2B851968
30360162	0x0000021A0A3CA6E0	0x0000000000000000	0x0000000000000000	0x00000017C51EAF68
30360163	0x00000327E3D5DB48	0x0000000000000000	0x0000000000000000	0x00000023AB851158
30360164	0x000004684A3BC988	0x0000000000000000	0x0000000000000000	0x0000003211EB7258
30410010	0x0000000000000000	0x00000002AB851DB8	0x000000047FFFFFE5	0x0000000000000000
30420010	0x0000000000000000	0x00000004AB851CF8	0x00000007DEB84EF8	0x0000000000000000
30430010	0x0000000000000000	0x000000068A3D6E30	0x0000000B7AE14360	0x0000000000000000
30430011	0x0000000000000000	0x0000000B3D709FA0	0x00000013E3D702C8	0x0000000000000000
30430012	0x0000000000000000	0x0000001700000000	0x00000028BFFFF0B8	0x0000000000000000
30430020	0x0000000000000000	0x00000006AB851C38	0x0000000B3FFFFBC8	0x0000000000000000
30430021	0x0000000000000000	0x0000000B7851E738	0x000000137FFFFF8B	0x0000000000000000
30430022	0x0000000000000000	0x000000177851E2B8	0x00000027F3332438	0x0000000000000000
30440010	0x0000000000000000	0x00000009851EB4C0	0x0000000F70A3D140	0x0000000000000000
30440011	0x0000000000000000	0x000000124A3D69C8	0x0000001DBD7098B0	0x0000000000000000
30440012	0x0000000000000000	0x00000027CF5C1A08	0x00000040A14795D8	0x0000000000000000
30440013	0x0000000000000000	0x0000004DDC28D890	0x0000007E91EB55A8	0x0000000000000000
30440020	0x0000000000000000	0x00000009851EB4C0	0x0000000FBFFFFA18	0x0000000000000000
30440021	0x0000000000000000	0x000000124A3D69C8	0x0000001E59998E38	0x0000000000000000
30440022	0x0000000000000000	0x00000027CF5C1A08	0x00000041F3331A78	0x0000000000000000
30440023	0x0000000000000000	0x0000004DDC28D890	0x00000081266635F8	0x0000000000000000
30440030	0x0000000000000000	0x00000009547ADDC8	0x0000000FBFFFFA18	0x0000000000000000
30440031	0x0000000000000000	0x00000011EE147428	0x0000001E59998E38	0x0000000000000000
30440032	0x0000000000000000	0x0000002707AE05D8	0x00000041F3331A78	0x0000000000000000
30440033	0x0000000000000000	0x0000004C547AC4A8	0x00000081266635F8	0x0000000000000000
30440040	0x0000000000000000	0x0000000923D706D0	0x0000001011EB7F18	0x0000000000000000
30440041	0x0000000000000000	0x0000001191EB7E88	0x0000001EF5C283C0	0x0000000000000000
30440042	0x0000000000000000	0x000000263FFFF1A8	0x00000043451E9F18	0x0000000000000000
30440043	0x0000000000000000	0x0000004ACCCCCB0C	0x00000083BAE11648	0x0000000000000000
30440060	0x0000000000000000	0x00000009851EB4C0	0x0000000F70A3D140	0x0000000000000000
30440061	0x0000000000000000	0x000000124A3D69C8	0x0000001DBD7098B0	0x0000000000000000
30440062	0x0000000000000000	0x00000027CF5C1A08	0x00000040A14795D8	0x0000000000000000
30440063	0x0000000000000000	0x0000004DDC28D890	0x0000007E91EB55A8	0x0000000000000000
30450010	0x0000000000000000	0x0000000C00000000	0x000000143FFFF868	0x0000000000000000
30450011	0x0000000000000000	0x0000001800000000	0x000000287FFFFF0D	0x0000000000000000
30450012	0x0000000000000000	0x00000027999998AC	0x00000042E66664D5	0x0000000000000000
30450013	0x0000000000000000	0x0000003AD9998388	0x0000006373330DE8	0x0000000000000000
30450014	0x0000000000000000	0x00000051A66647C8	0x00000089D99965E8	0x0000000000000000
30450020	0x0000000000000000	0x0000000C3D709F40	0x000000143FFFF868	0x0000000000000000
30450021	0x0000000000000000	0x000000187AE13E80	0x000000287FFFFF0D	0x0000000000000000
30450022	0x0000000000000000	0x0000002863D6FB18	0x00000042E66664D5	0x0000000000000000
30450023	0x0000000000000000	0x0000003C07ADFDF8	0x0000006373330DE8	0x0000000000000000
30450024	0x0000000000000000	0x0000005347ADF540	0x00000089D99965E8	0x0000000000000000
30450030	0x0000000000000000	0x0000000C3D709F40	0x000000143FFFF868	0x0000000000000000
30450031	0x0000000000000000	0x000000187AE13E80	0x000000287FFFFF0D	0x0000000000000000
30450032	0x0000000000000000	0x0000002863D6FB18	0x00000042E66664D5	0x0000000000000000
30450033	0x0000000000000000	0x0000003C07ADFDF8	0x0000006373330DE8	0x0000000000000000
30450034	0x0000000000000000	0x0000005347ADF540	0x00000089D99965E8	0x0000000000000000
30450040	0x0000000000000000	0x0000000C00000000	0x000000143FFFF868	0x0000000000000000
30450041	0x0000000000000000	0x0000001800000000	0x000000287FFFFF0D	0x0000000000000000
30450042	0x0000000000000000	0x00000027999998AC	0x00000042E66664D5	0x0000000000000000
30450043	0x0000000000000000	0x0000003AD9998388	0x0000006373330DE8	0x0000000000000000
30450044	0x0000000000000000	0x00000051A66647C8	0x00000089D99965E8	0x0000000000000000
30450050	0x0000000000000000	0x0000000C00000000	0x00000013D9999228	0x0000000000000000
30450051	0x0000000000000000	0x0000001800000000	0x00000027B0A3C828	0x0000000000000000
30450052	0x0000000000000000	0x00000027999998AC	0x000000418F5C1060	0x0000000000000000
30450053	0x0000000000000000	0x0000003AD9998388	0x0000006175C26AD0	0x0000000000000000
30450054	0x0000000000000000	0x00000051A66647C8	0x00000087170A0AC8	0x0000000000000000
30450060	0x0000000000000000	0x0000000C00000000	0x000000143FFFF868	0x0000000000000000
30450061	0x0000000000000000	0x0000001800000000	0x000000287FFFFF0D	0x0000000000000000
30450062	0x0000000000000000	0x00000027999998AC	0x00000042E66664D5	0x0000000000000000
30450063	0x0000000000000000	0x0000003AD9998388	0x0000006373330DE8	0x0000000000000000
30450064	0x0000000000000000	0x00000051A66647C8	0x00000089D99965E8	0x0000000000000000
30450070	0x0000000000000000	0x0000000C00000000	0x00000014A8F5BAD0	0x0000000000000000
30450071	0x0000000000000000	0x0000001800000000	0x000000294F5C1978	0x0000000000000000
30450072	0x0000000000000000	0x00000027999998AC	0x000000443D708A40	0x0000000000000000
30450073	0x0000000000000000	0x0000003AD9998388	0x0000006570A3B100	0x0000000000000000
30450074	0x0000000000000000	0x00000051A66647C8	0x0000008C9C28C108	0x0000000000000000
30450080	0x0000000000000000	0x0000000C3D709F40	0x00000013D9999228	0x0000000000000000
30450081	0x0000000000000000	0x000000187AE13E80	0x00000027B0A3C828	0x0000000000000000
30450082	0x0000000000000000	0x0000002863D6FB18	0x000000418F5C1060	0x0000000000000000
30450083	0x0000000000000000	0x0000003C07ADFDF8	0x0000006175C26AD0	0x0000000000000000
30450084	0x0000000000000000	0x0000005347ADF540	0x00000087170A0AC8	0x0000000000000000
30450090	0x0000000000000000	0x0000000C3D709F40	0x00000013D9999228	0x0000000000000000
30450091	0x0000000000000000	0x000000187AE13E80	0x00000027B0A3C828	0x0000000000000000
30450092	0x0000000000000000	0x0000002863D6FB18	0x000000418F5C1060	0x0000000000000000
30450093	0x0000000000000000	0x0000003C07ADFDF8	0x0000006175C26AD0	0x0000000000000000
30450094	0x0000000000000000	0x0000005347ADF540	0x00000087170A0AC8	0x0000000000000000
30450500	0x0000000000000000	0x0000000C3D709F40	0x00000013D9999228	0x0000000000000000
30450501	0x0000000000000000	0x000000187AE13E80	0x00000027B0A3C828	0x0000000000000000
30450502	0x0000000000000000	0x0000002863D6FB18	0x000000418F5C1060	0x0000000000000000
30450503	0x0000000000000000	0x0000003C07ADFDF8	0x0000006175C26AD0	0x0000000000000000
30450504	0x0000000000000000	0x0000005347ADF540	0x00000087170A0AC8	0x0000000000000000
30450550	0x0000000000000000	0x0000000C00000000	0x000000143FFFF868	0x0000000000000000
30450551	0x0000000000000000	0x0000001800000000	0x000000287FFFFF0D	0x0000000000000000
30450552	0x0000000000000000	0x00000027999998AC	0x00000042E66664D5	0x0000000000000000
30450553	0x0000000000000000	0x0000003AD9998388	0x0000006373330DE8	0x0000000000000000
30450554	0x0000000000000000	0x00000051A66647C8	0x00000089D99965E8	0x0000000000000000
30450560	0x0000000000000000	0x0000000C00000000	0x000000143FFFF868	0x0000000000000000
30450561	0x0000000000000000	0x0000001800000000	0x000000287FFFFF0D	0x0000000000000000
30450562	0x0000000000000000	0x00000027999998AC	0x00000042E66664D5	0x0000000000000000
30450563	0x0000000000000000	0x0000003AD9998388	0x0000006373330DE8	0x0000000000000000
30450564	0x0000000000000000	0x00000051A66647C8	0x00000089D99965E8	0x0000000000000000
30460010	0x0000000000000000	0x0000000D547ADC48	0x000000167FFFFF79	0x0000000000000000
30460011	0x0000000000000000	0x0000001C547AD6A8	0x0000002FBFFFEE18	0x0000000000000000
30460012	0x0000000000000000	0x0000002FD47ACF58	0x00000050BFFFE1B8	0x0000000000000000
30460013	0x0000000000000000	0x00000047FAE12CB0	0x0000007959996C18	0x0000000000000000
30460014	0x0000000000000000	0x0000006461478870	0x000000A959995A18	0x0000000000000000
30460020	0x0000000000000000	0x0000000D99999948	0x000000167FFFFF79	0x0000000000000000
30460021	0x0000000000000000	0x0000001CE66665B9	0x0000002FBFFFEE18	0x0000000000000000
30460022	0x0000000000000000	0x00000030CA3D5E58	0x00000050BFFFE1B8	0x0000000000000000
30460023	0x0000000000000000	0x000000496B850330	0x0000007959996C18	0x0000000000000000
30460024	0x0000000000000000	0x0000006663D6E3D8	0x000000A959995A18	0x0000000000000000
30460030	0x0000000000000000	0x0000000D99999948	0x000000160CCCC488	0x0000000000000000
30460031	0x0000000000000000	0x0000001CE66665B9	0x0000002ECCCCCBB4	0x0000000000000000
30460032	0x0000000000000000	0x00000030CA3D5E58	0x0000004F23D6EC90	0x0000000000000000
30460033	0x0000000000000000	0x000000496B850330	0x00000076EB84F220	0x0000000000000000
30460034	0x0000000000000000	0x0000006663D6E3D8	0x000000A5F5C25120	0x0000000000000000
30460040	0x0000000000000000	0x0000000D00000000	0x00000015F0A3CED0	0x0000000000000000
30460041	0x0000000000000000	0x0000001B9EB84790	0x0000002E8F5C1780	0x0000000000000000
30460042	0x0000000000000000	0x0000002EA1479C98	0x0000004EBAE12A28	0x0000000000000000
30460043	0x0000000000000000	0x000000462E146090	0x0000007651EB58C0	0x0000000000000000
30460044	0x0000000000000000	0x00000061DEB82D38	0x000000A51EB81400	0x0000000000000000
30460050	0x0000000000000000	0x0000000D00000000	0x000000167FFFFF79	0x0000000000000000
30460051	0x0000000000000000	0x0000001B9EB84790	0x0000002FBFFFEE18	0x0000000000000000
30460052	0x0000000000000000	0x0000002EA1479C98	0x00000050BFFFE1B8	0x0000000000000000
30460053	0x0000000000000000	0x000000462E146090	0x0000007959996C18	0x0000000000000000
30460054	0x0000000000000000	0x00000061DEB82D38	0x000000A959995A18	0x0000000000000000
30460060	0x0000000000000000	0x0000000DA8F5BD70	0x000000167FFFFF79	0x0000000000000000
30460061	0x0000000000000000	0x0000001D0A3D65C0	0x0000002FBFFFEE18	0x0000000000000000
30460062	0x0000000000000000	0x0000003107AE0218	0x00000050BFFFE1B8	0x0000000000000000
30460063	0x0000000000000000	0x00000049C7ADF8D0	0x0000007959996C18	0x0000000000000000
30460064	0x0000000000000000	0x00000066E3D6E3A8	0x000000A959995A18	0x0000000000000000
30460070	0x0000000000000000	0x0000000DA8F5BD70	0x00000015F0A3CED0	0x0000000000000000
30460071	0x0000000000000000	0x0000001D0A3D65C0	0x0000002E8F5C1780	0x0000000000000000
30460072	0x0000000000000000	0x0000003107AE0218	0x0000004EBAE12A28	0x0000000000000000
30460073	0x0000000000000000	0x00000049C7ADF8D0	0x0000007651EB58C0	0x0000000000000000
30460074	0x0000000000000000	0x00000066E3D6E3A8	0x000000A51EB81400	0x0000000000000000
30460080	0x0000000000000000	0x0000000DA8F5BD70	0x00000016F3332A98	0x0000000000000000
30460081	0x0000000000000000	0x0000001D0A3D65C0	0x00000030B5C27D18	0x0000000000000000
30460082	0x0000000000000000	0x0000003107AE0218	0x000000525EB83308	0x0000000000000000
30460083	0x0000000000000000	0x00000049C7ADF8D0	0x0000007BC7ADE610	0x0000000000000000
30460084	0x0000000000000000	0x00000066E3D6E3A8	0x000000ACBD706310	0x0000000000000000
30460090	0x0000000000000000	0x0000000D547ADC48	0x000000160CCCC488	0x0000000000000000
30460091	0x0000000000000000	0x0000001C547AD6A8	0x0000002ECCCCCBB4	0x0000000000000000
30460092	0x0000000000000000	0x0000002FD47ACF58	0x0000004F23D6EC90	0x0000000000000000
30460093	0x0000000000000000	0x00000047FAE12CB0	0x00000076EB84F220	0x0000000000000000
30460094	0x0000000000000000	0x0000006461478870	0x000000A5F5C25120	0x0000000000000000
30460100	0x0000000000000000	0x0000000D547ADC48	0x000000167FFFFF79	0x0000000000000000
30460101	0x0000000000000000	0x0000001C547AD6A8	0x0000002FBFFFEE18	0x0000000000000000
30460102	0x0000000000000000	0x0000002FD47ACF58	0x00000050BFFFE1B8	0x0000000000000000
30460103	0x0000000000000000	0x00000047FAE12CB0	0x0000007959996C18	0x0000000000000000
30460104	0x0000000000000000	0x0000006461478870	0x000000A959995A18	0x0000000000000000
30460110	0x0000000000000000	0x0000000D547ADC48	0x000000167FFFFF79	0x0000000000000000
30460111	0x0000000000000000	0x0000001C547AD6A8	0x0000002FBFFFEE18	0x0000000000000000
30460112	0x0000000000000000	0x0000002FD47ACF58	0x00000050BFFFE1B8	0x0000000000000000
30460113	0x0000000000000000	0x00000047FAE12CB0	0x0000007959996C18	0x0000000000000000
30460114	0x0000000000000000	0x0000006461478870	0x000000A959995A18	0x0000000000000000
30460120	0x0000000000000000	0x0000000DBAE14288	0x000000167FFFFF79	0x0000000000000000
30460121	0x0000000000000000	0x0000001D2E146FF0	0x0000002FBFFFEE18	0x0000000000000000
30460122	0x0000000000000000	0x00000031428F49B0	0x00000050BFFFE1B8	0x0000000000000000
30460123	0x0000000000000000	0x0000004A23D6EE70	0x0000007959996C18	0x0000000000000000
30460124	0x0000000000000000	0x0000006763D6E378	0x000000A959995A18	0x0000000000000000
30460130	0x0000000000000000	0x0000000D99999948	0x000000167FFFFF79	0x0000000000000000
30460131	0x0000000000000000	0x0000001CE66665B9	0x0000002FBFFFEE18	0x0000000000000000
30460132	0x0000000000000000	0x00000030CA3D5E58	0x00000050BFFFE1B8	0x0000000000000000
30460133	0x0000000000000000	0x000000496B850330	0x0000007959996C18	0x0000000000000000
30460134	0x0000000000000000	0x0000006663D6E3D8	0x000000A959995A18	0x0000000000000000
30460140	0x0000000000000000	0x0000000D547ADC48	0x000000167FFFFF79	0x0000000000000000
30460141	0x0000000000000000	0x0000001C547AD6A8	0x0000002FBFFFEE18	0x0000000000000000
30460142	0x0000000000000000	0x0000002FD47ACF58	0x00000050BFFFE1B8	0x0000000000000000
30460143	0x0000000000000000	0x00000047FAE12CB0	0x0000007959996C18	0x0000000000000000
30460144	0x0000000000000000	0x0000006461478870	0x000000A959995A18	0x0000000000000000
30460150	0x0000000000000000	0x0000000D99999948	0x000000167FFFFF79	0x0000000000000000
30460151	0x0000000000000000	0x0000001CE66665B9	0x0000002FBFFFEE18	0x0000000000000000
30460152	0x0000000000000000	0x00000030CA3D5E58	0x00000050BFFFE1B8	0x0000000000000000
30460153	0x0000000000000000	0x000000496B850330	0x0000007959996C18	0x0000000000000000
30460154	0x0000000000000000	0x0000006663D6E3D8	0x000000A959995A18	0x0000000000000000
30460160	0x0000000000000000	0x0000000D99999948	0x000000167FFFFF79	0x0000000000000000
30460161	0x0000000000000000	0x0000001CE66665B9	0x0000002FBFFFEE18	0x0000000000000000
30460162	0x0000000000000000	0x00000030CA3D5E58	0x00000050BFFFE1B8	0x0000000000000000
30460163	0x0000000000000000	0x000000496B850330	0x0000007959996C18	0x0000000000000000
30460164	0x0000000000000000	0x0000006663D6E3D8	0x000000A959995A18	0x0000000000000000
30510010	0x0000000000000000	0x00000002AB851DB8	0x000000047FFFFFE5	0x0000000000000000
30520010	0x0000000000000000	0x00000004AB851CF8	0x00000007DEB84EF8	0x0000000000000000
30530010	0x0000000000000000	0x000000068A3D6E30	0x0000000B7AE14360	0x0000000000000000
30530011	0x0000000000000000	0x0000000B3D709FA0	0x00000013E3D702C8	0x0000000000000000
30530012	0x0000000000000000	0x0000001700000000	0x00000028BFFFF0B8	0x0000000000000000
30530020	0x0000000000000000	0x00000006AB851C38	0x0000000B3FFFFBC8	0x0000000000000000
30530021	0x0000000000000000	0x0000000B7851E738	0x000000137FFFFF8B	0x0000000000000000
30530022	0x0000000000000000	0x000000177851E2B8	0x00000027F3332438	0x0000000000000000
30540010	0x0000000000000000	0x00000009851EB4C0	0x0000000F70A3D140	0x0000000000000000
30540011	0x0000000000000000	0x000000124A3D69C8	0x0000001DBD7098B0	0x0000000000000000
30540012	0x0000000000000000	0x00000027CF5C1A08	0x00000040A14795D8	0x0000000000000000
30540013	0x0000000000000000	0x0000004DDC28D890	0x0000007E91EB55A8	0x0000000000000000
30540020	0x0000000000000000	0x00000009851EB4C0	0x0000000FBFFFFA18	0x0000000000000000
30540021	0x0000000000000000	0x000000124A3D69C8	0x0000001E59998E38	0x0000000000000000
30540022	0x0000000000000000	0x00000027CF5C1A08	0x00000041F3331A78	0x0000000000000000
30540023	0x0000000000000000	0x0000004DDC28D890	0x00000081266635F8	0x0000000000000000
30540030	0x0000000000000000	0x00000009547ADDC8	0x0000000FBFFFFA18	0x0000000000000000
30540031	0x0000000000000000	0x00000011EE147428	0x0000001E59998E38	0x0000000000000000
30540032	0x0000000000000000	0x0000002707AE05D8	0x00000041F3331A78	0x0000000000000000
30540033	0x0000000000000000	0x0000004C547AC4A8	0x00000081266635F8	0x0000000000000000
30540040	0x0000000000000000	0x0000000923D706D0	0x0000001011EB7F18	0x0000000000000000
30540041	0x0000000000000000	0x0000001191EB7E88	0x0000001EF5C283C0	0x0000000000000000
30540042	0x0000000000000000	0x000000263FFFF1A8	0x00000043451E9F18	0x0000000000000000
30540043	0x0000000000000000	0x0000004ACCCCCB0C	0x00000083BAE11648	0x0000000000000000
30540060	0x0000000000000000	0x00000009851EB4C0	0x0000000F70A3D140	0x0000000000000000
30540061	0x0000000000000000	0x000000124A3D69C8	0x0000001DBD7098B0	0x0000000000000000
30540062	0x0000000000000000	0x00000027CF5C1A08	0x00000040A14795D8	0x0000000000000000
30540063	0x0000000000000000	0x0000004DDC28D890	0x0000007E91EB55A8	0x0000000000000000
30550010	0x0000000000000000	0x0000000C00000000	0x000000143FFFF868	0x0000000000000000
30550011	0x0000000000000000	0x0000001800000000	0x000000287FFFFF0D	0x0000000000000000
30550012	0x0000000000000000	0x00000027999998AC	0x00000042E66664D5	0x0000000000000000
30550013	0x0000000000000000	0x0000003AD9998388	0x0000006373330DE8	0x0000000000000000
30550014	0x0000000000000000	0x00000051A66647C8	0x00000089D99965E8	0x0000000000000000
30550020	0x0000000000000000	0x0000000C3D709F40	0x000000143FFFF868	0x0000000000000000
30550021	0x0000000000000000	0x000000187AE13E80	0x000000287FFFFF0D	0x0000000000000000
30550022	0x0000000000000000	0x0000002863D6FB18	0x00000042E66664D5	0x0000000000000000
30550023	0x0000000000000000	0x0000003C07ADFDF8	0x0000006373330DE8	0x0000000000000000
30550024	0x0000000000000000	0x0000005347ADF540	0x00000089D99965E8	0x0000000000000000
30550030	0x0000000000000000	0x0000000C3D709F40	0x000000143FFFF868	0x0000000000000000
30550031	0x0000000000000000	0x000000187AE13E80	0x000000287FFFFF0D	0x0000000000000000
30550032	0x0000000000000000	0x0000002863D6FB18	0x00000042E66664D5	0x0000000000000000
30550033	0x0000000000000000	0x0000003C07ADFDF8	0x0000006373330DE8	0x0000000000000000
30550034	0x0000000000000000	0x0000005347ADF540	0x00000089D99965E8	0x0000000000000000
30550040	0x0000000000000000	0x0000000C00000000	0x000000143FFFF868	0x0000000000000000
30550041	0x0000000000000000	0x0000001800000000	0x000000287FFFFF0D	0x0000000000000000
30550042	0x0000000000000000	0x00000027999998AC	0x00000042E66664D5	0x0000000000000000
30550043	0x0000000000000000	0x0000003AD9998388	0x0000006373330DE8	0x0000000000000000
30550044	0x0000000000000000	0x00000051A66647C8	0x00000089D99965E8	0x0000000000000000
30550050	0x0000000000000000	0x0000000C00000000	0x00000013D9999228	0x0000000000000000
30550051	0x0000000000000000	0x0000001800000000	0x00000027B0A3C828	0x0000000000000000
30550052	0x0000000000000000	0x00000027999998AC	0x000000418F5C1060	0x0000000000000000
30550053	0x0000000000000000	0x0000003AD9998388	0x0000006175C26AD0	0x0000000000000000
30550054	0x0000000000000000	0x00000051A66647C8	0x00000087170A0AC8	0x0000000000000000
30550060	0x0000000000000000	0x0000000C00000000	0x000000143FFFF868	0x0000000000000000
30550061	0x0000000000000000	0x0000001800000000	0x000000287FFFFF0D	0x0000000000000000
30550062	0x0000000000000000	0x00000027999998AC	0x00000042E66664D5	0x0000000000000000
30550063	0x0000000000000000	0x0000003AD9998388	0x0000006373330DE8	0x0000000000000000
30550064	0x0000000000000000	0x00000051A66647C8	0x00000089D99965E8	0x0000000000000000
30550070	0x0000000000000000	0x0000000C00000000	0x00000014A8F5BAD0	0x0000000000000000
30550071	0x0000000000000000	0x0000001800000000	0x000000294F5C1978	0x0000000000000000
30550072	0x0000000000000000	0x00000027999998AC	0x000000443D708A40	0x0000000000000000
30550073	0x0000000000000000	0x0000003AD9998388	0x0000006570A3B100	0x0000000000000000
30550074	0x0000000000000000	0x00000051A66647C8	0x0000008C9C28C108	0x0000000000000000
30550080	0x0000000000000000	0x0000000C3D709F40	0x00000013D9999228	0x0000000000000000
30550081	0x0000000000000000	0x000000187AE13E80	0x00000027B0A3C828	0x0000000000000000
30550082	0x0000000000000000	0x0000002863D6FB18	0x000000418F5C1060	0x0000000000000000
30550083	0x0000000000000000	0x0000003C07ADFDF8	0x0000006175C26AD0	0x0000000000000000
30550084	0x0000000000000000	0x0000005347ADF540	0x00000087170A0AC8	0x0000000000000000
30550090	0x0000000000000000	0x0000000C3D709F40	0x00000013D9999228	0x0000000000000000
30550091	0x0000000000000000	0x000000187AE13E80	0x00000027B0A3C828	0x0000000000000000
30550092	0x0000000000000000	0x0000002863D6FB18	0x000000418F5C1060	0x0000000000000000
30550093	0x0000000000000000	0x0000003C07ADFDF8	0x0000006175C26AD0	0x0000000000000000
30550094	0x0000000000000000	0x0000005347ADF540	0x00000087170A0AC8	0x0000000000000000
30550500	0x0000000000000000	0x0000000C3D709F40	0x00000013D9999228	0x0000000000000000
30550501	0x0000000000000000	0x000000187AE13E80	0x00000027B0A3C828	0x0000000000000000
30550502	0x0000000000000000	0x0000002863D6FB18	0x000000418F5C1060	0x0000000000000000
30550503	0x0000000000000000	0x0000003C07ADFDF8	0x0000006175C26AD0	0x0000000000000000
30550504	0x0000000000000000	0x0000005347ADF540	0x00000087170A0AC8	0x0000000000000000
30550550	0x0000000000000000	0x0000000C00000000	0x000000143FFFF868	0x0000000000000000
30550551	0x0000000000000000	0x0000001800000000	0x000000287FFFFF0D	0x0000000000000000
30550552	0x0000000000000000	0x00000027999998AC	0x00000042E66664D5	0x0000000000000000
30550553	0x0000000000000000	0x0000003AD9998388	0x0000006373330DE8	0x0000000000000000
30550554	0x0000000000000000	0x00000051A66647C8	0x00000089D99965E8	0x0000000000000000
30550560	0x0000000000000000	0x0000000C00000000	0x000000143FFFF868	0x0000000000000000
30550561	0x0000000000000000	0x0000001800000000	0x000000287FFFFF0D	0x0000000000000000
30550562	0x0000000000000000	0x00000027999998AC	0x00000042E66664D5	0x0000000000000000
30550563	0x0000000000000000	0x0000003AD9998388	0x0000006373330DE8	0x0000000000000000
30550564	0x0000000000000000	0x00000051A66647C8	0x00000089D99965E8	0x0000000000000000
30560010	0x0000000000000000	0x0000000D547ADC48	0x000000167FFFFF79	0x0000000000000000
30560011	0x0000000000000000	0x0000001C547AD6A8	0x0000002FBFFFEE18	0x0000000000000000
30560012	0x0000000000000000	0x0000002FD47ACF58	0x00000050BFFFE1B8	0x0000000000000000
30560013	0x0000000000000000	0x00000047FAE12CB0	0x0000007959996C18	0x0000000000000000
30560014	0x0000000000000000	0x0000006461478870	0x000000A959995A18	0x0000000000000000
30560020	0x0000000000000000	0x0000000D99999948	0x000000167FFFFF79	0x0000000000000000
30560021	0x0000000000000000	0x0000001CE66665B9	0x0000002FBFFFEE18	0x0000000000000000
30560022	0x0000000000000000	0x00000030CA3D5E58	0x00000050BFFFE1B8	0x0000000000000000
30560023	0x0000000000000000	0x000000496B850330	0x0000007959996C18	0x0000000000000000
30560024	0x0000000000000000	0x0000006663D6E3D8	0x000000A959995A18	0x0000000000000000
30560030	0x0000000000000000	0x0000000D99999948	0x000000160CCCC488	0x0000000000000000
30560031	0x0000000000000000	0x0000001CE66665B9	0x0000002ECCCCCBB4	0x0000000000000000
30560032	0x0000000000000000	0x00000030CA3D5E58	0x0000004F23D6EC90	0x0000000000000000
30560033	0x0000000000000000	0x000000496B850330	0x00000076EB84F220	0x0000000000000000
30560034	0x0000000000000000	0x0000006663D6E3D8	0x000000A5F5C25120	0x0000000000000000
30560040	0x0000000000000000	0x0000000D00000000	0x00000015F0A3CED0	0x0000000000000000
30560041	0x0000000000000000	0x0000001B9EB84790	0x0000002E8F5C1780	0x0000000000000000
30560042	0x0000000000000000	0x0000002EA1479C98	0x0000004EBAE12A28	0x0000000000000000
30560043	0x0000000000000000	0x000000462E146090	0x0000007651EB58C0	0x0000000000000000
30560044	0x0000000000000000	0x00000061DEB82D38	0x000000A51EB81400	0x0000000000000000
30560050	0x0000000000000000	0x0000000D00000000	0x000000167FFFFF79	0x0000000000000000
30560051	0x0000000000000000	0x0000001B9EB84790	0x0000002FBFFFEE18	0x0000000000000000
30560052	0x0000000000000000	0x0000002EA1479C98	0x00000050BFFFE1B8	0x0000000000000000
30560053	0x0000000000000000	0x000000462E146090	0x0000007959996C18	0x0000000000000000
30560054	0x0000000000000000	0x00000061DEB82D38	0x000000A959995A18	0x0000000000000000
30560060	0x0000000000000000	0x0000000DA8F5BD70	0x000000167FFFFF79	0x0000000000000000
30560061	0x0000000000000000	0x0000001D0A3D65C0	0x0000002FBFFFEE18	0x0000000000000000
30560062	0x0000000000000000	0x0000003107AE0218	0x00000050BFFFE1B8	0x0000000000000000
30560063	0x0000000000000000	0x00000049C7ADF8D0	0x0000007959996C18	0x0000000000000000
30560064	0x0000000000000000	0x00000066E3D6E3A8	0x000000A959995A18	0x0000000000000000
30560070	0x0000000000000000	0x0000000DA8F5BD70	0x00000015F0A3CED0	0x0000000000000000
30560071	0x0000000000000000	0x0000001D0A3D65C0	0x0000002E8F5C1780	0x0000000000000000
30560072	0x0000000000000000	0x0000003107AE0218	0x0000004EBAE12A28	0x0000000000000000
30560073	0x0000000000000000	0x00000049C7ADF8D0	0x0000007651EB58C0	0x0000000000000000
30560074	0x0000000000000000	0x00000066E3D6E3A8	0x000000A51EB81400	0x0000000000000000
30560080	0x0000000000000000	0x0000000DA8F5BD70	0x00000016F3332A98	0x0000000000000000
30560081	0x0000000000000000	0x0000001D0A3D65C0	0x00000030B5C27D18	0x0000000000000000
30560082	0x0000000000000000	0x0000003107AE0218	0x000000525EB83308	0x0000000000000000
30560083	0x0000000000000000	0x00000049C7ADF8D0	0x0000007BC7ADE610	0x0000000000000000
30560084	0x0000000000000000	0x00000066E3D6E3A8	0x000000ACBD706310	0x0000000000000000
30560090	0x0000000000000000	0x0000000D547ADC48	0x000000160CCCC488	0x0000000000000000
30560091	0x0000000000000000	0x0000001C547AD6A8	0x0000002ECCCCCBB4	0x0000000000000000
30560092	0x0000000000000000	0x0000002FD47ACF58	0x0000004F23D6EC90	0x0000000000000000
30560093	0x0000000000000000	0x00000047FAE12CB0	0x00000076EB84F220	0x0000000000000000
30560094	0x0000000000000000	0x0000006461478870	0x000000A5F5C25120	0x0000000000000000
30560100	0x0000000000000000	0x0000000D547ADC48	0x000000167FFFFF79	0x0000000000000000
30560101	0x0000000000000000	0x0000001C547AD6A8	0x0000002FBFFFEE18	0x0000000000000000
30560102	0x0000000000000000	0x0000002FD47ACF58	0x00000050BFFFE1B8	0x0000000000000000
30560103	0x0000000000000000	0x00000047FAE12CB0	0x0000007959996C18	0x0000000000000000
30560104	0x0000000000000000	0x0000006461478870	0x000000A959995A18	0x0000000000000000
30560110	0x0000000000000000	0x0000000D547ADC48	0x000000167FFFFF79	0x0000000000000000
30560111	0x0000000000000000	0x0000001C547AD6A8	0x0000002FBFFFEE18	0x0000000000000000
30560112	0x0000000000000000	0x0000002FD47ACF58	0x00000050BFFFE1B8	0x0000000000000000
30560113	0x0000000000000000	0x00000047FAE12CB0	0x0000007959996C18	0x0000000000000000
30560114	0x0000000000000000	0x0000006461478870	0x000000A959995A18	0x0000000000000000
30560120	0x0000000000000000	0x0000000DBAE14288	0x000000167FFFFF79	0x0000000000000000
30560121	0x0000000000000000	0x0000001D2E146FF0	0x0000002FBFFFEE18	0x0000000000000000
30560122	0x0000000000000000	0x00000031428F49B0	0x00000050BFFFE1B8	0x0000000000000000
30560123	0x0000000000000000	0x0000004A23D6EE70	0x0000007959996C18	0x0000000000000000
30560124	0x0000000000000000	0x0000006763D6E378	0x000000A959995A18	0x0000000000000000
30560130	0x0000000000000000	0x0000000D99999948	0x000000167FFFFF79	0x0000000000000000
30560131	0x0000000000000000	0x0000001CE66665B9	0x0000002FBFFFEE18	0x0000000000000000
30560132	0x0000000000000000	0x00000030CA3D5E58	0x00000050BFFFE1B8	0x0000000000000000
30560133	0x0000000000000000	0x000000496B850330	0x0000007959996C18	0x0000000000000000
30560134	0x0000000000000000	0x0000006663D6E3D8	0x000000A959995A18	0x0000000000000000
30560140	0x0000000000000000	0x0000000D547ADC48	0x000000167FFFFF79	0x0000000000000000
30560141	0x0000000000000000	0x0000001C547AD6A8	0x0000002FBFFFEE18	0x0000000000000000
30560142	0x0000000000000000	0x0000002FD47ACF58	0x00000050BFFFE1B8	0x0000000000000000
30560143	0x0000000000000000	0x00000047FAE12CB0	0x0000007959996C18	0x0000000000000000
30560144	0x0000000000000000	0x0000006461478870	0x000000A959995A18	0x0000000000000000
30560150	0x0000000000000000	0x0000000D99999948	0x000000167FFFFF79	0x0000000000000000
30560151	0x0000000000000000	0x0000001CE66665B9	0x0000002FBFFFEE18	0x0000000000000000
30560152	0x0000000000000000	0x00000030CA3D5E58	0x00000050BFFFE1B8	0x0000000000000000
30560153	0x0000000000000000	0x000000496B850330	0x0000007959996C18	0x0000000000000000
30560154	0x0000000000000000	0x0000006663D6E3D8	0x000000A959995A18	0x0000000000000000
30560160	0x0000000000000000	0x0000000D99999948	0x000000167FFFFF79	0x0000000000000000
30560161	0x0000000000000000	0x0000001CE66665B9	0x0000002FBFFFEE18	0x0000000000000000
30560162	0x0000000000000000	0x00000030CA3D5E58	0x00000050BFFFE1B8	0x0000000000000000
30560163	0x0000000000000000	0x000000496B850330	0x0000007959996C18	0x0000000000000000
30560164	0x0000000000000000	0x0000006663D6E3D8	0x000000A959995A18	0x0000000000000000
30610010	0x0000000000000000	0x00000002AB851DB8	0x000000047FFFFFE5	0x0000000000000000
30620010	0x0000000000000000	0x00000004AB851CF8	0x00000007DEB84EF8	0x0000000000000000
30630010	0x0000000000000000	0x000000068A3D6E30	0x0000000B7AE14360	0x0000000000000000
30630011	0x0000000000000000	0x0000000B3D709FA0	0x00000013E3D702C8	0x0000000000000000
30630012	0x0000000000000000	0x0000001700000000	0x00000028BFFFF0B8	0x0000000000000000
30630020	0x0000000000000000	0x00000006AB851C38	0x0000000B3FFFFBC8	0x0000000000000000
30630021	0x0000000000000000	0x0000000B7851E738	0x000000137FFFFF8B	0x0000000000000000
30630022	0x0000000000000000	0x000000177851E2B8	0x00000027F3332438	0x0000000000000000
30640010	0x0000000000000000	0x00000009851EB4C0	0x0000000F70A3D140	0x0000000000000000
30640011	0x0000000000000000	0x000000124A3D69C8	0x0000001DBD7098B0	0x0000000000000000
30640012	0x0000000000000000	0x00000027CF5C1A08	0x00000040A14795D8	0x0000000000000000
30640013	0x0000000000000000	0x0000004DDC28D890	0x0000007E91EB55A8	0x0000000000000000
30640020	0x0000000000000000	0x00000009851EB4C0	0x0000000FBFFFFA18	0x0000000000000000
30640021	0x0000000000000000	0x000000124A3D69C8	0x0000001E59998E38	0x0000000000000000
30640022	0x0000000000000000	0x00000027CF5C1A08	0x00000041F3331A78	0x0000000000000000
30640023	0x0000000000000000	0x0000004DDC28D890	0x00000081266635F8	0x0000000000000000
30640030	0x0000000000000000	0x00000009547ADDC8	0x0000000FBFFFFA18	0x0000000000000000
30640031	0x0000000000000000	0x00000011EE147428	0x0000001E59998E38	0x0000000000000000
30640032	0x0000000000000000	0x0000002707AE05D8	0x00000041F3331A78	0x0000000000000000
30640033	0x0000000000000000	0x0000004C547AC4A8	0x00000081266635F8	0x0000000000000000
30640040	0x0000000000000000	0x0000000923D706D0	0x0000001011EB7F18	0x0000000000000000
30640041	0x0000000000000000	0x0000001191EB7E88	0x0000001EF5C283C0	0x0000000000000000
30640042	0x0000000000000000	0x000000263FFFF1A8	0x00000043451E9F18	0x0000000000000000
30640043	0x0000000000000000	0x0000004ACCCCCB0C	0x00000083BAE11648	0x0000000000000000
30640060	0x0000000000000000	0x00000009851EB4C0	0x0000000F70A3D140	0x0000000000000000
30640061	0x0000000000000000	0x000000124A3D69C8	0x0000001DBD7098B0	0x0000000000000000
30640062	0x0000000000000000	0x00000027CF5C1A08	0x00000040A14795D8	0x0000000000000000
30640063	0x0000000000000000	0x0000004DDC28D890	0x0000007E91EB55A8	0x0000000000000000
30650010	0x0000000000000000	0x0000000C00000000	0x000000143FFFF868	0x0000000000000000
30650011	0x0000000000000000	0x0000001800000000	0x000000287FFFFF0D	0x0000000000000000
30650012	0x0000000000000000	0x00000027999998AC	0x00000042E66664D5	0x0000000000000000
30650013	0x0000000000000000	0x0000003AD9998388	0x0000006373330DE8	0x0000000000000000
30650014	0x0000000000000000	0x00000051A66647C8	0x00000089D99965E8	0x0000000000000000
30650020	0x0000000000000000	0x0000000C3D709F40	0x000000143FFFF868	0x0000000000000000
30650021	0x0000000000000000	0x000000187AE13E80	0x000000287FFFFF0D	0x0000000000000000
30650022	0x0000000000000000	0x0000002863D6FB18	0x00000042E66664D5	0x0000000000000000
30650023	0x0000000000000000	0x0000003C07ADFDF8	0x0000006373330DE8	0x0000000000000000
30650024	0x0000000000000000	0x0000005347ADF540	0x00000089D99965E8	0x0000000000000000
30650030	0x0000000000000000	0x0000000C3D709F40	0x000000143FFFF868	0x0000000000000000
30650031	0x0000000000000000	0x000000187AE13E80	0x000000287FFFFF0D	0x0000000000000000
30650032	0x0000000000000000	0x0000002863D6FB18	0x00000042E66664D5	0x0000000000000000
30650033	0x0000000000000000	0x0000003C07ADFDF8	0x0000006373330DE8	0x0000000000000000
30650034	0x0000000000000000	0x0000005347ADF540	0x00000089D99965E8	0x0000000000000000
30650040	0x0000000000000000	0x0000000C00000000	0x000000143FFFF868	0x0000000000000000
30650041	0x0000000000000000	0x0000001800000000	0x000000287FFFFF0D	0x0000000000000000
30650042	0x0000000000000000	0x00000027999998AC	0x00000042E66664D5	0x0000000000000000
30650043	0x0000000000000000	0x0000003AD9998388	0x0000006373330DE8	0x0000000000000000
30650044	0x0000000000000000	0x00000051A66647C8	0x00000089D99965E8	0x0000000000000000
30650050	0x0000000000000000	0x0000000C00000000	0x00000013D9999228	0x0000000000000000
30650051	0x0000000000000000	0x0000001800000000	0x00000027B0A3C828	0x0000000000000000
30650052	0x0000000000000000	0x00000027999998AC	0x000000418F5C1060	0x0000000000000000
30650053	0x0000000000000000	0x0000003AD9998388	0x0000006175C26AD0	0x0000000000000000
30650054	0x0000000000000000	0x00000051A66647C8	0x00000087170A0AC8	0x0000000000000000
30650060	0x0000000000000000	0x0000000C00000000	0x000000143FFFF868	0x0000000000000000
30650061	0x0000000000000000	0x0000001800000000	0x000000287FFFFF0D	0x0000000000000000
30650062	0x0000000000000000	0x00000027999998AC	0x00000042E66664D5	0x0000000000000000
30650063	0x0000000000000000	0x0000003AD9998388	0x0000006373330DE8	0x0000000000000000
30650064	0x0000000000000000	0x00000051A66647C8	0x00000089D99965E8	0x0000000000000000
30650070	0x0000000000000000	0x0000000C00000000	0x00000014A8F5BAD0	0x0000000000000000
30650071	0x0000000000000000	0x0000001800000000	0x000000294F5C1978	0x0000000000000000
30650072	0x0000000000000000	0x00000027999998AC	0x000000443D708A40	0x0000000000000000
30650073	0x0000000000000000	0x0000003AD9998388	0x0000006570A3B100	0x0000000000000000
30650074	0x0000000000000000	0x00000051A66647C8	0x0000008C9C28C108	0x0000000000000000
30650080	0x0000000000000000	0x0000000C3D709F40	0x00000013D9999228	0x0000000000000000
30650081	0x0000000000000000	0x000000187AE13E80	0x00000027B0A3C828	0x0000000000000000
30650082	0x0000000000000000	0x0000002863D6FB18	0x000000418F5C1060	0x0000000000000000
30650083	0x0000000000000000	0x0000003C07ADFDF8	0x0000006175C26AD0	0x0000000000000000
30650084	0x0000000000000000	0x0000005347ADF540	0x00000087170A0AC8	0x0000000000000000
30650090	0x0000000000000000	0x0000000C3D709F40	0x00000013D9999228	0x0000000000000000
30650091	0x0000000000000000	0x000000187AE13E80	0x00000027B0A3C828	0x0000000000000000
30650092	0x0000000000000000	0x0000002863D6FB18	0x000000418F5C1060	0x0000000000000000
30650093	0x0000000000000000	0x0000003C07ADFDF8	0x0000006175C26AD0	0x0000000000000000
30650094	0x0000000000000000	0x0000005347ADF540	0x00000087170A0AC8	0x0000000000000000
30650500	0x0000000000000000	0x0000000C3D709F40	0x00000013D9999228	0x0000000000000000
30650501	0x0000000000000000	0x000000187AE13E80	0x00000027B0A3C828	0x0000000000000000
30650502	0x0000000000000000	0x0000002863D6FB18	0x000000418F5C1060	0x0000000000000000
30650503	0x0000000000000000	0x0000003C07ADFDF8	0x0000006175C26AD0	0x0000000000000000
30650504	0x0000000000000000	0x0000005347ADF540	0x00000087170A0AC8	0x0000000000000000
30650550	0x0000000000000000	0x0000000C00000000	0x000000143FFFF868	0x0000000000000000
30650551	0x0000000000000000	0x0000001800000000	0x000000287FFFFF0D	0x0000000000000000
30650552	0x0000000000000000	0x00000027999998AC	0x00000042E66664D5	0x0000000000000000
30650553	0x0000000000000000	0x0000003AD9998388	0x0000006373330DE8	0x0000000000000000
30650554	0x0000000000000000	0x00000051A66647C8	0x00000089D99965E8	0x0000000000000000
30650560	0x0000000000000000	0x0000000C00000000	0x000000143FFFF868	0x0000000000000000
30650561	0x0000000000000000	0x0000001800000000	0x000000287FFFFF0D	0x0000000000000000
30650562	0x0000000000000000	0x00000027999998AC	0x00000042E66664D5	0x0000000000000000
30650563	0x0000000000000000	0x0000003AD9998388	0x0000006373330DE8	0x0000000000000000
30650564	0x0000000000000000	0x00000051A66647C8	0x00000089D99965E8	0x0000000000000000
30660010	0x0000000000000000	0x0000000D547ADC48	0x000000167FFFFF79	0x0000000000000000
30660011	0x0000000000000000	0x0000001C547AD6A8	0x0000002FBFFFEE18	0x0000000000000000
30660012	0x0000000000000000	0x0000002FD47ACF58	0x00000050BFFFE1B8	0x0000000000000000
30660013	0x0000000000000000	0x00000047FAE12CB0	0x0000007959996C18	0x0000000000000000
30660014	0x0000000000000000	0x0000006461478870	0x000000A959995A18	0x0000000000000000
30660020	0x0000000000000000	0x0000000D99999948	0x000000167FFFFF79	0x0000000000000000
30660021	0x0000000000000000	0x0000001CE66665B9	0x0000002FBFFFEE18	0x0000000000000000
30660022	0x0000000000000000	0x00000030CA3D5E58	0x00000050BFFFE1B8	0x0000000000000000
30660023	0x0000000000000000	0x000000496B850330	0x0000007959996C18	0x0000000000000000
30660024	0x0000000000000000	0x0000006663D6E3D8	0x000000A959995A18	0x0000000000000000
30660030	0x0000000000000000	0x0000000D99999948	0x000000160CCCC488	0x0000000000000000
30660031	0x0000000000000000	0x0000001CE66665B9	0x0000002ECCCCCBB4	0x0000000000000000
30660032	0x0000000000000000	0x00000030CA3D5E58	0x0000004F23D6EC90	0x0000000000000000
30660033	0x0000000000000000	0x000000496B850330	0x00000076EB84F220	0x0000000000000000
30660034	0x0000000000000000	0x0000006663D6E3D8	0x000000A5F5C25120	0x0000000000000000
30660040	0x0000000000000000	0x0000000D00000000	0x00000015F0A3CED0	0x0000000000000000
30660041	0x0000000000000000	0x0000001B9EB84790	0x0000002E8F5C1780	0x0000000000000000
30660042	0x0000000000000000	0x0000002EA1479C98	0x0000004EBAE12A28	0x0000000000000000
30660043	0x0000000000000000	0x000000462E146090	0x0000007651EB58C0	0x0000000000000000
30660044	0x0000000000000000	0x00000061DEB82D38	0x000000A51EB81400	0x0000000000000000
30660050	0x0000000000000000	0x0000000D00000000	0x000000167FFFFF79	0x0000000000000000
30660051	0x0000000000000000	0x0000001B9EB84790	0x0000002FBFFFEE18	0x0000000000000000
30660052	0x0000000000000000	0x0000002EA1479C98	0x00000050BFFFE1B8	0x0000000000000000
30660053	0x0000000000000000	0x000000462E146090	0x0000007959996C18	0x0000000000000000
30660054	0x0000000000000000	0x00000061DEB82D38	0x000000A959995A18	0x0000000000000000
30660060	0x0000000000000000	0x0000000DA8F5BD70	0x000000167FFFFF79	0x0000000000000000
30660061	0x0000000000000000	0x0000001D0A3D65C0	0x0000002FBFFFEE18	0x0000000000000000
30660062	0x0000000000000000	0x0000003107AE0218	0x00000050BFFFE1B8	0x0000000000000000
30660063	0x0000000000000000	0x00000049C7ADF8D0	0x0000007959996C18	0x0000000000000000
30660064	0x0000000000000000	0x00000066E3D6E3A8	0x000000A959995A18	0x0000000000000000
30660070	0x0000000000000000	0x0000000DA8F5BD70	0x00000015F0A3CED0	0x0000000000000000
30660071	0x0000000000000000	0x0000001D0A3D65C0	0x0000002E8F5C1780	0x0000000000000000
30660072	0x0000000000000000	0x0000003107AE0218	0x0000004EBAE12A28	0x0000000000000000
30660073	0x0000000000000000	0x00000049C7ADF8D0	0x0000007651EB58C0	0x0000000000000000
30660074	0x0000000000000000	0x00000066E3D6E3A8	0x000000A51EB81400	0x0000000000000000
30660080	0x0000000000000000	0x0000000DA8F5BD70	0x00000016F3332A98	0x0000000000000000
30660081	0x0000000000000000	0x0000001D0A3D65C0	0x00000030B5C27D18	0x0000000000000000
30660082	0x0000000000000000	0x0000003107AE0218	0x000000525EB83308	0x0000000000000000
30660083	0x0000000000000000	0x00000049C7ADF8D0	0x0000007BC7ADE610	0x0000000000000000
30660084	0x0000000000000000	0x00000066E3D6E3A8	0x000000ACBD706310	0x0000000000000000
30660090	0x0000000000000000	0x0000000D547ADC48	0x000000160CCCC488	0x0000000000000000
30660091	0x0000000000000000	0x0000001C547AD6A8	0x0000002ECCCCCBB4	0x0000000000000000
30660092	0x0000000000000000	0x0000002FD47ACF58	0x0000004F23D6EC90	0x0000000000000000
30660093	0x0000000000000000	0x00000047FAE12CB0	0x00000076EB84F220	0x0000000000000000
30660094	0x0000000000000000	0x0000006461478870	0x000000A5F5C25120	0x0000000000000000
30660100	0x0000000000000000	0x0000000D547ADC48	0x000000167FFFFF79	0x0000000000000000
30660101	0x0000000000000000	0x0000001C547AD6A8	0x0000002FBFFFEE18	0x0000000000000000
30660102	0x0000000000000000	0x0000002FD47ACF58	0x00000050BFFFE1B8	0x0000000000000000
30660103	0x0000000000000000	0x00000047FAE12CB0	0x0000007959996C18	0x0000000000000000
30660104	0x0000000000000000	0x0000006461478870	0x000000A959995A18	0x0000000000000000
30660110	0x0000000000000000	0x0000000D547ADC48	0x000000167FFFFF79	0x0000000000000000
30660111	0x0000000000000000	0x0000001C547AD6A8	0x0000002FBFFFEE18	0x0000000000000000
30660112	0x0000000000000000	0x0000002FD47ACF58	0x00000050BFFFE1B8	0x0000000000000000
30660113	0x0000000000000000	0x00000047FAE12CB0	0x0000007959996C18	0x0000000000000000
30660114	0x0000000000000000	0x0000006461478870	0x000000A959995A18	0x0000000000000000
30660120	0x0000000000000000	0x0000000DBAE14288	0x000000167FFFFF79	0x0000000000000000
30660121	0x0000000000000000	0x0000001D2E146FF0	0x0000002FBFFFEE18	0x0000000000000000
30660122	0x0000000000000000	0x00000031428F49B0	0x00000050BFFFE1B8	0x0000000000000000
30660123	0x0000000000000000	0x0000004A23D6EE70	0x0000007959996C18	0x0000000000000000
30660124	0x0000000000000000	0x0000006763D6E378	0x000000A959995A18	0x0000000000000000
30660130	0x0000000000000000	0x0000000D99999948	0x000000167FFFFF79	0x0000000000000000
30660131	0x0000000000000000	0x0000001CE66665B9	0x0000002FBFFFEE18	0x0000000000000000
30660132	0x0000000000000000	0x00000030CA3D5E58	0x00000050BFFFE1B8	0x0000000000000000
30660133	0x0000000000000000	0x000000496B850330	0x0000007959996C18	0x0000000000000000
30660134	0x0000000000000000	0x0000006663D6E3D8	0x000000A959995A18	0x0000000000000000
30660140	0x0000000000000000	0x0000000D547ADC48	0x000000167FFFFF79	0x0000000000000000
30660141	0x0000000000000000	0x0000001C547AD6A8	0x0000002FBFFFEE18	0x0000000000000000
30660142	0x0000000000000000	0x0000002FD47ACF58	0x00000050BFFFE1B8	0x0000000000000000
30660143	0x0000000000000000	0x00000047FAE12CB0	0x0000007959996C18	0x0000000000000000
30660144	0x0000000000000000	0x0000006461478870	0x000000A959995A18	0x0000000000000000
30660150	0x0000000000000000	0x0000000D99999948	0x000000167FFFFF79	0x0000000000000000
30660151	0x0000000000000000	0x0000001CE66665B9	0x0000002FBFFFEE18	0x0000000000000000
30660152	0x0000000000000000	0x00000030CA3D5E58	0x00000050BFFFE1B8	0x0000000000000000
30660153	0x0000000000000000	0x000000496B850330	0x0000007959996C18	0x0000000000000000
30660154	0x0000000000000000	0x0000006663D6E3D8	0x000000A959995A18	0x0000000000000000
30660160	0x0000000000000000	0x0000000D99999948	0x000000167FFFFF79	0x0000000000000000
30660161	0x0000000000000000	0x0000001CE66665B9	0x0000002FBFFFEE18	0x0000000000000000
30660162	0x0000000000000000	0x00000030CA3D5E58	0x00000050BFFFE1B8	0x0000000000000000
30660163	0x0000000000000000	0x000000496B850330	0x0000007959996C18	0x0000000000000000
30660164	0x0000000000000000	0x0000006663D6E3D8	0x000000A959995A18	0x0000000000000000
21140010	0x0000000000000000	0x0000002A00000000	0x0000000000000000	0x0000001200000000
21140011	0x0000000000000000	0x0000004D7D7086C8	0x0000000000000000	0x000000211EB84580
21140012	0x0000000000000000	0x00000080AD625088	0x0000000000000000	0x00000036F1EB4597
21140013	0x0000000000000000	0x000000C37508F5C8	0x0000000000000000	0x0000005390A3766B
21150010	0x0000000000000000	0x0000002F3FFFEE48	0x0000000000000000	0x000000143FFFF868
21150011	0x0000000000000000	0x0000005E7FFFFDC9	0x0000000000000000	0x000000287FFFFF0D
21150012	0x0000000000000000	0x0000009BECCC1883	0x0000000000000000	0x00000042F5C27640
21150013	0x0000000000000000	0x000000E7A1475738	0x0000000000000000	0x0000006367ADA18B
21150014	0x0000000000000000	0x00000141828EE398	0x0000000000000000	0x00000089ECCC2D53
21160010	0x0000000000000000	0x000000347FFFFEC5	0x0000000000000000	0x000000167FFFFF79
21160011	0x0000000000000000	0x0000006F8FF39478	0x0000000000000000	0x0000002FECCC9563
21160012	0x0000000000000000	0x000000BC6C13FBB8	0x0000000000000000	0x00000050DD704657
21160013	0x0000000000000000	0x0000011ADEB7E7D8	0x0000000000000000	0x000000797FFFFD27
21160014	0x0000000000000000	0x0000018B028EC808	0x0000000000000000	0x000000A9BD706430
21340010	0x0000000000000000	0x0000002E66666550	0x0000000000000000	0x0000001500000000
21340011	0x0000000000000000	0x000000559BA58058	0x0000000000000000	0x00000026A3D6FBC0
21340012	0x0000000000000000	0x0000008E28720BC2	0x0000000000000000	0x000000401A364DB8
21340013	0x0000000000000000	0x000000D7EF19A612	0x0000000000000000	0x000000617E09A058
21350010	0x0000000000000000	0x00000034333331FA	0x0000000000000000	0x000000179FFFE4AF
21350011	0x0000000000000000	0x00000068666663F4	0x0000000000000000	0x0000002F3FFFEE48
21350012	0x0000000000000000	0x000000AC428F1B90	0x0000000000000000	0x0000004E1EB834A0
21350013	0x0000000000000000	0x000000FFE55F19A8	0x0000000000000000	0x00000073F8E8D958
21350014	0x0000000000000000	0x0000016331254EC8	0x0000000000000000	0x000000A0E987AF98
21360010	0x0000000000000000	0x0000003A00000000	0x0000000000000000	0x0000001A3FFFF628
21360011	0x0000000000000000	0x0000007B3FFFD1C8	0x0000000000000000	0x00000037E9936018
21360012	0x0000000000000000	0x000000D02977E44E	0x0000000000000000	0x0000005E57A393B8
21360013	0x0000000000000000	0x000001388104BB88	0x0000000000000000	0x0000008DBFFFCAD8
21360014	0x0000000000000000	0x000001B464582418	0x0000000000000000	0x000000C607ADCA38
30160170	0x000000977D706B08	0x0000000000000000	0x0000000000000000	0x000000068A3D6E30
30160171	0x00000141EE140228	0x0000000000000000	0x0000000000000000	0x0000000DE3D70508
30160172	0x0000021F6B8452F0	0x0000000000000000	0x0000000000000000	0x000000174A3D67E8
30160173	0x0000032FF850B988	0x0000000000000000	0x0000000000000000	0x00000022F5C28240
30160174	0x0000047391E9D9C8	0x0000000000000000	0x0000000000000000	0x0000003111EB72B8
30260170	0x000000977D706B08	0x0000000000000000	0x0000000000000000	0x000000068A3D6E30
30260171	0x00000141EE140228	0x0000000000000000	0x0000000000000000	0x0000000DE3D70508
30260172	0x0000021F6B8452F0	0x0000000000000000	0x0000000000000000	0x000000174A3D67E8
30260173	0x0000032FF850B988	0x0000000000000000	0x0000000000000000	0x00000022F5C28240
30260174	0x0000047391E9D9C8	0x0000000000000000	0x0000000000000000	0x0000003111EB72B8
30360170	0x000000977D706B08	0x0000000000000000	0x0000000000000000	0x000000068A3D6E30
30360171	0x00000141EE140228	0x0000000000000000	0x0000000000000000	0x0000000DE3D70508
30360172	0x0000021F6B8452F0	0x0000000000000000	0x0000000000000000	0x000000174A3D67E8
30360173	0x0000032FF850B988	0x0000000000000000	0x0000000000000000	0x00000022F5C28240
30360174	0x0000047391E9D9C8	0x0000000000000000	0x0000000000000000	0x0000003111EB72B8
30460170	0x0000000000000000	0x0000000D75C28A50	0x000000167FFFFF79	0x0000000000000000
30460171	0x0000000000000000	0x0000001C9C28EB08	0x0000002FBFFFEE18	0x0000000000000000
30460172	0x0000000000000000	0x000000304F5C16D8	0x00000050BFFFE1B8	0x0000000000000000
30460173	0x0000000000000000	0x00000048B333317F	0x0000007959996C18	0x0000000000000000
30460174	0x0000000000000000	0x0000006561478810	0x000000A959995A18	0x0000000000000000
30560170	0x0000000000000000	0x0000000D75C28A50	0x000000167FFFFF79	0x0000000000000000
30560171	0x0000000000000000	0x0000001C9C28EB08	0x0000002FBFFFEE18	0x0000000000000000
30560172	0x0000000000000000	0x000000304F5C16D8	0x00000050BFFFE1B8	0x0000000000000000
30560173	0x0000000000000000	0x00000048B333317F	0x0000007959996C18	0x0000000000000000
30560174	0x0000000000000000	0x0000006561478810	0x000000A959995A18	0x0000000000000000
30660170	0x0000000000000000	0x0000000D75C28A50	0x000000167FFFFF79	0x0000000000000000
30660171	0x0000000000000000	0x0000001C9C28EB08	0x0000002FBFFFEE18	0x0000000000000000
30660172	0x0000000000000000	0x000000304F5C16D8	0x00000050BFFFE1B8	0x0000000000000000
30660173	0x0000000000000000	0x00000048B333317F	0x0000007959996C18	0x0000000000000000
30660174	0x0000000000000000	0x0000006561478810	0x000000A959995A18	0x0000000000000000
30160180	0x000000947D706C28	0x0000000000000000	0x0000000000000000	0x00000006BD70A150
30160181	0x0000013B8CCC5678	0x0000000000000000	0x0000000000000000	0x0000000E4F5C2398
30160182	0x00000214A8F4FAD0	0x0000000000000000	0x0000000000000000	0x00000018028F5328
30160183	0x0000031FCF5AFD08	0x0000000000000000	0x0000000000000000	0x0000002407AE06F8
30160184	0x0000045D028DB948	0x0000000000000000	0x0000000000000000	0x0000003291EB7228
30260180	0x000000947D706C28	0x0000000000000000	0x0000000000000000	0x00000006BD70A150
30260181	0x0000013B8CCC5678	0x0000000000000000	0x0000000000000000	0x0000000E4F5C2398
30260182	0x00000214A8F4FAD0	0x0000000000000000	0x0000000000000000	0x00000018028F5328
30260183	0x0000031FCF5AFD08	0x0000000000000000	0x0000000000000000	0x0000002407AE06F8
30260184	0x0000045D028DB948	0x0000000000000000	0x0000000000000000	0x0000003291EB7228
30360180	0x000000947D706C28	0x0000000000000000	0x0000000000000000	0x00000006BD70A150
30360181	0x0000013B8CCC5678	0x0000000000000000	0x0000000000000000	0x0000000E4F5C2398
30360182	0x00000214A8F4FAD0	0x0000000000000000	0x0000000000000000	0x00000018028F5328
30360183	0x0000031FCF5AFD08	0x0000000000000000	0x0000000000000000	0x0000002407AE06F8
30360184	0x0000045D028DB948	0x0000000000000000	0x0000000000000000	0x0000003291EB7228
30460180	0x0000000000000000	0x0000000D99999948	0x000000160CCCC488	0x0000000000000000
30460181	0x0000000000000000	0x0000001CE66665B9	0x0000002ECCCCCBB4	0x0000000000000000
30460182	0x0000000000000000	0x00000030CA3D5E58	0x0000004F23D6EC90	0x0000000000000000
30460183	0x0000000000000000	0x000000496B850330	0x00000076EB84F220	0x0000000000000000
30460184	0x0000000000000000	0x0000006663D6E3D8	0x000000A5F5C25120	0x0000000000000000
30560180	0x0000000000000000	0x0000000D99999948	0x000000160CCCC488	0x0000000000000000
30560181	0x0000000000000000	0x0000001CE66665B9	0x0000002ECCCCCBB4	0x0000000000000000
30560182	0x0000000000000000	0x00000030CA3D5E58	0x0000004F23D6EC90	0x0000000000000000
30560183	0x0000000000000000	0x000000496B850330	0x00000076EB84F220	0x0000000000000000
30560184	0x0000000000000000	0x0000006663D6E3D8	0x000000A5F5C25120	0x0000000000000000
30660180	0x0000000000000000	0x0000000D99999948	0x000000160CCCC488	0x0000000000000000
30660181	0x0000000000000000	0x0000001CE66665B9	0x0000002ECCCCCBB4	0x0000000000000000
30660182	0x0000000000000000	0x00000030CA3D5E58	0x0000004F23D6EC90	0x0000000000000000
30660183	0x0000000000000000	0x000000496B850330	0x00000076EB84F220	0x0000000000000000
30660184	0x0000000000000000	0x0000006663D6E3D8	0x000000A5F5C25120	0x0000000000000000
21440010	0x0000000000000000	0x0000002ACCCCCBCC	0x0000000000000000	0x0000001300000000
21440011	0x0000000000000000	0x0000004EF74B6B5A	0x0000000000000000	0x00000022F5C28240
21440012	0x0000000000000000	0x0000008320D6C718	0x0000000000000000	0x00000039FF55B408
21440013	0x0000000000000000	0x000000C72E1F12D8	0x0000000000000000	0x000000583514E668
21450010	0x0000000000000000	0x0000003026665458	0x0000000000000000	0x000000155FFFE749
21450011	0x0000000000000000	0x000000604CCCCA8B	0x0000000000000000	0x0000002ABFFFEFF8
21450012	0x0000000000000000	0x0000009EE51E0099	0x0000000000000000	0x00000046AE146060
21450013	0x0000000000000000	0x000000EC0ABF7226	0x0000000000000000	0x00000068ED64F568
21450014	0x0000000000000000	0x00000147A24C581E	0x0000000000000000	0x0000009196563128
21460010	0x0000000000000000	0x000000357FFFFEBF	0x0000000000000000	0x00000017BFFFF718
21460011	0x0000000000000000	0x00000071AFF357E8	0x0000000000000000	0x000000329660C4A8
21460012	0x0000000000000000	0x000000C002DC49A8	0x0000000000000000	0x000000555B7B9E08
21460013	0x0000000000000000	0x00000120420AFC6E	0x0000000000000000	0x000000803FFFCFE8
21460014	0x0000000000000000	0x0000019288B267EA	0x0000000000000000	0x000000B32B84DB88
21740010	0x0000000000000000	0x0000002C00000000	0x0000000000000000	0x0000001500000000
21740011	0x0000000000000000	0x000000512E145C70	0x0000000000000000	0x00000026A3D6FBC0
21740012	0x0000000000000000	0x00000086CE13DF03	0x0000000000000000	0x000000401A364DB8
21740013	0x0000000000000000	0x000000CCC3D61D7B	0x0000000000000000	0x000000617E09A058
21750010	0x0000000000000000	0x000000317FFFFED7	0x0000000000000000	0x000000179FFFE4AF
21750011	0x0000000000000000	0x0000006300000000	0x0000000000000000	0x0000002F3FFFEE48
21750012	0x0000000000000000	0x000000A359995C58	0x0000000000000000	0x0000004E1EB834A0
21750013	0x0000000000000000	0x000000F2A8F56790	0x0000000000000000	0x00000073F8E8D958
21750014	0x0000000000000000	0x00000150D1EB06D0	0x0000000000000000	0x000000A0E987AF98
21760010	0x0000000000000000	0x0000003700000000	0x0000000000000000	0x0000001A3FFFF628
21760011	0x0000000000000000	0x00000074DFFF78DD	0x0000000000000000	0x00000037E9936018
21760012	0x0000000000000000	0x000000C5651DD415	0x0000000000000000	0x0000005E57A393B8
21760013	0x0000000000000000	0x000001285709CE50	0x0000000000000000	0x0000008DBFFFCAD8
21760014	0x0000000000000000	0x0000019DD1EAE9F0	0x0000000000000000	0x000000C607ADCA38
21250010	0x0000000000000000	0x0000003026665458	0x0000000000000000	0x000000179FFFE4AF
21250011	0x0000000000000000	0x000000604CCCCA8B	0x0000000000000000	0x0000002F3FFFEE48
21250012	0x0000000000000000	0x0000009EE51E0099	0x0000000000000000	0x0000004E1EB834A0
21250013	0x0000000000000000	0x000000EC0ABF7226	0x0000000000000000	0x00000073F8E8D958
21250014	0x0000000000000000	0x00000147A24C581E	0x0000000000000000	0x000000A0E987AF98
21260010	0x0000000000000000	0x000000357FFFFEBF	0x0000000000000000	0x0000001A3FFFF628
21260011	0x0000000000000000	0x00000071AFF357E8	0x0000000000000000	0x00000037E9936018
21260012	0x0000000000000000	0x000000C002DC49A8	0x0000000000000000	0x0000005E57A393B8
21260013	0x0000000000000000	0x00000120420AFC6E	0x0000000000000000	0x0000008DBFFFCAD8
21260014	0x0000000000000000	0x0000019288B267EA	0x0000000000000000	0x000000C607ADCA38
21550010	0x0000000000000000	0x0000002F3FFFEE48	0x0000000000000000	0x000000167FFFFF79
21550011	0x0000000000000000	0x0000005E7FFFFDC9	0x0000000000000000	0x0000002D00000000
21550012	0x0000000000000000	0x0000009BECCC1883	0x0000000000000000	0x0000004A666664A8
21550013	0x0000000000000000	0x000000E7A1475738	0x0000000000000000	0x0000006E733309C8
21550014	0x0000000000000000	0x00000141828EE398	0x0000000000000000	0x000000993FFFC688
21560010	0x0000000000000000	0x000000347FFFFEC5	0x0000000000000000	0x0000001900000000
21560011	0x0000000000000000	0x0000006F8FF39478	0x0000000000000000	0x000000353FFFEC08
21560012	0x0000000000000000	0x000000BC6C13FBB8	0x0000000000000000	0x00000059D99977E8
21560013	0x0000000000000000	0x0000011ADEB7E7D8	0x0000000000000000	0x0000008700000000
21560014	0x0000000000000000	0x0000018B028EC808	0x0000000000000000	0x000000BC9999952E
21650010	0x0000000000000000	0x0000002DE6666553	0x0000000000000000	0x00000016F3332A98
21650011	0x0000000000000000	0x0000005BCCCCCAA6	0x0000000000000000	0x0000002DE6666553
21650012	0x0000000000000000	0x000000977851B2B8	0x0000000000000000	0x0000004BE353A010
21650013	0x0000000000000000	0x000000E103116A6C	0x0000000000000000	0x00000070A8B3B715
21650014	0x0000000000000000	0x0000013852F040DC	0x0000000000000000	0x0000009C50A3224D
21660010	0x0000000000000000	0x0000003300000000	0x0000000000000000	0x000000197FFFFF67
21660011	0x0000000000000000	0x0000006C5FFF82B1	0x0000000000000000	0x0000003650A3983D
21660012	0x0000000000000000	0x000000B709FB13C9	0x0000000000000000	0x0000005BA5A160C9
21660013	0x0000000000000000	0x00000112C9B9207C	0x0000000000000000	0x00000089B3332FF9
21660014	0x0000000000000000	0x0000017FB95654B4	0x0000000000000000	0x000000C05F3A85EC
30160190	0x0000009A7D7069E8	0x0000000000000000	0x0000000000000000	0x00000006AB851C38
30160191	0x000001484CCCC51B	0x0000000000000000	0x0000000000000000	0x0000000E2B851968
30160192	0x0000022A2E13AB10	0x0000000000000000	0x0000000000000000	0x00000017C51EAF68
30160193	0x0000034021467608	0x0000000000000000	0x0000000000000000	0x00000023AB851158
30160194	0x0000048A23D55670	0x0000000000000000	0x0000000000000000	0x0000003211EB7258
30260190	0x0000009A7D7069E8	0x0000000000000000	0x0000000000000000	0x00000006AB851C38
30260191	0x000001484CCCC51B	0x0000000000000000	0x0000000000000000	0x0000000E2B851968
30260192	0x0000022A2E13AB10	0x0000000000000000	0x0000000000000000	0x00000017C51EAF68
30260193	0x0000034021467608	0x0000000000000000	0x0000000000000000	0x00000023AB851158
30260194	0x0000048A23D55670	0x0000000000000000	0x0000000000000000	0x0000003211EB7258
30360190	0x0000009A7D7069E8	0x0000000000000000	0x0000000000000000	0x00000006BD70A150
30360191	0x000001484CCCC51B	0x0000000000000000	0x0000000000000000	0x0000000E4F5C2398
30360192	0x0000022A2E13AB10	0x0000000000000000	0x0000000000000000	0x00000018028F5328
30360193	0x0000034021467608	0x0000000000000000	0x0000000000000000	0x0000002407AE06F8
30360194	0x0000048A23D55670	0x0000000000000000	0x0000000000000000	0x0000003291EB7228
30460190	0x0000000000000000	0x0000000D547ADC48	0x000000167FFFFF79	0x0000000000000000
30460191	0x0000000000000000	0x0000001C547AD6A8	0x0000002FBFFFEE18	0x0000000000000000
30460192	0x0000000000000000	0x0000002FD47ACF58	0x00000050BFFFE1B8	0x0000000000000000
30460193	0x0000000000000000	0x00000047FAE12CB0	0x0000007959996C18	0x0000000000000000
30460194	0x0000000000000000	0x0000006461478870	0x000000A959995A18	0x0000000000000000
30560190	0x0000000000000000	0x0000000D547ADC48	0x000000167FFFFF79	0x0000000000000000
30560191	0x0000000000000000	0x0000001C547AD6A8	0x0000002FBFFFEE18	0x0000000000000000
30560192	0x0000000000000000	0x0000002FD47ACF58	0x00000050BFFFE1B8	0x0000000000000000
30560193	0x0000000000000000	0x00000047FAE12CB0	0x0000007959996C18	0x0000000000000000
30560194	0x0000000000000000	0x0000006461478870	0x000000A959995A18	0x0000000000000000
30660190	0x0000000000000000	0x0000000D547ADC48	0x000000167FFFFF79	0x0000000000000000
30660191	0x0000000000000000	0x0000001C547AD6A8	0x0000002FBFFFEE18	0x0000000000000000
30660192	0x0000000000000000	0x0000002FD47ACF58	0x00000050BFFFE1B8	0x0000000000000000
30660193	0x0000000000000000	0x00000047FAE12CB0	0x0000007959996C18	0x0000000000000000
30660194	0x0000000000000000	0x0000006461478870	0x000000A959995A18	0x0000000000000000
30150530	0x00000086FD707138	0x0000000000000000	0x0000000000000000	0x0000000600000000
30150531	0x0000010DFD703E98	0x0000000000000000	0x0000000000000000	0x0000000C00000000
30150532	0x000001BD7D6FFCC8	0x0000000000000000	0x0000000000000000	0x00000013CCCCCC56
30150533	0x0000029570A2DF00	0x0000000000000000	0x0000000000000000	0x0000001D3FFFF508
30150534	0x00000395D708E540	0x0000000000000000	0x0000000000000000	0x0000002873332408
30250530	0x00000086FD707138	0x0000000000000000	0x0000000000000000	0x0000000600000000
30250531	0x0000010DFD703E98	0x0000000000000000	0x0000000000000000	0x0000000C00000000
30250532	0x000001BD7D6FFCC8	0x0000000000000000	0x0000000000000000	0x00000013CCCCCC56
30250533	0x0000029570A2DF00	0x0000000000000000	0x0000000000000000	0x0000001D3FFFF508
30250534	0x00000395D708E540	0x0000000000000000	0x0000000000000000	0x0000002873332408
30350530	0x00000086FD707138	0x0000000000000000	0x0000000000000000	0x0000000600000000
30350531	0x0000010DFD703E98	0x0000000000000000	0x0000000000000000	0x0000000C00000000
30350532	0x000001BD7D6FFCC8	0x0000000000000000	0x0000000000000000	0x00000013CCCCCC56
30350533	0x0000029570A2DF00	0x0000000000000000	0x0000000000000000	0x0000001D3FFFF508
30350534	0x00000395D708E540	0x0000000000000000	0x0000000000000000	0x0000002873332408
30450530	0x0000000000000000	0x0000000C00000000	0x000000143FFFF868	0x0000000000000000
30450531	0x0000000000000000	0x0000001800000000	0x000000287FFFFF0D	0x0000000000000000
30450532	0x0000000000000000	0x00000027999998AC	0x00000042E66664D5	0x0000000000000000
30450533	0x0000000000000000	0x0000003AD9998388	0x0000006373330DE8	0x0000000000000000
30450534	0x0000000000000000	0x00000051A66647C8	0x00000089D99965E8	0x0000000000000000
30550530	0x0000000000000000	0x0000000C00000000	0x000000143FFFF868	0x0000000000000000
30550531	0x0000000000000000	0x0000001800000000	0x000000287FFFFF0D	0x0000000000000000
30550532	0x0000000000000000	0x00000027999998AC	0x00000042E66664D5	0x0000000000000000
30550533	0x0000000000000000	0x0000003AD9998388	0x0000006373330DE8	0x0000000000000000
30550534	0x0000000000000000	0x00000051A66647C8	0x00000089D99965E8	0x0000000000000000
30650530	0x0000000000000000	0x0000000C00000000	0x000000143FFFF868	0x0000000000000000
30650531	0x0000000000000000	0x0000001800000000	0x000000287FFFFF0D	0x0000000000000000
30650532	0x0000000000000000	0x00000027999998AC	0x00000042E66664D5	0x0000000000000000
30650533	0x0000000000000000	0x0000003AD9998388	0x0000006373330DE8	0x0000000000000000
30650534	0x0000000000000000	0x00000051A66647C8	0x00000089D99965E8	0x0000000000000000
40160194	0x0000010CD2F48118	0x0000000000000000	0x0000000000000000	0x000000084B2AAEFB
40260194	0x0000010CD2F48118	0x0000000000000000	0x0000000000000000	0x000000084B2AAEFB
40360194	0x0000010CD2F48118	0x0000000000000000	0x0000000000000000	0x000000085B2A9E8D
40460194	0x0000000000000000	0x000000172FFD6B28	0x0000001BFD01FAC7	0x0000000000000000
40560194	0x0000000000000000	0x000000172FFD6B28	0x0000001BFD01FAC7	0x0000000000000000
40660194	0x0000000000000000	0x000000172FFD6B28	0x0000001BFD01FAC7	0x0000000000000000
40160195	0x0000010CD2F48118	0x0000000000000000	0x0000000000000000	0x000000084B2AAEFB
40260195	0x0000010CD2F48118	0x0000000000000000	0x0000000000000000	0x000000084B2AAEFB
40360195	0x0000010CD2F48118	0x0000000000000000	0x0000000000000000	0x000000085B2A9E8D
40460195	0x0000000000000000	0x000000172FFD6B28	0x0000001BFD01FAC7	0x0000000000000000
40560195	0x0000000000000000	0x000000172FFD6B28	0x0000001BFD01FAC7	0x0000000000000000
40660195	0x0000000000000000	0x000000172FFD6B28	0x0000001BFD01FAC7	0x0000000000000000
21840010	0x0000000000000000	0x00000029999998A0	0x0000000000000000	0x0000001400000000
21840011	0x0000000000000000	0x0000004CC082B9B0	0x0000000000000000	0x00000024CCCCCBF0
21840012	0x0000000000000000	0x0000007F73B5B244	0x0000000000000000	0x0000003D0CCCB5E8
21840013	0x0000000000000000	0x000000C1989294E4	0x0000000000000000	0x0000005CD99976C8
21850010	0x0000000000000000	0x0000002ECCCCCBB4	0x0000000000000000	0x000000167FFFFF79
21850011	0x0000000000000000	0x0000005D99999768	0x0000000000000000	0x0000002D00000000
21850012	0x0000000000000000	0x0000009A70A39D20	0x0000000000000000	0x0000004A666664A8
21850013	0x0000000000000000	0x000000E56C8A3A50	0x0000000000000000	0x0000006E733309C8
21850014	0x0000000000000000	0x0000013E72AEB090	0x0000000000000000	0x000000993FFFC688
21860010	0x0000000000000000	0x0000003400000000	0x0000000000000000	0x0000001900000000
21860011	0x0000000000000000	0x0000006E7FFFFD69	0x0000000000000000	0x000000353FFFEC08
21860012	0x0000000000000000	0x000000BAA0C3C3DC	0x0000000000000000	0x00000059D99977E8
21860013	0x0000000000000000	0x000001182D0D1210	0x0000000000000000	0x0000008700000000
21860014	0x0000000000000000	0x000001873F7B2930	0x0000000000000000	0x000000BC9999952E
21940010	0x0000000000000000	0x0000002B33333230	0x0000000000000000	0x0000001500000000
21940011	0x0000000000000000	0x0000004FB438FBE8	0x0000000000000000	0x00000026A3D6FBC0
21940012	0x0000000000000000	0x000000845A9F256E	0x0000000000000000	0x000000401A364DB8
21940013	0x0000000000000000	0x000000C90ABF9A9E	0x0000000000000000	0x000000617E09A058
21950010	0x0000000000000000	0x0000003099999876	0x0000000000000000	0x000000179FFFE4AF
21950011	0x0000000000000000	0x00000061333330EC	0x0000000000000000	0x0000002F3FFFEE48
21950012	0x0000000000000000	0x000000A0614771F0	0x0000000000000000	0x0000004E1EB834A0
21950013	0x0000000000000000	0x000000EE3F7BDA18	0x0000000000000000	0x00000073F8E8D958
21950014	0x0000000000000000	0x0000014AB22B8FF8	0x0000000000000000	0x000000A0E987AF98
21960010	0x0000000000000000	0x0000003600000000	0x0000000000000000	0x0000001A3FFFF628
21960011	0x0000000000000000	0x00000072BFFFD4F8	0x0000000000000000	0x00000037E9936018
21960012	0x0000000000000000	0x000000C1CE552402	0x0000000000000000	0x0000005E57A393B8
21960013	0x0000000000000000	0x00000122F3B4F538	0x0000000000000000	0x0000008DBFFFCAD8
21960014	0x0000000000000000	0x000001964BC4D228	0x0000000000000000	0x000000C607ADCA38
22040010	0x0000000000000000	0x00000028CCCCCBD8	0x0000000000000000	0x00000014666665EC
22040011	0x0000000000000000	0x0000004B46A79894	0x0000000000000000	0x0000002589372060
22040012	0x0000000000000000	0x0000007D0040F8AF	0x0000000000000000	0x0000003E455FF989
22040013	0x0000000000000000	0x000000BDDF7C1207	0x0000000000000000	0x0000005EB4FD8635
22050010	0x0000000000000000	0x0000002DE6666553	0x0000000000000000	0x00000016F3332A98
22050011	0x0000000000000000	0x0000005BCCCCCAA6	0x0000000000000000	0x0000002DE6666553
22050012	0x0000000000000000	0x000000977851B2B8	0x0000000000000000	0x0000004BE353A010
22050013	0x0000000000000000	0x000000E103116A6C	0x0000000000000000	0x00000070A8B3B715
22050014	0x0000000000000000	0x0000013852F040DC	0x0000000000000000	0x0000009C50A3224D
22060010	0x0000000000000000	0x0000003300000000	0x0000000000000000	0x000000197FFFFF67
22060011	0x0000000000000000	0x0000006C5FFF82B1	0x0000000000000000	0x0000003650A3983D
22060012	0x0000000000000000	0x000000B709FB13C9	0x0000000000000000	0x0000005BA5A160C9
22060013	0x0000000000000000	0x00000112C9B9207C	0x0000000000000000	0x00000089B3332FF9
22060014	0x0000000000000000	0x0000017FB95654B4	0x0000000000000000	0x000000C05F3A85EC
22140010	0x0000000000000000	0x00000029999998A0	0x0000000000000000	0x00000014333332BA
22140011	0x0000000000000000	0x0000004CC082B9B0	0x0000000000000000	0x000000252B01E150
22140012	0x0000000000000000	0x0000007F73B5B244	0x0000000000000000	0x0000003DA90FA9D8
22140013	0x0000000000000000	0x000000C1989294E4	0x0000000000000000	0x0000005DC74155F8
22150010	0x0000000000000000	0x0000002ECCCCCBB4	0x0000000000000000	0x00000016B9997F53
22150011	0x0000000000000000	0x0000005D99999768	0x0000000000000000	0x0000002D73332228
22150012	0x0000000000000000	0x0000009A70A39D20	0x0000000000000000	0x0000004B24DCD838
22150013	0x0000000000000000	0x000000E56C8A3A50	0x0000000000000000	0x0000006F8DE74AF8
22150014	0x0000000000000000	0x0000013E72AEB090	0x0000000000000000	0x0000009AC840B038
22160010	0x0000000000000000	0x0000003400000000	0x0000000000000000	0x000000193FFFF688
22160011	0x0000000000000000	0x0000006E7FFFFD69	0x0000000000000000	0x00000035C84BEEB8
22160012	0x0000000000000000	0x000000BAA0C3C3DC	0x0000000000000000	0x0000005ABF9397D8
22160013	0x0000000000000000	0x000001182D0D1210	0x0000000000000000	0x0000008859996678
22160014	0x0000000000000000	0x000001873F7B2930	0x0000000000000000	0x000000BE7C69A2BA
22340010	0x0000000000000000	0x000000293333323C	0x0000000000000000	0x00000014666665EC
22340011	0x0000000000000000	0x0000004C03952922	0x0000000000000000	0x0000002589372060
22340012	0x0000000000000000	0x0000007E39EDD9F8	0x0000000000000000	0x0000003E455FF989
22340013	0x0000000000000000	0x000000BFBBF2D8B8	0x0000000000000000	0x0000005EB4FD8635
22350010	0x0000000000000000	0x0000002E59998838	0x0000000000000000	0x00000016F3332A98
22350011	0x0000000000000000	0x0000005CB3333107	0x0000000000000000	0x0000002DE6666553
22350012	0x0000000000000000	0x00000098F47A306D	0x0000000000000000	0x0000004BE353A010
22350013	0x0000000000000000	0x000000E337CDD25E	0x0000000000000000	0x00000070A8B3B715
22350014	0x0000000000000000	0x0000013B62CF78B6	0x0000000000000000	0x0000009C50A3224D
22360010	0x0000000000000000	0x000000337FFFFECB	0x0000000000000000	0x000000197FFFFF67
22360011	0x0000000000000000	0x0000006D6FF3D108	0x0000000000000000	0x0000003650A3983D
22360012	0x0000000000000000	0x000000B8D54BADC8	0x0000000000000000	0x0000005BA5A160C9
22360013	0x0000000000000000	0x000001157B631946	0x0000000000000000	0x00000089B3332FF9
22360014	0x0000000000000000	0x000001837C68BEF2	0x0000000000000000	0x000000C05F3A85EC
40160204	0x0000010261B72FEB	0x0000000000000000	0x0000000000000000	0x000000084B2AAEFB
40260204	0x0000010261B72FEB	0x0000000000000000	0x0000000000000000	0x000000084B2AAEFB
40360204	0x0000010261B72FEB	0x0000000000000000	0x0000000000000000	0x000000084B2AAEFB
40460204	0x0000000000000000	0x00000017DE2D1F6D	0x0000001B747AC189	0x0000000000000000
40560204	0x0000000000000000	0x00000017DE2D1F6D	0x0000001B747AC189	0x0000000000000000
40660204	0x0000000000000000	0x00000017DE2D1F6D	0x0000001B747AC189	0x0000000000000000
40160205	0x0000010261B72FEB	0x0000000000000000	0x0000000000000000	0x000000084B2AAEFB
40260205	0x0000010261B72FEB	0x0000000000000000	0x0000000000000000	0x000000084B2AAEFB
40360205	0x0000010261B72FEB	0x0000000000000000	0x0000000000000000	0x000000084B2AAEFB
40460205	0x0000000000000000	0x00000017DE2D1F6D	0x0000001B747AC189	0x0000000000000000
40560205	0x0000000000000000	0x00000017DE2D1F6D	0x0000001B747AC189	0x0000000000000000
40660205	0x0000000000000000	0x00000017DE2D1F6D	0x0000001B747AC189	0x0000000000000000
30160200	0x000000977D706B08	0x0000000000000000	0x0000000000000000	0x00000006AB851C38
30160201	0x00000141EE140228	0x0000000000000000	0x0000000000000000	0x0000000E2B851968
30160202	0x0000021F6B8452F0	0x0000000000000000	0x0000000000000000	0x00000017C51EAF68
30160203	0x0000032FF850B988	0x0000000000000000	0x0000000000000000	0x00000023AB851158
30160204	0x0000047391E9D9C8	0x0000000000000000	0x0000000000000000	0x0000003211EB7258
30260200	0x000000977D706B08	0x0000000000000000	0x0000000000000000	0x00000006AB851C38
30260201	0x00000141EE140228	0x0000000000000000	0x0000000000000000	0x0000000E2B851968
30260202	0x0000021F6B8452F0	0x0000000000000000	0x0000000000000000	0x00000017C51EAF68
30260203	0x0000032FF850B988	0x0000000000000000	0x0000000000000000	0x00000023AB851158
30260204	0x0000047391E9D9C8	0x0000000000000000	0x0000000000000000	0x0000003211EB7258
30360200	0x000000977D706B08	0x0000000000000000	0x0000000000000000	0x00000006AB851C38
30360201	0x00000141EE140228	0x0000000000000000	0x0000000000000000	0x0000000E2B851968
30360202	0x0000021F6B8452F0	0x0000000000000000	0x0000000000000000	0x00000017C51EAF68
30360203	0x0000032FF850B988	0x0000000000000000	0x0000000000000000	0x00000023AB851158
30360204	0x0000047391E9D9C8	0x0000000000000000	0x0000000000000000	0x0000003211EB7258
30460200	0x0000000000000000	0x0000000D99999948	0x00000015D47AD918	0x0000000000000000
30460201	0x0000000000000000	0x0000001CE66665B9	0x0000002E51EB73C0	0x0000000000000000
30460202	0x0000000000000000	0x00000030CA3D5E58	0x0000004E547AC3E8	0x0000000000000000
30460203	0x0000000000000000	0x000000496B850330	0x00000075B5C26338	0x0000000000000000
30460204	0x0000000000000000	0x0000006663D6E3D8	0x000000A4451E7AB8	0x0000000000000000
30560200	0x0000000000000000	0x0000000D99999948	0x00000015D47AD918	0x0000000000000000
30560201	0x0000000000000000	0x0000001CE66665B9	0x0000002E51EB73C0	0x0000000000000000
30560202	0x0000000000000000	0x00000030CA3D5E58	0x0000004E547AC3E8	0x0000000000000000
30560203	0x0000000000000000	0x000000496B850330	0x00000075B5C26338	0x0000000000000000
30560204	0x0000000000000000	0x0000006663D6E3D8	0x000000A4451E7AB8	0x0000000000000000
30660200	0x0000000000000000	0x0000000D99999948	0x00000015D47AD918	0x0000000000000000
30660201	0x0000000000000000	0x0000001CE66665B9	0x0000002E51EB73C0	0x0000000000000000
30660202	0x0000000000000000	0x00000030CA3D5E58	0x0000004E547AC3E8	0x0000000000000000
30660203	0x0000000000000000	0x000000496B850330	0x00000075B5C26338	0x0000000000000000
30660204	0x0000000000000000	0x0000006663D6E3D8	0x000000A4451E7AB8	0x0000000000000000
40160214	0x0000010A3BEA8D78	0x0000000000000000	0x0000000000000000	0x000000084B2AAEFB
40260214	0x0000010A3BEA8D78	0x0000000000000000	0x0000000000000000	0x000000084B2AAEFB
40360214	0x0000010A3BEA8D78	0x0000000000000000	0x0000000000000000	0x000000084B2AAEFB
40460214	0x0000000000000000	0x0000001770807668	0x0000001BFD01FAC7	0x0000000000000000
40560214	0x0000000000000000	0x0000001770807668	0x0000001BFD01FAC7	0x0000000000000000
40660214	0x0000000000000000	0x0000001770807668	0x0000001BFD01FAC7	0x0000000000000000
40160215	0x0000010A3BEA8D78	0x0000000000000000	0x0000000000000000	0x000000084B2AAEFB
40260215	0x0000010A3BEA8D78	0x0000000000000000	0x0000000000000000	0x000000084B2AAEFB
40360215	0x0000010A3BEA8D78	0x0000000000000000	0x0000000000000000	0x000000084B2AAEFB
40460215	0x0000000000000000	0x0000001770807668	0x0000001BFD01FAC7	0x0000000000000000
40560215	0x0000000000000000	0x0000001770807668	0x0000001BFD01FAC7	0x0000000000000000
40660215	0x0000000000000000	0x0000001770807668	0x0000001BFD01FAC7	0x0000000000000000
30160210	0x00000098FD706A78	0x0000000000000000	0x0000000000000000	0x00000006AB851C38
30160211	0x000001451C287BD8	0x0000000000000000	0x0000000000000000	0x0000000E2B851968
30160212	0x00000224CCCCBFF0	0x0000000000000000	0x0000000000000000	0x00000017C51EAF68
30160213	0x000003380CCB97C8	0x0000000000000000	0x0000000000000000	0x00000023AB851158
30160214	0x0000047EDC274630	0x0000000000000000	0x0000000000000000	0x0000003211EB7258
30260210	0x00000098FD706A78	0x0000000000000000	0x0000000000000000	0x00000006AB851C38
30260211	0x000001451C287BD8	0x0000000000000000	0x0000000000000000	0x0000000E2B851968
30260212	0x00000224CCCCBFF0	0x0000000000000000	0x0000000000000000	0x00000017C51EAF68
30260213	0x000003380CCB97C8	0x0000000000000000	0x0000000000000000	0x00000023AB851158
30260214	0x0000047EDC274630	0x0000000000000000	0x0000000000000000	0x0000003211EB7258
30360210	0x00000098FD706A78	0x0000000000000000	0x0000000000000000	0x00000006AB851C38
30360211	0x000001451C287BD8	0x0000000000000000	0x0000000000000000	0x0000000E2B851968
30360212	0x00000224CCCCBFF0	0x0000000000000000	0x0000000000000000	0x00000017C51EAF68
30360213	0x000003380CCB97C8	0x0000000000000000	0x0000000000000000	0x00000023AB851158
30360214	0x0000047EDC274630	0x0000000000000000	0x0000000000000000	0x0000003211EB7258
30460210	0x0000000000000000	0x0000000D75C28A50	0x000000167FFFFF79	0x0000000000000000
30460211	0x0000000000000000	0x0000001C9C28EB08	0x0000002FBFFFEE18	0x0000000000000000
30460212	0x0000000000000000	0x000000304F5C16D8	0x00000050BFFFE1B8	0x0000000000000000
30460213	0x0000000000000000	0x00000048B333317F	0x0000007959996C18	0x0000000000000000
30460214	0x0000000000000000	0x0000006561478810	0x000000A959995A18	0x0000000000000000
30560210	0x0000000000000000	0x0000000D75C28A50	0x000000167FFFFF79	0x0000000000000000
30560211	0x0000000000000000	0x0000001C9C28EB08	0x0000002FBFFFEE18	0x0000000000000000
30560212	0x0000000000000000	0x000000304F5C16D8	0x00000050BFFFE1B8	0x0000000000000000
30560213	0x0000000000000000	0x00000048B333317F	0x0000007959996C18	0x0000000000000000
30560214	0x0000000000000000	0x0000006561478810	0x000000A959995A18	0x0000000000000000
30660210	0x0000000000000000	0x0000000D75C28A50	0x000000167FFFFF79	0x0000000000000000
30660211	0x0000000000000000	0x0000001C9C28EB08	0x0000002FBFFFEE18	0x0000000000000000
30660212	0x0000000000000000	0x000000304F5C16D8	0x00000050BFFFE1B8	0x0000000000000000
30660213	0x0000000000000000	0x00000048B333317F	0x0000007959996C18	0x0000000000000000
30660214	0x0000000000000000	0x0000006561478810	0x000000A959995A18	0x0000000000000000
30160220	0x000000977D706B08	0x0000000000000000	0x0000000000000000	0x0000000699999972
30160221	0x00000141EE140228	0x0000000000000000	0x0000000000000000	0x0000000E07AE0F38
30160222	0x0000021F6B8452F0	0x0000000000000000	0x0000000000000000	0x0000001787AE0BA8
30160223	0x0000032FF850B988	0x0000000000000000	0x0000000000000000	0x000000234F5C1BB8
30160224	0x0000047391E9D9C8	0x0000000000000000	0x0000000000000000	0x0000003191EB7288
30260220	0x000000977D706B08	0x0000000000000000	0x0000000000000000	0x0000000699999972
30260221	0x00000141EE140228	0x0000000000000000	0x0000000000000000	0x0000000E07AE0F38
30260222	0x0000021F6B8452F0	0x0000000000000000	0x0000000000000000	0x0000001787AE0BA8
30260223	0x0000032FF850B988	0x0000000000000000	0x0000000000000000	0x000000234F5C1BB8
30260224	0x0000047391E9D9C8	0x0000000000000000	0x0000000000000000	0x0000003191EB7288
30360220	0x000000977D706B08	0x0000000000000000	0x0000000000000000	0x0000000699999972
30360221	0x00000141EE140228	0x0000000000000000	0x0000000000000000	0x0000000E07AE0F38
30360222	0x0000021F6B8452F0	0x0000000000000000	0x0000000000000000	0x0000001787AE0BA8
30360223	0x0000032FF850B988	0x0000000000000000	0x0000000000000000	0x000000234F5C1BB8
30360224	0x0000047391E9D9C8	0x0000000000000000	0x0000000000000000	0x0000003191EB7288
30460220	0x0000000000000000	0x0000000DDC28F090	0x0000001647AE0C20	0x0000000000000000
30460221	0x0000000000000000	0x0000001D75C28450	0x0000002F451EA698	0x0000000000000000
30460222	0x0000000000000000	0x00000031BD709130	0x0000004FF0A3B910	0x0000000000000000
30460223	0x0000000000000000	0x0000004ADC28D9B0	0x0000007823D6DD30	0x0000000000000000
30460224	0x0000000000000000	0x00000068666663F4	0x000000A7A8F583B0	0x0000000000000000
30560220	0x0000000000000000	0x0000000DDC28F090	0x0000001647AE0C20	0x0000000000000000
30560221	0x0000000000000000	0x0000001D75C28450	0x0000002F451EA698	0x0000000000000000
30560222	0x0000000000000000	0x00000031BD709130	0x0000004FF0A3B910	0x0000000000000000
30560223	0x0000000000000000	0x0000004ADC28D9B0	0x0000007823D6DD30	0x0000000000000000
30560224	0x0000000000000000	0x00000068666663F4	0x000000A7A8F583B0	0x0000000000000000
30660220	0x0000000000000000	0x0000000DDC28F090	0x0000001647AE0C20	0x0000000000000000
30660221	0x0000000000000000	0x0000001D75C28450	0x0000002F451EA698	0x0000000000000000
30660222	0x0000000000000000	0x00000031BD709130	0x0000004FF0A3B910	0x0000000000000000
30660223	0x0000000000000000	0x0000004ADC28D9B0	0x0000007823D6DD30	0x0000000000000000
30660224	0x0000000000000000	0x00000068666663F4	0x000000A7A8F583B0	0x0000000000000000
40160224	0x000001078FC6591B	0x0000000000000000	0x0000000000000000	0x000000083B2ABF69
40260224	0x000001078FC6591B	0x0000000000000000	0x0000000000000000	0x000000083B2ABF69
40360224	0x000001078FC6591B	0x0000000000000000	0x0000000000000000	0x000000083B2ABF69
40460224	0x0000000000000000	0x000000181F3B4876	0x0000001BB8F2AC78	0x0000000000000000
40560224	0x0000000000000000	0x000000181F3B4876	0x0000001BB8F2AC78	0x0000000000000000
40660224	0x0000000000000000	0x000000181F3B4876	0x0000001BB8F2AC78	0x0000000000000000
40160225	0x000001078FC6591B	0x0000000000000000	0x0000000000000000	0x000000083B2ABF69
40260225	0x000001078FC6591B	0x0000000000000000	0x0000000000000000	0x000000083B2ABF69
40360225	0x000001078FC6591B	0x0000000000000000	0x0000000000000000	0x000000083B2ABF69
40460225	0x0000000000000000	0x000000181F3B4876	0x0000001BB8F2AC78	0x0000000000000000
40560225	0x0000000000000000	0x000000181F3B4876	0x0000001BB8F2AC78	0x0000000000000000
40660225	0x0000000000000000	0x000000181F3B4876	0x0000001BB8F2AC78	0x0000000000000000
22240010	0x0000000000000000	0x0000002ACCCCCBCC	0x0000000000000000	0x0000001400000000
22240011	0x0000000000000000	0x0000004EF74B6B5A	0x0000000000000000	0x00000024CCCCCBF0
22240012	0x0000000000000000	0x0000008320D6C718	0x0000000000000000	0x0000003D0CCCB5E8
22240013	0x0000000000000000	0x000000C72E1F12D8	0x0000000000000000	0x0000005CD99976C8
22250010	0x0000000000000000	0x0000003026665458	0x0000000000000000	0x000000167FFFFF79
22250011	0x0000000000000000	0x000000604CCCCA8B	0x0000000000000000	0x0000002D00000000
22250012	0x0000000000000000	0x0000009EE51E0099	0x0000000000000000	0x0000004A666664A8
22250013	0x0000000000000000	0x000000EC0ABF7226	0x0000000000000000	0x0000006E733309C8
22250014	0x0000000000000000	0x00000147A24C581E	0x0000000000000000	0x000000993FFFC688
22260010	0x0000000000000000	0x000000357FFFFEBF	0x0000000000000000	0x0000001900000000
22260011	0x0000000000000000	0x00000071AFF357E8	0x0000000000000000	0x000000353FFFEC08
22260012	0x0000000000000000	0x000000C002DC49A8	0x0000000000000000	0x00000059D99977E8
22260013	0x0000000000000000	0x00000120420AFC6E	0x0000000000000000	0x0000008700000000
22260014	0x0000000000000000	0x0000019288B267EA	0x0000000000000000	0x000000BC9999952E
30160230	0x00000095FD706B98	0x0000000000000000	0x0000000000000000	0x00000006AB851C38
30160231	0x0000013EBD702C50	0x0000000000000000	0x0000000000000000	0x0000000E2B851968
30160232	0x0000021A0A3CA6E0	0x0000000000000000	0x0000000000000000	0x00000017C51EAF68
30160233	0x00000327E3D5DB48	0x0000000000000000	0x0000000000000000	0x00000023AB851158
30160234	0x000004684A3BC988	0x0000000000000000	0x0000000000000000	0x0000003211EB7258
30260230	0x00000095FD706B98	0x0000000000000000	0x0000000000000000	0x00000006AB851C38
30260231	0x0000013EBD702C50	0x0000000000000000	0x0000000000000000	0x0000000E2B851968
30260232	0x0000021A0A3CA6E0	0x0000000000000000	0x0000000000000000	0x00000017C51EAF68
30260233	0x00000327E3D5DB48	0x0000000000000000	0x0000000000000000	0x00000023AB851158
30260234	0x000004684A3BC988	0x0000000000000000	0x0000000000000000	0x0000003211EB7258
30360230	0x00000095FD706B98	0x0000000000000000	0x0000000000000000	0x00000006AB851C38
30360231	0x0000013EBD702C50	0x0000000000000000	0x0000000000000000	0x0000000E2B851968
30360232	0x0000021A0A3CA6E0	0x0000000000000000	0x0000000000000000	0x00000017C51EAF68
30360233	0x00000327E3D5DB48	0x0000000000000000	0x0000000000000000	0x00000023AB851158
30360234	0x000004684A3BC988	0x0000000000000000	0x0000000000000000	0x0000003211EB7258
30460230	0x0000000000000000	0x0000000D547ADC48	0x000000167FFFFF79	0x0000000000000000
30460231	0x0000000000000000	0x0000001C547AD6A8	0x0000002FBFFFEE18	0x0000000000000000
30460232	0x0000000000000000	0x0000002FD47ACF58	0x00000050BFFFE1B8	0x0000000000000000
30460233	0x0000000000000000	0x00000047FAE12CB0	0x0000007959996C18	0x0000000000000000
30460234	0x0000000000000000	0x0000006461478870	0x000000A959995A18	0x0000000000000000
30560230	0x0000000000000000	0x0000000D547ADC48	0x000000167FFFFF79	0x0000000000000000
30560231	0x0000000000000000	0x0000001C547AD6A8	0x0000002FBFFFEE18	0x0000000000000000
30560232	0x0000000000000000	0x0000002FD47ACF58	0x00000050BFFFE1B8	0x0000000000000000
30560233	0x0000000000000000	0x00000047FAE12CB0	0x0000007959996C18	0x0000000000000000
30560234	0x0000000000000000	0x0000006461478870	0x000000A959995A18	0x0000000000000000
30660230	0x0000000000000000	0x0000000D547ADC48	0x000000167FFFFF79	0x0000000000000000
30660231	0x0000000000000000	0x0000001C547AD6A8	0x0000002FBFFFEE18	0x0000000000000000
30660232	0x0000000000000000	0x0000002FD47ACF58	0x00000050BFFFE1B8	0x0000000000000000
30660233	0x0000000000000000	0x00000047FAE12CB0	0x0000007959996C18	0x0000000000000000
30660234	0x0000000000000000	0x0000006461478870	0x000000A959995A18	0x0000000000000000
40160234	0x00000104F8BEC483	0x0000000000000000	0x0000000000000000	0x000000084B2AAEFB
40260234	0x00000104F8BEC483	0x0000000000000000	0x0000000000000000	0x000000084B2AAEFB
40360234	0x00000104F8BEC483	0x0000000000000000	0x0000000000000000	0x000000084B2AAEFB
40460234	0x0000000000000000	0x000000172FFD6B28	0x0000001BFD01FAC7	0x0000000000000000
40560234	0x0000000000000000	0x000000172FFD6B28	0x0000001BFD01FAC7	0x0000000000000000
40660234	0x0000000000000000	0x000000172FFD6B28	0x0000001BFD01FAC7	0x0000000000000000
40160235	0x00000104F8BEC483	0x0000000000000000	0x0000000000000000	0x000000084B2AAEFB
40260235	0x00000104F8BEC483	0x0000000000000000	0x0000000000000000	0x000000084B2AAEFB
40360235	0x00000104F8BEC483	0x0000000000000000	0x0000000000000000	0x000000084B2AAEFB
40460235	0x0000000000000000	0x000000172FFD6B28	0x0000001BFD01FAC7	0x0000000000000000
40560235	0x0000000000000000	0x000000172FFD6B28	0x0000001BFD01FAC7	0x0000000000000000
40660235	0x0000000000000000	0x000000172FFD6B28	0x0000001BFD01FAC7	0x0000000000000000
30150570	0x00000086FD707138	0x0000000000000000	0x0000000000000000	0x0000000600000000
30150571	0x0000010DFD703E98	0x0000000000000000	0x0000000000000000	0x0000000C00000000
30150572	0x000001BD7D6FFCC8	0x0000000000000000	0x0000000000000000	0x00000013CCCCCC56
30150573	0x0000029570A2DF00	0x0000000000000000	0x0000000000000000	0x0000001D3FFFF508
30150574	0x00000395D708E540	0x0000000000000000	0x0000000000000000	0x0000002873332408
30250570	0x00000086FD707138	0x0000000000000000	0x0000000000000000	0x0000000600000000
30250571	0x0000010DFD703E98	0x0000000000000000	0x0000000000000000	0x0000000C00000000
30250572	0x000001BD7D6FFCC8	0x0000000000000000	0x0000000000000000	0x00000013CCCCCC56
30250573	0x0000029570A2DF00	0x0000000000000000	0x0000000000000000	0x0000001D3FFFF508
30250574	0x00000395D708E540	0x0000000000000000	0x0000000000000000	0x0000002873332408
30350570	0x00000086FD707138	0x0000000000000000	0x0000000000000000	0x0000000600000000
30350571	0x0000010DFD703E98	0x0000000000000000	0x0000000000000000	0x0000000C00000000
30350572	0x000001BD7D6FFCC8	0x0000000000000000	0x0000000000000000	0x00000013CCCCCC56
30350573	0x0000029570A2DF00	0x0000000000000000	0x0000000000000000	0x0000001D3FFFF508
30350574	0x00000395D708E540	0x0000000000000000	0x0000000000000000	0x0000002873332408
30450570	0x0000000000000000	0x0000000C00000000	0x000000143FFFF868	0x0000000000000000
30450571	0x0000000000000000	0x0000001800000000	0x000000287FFFFF0D	0x0000000000000000
30450572	0x0000000000000000	0x00000027999998AC	0x00000042E66664D5	0x0000000000000000
30450573	0x0000000000000000	0x0000003AD9998388	0x0000006373330DE8	0x0000000000000000
30450574	0x0000000000000000	0x00000051A66647C8	0x00000089D99965E8	0x0000000000000000
30550570	0x0000000000000000	0x0000000C00000000	0x000000143FFFF868	0x0000000000000000
30550571	0x0000000000000000	0x0000001800000000	0x000000287FFFFF0D	0x0000000000000000
30550572	0x0000000000000000	0x00000027999998AC	0x00000042E66664D5	0x0000000000000000
30550573	0x0000000000000000	0x0000003AD9998388	0x0000006373330DE8	0x0000000000000000
30550574	0x0000000000000000	0x00000051A66647C8	0x00000089D99965E8	0x0000000000000000
30650570	0x0000000000000000	0x0000000C00000000	0x000000143FFFF868	0x0000000000000000
30650571	0x0000000000000000	0x0000001800000000	0x000000287FFFFF0D	0x0000000000000000
30650572	0x0000000000000000	0x00000027999998AC	0x00000042E66664D5	0x0000000000000000
30650573	0x0000000000000000	0x0000003AD9998388	0x0000006373330DE8	0x0000000000000000
30650574	0x0000000000000000	0x00000051A66647C8	0x00000089D99965E8	0x0000000000000000
22440010	0x0000000000000000	0x0000002B99999894	0x0000000000000000	0x0000001400000000
22440011	0x0000000000000000	0x0000005071268C76	0x0000000000000000	0x00000024CCCCCBF0
22440012	0x0000000000000000	0x00000085944B3DA8	0x0000000000000000	0x0000003D0CCCB5E8
22440013	0x0000000000000000	0x000000CAE7352FE8	0x0000000000000000	0x0000005CD99976C8
22450010	0x0000000000000000	0x000000310CCCBA68	0x0000000000000000	0x000000167FFFFF79
22450011	0x0000000000000000	0x000000621999974D	0x0000000000000000	0x0000002D00000000
22450012	0x0000000000000000	0x000000A1DD6FE8AF	0x0000000000000000	0x0000004A666664A8
22450013	0x0000000000000000	0x000000F07438420A	0x0000000000000000	0x0000006E733309C8
22450014	0x0000000000000000	0x0000014DC20AC7D2	0x0000000000000000	0x000000993FFFC688
22460010	0x0000000000000000	0x000000367FFFFEB9	0x0000000000000000	0x0000001900000000
22460011	0x0000000000000000	0x00000073CFF31B58	0x0000000000000000	0x000000353FFFEC08
22460012	0x0000000000000000	0x000000C399A49798	0x0000000000000000	0x00000059D99977E8
22460013	0x0000000000000000	0x00000125A55EEE02	0x0000000000000000	0x0000008700000000
22460014	0x0000000000000000	0x0000019A0ED73C66	0x0000000000000000	0x000000BC9999952E
30160240	0x00000095FD706B98	0x0000000000000000	0x0000000000000000	0x00000006AB851C38
30160241	0x0000013EBD702C50	0x0000000000000000	0x0000000000000000	0x0000000E2B851968
30160242	0x0000021A0A3CA6E0	0x0000000000000000	0x0000000000000000	0x00000017C51EAF68
30160243	0x00000327E3D5DB48	0x0000000000000000	0x0000000000000000	0x00000023AB851158
30160244	0x000004684A3BC988	0x0000000000000000	0x0000000000000000	0x0000003211EB7258
30260240	0x00000095FD706B98	0x0000000000000000	0x0000000000000000	0x00000006AB851C38
30260241	0x0000013EBD702C50	0x0000000000000000	0x0000000000000000	0x0000000E2B851968
30260242	0x0000021A0A3CA6E0	0x0000000000000000	0x0000000000000000	0x00000017C51EAF68
30260243	0x00000327E3D5DB48	0x0000000000000000	0x0000000000000000	0x00000023AB851158
30260244	0x000004684A3BC988	0x0000000000000000	0x0000000000000000	0x0000003211EB7258
30360240	0x00000095FD706B98	0x0000000000000000	0x0000000000000000	0x00000006AB851C38
30360241	0x0000013EBD702C50	0x0000000000000000	0x0000000000000000	0x0000000E2B851968
30360242	0x0000021A0A3CA6E0	0x0000000000000000	0x0000000000000000	0x00000017C51EAF68
30360243	0x00000327E3D5DB48	0x0000000000000000	0x0000000000000000	0x00000023AB851158
30360244	0x000004684A3BC988	0x0000000000000000	0x0000000000000000	0x0000003211EB7258
30460240	0x0000000000000000	0x0000000D547ADC48	0x000000167FFFFF79	0x0000000000000000
30460241	0x0000000000000000	0x0000001C547AD6A8	0x0000002FBFFFEE18	0x0000000000000000
30460242	0x0000000000000000	0x0000002FD47ACF58	0x00000050BFFFE1B8	0x0000000000000000
30460243	0x0000000000000000	0x00000047FAE12CB0	0x0000007959996C18	0x0000000000000000
30460244	0x0000000000000000	0x0000006461478870	0x000000A959995A18	0x0000000000000000
30560240	0x0000000000000000	0x0000000D547ADC48	0x000000167FFFFF79	0x0000000000000000
30560241	0x0000000000000000	0x0000001C547AD6A8	0x0000002FBFFFEE18	0x0000000000000000
30560242	0x0000000000000000	0x0000002FD47ACF58	0x00000050BFFFE1B8	0x0000000000000000
30560243	0x0000000000000000	0x00000047FAE12CB0	0x0000007959996C18	0x0000000000000000
30560244	0x0000000000000000	0x0000006461478870	0x000000A959995A18	0x0000000000000000
30660240	0x0000000000000000	0x0000000D547ADC48	0x000000167FFFFF79	0x0000000000000000
30660241	0x0000000000000000	0x0000001C547AD6A8	0x0000002FBFFFEE18	0x0000000000000000
30660242	0x0000000000000000	0x0000002FD47ACF58	0x00000050BFFFE1B8	0x0000000000000000
30660243	0x0000000000000000	0x00000047FAE12CB0	0x0000007959996C18	0x0000000000000000
30660244	0x0000000000000000	0x0000006461478870	0x000000A959995A18	0x0000000000000000
22540010	0x0000000000000000	0x0000002A66666568	0x0000000000000000	0x00000014666665EC
22540011	0x0000000000000000	0x0000004E3A5DDACC	0x0000000000000000	0x0000002589372060
22540012	0x0000000000000000	0x00000081E72A6BD9	0x0000000000000000	0x0000003E455FF989
22540013	0x0000000000000000	0x000000C551A917C1	0x0000000000000000	0x0000005EB4FD8635
22550010	0x0000000000000000	0x0000002FB3333215	0x0000000000000000	0x00000016F3332A98
22550011	0x0000000000000000	0x0000005F6666642A	0x0000000000000000	0x0000002DE6666553
22550012	0x0000000000000000	0x0000009D68F58788	0x0000000000000000	0x0000004BE353A010
22550013	0x0000000000000000	0x000000E9D6030A34	0x0000000000000000	0x00000070A8B3B715
22550014	0x0000000000000000	0x00000144926D2044	0x0000000000000000	0x0000009C50A3224D
22560010	0x0000000000000000	0x0000003500000000	0x0000000000000000	0x000000197FFFFF67
22560011	0x0000000000000000	0x000000709FFF7DC7	0x0000000000000000	0x0000003650A3983D
22560012	0x0000000000000000	0x000000BE378C73EF	0x0000000000000000	0x0000005BA5A160C9
22560013	0x0000000000000000	0x0000011D906103A4	0x0000000000000000	0x00000089B3332FF9
22560014	0x0000000000000000	0x0000018EC59FFDAC	0x0000000000000000	0x000000C05F3A85EC
30160250	0x00000098FD706A78	0x0000000000000000	0x0000000000000000	0x00000006BD70A150
30160251	0x000001451C287BD8	0x0000000000000000	0x0000000000000000	0x0000000E4F5C2398
30160252	0x00000224CCCCBFF0	0x0000000000000000	0x0000000000000000	0x00000018028F5328
30160253	0x000003380CCB97C8	0x0000000000000000	0x0000000000000000	0x0000002407AE06F8
30160254	0x0000047EDC274630	0x0000000000000000	0x0000000000000000	0x0000003291EB7228
30260250	0x00000098FD706A78	0x0000000000000000	0x0000000000000000	0x00000006BD70A150
30260251	0x000001451C287BD8	0x0000000000000000	0x0000000000000000	0x0000000E4F5C2398
30260252	0x00000224CCCCBFF0	0x0000000000000000	0x0000000000000000	0x00000018028F5328
30260253	0x000003380CCB97C8	0x0000000000000000	0x0000000000000000	0x0000002407AE06F8
30260254	0x0000047EDC274630	0x0000000000000000	0x0000000000000000	0x0000003291EB7228
30360250	0x00000098FD706A78	0x0000000000000000	0x0000000000000000	0x00000006BD70A150
30360251	0x000001451C287BD8	0x0000000000000000	0x0000000000000000	0x0000000E4F5C2398
30360252	0x00000224CCCCBFF0	0x0000000000000000	0x0000000000000000	0x00000018028F5328
30360253	0x000003380CCB97C8	0x0000000000000000	0x0000000000000000	0x0000002407AE06F8
30360254	0x0000047EDC274630	0x0000000000000000	0x0000000000000000	0x0000003291EB7228
30460250	0x0000000000000000	0x0000000D75C28A50	0x0000001647AE0C20	0x0000000000000000
30460251	0x0000000000000000	0x0000001C9C28EB08	0x0000002F451EA698	0x0000000000000000
30460252	0x0000000000000000	0x000000304F5C16D8	0x0000004FF0A3B910	0x0000000000000000
30460253	0x0000000000000000	0x00000048B333317F	0x0000007823D6DD30	0x0000000000000000
30460254	0x0000000000000000	0x0000006561478810	0x000000A7A8F583B0	0x0000000000000000
30560250	0x0000000000000000	0x0000000D75C28A50	0x0000001647AE0C20	0x0000000000000000
30560251	0x0000000000000000	0x0000001C9C28EB08	0x0000002F451EA698	0x0000000000000000
30560252	0x0000000000000000	0x000000304F5C16D8	0x0000004FF0A3B910	0x0000000000000000
30560253	0x0000000000000000	0x00000048B333317F	0x0000007823D6DD30	0x0000000000000000
30560254	0x0000000000000000	0x0000006561478810	0x000000A7A8F583B0	0x0000000000000000
30660250	0x0000000000000000	0x0000000D75C28A50	0x0000001647AE0C20	0x0000000000000000
30660251	0x0000000000000000	0x0000001C9C28EB08	0x0000002F451EA698	0x0000000000000000
30660252	0x0000000000000000	0x000000304F5C16D8	0x0000004FF0A3B910	0x0000000000000000
30660253	0x0000000000000000	0x00000048B333317F	0x0000007823D6DD30	0x0000000000000000
30660254	0x0000000000000000	0x0000006561478810	0x000000A7A8F583B0	0x0000000000000000
40160254	0x0000010A3BEA8D78	0x0000000000000000	0x0000000000000000	0x000000085B2A9E8D
40260254	0x0000010A3BEA8D78	0x0000000000000000	0x0000000000000000	0x000000085B2A9E8D
40360254	0x0000010A3BEA8D78	0x0000000000000000	0x0000000000000000	0x000000085B2A9E8D
40460254	0x0000000000000000	0x0000001770807668	0x0000001BB8F2AC78	0x0000000000000000
40560254	0x0000000000000000	0x0000001770807668	0x0000001BB8F2AC78	0x0000000000000000
40660254	0x0000000000000000	0x0000001770807668	0x0000001BB8F2AC78	0x0000000000000000
40160255	0x0000010A3BEA8D78	0x0000000000000000	0x0000000000000000	0x000000085B2A9E8D
40260255	0x0000010A3BEA8D78	0x0000000000000000	0x0000000000000000	0x000000085B2A9E8D
40360255	0x0000010A3BEA8D78	0x0000000000000000	0x0000000000000000	0x000000085B2A9E8D
40460255	0x0000000000000000	0x0000001770807668	0x0000001BB8F2AC78	0x0000000000000000
40560255	0x0000000000000000	0x0000001770807668	0x0000001BB8F2AC78	0x0000000000000000
40660255	0x0000000000000000	0x0000001770807668	0x0000001BB8F2AC78	0x0000000000000000
30150580	0x00000086FD707138	0x0000000000000000	0x0000000000000000	0x0000000600000000
30150581	0x0000010DFD703E98	0x0000000000000000	0x0000000000000000	0x0000000C00000000
30150582	0x000001BD7D6FFCC8	0x0000000000000000	0x0000000000000000	0x00000013CCCCCC56
30150583	0x0000029570A2DF00	0x0000000000000000	0x0000000000000000	0x0000001D3FFFF508
30150584	0x00000395D708E540	0x0000000000000000	0x0000000000000000	0x0000002873332408
30250580	0x00000086FD707138	0x0000000000000000	0x0000000000000000	0x0000000600000000
30250581	0x0000010DFD703E98	0x0000000000000000	0x0000000000000000	0x0000000C00000000
30250582	0x000001BD7D6FFCC8	0x0000000000000000	0x0000000000000000	0x00000013CCCCCC56
30250583	0x0000029570A2DF00	0x0000000000000000	0x0000000000000000	0x0000001D3FFFF508
30250584	0x00000395D708E540	0x0000000000000000	0x0000000000000000	0x0000002873332408
30350580	0x00000086FD707138	0x0000000000000000	0x0000000000000000	0x0000000600000000
30350581	0x0000010DFD703E98	0x0000000000000000	0x0000000000000000	0x0000000C00000000
30350582	0x000001BD7D6FFCC8	0x0000000000000000	0x0000000000000000	0x00000013CCCCCC56
30350583	0x0000029570A2DF00	0x0000000000000000	0x0000000000000000	0x0000001D3FFFF508
30350584	0x00000395D708E540	0x0000000000000000	0x0000000000000000	0x0000002873332408
30450580	0x0000000000000000	0x0000000C00000000	0x000000143FFFF868	0x0000000000000000
30450581	0x0000000000000000	0x0000001800000000	0x000000287FFFFF0D	0x0000000000000000
30450582	0x0000000000000000	0x00000027999998AC	0x00000042E66664D5	0x0000000000000000
30450583	0x0000000000000000	0x0000003AD9998388	0x0000006373330DE8	0x0000000000000000
30450584	0x0000000000000000	0x00000051A66647C8	0x00000089D99965E8	0x0000000000000000
30550580	0x0000000000000000	0x0000000C00000000	0x000000143FFFF868	0x0000000000000000
30550581	0x0000000000000000	0x0000001800000000	0x000000287FFFFF0D	0x0000000000000000
30550582	0x0000000000000000	0x00000027999998AC	0x00000042E66664D5	0x0000000000000000
30550583	0x0000000000000000	0x0000003AD9998388	0x0000006373330DE8	0x0000000000000000
30550584	0x0000000000000000	0x00000051A66647C8	0x00000089D99965E8	0x0000000000000000
30650580	0x0000000000000000	0x0000000C00000000	0x000000143FFFF868	0x0000000000000000
30650581	0x0000000000000000	0x0000001800000000	0x000000287FFFFF0D	0x0000000000000000
30650582	0x0000000000000000	0x00000027999998AC	0x00000042E66664D5	0x0000000000000000
30650583	0x0000000000000000	0x0000003AD9998388	0x0000006373330DE8	0x0000000000000000
30650584	0x0000000000000000	0x00000051A66647C8	0x00000089D99965E8	0x0000000000000000
40160244	0x00000104F8BEC483	0x0000000000000000	0x0000000000000000	0x000000084B2AAEFB
40260244	0x00000104F8BEC483	0x0000000000000000	0x0000000000000000	0x000000084B2AAEFB
40360244	0x00000104F8BEC483	0x0000000000000000	0x0000000000000000	0x000000084B2AAEFB
40460244	0x0000000000000000	0x000000172FFD6B28	0x0000001BFD01FAC7	0x0000000000000000
40560244	0x0000000000000000	0x000000172FFD6B28	0x0000001BFD01FAC7	0x0000000000000000
40660244	0x0000000000000000	0x000000172FFD6B28	0x0000001BFD01FAC7	0x0000000000000000
40160245	0x00000104F8BEC483	0x0000000000000000	0x0000000000000000	0x000000084B2AAEFB
40260245	0x00000104F8BEC483	0x0000000000000000	0x0000000000000000	0x000000084B2AAEFB
40360245	0x00000104F8BEC483	0x0000000000000000	0x0000000000000000	0x000000084B2AAEFB
40460245	0x0000000000000000	0x000000172FFD6B28	0x0000001BFD01FAC7	0x0000000000000000
40560245	0x0000000000000000	0x000000172FFD6B28	0x0000001BFD01FAC7	0x0000000000000000
40660245	0x0000000000000000	0x000000172FFD6B28	0x0000001BFD01FAC7	0x0000000000000000
22640010	0x0000000000000000	0x0000002A66666568	0x0000000000000000	0x0000001599999918
22640011	0x0000000000000000	0x0000004E3A5DDACC	0x0000000000000000	0x00000027BE769AC0
22640012	0x0000000000000000	0x00000081E72A6BD9	0x0000000000000000	0x00000041EF1A5382
22640013	0x0000000000000000	0x000000C551A917C1	0x0000000000000000	0x00000064472A8E1A
22650010	0x0000000000000000	0x0000002FB3333215	0x0000000000000000	0x000000184CCCCC3B
22650011	0x0000000000000000	0x0000005F6666642A	0x0000000000000000	0x0000003099999876
22650012	0x0000000000000000	0x0000009D68F58788	0x0000000000000000	0x000000505A1C4F20
22650013	0x0000000000000000	0x000000E9D6030A34	0x0000000000000000	0x000000774936C1DA
22650014	0x0000000000000000	0x00000144926D2044	0x0000000000000000	0x000000A5828F1E18
22660010	0x0000000000000000	0x0000003500000000	0x0000000000000000	0x0000001B00000000
22660011	0x0000000000000000	0x000000709FFF7DC7	0x0000000000000000	0x00000039828F4698
22660012	0x0000000000000000	0x000000BE378C73EF	0x0000000000000000	0x0000006109B9EE02
22660013	0x0000000000000000	0x0000011D906103A4	0x0000000000000000	0x00000091CCCCC962
22660014	0x0000000000000000	0x0000018EC59FFDAC	0x0000000000000000	0x000000CBB01FD918
30160260	0x00000095FD706B98	0x0000000000000000	0x0000000000000000	0x00000006AB851C38
30160261	0x0000013EBD702C50	0x0000000000000000	0x0000000000000000	0x0000000E2B851968
30160262	0x0000021A0A3CA6E0	0x0000000000000000	0x0000000000000000	0x00000017C51EAF68
30160263	0x00000327E3D5DB48	0x0000000000000000	0x0000000000000000	0x00000023AB851158
30160264	0x000004684A3BC988	0x0000000000000000	0x0000000000000000	0x0000003211EB7258
30260260	0x00000095FD706B98	0x0000000000000000	0x0000000000000000	0x00000006AB851C38
30260261	0x0000013EBD702C50	0x0000000000000000	0x0000000000000000	0x0000000E2B851968
30260262	0x0000021A0A3CA6E0	0x0000000000000000	0x0000000000000000	0x00000017C51EAF68
30260263	0x00000327E3D5DB48	0x0000000000000000	0x0000000000000000	0x00000023AB851158
30260264	0x000004684A3BC988	0x0000000000000000	0x0000000000000000	0x0000003211EB7258
30360260	0x00000095FD706B98	0x0000000000000000	0x0000000000000000	0x00000006AB851C38
30360261	0x0000013EBD702C50	0x0000000000000000	0x0000000000000000	0x0000000E2B851968
30360262	0x0000021A0A3CA6E0	0x0000000000000000	0x0000000000000000	0x00000017C51EAF68
30360263	0x00000327E3D5DB48	0x0000000000000000	0x0000000000000000	0x00000023AB851158
30360264	0x000004684A3BC988	0x0000000000000000	0x0000000000000000	0x0000003211EB7258
30460260	0x0000000000000000	0x0000000D547ADC48	0x000000167FFFFF79	0x0000000000000000
30460261	0x0000000000000000	0x0000001C547AD6A8	0x0000002FBFFFEE18	0x0000000000000000
30460262	0x0000000000000000	0x0000002FD47ACF58	0x00000050BFFFE1B8	0x0000000000000000
30460263	0x0000000000000000	0x00000047FAE12CB0	0x0000007959996C18	0x0000000000000000
30460264	0x0000000000000000	0x0000006461478870	0x000000A959995A18	0x0000000000000000
30560260	0x0000000000000000	0x0000000D547ADC48	0x000000167FFFFF79	0x0000000000000000
30560261	0x0000000000000000	0x0000001C547AD6A8	0x0000002FBFFFEE18	0x0000000000000000
30560262	0x0000000000000000	0x0000002FD47ACF58	0x00000050BFFFE1B8	0x0000000000000000
30560263	0x0000000000000000	0x00000047FAE12CB0	0x0000007959996C18	0x0000000000000000
30560264	0x0000000000000000	0x0000006461478870	0x000000A959995A18	0x0000000000000000
30660260	0x0000000000000000	0x0000000D547ADC48	0x000000167FFFFF79	0x0000000000000000
30660261	0x0000000000000000	0x0000001C547AD6A8	0x0000002FBFFFEE18	0x0000000000000000
30660262	0x0000000000000000	0x0000002FD47ACF58	0x00000050BFFFE1B8	0x0000000000000000
30660263	0x0000000000000000	0x00000047FAE12CB0	0x0000007959996C18	0x0000000000000000
30660264	0x0000000000000000	0x0000006461478870	0x000000A959995A18	0x0000000000000000
40160264	0x00000104F8BEC483	0x0000000000000000	0x0000000000000000	0x000000084B2AAEFB
40260264	0x00000104F8BEC483	0x0000000000000000	0x0000000000000000	0x000000084B2AAEFB
40360264	0x00000104F8BEC483	0x0000000000000000	0x0000000000000000	0x000000084B2AAEFB
40460264	0x0000000000000000	0x000000172FFD6B28	0x0000001BFD01FAC7	0x0000000000000000
40560264	0x0000000000000000	0x000000172FFD6B28	0x0000001BFD01FAC7	0x0000000000000000
40660264	0x0000000000000000	0x000000172FFD6B28	0x0000001BFD01FAC7	0x0000000000000000
40160265	0x00000104F8BEC483	0x0000000000000000	0x0000000000000000	0x000000084B2AAEFB
40260265	0x00000104F8BEC483	0x0000000000000000	0x0000000000000000	0x000000084B2AAEFB
40360265	0x00000104F8BEC483	0x0000000000000000	0x0000000000000000	0x000000084B2AAEFB
40460265	0x0000000000000000	0x000000172FFD6B28	0x0000001BFD01FAC7	0x0000000000000000
40560265	0x0000000000000000	0x000000172FFD6B28	0x0000001BFD01FAC7	0x0000000000000000
40660265	0x0000000000000000	0x000000172FFD6B28	0x0000001BFD01FAC7	0x0000000000000000
22740010	0x0000000000000000	0x0000002ACCCCCBCC	0x0000000000000000	0x0000001300000000
22740011	0x0000000000000000	0x0000004EF74B6B5A	0x0000000000000000	0x00000022F5C28240
22740012	0x0000000000000000	0x0000008320D6C718	0x0000000000000000	0x00000039FF55B408
22740013	0x0000000000000000	0x000000C72E1F12D8	0x0000000000000000	0x000000583514E668
22750010	0x0000000000000000	0x0000003026665458	0x0000000000000000	0x000000155FFFE749
22750011	0x0000000000000000	0x000000604CCCCA8B	0x0000000000000000	0x0000002ABFFFEFF8
22750012	0x0000000000000000	0x0000009EE51E0099	0x0000000000000000	0x00000046AE146060
22750013	0x0000000000000000	0x000000EC0ABF7226	0x0000000000000000	0x00000068ED64F568
22750014	0x0000000000000000	0x00000147A24C581E	0x0000000000000000	0x0000009196563128
22760010	0x0000000000000000	0x000000357FFFFEBF	0x0000000000000000	0x00000017BFFFF718
22760011	0x0000000000000000	0x00000071AFF357E8	0x0000000000000000	0x000000329660C4A8
22760012	0x0000000000000000	0x000000C002DC49A8	0x0000000000000000	0x000000555B7B9E08
22760013	0x0000000000000000	0x00000120420AFC6E	0x0000000000000000	0x000000803FFFCFE8
22760014	0x0000000000000000	0x0000019288B267EA	0x0000000000000000	0x000000B32B84DB88
30160270	0x000000977D706B08	0x0000000000000000	0x0000000000000000	0x000000067851E918
30160271	0x00000141EE140228	0x0000000000000000	0x0000000000000000	0x0000000DBD709EB0
30160272	0x0000021F6B8452F0	0x0000000000000000	0x0000000000000000	0x000000170F5C2050
30160273	0x0000032FF850B988	0x0000000000000000	0x0000000000000000	0x00000022999998CA
30160274	0x0000047391E9D9C8	0x0000000000000000	0x0000000000000000	0x0000003091EB72E8
30260270	0x000000977D706B08	0x0000000000000000	0x0000000000000000	0x000000067851E918
30260271	0x00000141EE140228	0x0000000000000000	0x0000000000000000	0x0000000DBD709EB0
30260272	0x0000021F6B8452F0	0x0000000000000000	0x0000000000000000	0x000000170F5C2050
30260273	0x0000032FF850B988	0x0000000000000000	0x0000000000000000	0x00000022999998CA
30260274	0x0000047391E9D9C8	0x0000000000000000	0x0000000000000000	0x0000003091EB72E8
30360270	0x000000977D706B08	0x0000000000000000	0x0000000000000000	0x000000067851E918
30360271	0x00000141EE140228	0x0000000000000000	0x0000000000000000	0x0000000DBD709EB0
30360272	0x0000021F6B8452F0	0x0000000000000000	0x0000000000000000	0x000000170F5C2050
30360273	0x0000032FF850B988	0x0000000000000000	0x0000000000000000	0x00000022999998CA
30360274	0x0000047391E9D9C8	0x0000000000000000	0x0000000000000000	0x0000003091EB72E8
30460270	0x0000000000000000	0x0000000D75C28A50	0x00000016BAE13F28	0x0000000000000000
30460271	0x0000000000000000	0x0000001C9C28EB08	0x000000303AE13598	0x0000000000000000
30460272	0x0000000000000000	0x000000304F5C16D8	0x000000518F5C0A60	0x0000000000000000
30460273	0x0000000000000000	0x00000048B333317F	0x0000007A8F5BFB00	0x0000000000000000
30460274	0x0000000000000000	0x0000006561478810	0x000000AB0A3D3080	0x0000000000000000
30560270	0x0000000000000000	0x0000000D75C28A50	0x00000016BAE13F28	0x0000000000000000
30560271	0x0000000000000000	0x0000001C9C28EB08	0x000000303AE13598	0x0000000000000000
30560272	0x0000000000000000	0x000000304F5C16D8	0x000000518F5C0A60	0x0000000000000000
30560273	0x0000000000000000	0x00000048B333317F	0x0000007A8F5BFB00	0x0000000000000000
30560274	0x0000000000000000	0x0000006561478810	0x000000AB0A3D3080	0x0000000000000000
30660270	0x0000000000000000	0x0000000D75C28A50	0x00000016BAE13F28	0x0000000000000000
30660271	0x0000000000000000	0x0000001C9C28EB08	0x000000303AE13598	0x0000000000000000
30660272	0x0000000000000000	0x000000304F5C16D8	0x000000518F5C0A60	0x0000000000000000
30660273	0x0000000000000000	0x00000048B333317F	0x0000007A8F5BFB00	0x0000000000000000
30660274	0x0000000000000000	0x0000006561478810	0x000000AB0A3D3080	0x0000000000000000
40160274	0x0000010790BAED30	0x0000000000000000	0x0000000000000000	0x000000080D1673D9
40260274	0x0000010790BAED30	0x0000000000000000	0x0000000000000000	0x000000080D1673D9
40360274	0x0000010790BAED30	0x0000000000000000	0x0000000000000000	0x000000080D1673D9
40460274	0x0000000000000000	0x0000001770807668	0x0000001C41478D69	0x0000000000000000
40560274	0x0000000000000000	0x0000001770807668	0x0000001C41478D69	0x0000000000000000
40660274	0x0000000000000000	0x0000001770807668	0x0000001C41478D69	0x0000000000000000
40160275	0x0000010790BAED30	0x0000000000000000	0x0000000000000000	0x000000080D1673D9
40260275	0x0000010790BAED30	0x0000000000000000	0x0000000000000000	0x000000080D1673D9
40360275	0x0000010790BAED30	0x0000000000000000	0x0000000000000000	0x000000080D1673D9
40460275	0x0000000000000000	0x0000001770807668	0x0000001C41478D69	0x0000000000000000
40560275	0x0000000000000000	0x0000001770807668	0x0000001C41478D69	0x0000000000000000
40660275	0x0000000000000000	0x0000001770807668	0x0000001C41478D69	0x0000000000000000
20960030	0x0000000000000000	0x0000003700000000	0x0000000000000000	0x00000017BFFFF718
20960031	0x0000000000000000	0x00000074DFFF78DD	0x0000000000000000	0x000000329660C4A8
20960032	0x0000000000000000	0x000000C5651DD415	0x0000000000000000	0x000000555B7B9E08
20960033	0x0000000000000000	0x000001285709CE50	0x0000000000000000	0x000000803FFFCFE8
20960034	0x0000000000000000	0x0000019DD1EAE9F0	0x0000000000000000	0x000000B32B84DB88
30160280	0x00000098FD706A78	0x0000000000000000	0x0000000000000000	0x00000006570A3B10
30160281	0x000001451C287BD8	0x0000000000000000	0x0000000000000000	0x0000000D75C28A50
30160282	0x00000224CCCCBFF0	0x0000000000000000	0x0000000000000000	0x00000016947AD8D0
30160283	0x000003380CCB97C8	0x0000000000000000	0x0000000000000000	0x00000021E3D6FD88
30160284	0x0000047EDC274630	0x0000000000000000	0x0000000000000000	0x0000002F91EB7348
30260280	0x00000098FD706A78	0x0000000000000000	0x0000000000000000	0x00000006570A3B10
30260281	0x000001451C287BD8	0x0000000000000000	0x0000000000000000	0x0000000D75C28A50
30260282	0x00000224CCCCBFF0	0x0000000000000000	0x0000000000000000	0x00000016947AD8D0
30260283	0x000003380CCB97C8	0x0000000000000000	0x0000000000000000	0x00000021E3D6FD88
30260284	0x0000047EDC274630	0x0000000000000000	0x0000000000000000	0x0000002F91EB7348
30360280	0x00000098FD706A78	0x0000000000000000	0x0000000000000000	0x00000006570A3B10
30360281	0x000001451C287BD8	0x0000000000000000	0x0000000000000000	0x0000000D75C28A50
30360282	0x00000224CCCCBFF0	0x0000000000000000	0x0000000000000000	0x00000016947AD8D0
30360283	0x000003380CCB97C8	0x0000000000000000	0x0000000000000000	0x00000021E3D6FD88
30360284	0x0000047EDC274630	0x0000000000000000	0x0000000000000000	0x0000002F91EB7348
30460280	0x0000000000000000	0x0000000DBAE14288	0x000000167FFFFF79	0x0000000000000000
30460281	0x0000000000000000	0x0000001D2E146FF0	0x0000002FBFFFEE18	0x0000000000000000
30460282	0x0000000000000000	0x00000031428F49B0	0x00000050BFFFE1B8	0x0000000000000000
30460283	0x0000000000000000	0x0000004A23D6EE70	0x0000007959996C18	0x0000000000000000
30460284	0x0000000000000000	0x0000006763D6E378	0x000000A959995A18	0x0000000000000000
30560280	0x0000000000000000	0x0000000DBAE14288	0x000000167FFFFF79	0x0000000000000000
30560281	0x0000000000000000	0x0000001D2E146FF0	0x0000002FBFFFEE18	0x0000000000000000
30560282	0x0000000000000000	0x00000031428F49B0	0x00000050BFFFE1B8	0x0000000000000000
30560283	0x0000000000000000	0x0000004A23D6EE70	0x0000007959996C18	0x0000000000000000
30560284	0x0000000000000000	0x0000006763D6E378	0x000000A959995A18	0x0000000000000000
30660280	0x0000000000000000	0x0000000DBAE14288	0x000000167FFFFF79	0x0000000000000000
30660281	0x0000000000000000	0x0000001D2E146FF0	0x0000002FBFFFEE18	0x0000000000000000
30660282	0x0000000000000000	0x00000031428F49B0	0x00000050BFFFE1B8	0x0000000000000000
30660283	0x0000000000000000	0x0000004A23D6EE70	0x0000007959996C18	0x0000000000000000
30660284	0x0000000000000000	0x0000006763D6E378	0x000000A959995A18	0x0000000000000000
40160284	0x0000010A3BEA8D78	0x0000000000000000	0x0000000000000000	0x00000007DF022849
40260284	0x0000010A3BEA8D78	0x0000000000000000	0x0000000000000000	0x00000007DF022849
40360284	0x0000010A3BEA8D78	0x0000000000000000	0x0000000000000000	0x00000007DF022849
40460284	0x0000000000000000	0x00000017DE2D1F6D	0x0000001BFD01FAC7	0x0000000000000000
40560284	0x0000000000000000	0x00000017DE2D1F6D	0x0000001BFD01FAC7	0x0000000000000000
40660284	0x0000000000000000	0x00000017DE2D1F6D	0x0000001BFD01FAC7	0x0000000000000000
40160285	0x0000010A3BEA8D78	0x0000000000000000	0x0000000000000000	0x00000007DF022849
40260285	0x0000010A3BEA8D78	0x0000000000000000	0x0000000000000000	0x00000007DF022849
40360285	0x0000010A3BEA8D78	0x0000000000000000	0x0000000000000000	0x00000007DF022849
40460285	0x0000000000000000	0x00000017DE2D1F6D	0x0000001BFD01FAC7	0x0000000000000000
40560285	0x0000000000000000	0x00000017DE2D1F6D	0x0000001BFD01FAC7	0x0000000000000000
40660285	0x0000000000000000	0x00000017DE2D1F6D	0x0000001BFD01FAC7	0x0000000000000000
22840010	0x0000000000000000	0x0000002A00000000	0x0000000000000000	0x0000001400000000
22840011	0x0000000000000000	0x0000004D7D7086C8	0x0000000000000000	0x00000024CCCCCBF0
22840012	0x0000000000000000	0x00000080AD625088	0x0000000000000000	0x0000003D0CCCB5E8
22840013	0x0000000000000000	0x000000C37508F5C8	0x0000000000000000	0x0000005CD99976C8
22850010	0x0000000000000000	0x0000002F3FFFEE48	0x0000000000000000	0x000000167FFFFF79
22850011	0x0000000000000000	0x0000005E7FFFFDC9	0x0000000000000000	0x0000002D00000000
22850012	0x0000000000000000	0x0000009BECCC1883	0x0000000000000000	0x0000004A666664A8
22850013	0x0000000000000000	0x000000E7A1475738	0x0000000000000000	0x0000006E733309C8
22850014	0x0000000000000000	0x00000141828EE398	0x0000000000000000	0x000000993FFFC688
22860010	0x0000000000000000	0x000000347FFFFEC5	0x0000000000000000	0x0000001900000000
22860011	0x0000000000000000	0x0000006F8FF39478	0x0000000000000000	0x000000353FFFEC08
22860012	0x0000000000000000	0x000000BC6C13FBB8	0x0000000000000000	0x00000059D99977E8
22860013	0x0000000000000000	0x0000011ADEB7E7D8	0x0000000000000000	0x0000008700000000
22860014	0x0000000000000000	0x0000018B028EC808	0x0000000000000000	0x000000BC9999952E
30160290	0x000000977D706B08	0x0000000000000000	0x0000000000000000	0x00000006570A3B10
30160291	0x00000141EE140228	0x0000000000000000	0x0000000000000000	0x0000000D75C28A50
30160292	0x0000021F6B8452F0	0x0000000000000000	0x0000000000000000	0x00000016947AD8D0
30160293	0x0000032FF850B988	0x0000000000000000	0x0000000000000000	0x00000021E3D6FD88
30160294	0x0000047391E9D9C8	0x0000000000000000	0x0000000000000000	0x0000002F91EB7348
30260290	0x000000977D706B08	0x0000000000000000	0x0000000000000000	0x00000006570A3B10
30260291	0x00000141EE140228	0x0000000000000000	0x0000000000000000	0x0000000D75C28A50
30260292	0x0000021F6B8452F0	0x0000000000000000	0x0000000000000000	0x00000016947AD8D0
30260293	0x0000032FF850B988	0x0000000000000000	0x0000000000000000	0x00000021E3D6FD88
30260294	0x0000047391E9D9C8	0x0000000000000000	0x0000000000000000	0x0000002F91EB7348
30360290	0x000000977D706B08	0x0000000000000000	0x0000000000000000	0x00000006570A3B10
30360291	0x00000141EE140228	0x0000000000000000	0x0000000000000000	0x0000000D75C28A50
30360292	0x0000021F6B8452F0	0x0000000000000000	0x0000000000000000	0x00000016947AD8D0
30360293	0x0000032FF850B988	0x0000000000000000	0x0000000000000000	0x00000021E3D6FD88
30360294	0x0000047391E9D9C8	0x0000000000000000	0x0000000000000000	0x0000002F91EB7348
30460290	0x0000000000000000	0x0000000D99999948	0x00000016F3332A98	0x0000000000000000
30460291	0x0000000000000000	0x0000001CE66665B9	0x00000030B5C27D18	0x0000000000000000
30460292	0x0000000000000000	0x00000030CA3D5E58	0x000000525EB83308	0x0000000000000000
30460293	0x0000000000000000	0x000000496B850330	0x0000007BC7ADE610	0x0000000000000000
30460294	0x0000000000000000	0x0000006663D6E3D8	0x000000ACBD706310	0x0000000000000000
30560290	0x0000000000000000	0x0000000D99999948	0x00000016F3332A98	0x0000000000000000
30560291	0x0000000000000000	0x0000001CE66665B9	0x00000030B5C27D18	0x0000000000000000
30560292	0x0000000000000000	0x00000030CA3D5E58	0x000000525EB83308	0x0000000000000000
30560293	0x0000000000000000	0x000000496B850330	0x0000007BC7ADE610	0x0000000000000000
30560294	0x0000000000000000	0x0000006663D6E3D8	0x000000ACBD706310	0x0000000000000000
30660290	0x0000000000000000	0x0000000D99999948	0x00000016F3332A98	0x0000000000000000
30660291	0x0000000000000000	0x0000001CE66665B9	0x00000030B5C27D18	0x0000000000000000
30660292	0x0000000000000000	0x00000030CA3D5E58	0x000000525EB83308	0x0000000000000000
30660293	0x0000000000000000	0x000000496B850330	0x0000007BC7ADE610	0x0000000000000000
30660294	0x0000000000000000	0x0000006663D6E3D8	0x000000ACBD706310	0x0000000000000000
40160294	0x000001078FC6591B	0x0000000000000000	0x0000000000000000	0x00000007DF022849
40260294	0x000001078FC6591B	0x0000000000000000	0x0000000000000000	0x00000007DF022849
40360294	0x000001078FC6591B	0x0000000000000000	0x0000000000000000	0x00000007DF022849
40460294	0x0000000000000000	0x000000179DAA4F3D	0x0000001C85BF6278	0x0000000000000000
40560294	0x0000000000000000	0x000000179DAA4F3D	0x0000001C85BF6278	0x0000000000000000
40660294	0x0000000000000000	0x000000179DAA4F3D	0x0000001C85BF6278	0x0000000000000000
40160295	0x000001078FC6591B	0x0000000000000000	0x0000000000000000	0x00000007DF022849
40260295	0x000001078FC6591B	0x0000000000000000	0x0000000000000000	0x00000007DF022849
40360295	0x000001078FC6591B	0x0000000000000000	0x0000000000000000	0x00000007DF022849
40460295	0x0000000000000000	0x000000179DAA4F3D	0x0000001C85BF6278	0x0000000000000000
40560295	0x0000000000000000	0x000000179DAA4F3D	0x0000001C85BF6278	0x0000000000000000
40660295	0x0000000000000000	0x000000179DAA4F3D	0x0000001C85BF6278	0x0000000000000000
30180530	0x00000086FD707138	0x0000000000000000	0x0000000000000000	0x0000000600000000
30180531	0x0000010DFD703E98	0x0000000000000000	0x0000000000000000	0x0000000C00000000
30180532	0x000001BD7D6FFCC8	0x0000000000000000	0x0000000000000000	0x00000013CCCCCC56
30180533	0x0000029570A2DF00	0x0000000000000000	0x0000000000000000	0x0000001D3FFFF508
30180534	0x00000395D708E540	0x0000000000000000	0x0000000000000000	0x000000283FFFF0E8
30280530	0x00000086FD707138	0x0000000000000000	0x0000000000000000	0x0000000600000000
30280531	0x0000010DFD703E98	0x0000000000000000	0x0000000000000000	0x0000000C00000000
30280532	0x000001BD7D6FFCC8	0x0000000000000000	0x0000000000000000	0x00000013CCCCCC56
30280533	0x0000029570A2DF00	0x0000000000000000	0x0000000000000000	0x0000001D3FFFF508
30280534	0x00000395D708E540	0x0000000000000000	0x0000000000000000	0x000000283FFFF0E8
30380530	0x00000086FD707138	0x0000000000000000	0x0000000000000000	0x0000000600000000
30380531	0x0000010DFD703E98	0x0000000000000000	0x0000000000000000	0x0000000C00000000
30380532	0x000001BD7D6FFCC8	0x0000000000000000	0x0000000000000000	0x00000013CCCCCC56
30380533	0x0000029570A2DF00	0x0000000000000000	0x0000000000000000	0x0000001D3FFFF508
30380534	0x00000395D708E540	0x0000000000000000	0x0000000000000000	0x000000283FFFF0E8
30480530	0x0000000000000000	0x0000000C00000000	0x000000143FFFF868	0x0000000000000000
30480531	0x0000000000000000	0x0000001800000000	0x000000287FFFFF0D	0x0000000000000000
30480532	0x0000000000000000	0x00000027999998AC	0x00000042E66664D5	0x0000000000000000
30480533	0x0000000000000000	0x0000003AD9998388	0x0000006373330DE8	0x0000000000000000
30480534	0x0000000000000000	0x00000051A66647C8	0x00000089E666632B	0x0000000000000000
30580530	0x0000000000000000	0x0000000C00000000	0x000000143FFFF868	0x0000000000000000
30580531	0x0000000000000000	0x0000001800000000	0x000000287FFFFF0D	0x0000000000000000
30580532	0x0000000000000000	0x00000027999998AC	0x00000042E66664D5	0x0000000000000000
30580533	0x0000000000000000	0x0000003AD9998388	0x0000006373330DE8	0x0000000000000000
30580534	0x0000000000000000	0x00000051A66647C8	0x00000089E666632B	0x0000000000000000
30680530	0x0000000000000000	0x0000000C00000000	0x000000143FFFF868	0x0000000000000000
30680531	0x0000000000000000	0x0000001800000000	0x000000287FFFFF0D	0x0000000000000000
30680532	0x0000000000000000	0x00000027999998AC	0x00000042E66664D5	0x0000000000000000
30680533	0x0000000000000000	0x0000003AD9998388	0x0000006373330DE8	0x0000000000000000
30680534	0x0000000000000000	0x00000051A66647C8	0x00000089E666632B	0x0000000000000000
22940010	0x0000000000000000	0x0000002C00000000	0x0000000000000000	0x0000001300000000
22940011	0x0000000000000000	0x000000512E145C70	0x0000000000000000	0x00000022F5C28240
22940012	0x0000000000000000	0x00000086CE13DF03	0x0000000000000000	0x00000039FF55B408
22940013	0x0000000000000000	0x000000CCC3D61D7B	0x0000000000000000	0x000000583514E668
22950010	0x0000000000000000	0x000000317FFFFED7	0x0000000000000000	0x000000155FFFE749
22950011	0x0000000000000000	0x0000006300000000	0x0000000000000000	0x0000002ABFFFEFF8
22950012	0x0000000000000000	0x000000A359995C58	0x0000000000000000	0x00000046AE146060
22950013	0x0000000000000000	0x000000F2A8F56790	0x0000000000000000	0x00000068ED64F568
22950014	0x0000000000000000	0x00000150D1EB06D0	0x0000000000000000	0x0000009196563128
22960010	0x0000000000000000	0x0000003700000000	0x0000000000000000	0x00000017BFFFF718
22960011	0x0000000000000000	0x00000074DFFF78DD	0x0000000000000000	0x000000329660C4A8
22960012	0x0000000000000000	0x000000C5651DD415	0x0000000000000000	0x000000555B7B9E08
22960013	0x0000000000000000	0x000001285709CE50	0x0000000000000000	0x000000803FFFCFE8
22960014	0x0000000000000000	0x0000019DD1EAE9F0	0x0000000000000000	0x000000B32B84DB88
30160300	0x00000095FD706B98	0x0000000000000000	0x0000000000000000	0x00000006AB851C38
30160301	0x0000013EBD702C50	0x0000000000000000	0x0000000000000000	0x0000000E2B851968
30160302	0x0000021A0A3CA6E0	0x0000000000000000	0x0000000000000000	0x00000017C51EAF68
30160303	0x00000327E3D5DB48	0x0000000000000000	0x0000000000000000	0x00000023AB851158
30160304	0x000004684A3BC988	0x0000000000000000	0x0000000000000000	0x0000003211EB7258
30260300	0x00000095FD706B98	0x0000000000000000	0x0000000000000000	0x00000006AB851C38
30260301	0x0000013EBD702C50	0x0000000000000000	0x0000000000000000	0x0000000E2B851968
30260302	0x0000021A0A3CA6E0	0x0000000000000000	0x0000000000000000	0x00000017C51EAF68
30260303	0x00000327E3D5DB48	0x0000000000000000	0x0000000000000000	0x00000023AB851158
30260304	0x000004684A3BC988	0x0000000000000000	0x0000000000000000	0x0000003211EB7258
30360300	0x00000095FD706B98	0x0000000000000000	0x0000000000000000	0x00000006AB851C38
30360301	0x0000013EBD702C50	0x0000000000000000	0x0000000000000000	0x0000000E2B851968
30360302	0x0000021A0A3CA6E0	0x0000000000000000	0x0000000000000000	0x00000017C51EAF68
30360303	0x00000327E3D5DB48	0x0000000000000000	0x0000000000000000	0x00000023AB851158
30360304	0x000004684A3BC988	0x0000000000000000	0x0000000000000000	0x0000003211EB7258
30460300	0x0000000000000000	0x0000000D547ADC48	0x000000167FFFFF79	0x0000000000000000
30460301	0x0000000000000000	0x0000001C547AD6A8	0x0000002FBFFFEE18	0x0000000000000000
30460302	0x0000000000000000	0x0000002FD47ACF58	0x00000050BFFFE1B8	0x0000000000000000
30460303	0x0000000000000000	0x00000047FAE12CB0	0x0000007959996C18	0x0000000000000000
30460304	0x0000000000000000	0x0000006461478870	0x000000A959995A18	0x0000000000000000
30560300	0x0000000000000000	0x0000000D547ADC48	0x000000167FFFFF79	0x0000000000000000
30560301	0x0000000000000000	0x0000001C547AD6A8	0x0000002FBFFFEE18	0x0000000000000000
30560302	0x0000000000000000	0x0000002FD47ACF58	0x00000050BFFFE1B8	0x0000000000000000
30560303	0x0000000000000000	0x00000047FAE12CB0	0x0000007959996C18	0x0000000000000000
30560304	0x0000000000000000	0x0000006461478870	0x000000A959995A18	0x0000000000000000
30660300	0x0000000000000000	0x0000000D547ADC48	0x000000167FFFFF79	0x0000000000000000
30660301	0x0000000000000000	0x0000001C547AD6A8	0x0000002FBFFFEE18	0x0000000000000000
30660302	0x0000000000000000	0x0000002FD47ACF58	0x00000050BFFFE1B8	0x0000000000000000
30660303	0x0000000000000000	0x00000047FAE12CB0	0x0000007959996C18	0x0000000000000000
30660304	0x0000000000000000	0x0000006461478870	0x000000A959995A18	0x0000000000000000
40160304	0x00000104F8BEC483	0x0000000000000000	0x0000000000000000	0x000000084B2AAEFB
40260304	0x00000104F8BEC483	0x0000000000000000	0x0000000000000000	0x000000084B2AAEFB
40360304	0x00000104F8BEC483	0x0000000000000000	0x0000000000000000	0x000000084B2AAEFB
40460304	0x0000000000000000	0x000000172FFD6B28	0x0000001BFD01FAC7	0x0000000000000000
40560304	0x0000000000000000	0x000000172FFD6B28	0x0000001BFD01FAC7	0x0000000000000000
40660304	0x0000000000000000	0x000000172FFD6B28	0x0000001BFD01FAC7	0x0000000000000000
40160305	0x00000104F8BEC483	0x0000000000000000	0x0000000000000000	0x000000084B2AAEFB
40260305	0x00000104F8BEC483	0x0000000000000000	0x0000000000000000	0x000000084B2AAEFB
40360305	0x00000104F8BEC483	0x0000000000000000	0x0000000000000000	0x000000084B2AAEFB
40460305	0x0000000000000000	0x000000172FFD6B28	0x0000001BFD01FAC7	0x0000000000000000
40560305	0x0000000000000000	0x000000172FFD6B28	0x0000001BFD01FAC7	0x0000000000000000
40660305	0x0000000000000000	0x000000172FFD6B28	0x0000001BFD01FAC7	0x0000000000000000
30190500	0x00000086FD707138	0x0000000000000000	0x0000000000000000	0x0000000600000000
30190501	0x0000010DFD703E98	0x0000000000000000	0x0000000000000000	0x0000000C00000000
30190502	0x000001BD7D6FFCC8	0x0000000000000000	0x0000000000000000	0x00000013CCCCCC56
30190503	0x0000029570A2DF00	0x0000000000000000	0x0000000000000000	0x0000001D3FFFF508
30190504	0x00000395D708E540	0x0000000000000000	0x0000000000000000	0x0000002873332408
30290500	0x00000086FD707138	0x0000000000000000	0x0000000000000000	0x0000000600000000
30290501	0x0000010DFD703E98	0x0000000000000000	0x0000000000000000	0x0000000C00000000
30290502	0x000001BD7D6FFCC8	0x0000000000000000	0x0000000000000000	0x00000013CCCCCC56
30290503	0x0000029570A2DF00	0x0000000000000000	0x0000000000000000	0x0000001D3FFFF508
30290504	0x00000395D708E540	0x0000000000000000	0x0000000000000000	0x0000002873332408
30390500	0x00000086FD707138	0x0000000000000000	0x0000000000000000	0x0000000600000000
30390501	0x0000010DFD703E98	0x0000000000000000	0x0000000000000000	0x0000000C00000000
30390502	0x000001BD7D6FFCC8	0x0000000000000000	0x0000000000000000	0x00000013CCCCCC56
30390503	0x0000029570A2DF00	0x0000000000000000	0x0000000000000000	0x0000001D3FFFF508
30390504	0x00000395D708E540	0x0000000000000000	0x0000000000000000	0x0000002873332408
30490500	0x0000000000000000	0x0000000C3D709F40	0x00000013D9999228	0x0000000000000000
30490501	0x0000000000000000	0x000000187AE13E80	0x00000027B0A3C828	0x0000000000000000
30490502	0x0000000000000000	0x0000002863D6FB18	0x000000418F5C1060	0x0000000000000000
30490503	0x0000000000000000	0x0000003C07ADFDF8	0x0000006175C26AD0	0x0000000000000000
30490504	0x0000000000000000	0x0000005347ADF540	0x00000087170A0AC8	0x0000000000000000
30590500	0x0000000000000000	0x0000000C3D709F40	0x00000013D9999228	0x0000000000000000
30590501	0x0000000000000000	0x000000187AE13E80	0x00000027B0A3C828	0x0000000000000000
30590502	0x0000000000000000	0x0000002863D6FB18	0x000000418F5C1060	0x0000000000000000
30590503	0x0000000000000000	0x0000003C07ADFDF8	0x0000006175C26AD0	0x0000000000000000
30590504	0x0000000000000000	0x0000005347ADF540	0x00000087170A0AC8	0x0000000000000000
30690500	0x0000000000000000	0x0000000C3D709F40	0x00000013D9999228	0x0000000000000000
30690501	0x0000000000000000	0x000000187AE13E80	0x00000027B0A3C828	0x0000000000000000
30690502	0x0000000000000000	0x0000002863D6FB18	0x000000418F5C1060	0x0000000000000000
30690503	0x0000000000000000	0x0000003C07ADFDF8	0x0000006175C26AD0	0x0000000000000000
30690504	0x0000000000000000	0x0000005347ADF540	0x00000087170A0AC8	0x0000000000000000
23040010	0x0000000000000000	0x0000002B33333230	0x0000000000000000	0x0000001400000000
23040011	0x0000000000000000	0x0000004FB438FBE8	0x0000000000000000	0x00000024CCCCCBF0
23040012	0x0000000000000000	0x000000845A9F256E	0x0000000000000000	0x0000003D0CCCB5E8
23040013	0x0000000000000000	0x000000C90ABF9A9E	0x0000000000000000	0x0000005CD99976C8
23050010	0x0000000000000000	0x0000003099999876	0x0000000000000000	0x000000167FFFFF79
23050011	0x0000000000000000	0x00000061333330EC	0x0000000000000000	0x0000002D00000000
23050012	0x0000000000000000	0x000000A0614771F0	0x0000000000000000	0x0000004A666664A8
23050013	0x0000000000000000	0x000000EE3F7BDA18	0x0000000000000000	0x0000006E733309C8
23050014	0x0000000000000000	0x0000014AB22B8FF8	0x0000000000000000	0x000000993FFFC688
23060010	0x0000000000000000	0x0000003600000000	0x0000000000000000	0x0000001900000000
23060011	0x0000000000000000	0x00000072BFFFD4F8	0x0000000000000000	0x000000353FFFEC08
23060012	0x0000000000000000	0x000000C1CE552402	0x0000000000000000	0x00000059D99977E8
23060013	0x0000000000000000	0x00000122F3B4F538	0x0000000000000000	0x0000008700000000
23060014	0x0000000000000000	0x000001964BC4D228	0x0000000000000000	0x000000BC9999952E
30160310	0x00000095FD706B98	0x0000000000000000	0x0000000000000000	0x00000006AB851C38
30160311	0x0000013EBD702C50	0x0000000000000000	0x0000000000000000	0x0000000E2B851968
30160312	0x0000021A0A3CA6E0	0x0000000000000000	0x0000000000000000	0x00000017C51EAF68
30160313	0x00000327E3D5DB48	0x0000000000000000	0x0000000000000000	0x00000023AB851158
30160314	0x000004684A3BC988	0x0000000000000000	0x0000000000000000	0x0000003211EB7258
30260310	0x00000095FD706B98	0x0000000000000000	0x0000000000000000	0x00000006AB851C38
30260311	0x0000013EBD702C50	0x0000000000000000	0x0000000000000000	0x0000000E2B851968
30260312	0x0000021A0A3CA6E0	0x0000000000000000	0x0000000000000000	0x00000017C51EAF68
30260313	0x00000327E3D5DB48	0x0000000000000000	0x0000000000000000	0x00000023AB851158
30260314	0x000004684A3BC988	0x0000000000000000	0x0000000000000000	0x0000003211EB7258
30360310	0x00000095FD706B98	0x0000000000000000	0x0000000000000000	0x00000006AB851C38
30360311	0x0000013EBD702C50	0x0000000000000000	0x0000000000000000	0x0000000E2B851968
30360312	0x0000021A0A3CA6E0	0x0000000000000000	0x0000000000000000	0x00000017C51EAF68
30360313	0x00000327E3D5DB48	0x0000000000000000	0x0000000000000000	0x00000023AB851158
30360314	0x000004684A3BC988	0x0000000000000000	0x0000000000000000	0x0000003211EB7258
30460310	0x0000000000000000	0x0000000D547ADC48	0x000000167FFFFF79	0x0000000000000000
30460311	0x0000000000000000	0x0000001C547AD6A8	0x0000002FBFFFEE18	0x0000000000000000
30460312	0x0000000000000000	0x0000002FD47ACF58	0x00000050BFFFE1B8	0x0000000000000000
30460313	0x0000000000000000	0x00000047FAE12CB0	0x0000007959996C18	0x0000000000000000
30460314	0x0000000000000000	0x0000006461478870	0x000000A959995A18	0x0000000000000000
30560310	0x0000000000000000	0x0000000D547ADC48	0x000000167FFFFF79	0x0000000000000000
30560311	0x0000000000000000	0x0000001C547AD6A8	0x0000002FBFFFEE18	0x0000000000000000
30560312	0x0000000000000000	0x0000002FD47ACF58	0x00000050BFFFE1B8	0x0000000000000000
30560313	0x0000000000000000	0x00000047FAE12CB0	0x0000007959996C18	0x0000000000000000
30560314	0x0000000000000000	0x0000006461478870	0x000000A959995A18	0x0000000000000000
30660310	0x0000000000000000	0x0000000D547ADC48	0x000000167FFFFF79	0x0000000000000000
30660311	0x0000000000000000	0x0000001C547AD6A8	0x0000002FBFFFEE18	0x0000000000000000
30660312	0x0000000000000000	0x0000002FD47ACF58	0x00000050BFFFE1B8	0x0000000000000000
30660313	0x0000000000000000	0x00000047FAE12CB0	0x0000007959996C18	0x0000000000000000
30660314	0x0000000000000000	0x0000006461478870	0x000000A959995A18	0x0000000000000000
40160314	0x00000104F8BEC483	0x0000000000000000	0x0000000000000000	0x000000084B2AAEFB
40260314	0x00000104F8BEC483	0x0000000000000000	0x0000000000000000	0x000000084B2AAEFB
40360314	0x00000104F8BEC483	0x0000000000000000	0x0000000000000000	0x000000084B2AAEFB
40460314	0x0000000000000000	0x000000172FFD6B28	0x0000001BFD01FAC7	0x0000000000000000
40560314	0x0000000000000000	0x000000172FFD6B28	0x0000001BFD01FAC7	0x0000000000000000
40660314	0x0000000000000000	0x000000172FFD6B28	0x0000001BFD01FAC7	0x0000000000000000
40160315	0x00000104F8BEC483	0x0000000000000000	0x0000000000000000	0x000000084B2AAEFB
40260315	0x00000104F8BEC483	0x0000000000000000	0x0000000000000000	0x000000084B2AAEFB
40360315	0x00000104F8BEC483	0x0000000000000000	0x0000000000000000	0x000000084B2AAEFB
40460315	0x0000000000000000	0x000000172FFD6B28	0x0000001BFD01FAC7	0x0000000000000000
40560315	0x0000000000000000	0x000000172FFD6B28	0x0000001BFD01FAC7	0x0000000000000000
40660315	0x0000000000000000	0x000000172FFD6B28	0x0000001BFD01FAC7	0x0000000000000000
23140010	0x0000000000000000	0x00000029999998A0	0x0000000000000000	0x0000001400000000
23140011	0x0000000000000000	0x0000004CC082B9B0	0x0000000000000000	0x00000024CCCCCBF0
23140012	0x0000000000000000	0x0000007F73B5B244	0x0000000000000000	0x0000003D0CCCB5E8
23140013	0x0000000000000000	0x000000C1989294E4	0x0000000000000000	0x0000005CD99976C8
23150010	0x0000000000000000	0x0000002ECCCCCBB4	0x0000000000000000	0x000000167FFFFF79
23150011	0x0000000000000000	0x0000005D99999768	0x0000000000000000	0x0000002D00000000
23150012	0x0000000000000000	0x0000009A70A39D20	0x0000000000000000	0x0000004A666664A8
23150013	0x0000000000000000	0x000000E56C8A3A50	0x0000000000000000	0x0000006E733309C8
23150014	0x0000000000000000	0x0000013E72AEB090	0x0000000000000000	0x000000993FFFC688
23160010	0x0000000000000000	0x0000003400000000	0x0000000000000000	0x0000001900000000
23160011	0x0000000000000000	0x0000006E7FFFFD69	0x0000000000000000	0x000000353FFFEC08
23160012	0x0000000000000000	0x000000BAA0C3C3DC	0x0000000000000000	0x00000059D99977E8
23160013	0x0000000000000000	0x000001182D0D1210	0x0000000000000000	0x0000008700000000
23160014	0x0000000000000000	0x000001873F7B2930	0x0000000000000000	0x000000BC9999952E
23240010	0x0000000000000000	0x0000002C6666655C	0x0000000000000000	0x00000013666665F2
23240011	0x0000000000000000	0x00000051EB01AD92	0x0000000000000000	0x00000023B22CE510
23240012	0x0000000000000000	0x0000008807BFB438	0x0000000000000000	0x0000003B37E905F8
23240013	0x0000000000000000	0x000000CEA04B4CF8	0x0000000000000000	0x0000005A10790B98
23250010	0x0000000000000000	0x00000031F3332078	0x0000000000000000	0x00000015D33319F7
23250011	0x0000000000000000	0x00000063E666640F	0x0000000000000000	0x0000002BA6665608
23250012	0x0000000000000000	0x000000A4D5C1D0C5	0x0000000000000000	0x000000482B01B8D8
23250013	0x0000000000000000	0x000000F4DDB111EE	0x0000000000000000	0x0000006B22E5BC98
23250014	0x0000000000000000	0x00000153E1C93786	0x0000000000000000	0x00000094A6F9B0D8
23260010	0x0000000000000000	0x000000377FFFFEB3	0x0000000000000000	0x000000183FFFF6E8
23260011	0x0000000000000000	0x00000075EFF2DEC8	0x0000000000000000	0x00000033A7047D58
23260012	0x0000000000000000	0x000000C7306CE588	0x0000000000000000	0x0000005727839BF8
23260013	0x0000000000000000	0x0000012B08B2DF96	0x0000000000000000	0x00000082F3330218
23260014	0x0000000000000000	0x000001A194FC10E2	0x0000000000000000	0x000000B6F12615F2
30160320	0x00000095FD706B98	0x0000000000000000	0x0000000000000000	0x00000006AB851C38
30160321	0x0000013EBD702C50	0x0000000000000000	0x0000000000000000	0x0000000E2B851968
30160322	0x0000021A0A3CA6E0	0x0000000000000000	0x0000000000000000	0x00000017C51EAF68
30160323	0x00000327E3D5DB48	0x0000000000000000	0x0000000000000000	0x00000023AB851158
30160324	0x000004684A3BC988	0x0000000000000000	0x0000000000000000	0x0000003211EB7258
30260320	0x00000095FD706B98	0x0000000000000000	0x0000000000000000	0x00000006AB851C38
30260321	0x0000013EBD702C50	0x0000000000000000	0x0000000000000000	0x0000000E2B851968
30260322	0x0000021A0A3CA6E0	0x0000000000000000	0x0000000000000000	0x00000017C51EAF68
30260323	0x00000327E3D5DB48	0x0000000000000000	0x0000000000000000	0x00000023AB851158
30260324	0x000004684A3BC988	0x0000000000000000	0x0000000000000000	0x0000003211EB7258
30360320	0x00000095FD706B98	0x0000000000000000	0x0000000000000000	0x00000006AB851C38
30360321	0x0000013EBD702C50	0x0000000000000000	0x0000000000000000	0x0000000E2B851968
30360322	0x0000021A0A3CA6E0	0x0000000000000000	0x0000000000000000	0x00000017C51EAF68
30360323	0x00000327E3D5DB48	0x0000000000000000	0x0000000000000000	0x00000023AB851158
30360324	0x000004684A3BC988	0x0000000000000000	0x0000000000000000	0x0000003211EB7258
30460320	0x0000000000000000	0x0000000D547ADC48	0x000000167FFFFF79	0x0000000000000000
30460321	0x0000000000000000	0x0000001C547AD6A8	0x0000002FBFFFEE18	0x0000000000000000
30460322	0x0000000000000000	0x0000002FD47ACF58	0x00000050BFFFE1B8	0x0000000000000000
30460323	0x0000000000000000	0x00000047FAE12CB0	0x0000007959996C18	0x0000000000000000
30460324	0x0000000000000000	0x0000006461478870	0x000000A959995A18	0x0000000000000000
30560320	0x0000000000000000	0x0000000D547ADC48	0x000000167FFFFF79	0x0000000000000000
30560321	0x0000000000000000	0x0000001C547AD6A8	0x0000002FBFFFEE18	0x0000000000000000
30560322	0x0000000000000000	0x0000002FD47ACF58	0x00000050BFFFE1B8	0x0000000000000000
30560323	0x0000000000000000	0x00000047FAE12CB0	0x0000007959996C18	0x0000000000000000
30560324	0x0000000000000000	0x0000006461478870	0x000000A959995A18	0x0000000000000000
30660320	0x0000000000000000	0x0000000D547ADC48	0x000000167FFFFF79	0x0000000000000000
30660321	0x0000000000000000	0x0000001C547AD6A8	0x0000002FBFFFEE18	0x0000000000000000
30660322	0x0000000000000000	0x0000002FD47ACF58	0x00000050BFFFE1B8	0x0000000000000000
30660323	0x0000000000000000	0x00000047FAE12CB0	0x0000007959996C18	0x0000000000000000
30660324	0x0000000000000000	0x0000006461478870	0x000000A959995A18	0x0000000000000000
40160324	0x00000104F8BEC483	0x0000000000000000	0x0000000000000000	0x000000084B2AAEFB
40260324	0x00000104F8BEC483	0x0000000000000000	0x0000000000000000	0x000000084B2AAEFB
40360324	0x00000104F8BEC483	0x0000000000000000	0x0000000000000000	0x000000084B2AAEFB
40460324	0x0000000000000000	0x000000172FFD6B28	0x0000001BFD01FAC7	0x0000000000000000
40560324	0x0000000000000000	0x000000172FFD6B28	0x0000001BFD01FAC7	0x0000000000000000
40660324	0x0000000000000000	0x000000172FFD6B28	0x0000001BFD01FAC7	0x0000000000000000
40160325	0x00000104F8BEC483	0x0000000000000000	0x0000000000000000	0x000000084B2AAEFB
40260325	0x00000104F8BEC483	0x0000000000000000	0x0000000000000000	0x000000084B2AAEFB
40360325	0x00000104F8BEC483	0x0000000000000000	0x0000000000000000	0x000000084B2AAEFB
40460325	0x0000000000000000	0x000000172FFD6B28	0x0000001BFD01FAC7	0x0000000000000000
40560325	0x0000000000000000	0x000000172FFD6B28	0x0000001BFD01FAC7	0x0000000000000000
40660325	0x0000000000000000	0x000000172FFD6B28	0x0000001BFD01FAC7	0x0000000000000000
23340010	0x0000000000000000	0x0000002C00000000	0x0000000000000000	0x0000001400000000
23340011	0x0000000000000000	0x000000512E145C70	0x0000000000000000	0x00000024CCCCCBF0
23340012	0x0000000000000000	0x00000086CE13DF03	0x0000000000000000	0x0000003D0CCCB5E8
23340013	0x0000000000000000	0x000000CCC3D61D7B	0x0000000000000000	0x0000005CD99976C8
23350010	0x0000000000000000	0x000000317FFFFED7	0x0000000000000000	0x000000167FFFFF79
23350011	0x0000000000000000	0x0000006300000000	0x0000000000000000	0x0000002D00000000
23350012	0x0000000000000000	0x000000A359995C58	0x0000000000000000	0x0000004A666664A8
23350013	0x0000000000000000	0x000000F2A8F56790	0x0000000000000000	0x0000006E733309C8
23350014	0x0000000000000000	0x00000150D1EB06D0	0x0000000000000000	0x000000993FFFC688
23360010	0x0000000000000000	0x0000003700000000	0x0000000000000000	0x0000001900000000
23360011	0x0000000000000000	0x00000074DFFF78DD	0x0000000000000000	0x000000353FFFEC08
23360012	0x0000000000000000	0x000000C5651DD415	0x0000000000000000	0x00000059D99977E8
23360013	0x0000000000000000	0x000001285709CE50	0x0000000000000000	0x0000008700000000
23360014	0x0000000000000000	0x0000019DD1EAE9F0	0x0000000000000000	0x000000BC9999952E
30160330	0x00000095FD706B98	0x0000000000000000	0x0000000000000000	0x00000006AB851C38
30160331	0x0000013EBD702C50	0x0000000000000000	0x0000000000000000	0x0000000E2B851968
30160332	0x0000021A0A3CA6E0	0x0000000000000000	0x0000000000000000	0x00000017C51EAF68
30160333	0x00000327E3D5DB48	0x0000000000000000	0x0000000000000000	0x00000023AB851158
30160334	0x000004684A3BC988	0x0000000000000000	0x0000000000000000	0x0000003211EB7258
30260330	0x00000095FD706B98	0x0000000000000000	0x0000000000000000	0x00000006AB851C38
30260331	0x0000013EBD702C50	0x0000000000000000	0x0000000000000000	0x0000000E2B851968
30260332	0x0000021A0A3CA6E0	0x0000000000000000	0x0000000000000000	0x00000017C51EAF68
30260333	0x00000327E3D5DB48	0x0000000000000000	0x0000000000000000	0x00000023AB851158
30260334	0x000004684A3BC988	0x0000000000000000	0x0000000000000000	0x0000003211EB7258
30360330	0x00000095FD706B98	0x0000000000000000	0x0000000000000000	0x00000006AB851C38
30360331	0x0000013EBD702C50	0x0000000000000000	0x0000000000000000	0x0000000E2B851968
30360332	0x0000021A0A3CA6E0	0x0000000000000000	0x0000000000000000	0x00000017C51EAF68
30360333	0x00000327E3D5DB48	0x0000000000000000	0x0000000000000000	0x00000023AB851158
30360334	0x000004684A3BC988	0x0000000000000000	0x0000000000000000	0x0000003211EB7258
30460330	0x0000000000000000	0x0000000D547ADC48	0x000000167FFFFF79	0x0000000000000000
30460331	0x0000000000000000	0x0000001C547AD6A8	0x0000002FBFFFEE18	0x0000000000000000
30460332	0x0000000000000000	0x0000002FD47ACF58	0x00000050BFFFE1B8	0x0000000000000000
30460333	0x0000000000000000	0x00000047FAE12CB0	0x0000007959996C18	0x0000000000000000
30460334	0x0000000000000000	0x0000006461478870	0x000000A959995A18	0x0000000000000000
30560330	0x0000000000000000	0x0000000D547ADC48	0x000000167FFFFF79	0x0000000000000000
30560331	0x0000000000000000	0x0000001C547AD6A8	0x0000002FBFFFEE18	0x0000000000000000
30560332	0x0000000000000000	0x0000002FD47ACF58	0x00000050BFFFE1B8	0x0000000000000000
30560333	0x0000000000000000	0x00000047FAE12CB0	0x0000007959996C18	0x0000000000000000
30560334	0x0000000000000000	0x0000006461478870	0x000000A959995A18	0x0000000000000000
30660330	0x0000000000000000	0x0000000D547ADC48	0x000000167FFFFF79	0x0000000000000000
30660331	0x0000000000000000	0x0000001C547AD6A8	0x0000002FBFFFEE18	0x0000000000000000
30660332	0x0000000000000000	0x0000002FD47ACF58	0x00000050BFFFE1B8	0x0000000000000000
30660333	0x0000000000000000	0x00000047FAE12CB0	0x0000007959996C18	0x0000000000000000
30660334	0x0000000000000000	0x0000006461478870	0x000000A959995A18	0x0000000000000000
40160334	0x00000104F8BEC483	0x0000000000000000	0x0000000000000000	0x000000084B2AAEFB
40260334	0x00000104F8BEC483	0x0000000000000000	0x0000000000000000	0x000000084B2AAEFB
40360334	0x00000104F8BEC483	0x0000000000000000	0x0000000000000000	0x000000084B2AAEFB
40460334	0x0000000000000000	0x000000172FFD6B28	0x0000001BFD01FAC7	0x0000000000000000
40560334	0x0000000000000000	0x000000172FFD6B28	0x0000001BFD01FAC7	0x0000000000000000
40660334	0x0000000000000000	0x000000172FFD6B28	0x0000001BFD01FAC7	0x0000000000000000
40160335	0x00000104F8BEC483	0x0000000000000000	0x0000000000000000	0x000000084B2AAEFB
40260335	0x00000104F8BEC483	0x0000000000000000	0x0000000000000000	0x000000084B2AAEFB
40360335	0x00000104F8BEC483	0x0000000000000000	0x0000000000000000	0x000000084B2AAEFB
40460335	0x0000000000000000	0x000000172FFD6B28	0x0000001BFD01FAC7	0x0000000000000000
40560335	0x0000000000000000	0x000000172FFD6B28	0x0000001BFD01FAC7	0x0000000000000000
40660335	0x0000000000000000	0x000000172FFD6B28	0x0000001BFD01FAC7	0x0000000000000000
30150590	0x00000086FD707138	0x0000000000000000	0x0000000000000000	0x0000000600000000
30150591	0x0000010DFD703E98	0x0000000000000000	0x0000000000000000	0x0000000C00000000
30150592	0x000001BD7D6FFCC8	0x0000000000000000	0x0000000000000000	0x00000013CCCCCC56
30150593	0x0000029570A2DF00	0x0000000000000000	0x0000000000000000	0x0000001D3FFFF508
30150594	0x00000395D708E540	0x0000000000000000	0x0000000000000000	0x0000002873332408
30250590	0x00000086FD707138	0x0000000000000000	0x0000000000000000	0x0000000600000000
30250591	0x0000010DFD703E98	0x0000000000000000	0x0000000000000000	0x0000000C00000000
30250592	0x000001BD7D6FFCC8	0x0000000000000000	0x0000000000000000	0x00000013CCCCCC56
30250593	0x0000029570A2DF00	0x0000000000000000	0x0000000000000000	0x0000001D3FFFF508
30250594	0x00000395D708E540	0x0000000000000000	0x0000000000000000	0x0000002873332408
30350590	0x00000086FD707138	0x0000000000000000	0x0000000000000000	0x0000000600000000
30350591	0x0000010DFD703E98	0x0000000000000000	0x0000000000000000	0x0000000C00000000
30350592	0x000001BD7D6FFCC8	0x0000000000000000	0x0000000000000000	0x00000013CCCCCC56
30350593	0x0000029570A2DF00	0x0000000000000000	0x0000000000000000	0x0000001D3FFFF508
30350594	0x00000395D708E540	0x0000000000000000	0x0000000000000000	0x0000002873332408
30450590	0x0000000000000000	0x0000000C00000000	0x000000143FFFF868	0x0000000000000000
30450591	0x0000000000000000	0x0000001800000000	0x000000287FFFFF0D	0x0000000000000000
30450592	0x0000000000000000	0x00000027999998AC	0x00000042E66664D5	0x0000000000000000
30450593	0x0000000000000000	0x0000003AD9998388	0x0000006373330DE8	0x0000000000000000
30450594	0x0000000000000000	0x00000051A66647C8	0x00000089D99965E8	0x0000000000000000
30550590	0x0000000000000000	0x0000000C00000000	0x000000143FFFF868	0x0000000000000000
30550591	0x0000000000000000	0x0000001800000000	0x000000287FFFFF0D	0x0000000000000000
30550592	0x0000000000000000	0x00000027999998AC	0x00000042E66664D5	0x0000000000000000
30550593	0x0000000000000000	0x0000003AD9998388	0x0000006373330DE8	0x0000000000000000
30550594	0x0000000000000000	0x00000051A66647C8	0x00000089D99965E8	0x0000000000000000
30650590	0x0000000000000000	0x0000000C00000000	0x000000143FFFF868	0x0000000000000000
30650591	0x0000000000000000	0x0000001800000000	0x000000287FFFFF0D	0x0000000000000000
30650592	0x0000000000000000	0x00000027999998AC	0x00000042E66664D5	0x0000000000000000
30650593	0x0000000000000000	0x0000003AD9998388	0x0000006373330DE8	0x0000000000000000
30650594	0x0000000000000000	0x00000051A66647C8	0x00000089D99965E8	0x0000000000000000
30150600	0x00000086FD707138	0x0000000000000000	0x0000000000000000	0x0000000600000000
30150601	0x0000010DFD703E98	0x0000000000000000	0x0000000000000000	0x0000000C00000000
30150602	0x000001BD7D6FFCC8	0x0000000000000000	0x0000000000000000	0x00000013CCCCCC56
30150603	0x0000029570A2DF00	0x0000000000000000	0x0000000000000000	0x0000001D3FFFF508
30150604	0x00000395D708E540	0x0000000000000000	0x0000000000000000	0x0000002873332408
30250600	0x00000086FD707138	0x0000000000000000	0x0000000000000000	0x0000000600000000
30250601	0x0000010DFD703E98	0x0000000000000000	0x0000000000000000	0x0000000C00000000
30250602	0x000001BD7D6FFCC8	0x0000000000000000	0x0000000000000000	0x00000013CCCCCC56
30250603	0x0000029570A2DF00	0x0000000000000000	0x0000000000000000	0x0000001D3FFFF508
30250604	0x00000395D708E540	0x0000000000000000	0x0000000000000000	0x0000002873332408
30350600	0x00000086FD707138	0x0000000000000000	0x0000000000000000	0x0000000600000000
30350601	0x0000010DFD703E98	0x0000000000000000	0x0000000000000000	0x0000000C00000000
30350602	0x000001BD7D6FFCC8	0x0000000000000000	0x0000000000000000	0x00000013CCCCCC56
30350603	0x0000029570A2DF00	0x0000000000000000	0x0000000000000000	0x0000001D3FFFF508
30350604	0x00000395D708E540	0x0000000000000000	0x0000000000000000	0x0000002873332408
30450600	0x0000000000000000	0x0000000C00000000	0x000000143FFFF868	0x0000000000000000
30450601	0x0000000000000000	0x0000001800000000	0x000000287FFFFF0D	0x0000000000000000
30450602	0x0000000000000000	0x00000027999998AC	0x00000042E66664D5	0x0000000000000000
30450603	0x0000000000000000	0x0000003AD9998388	0x0000006373330DE8	0x0000000000000000
30450604	0x0000000000000000	0x00000051A66647C8	0x00000089D99965E8	0x0000000000000000
30550600	0x0000000000000000	0x0000000C00000000	0x000000143FFFF868	0x0000000000000000
30550601	0x0000000000000000	0x0000001800000000	0x000000287FFFFF0D	0x0000000000000000
30550602	0x0000000000000000	0x00000027999998AC	0x00000042E66664D5	0x0000000000000000
30550603	0x0000000000000000	0x0000003AD9998388	0x0000006373330DE8	0x0000000000000000
30550604	0x0000000000000000	0x00000051A66647C8	0x00000089D99965E8	0x0000000000000000
30650600	0x0000000000000000	0x0000000C00000000	0x000000143FFFF868	0x0000000000000000
30650601	0x0000000000000000	0x0000001800000000	0x000000287FFFFF0D	0x0000000000000000
30650602	0x0000000000000000	0x00000027999998AC	0x00000042E66664D5	0x0000000000000000
30650603	0x0000000000000000	0x0000003AD9998388	0x0000006373330DE8	0x0000000000000000
30650604	0x0000000000000000	0x00000051A66647C8	0x00000089D99965E8	0x0000000000000000
23440010	0x0000000000000000	0x0000002C6666655C	0x0000000000000000	0x00000013666665F2
23440011	0x0000000000000000	0x00000051EB01AD92	0x0000000000000000	0x00000023B22CE510
23440012	0x0000000000000000	0x0000008807BFB438	0x0000000000000000	0x0000003B37E905F8
23440013	0x0000000000000000	0x000000CEA04B4CF8	0x0000000000000000	0x0000005A10790B98
23450010	0x0000000000000000	0x00000031F3332078	0x0000000000000000	0x00000015D33319F7
23450011	0x0000000000000000	0x00000063E666640F	0x0000000000000000	0x0000002BA6665608
23450012	0x0000000000000000	0x000000A4D5C1D0C5	0x0000000000000000	0x000000482B01B8D8
23450013	0x0000000000000000	0x000000F4DDB111EE	0x0000000000000000	0x0000006B22E5BC98
23450014	0x0000000000000000	0x00000153E1C93786	0x0000000000000000	0x00000094A6F9B0D8
23460010	0x0000000000000000	0x000000377FFFFEB3	0x0000000000000000	0x000000183FFFF6E8
23460011	0x0000000000000000	0x00000075EFF2DEC8	0x0000000000000000	0x00000033A7047D58
23460012	0x0000000000000000	0x000000C7306CE588	0x0000000000000000	0x0000005727839BF8
23460013	0x0000000000000000	0x0000012B08B2DF96	0x0000000000000000	0x00000082F3330218
23460014	0x0000000000000000	0x000001A194FC10E2	0x0000000000000000	0x000000B6F12615F2
30160340	0x00000095FD706B98	0x0000000000000000	0x0000000000000000	0x00000006AB851C38
30160341	0x0000013EBD702C50	0x0000000000000000	0x0000000000000000	0x0000000E2B851968
30160342	0x0000021A0A3CA6E0	0x0000000000000000	0x0000000000000000	0x00000017C51EAF68
30160343	0x00000327E3D5DB48	0x0000000000000000	0x0000000000000000	0x00000023AB851158
30160344	0x000004684A3BC988	0x0000000000000000	0x0000000000000000	0x0000003211EB7258
30260340	0x00000095FD706B98	0x0000000000000000	0x0000000000000000	0x00000006AB851C38
30260341	0x0000013EBD702C50	0x0000000000000000	0x0000000000000000	0x0000000E2B851968
30260342	0x0000021A0A3CA6E0	0x0000000000000000	0x0000000000000000	0x00000017C51EAF68
30260343	0x00000327E3D5DB48	0x0000000000000000	0x0000000000000000	0x00000023AB851158
30260344	0x000004684A3BC988	0x0000000000000000	0x0000000000000000	0x0000003211EB7258
30360340	0x00000095FD706B98	0x0000000000000000	0x0000000000000000	0x00000006AB851C38
30360341	0x0000013EBD702C50	0x0000000000000000	0x0000000000000000	0x0000000E2B851968
30360342	0x0000021A0A3CA6E0	0x0000000000000000	0x0000000000000000	0x00000017C51EAF68
30360343	0x00000327E3D5DB48	0x0000000000000000	0x0000000000000000	0x00000023AB851158
30360344	0x000004684A3BC988	0x0000000000000000	0x0000000000000000	0x0000003211EB7258
30460340	0x0000000000000000	0x0000000D547ADC48	0x000000167FFFFF79	0x0000000000000000
30460341	0x0000000000000000	0x0000001C547AD6A8	0x0000002FBFFFEE18	0x0000000000000000
30460342	0x0000000000000000	0x0000002FD47ACF58	0x00000050BFFFE1B8	0x0000000000000000
30460343	0x0000000000000000	0x00000047FAE12CB0	0x0000007959996C18	0x0000000000000000
30460344	0x0000000000000000	0x0000006461478870	0x000000A959995A18	0x0000000000000000
30560340	0x0000000000000000	0x0000000D547ADC48	0x000000167FFFFF79	0x0000000000000000
30560341	0x0000000000000000	0x0000001C547AD6A8	0x0000002FBFFFEE18	0x0000000000000000
30560342	0x0000000000000000	0x0000002FD47ACF58	0x00000050BFFFE1B8	0x0000000000000000
30560343	0x0000000000000000	0x00000047FAE12CB0	0x0000007959996C18	0x0000000000000000
30560344	0x0000000000000000	0x0000006461478870	0x000000A959995A18	0x0000000000000000
30660340	0x0000000000000000	0x0000000D547ADC48	0x000000167FFFFF79	0x0000000000000000
30660341	0x0000000000000000	0x0000001C547AD6A8	0x0000002FBFFFEE18	0x0000000000000000
30660342	0x0000000000000000	0x0000002FD47ACF58	0x00000050BFFFE1B8	0x0000000000000000
30660343	0x0000000000000000	0x00000047FAE12CB0	0x0000007959996C18	0x0000000000000000
30660344	0x0000000000000000	0x0000006461478870	0x000000A959995A18	0x0000000000000000
40160344	0x00000104F8BEC483	0x0000000000000000	0x0000000000000000	0x000000084B2AAEFB
40260344	0x00000104F8BEC483	0x0000000000000000	0x0000000000000000	0x000000084B2AAEFB
40360344	0x00000104F8BEC483	0x0000000000000000	0x0000000000000000	0x000000084B2AAEFB
40460344	0x0000000000000000	0x000000172FFD6B28	0x0000001BFD01FAC7	0x0000000000000000
40560344	0x0000000000000000	0x000000172FFD6B28	0x0000001BFD01FAC7	0x0000000000000000
40660344	0x0000000000000000	0x000000172FFD6B28	0x0000001BFD01FAC7	0x0000000000000000
40160345	0x00000104F8BEC483	0x0000000000000000	0x0000000000000000	0x000000084B2AAEFB
40260345	0x00000104F8BEC483	0x0000000000000000	0x0000000000000000	0x000000084B2AAEFB
40360345	0x00000104F8BEC483	0x0000000000000000	0x0000000000000000	0x000000084B2AAEFB
40460345	0x0000000000000000	0x000000172FFD6B28	0x0000001BFD01FAC7	0x0000000000000000
40560345	0x0000000000000000	0x000000172FFD6B28	0x0000001BFD01FAC7	0x0000000000000000
40660345	0x0000000000000000	0x000000172FFD6B28	0x0000001BFD01FAC7	0x0000000000000000
23540010	0x0000000000000000	0x0000002600000000	0x0000000000000000	0x0000001400000000
23540011	0x0000000000000000	0x000000461C28DB78	0x0000000000000000	0x00000024CCCCCBF0
23540012	0x0000000000000000	0x000000746C1BFFB8	0x0000000000000000	0x0000003D0CCCB5E8
23540013	0x0000000000000000	0x000000B0D79A6478	0x0000000000000000	0x0000005CD99976C8
23550010	0x0000000000000000	0x0000002ABFFFEFF8	0x0000000000000000	0x000000167FFFFF79
23550011	0x0000000000000000	0x000000557FFFFDFF	0x0000000000000000	0x0000002D00000000
23550012	0x0000000000000000	0x0000008D13329015	0x0000000000000000	0x0000004A666664A8
23550013	0x0000000000000000	0x000000D191EB3688	0x0000000000000000	0x0000006E733309C8
23550014	0x0000000000000000	0x00000122E3D69D28	0x0000000000000000	0x000000993FFFC688
23560010	0x0000000000000000	0x0000002F7FFFFEE3	0x0000000000000000	0x0000001900000000
23560011	0x0000000000000000	0x00000064EFF4C348	0x0000000000000000	0x000000353FFFEC08
23560012	0x0000000000000000	0x000000AA7A2A7608	0x0000000000000000	0x00000059D99977E8
23560013	0x0000000000000000	0x000000FFEE141AE8	0x0000000000000000	0x0000008700000000
23560014	0x0000000000000000	0x0000016563D68438	0x0000000000000000	0x000000BC9999952E
23640010	0x0000000000000000	0x0000002A00000000	0x0000000000000000	0x0000001400000000
23640011	0x0000000000000000	0x0000004D7D7086C8	0x0000000000000000	0x00000024CCCCCBF0
23640012	0x0000000000000000	0x00000080AD625088	0x0000000000000000	0x0000003D0CCCB5E8
23640013	0x0000000000000000	0x000000C37508F5C8	0x0000000000000000	0x0000005CD99976C8
23650010	0x0000000000000000	0x0000002F3FFFEE48	0x0000000000000000	0x000000167FFFFF79
23650011	0x0000000000000000	0x0000005E7FFFFDC9	0x0000000000000000	0x0000002D00000000
23650012	0x0000000000000000	0x0000009BECCC1883	0x0000000000000000	0x0000004A666664A8
23650013	0x0000000000000000	0x000000E7A1475738	0x0000000000000000	0x0000006E733309C8
23650014	0x0000000000000000	0x00000141828EE398	0x0000000000000000	0x000000993FFFC688
23660010	0x0000000000000000	0x000000347FFFFEC5	0x0000000000000000	0x0000001900000000
23660011	0x0000000000000000	0x0000006F8FF39478	0x0000000000000000	0x000000353FFFEC08
23660012	0x0000000000000000	0x000000BC6C13FBB8	0x0000000000000000	0x00000059D99977E8
23660013	0x0000000000000000	0x0000011ADEB7E7D8	0x0000000000000000	0x0000008700000000
23660014	0x0000000000000000	0x0000018B028EC808	0x0000000000000000	0x000000BC9999952E
30160350	0x00000095FD706B98	0x0000000000000000	0x0000000000000000	0x00000006AB851C38
30160351	0x0000013EBD702C50	0x0000000000000000	0x0000000000000000	0x0000000E2B851968
30160352	0x0000021A0A3CA6E0	0x0000000000000000	0x0000000000000000	0x00000017C51EAF68
30160353	0x00000327E3D5DB48	0x0000000000000000	0x0000000000000000	0x00000023AB851158
30160354	0x000004684A3BC988	0x0000000000000000	0x0000000000000000	0x0000003211EB7258
30260350	0x00000095FD706B98	0x0000000000000000	0x0000000000000000	0x00000006AB851C38
30260351	0x0000013EBD702C50	0x0000000000000000	0x0000000000000000	0x0000000E2B851968
30260352	0x0000021A0A3CA6E0	0x0000000000000000	0x0000000000000000	0x00000017C51EAF68
30260353	0x00000327E3D5DB48	0x0000000000000000	0x0000000000000000	0x00000023AB851158
30260354	0x000004684A3BC988	0x0000000000000000	0x0000000000000000	0x0000003211EB7258
30360350	0x00000095FD706B98	0x0000000000000000	0x0000000000000000	0x00000006AB851C38
30360351	0x0000013EBD702C50	0x0000000000000000	0x0000000000000000	0x0000000E2B851968
30360352	0x0000021A0A3CA6E0	0x0000000000000000	0x0000000000000000	0x00000017C51EAF68
30360353	0x00000327E3D5DB48	0x0000000000000000	0x0000000000000000	0x00000023AB851158
30360354	0x000004684A3BC988	0x0000000000000000	0x0000000000000000	0x0000003211EB7258
30460350	0x0000000000000000	0x0000000D547ADC48	0x000000167FFFFF79	0x0000000000000000
30460351	0x0000000000000000	0x0000001C547AD6A8	0x0000002FBFFFEE18	0x0000000000000000
30460352	0x0000000000000000	0x0000002FD47ACF58	0x00000050BFFFE1B8	0x0000000000000000
30460353	0x0000000000000000	0x00000047FAE12CB0	0x0000007959996C18	0x0000000000000000
30460354	0x0000000000000000	0x0000006461478870	0x000000A959995A18	0x0000000000000000
30560350	0x0000000000000000	0x0000000D547ADC48	0x000000167FFFFF79	0x0000000000000000
30560351	0x0000000000000000	0x0000001C547AD6A8	0x0000002FBFFFEE18	0x0000000000000000
30560352	0x0000000000000000	0x0000002FD47ACF58	0x00000050BFFFE1B8	0x0000000000000000
30560353	0x0000000000000000	0x00000047FAE12CB0	0x0000007959996C18	0x0000000000000000
30560354	0x0000000000000000	0x0000006461478870	0x000000A959995A18	0x0000000000000000
30660350	0x0000000000000000	0x0000000D547ADC48	0x000000167FFFFF79	0x0000000000000000
30660351	0x0000000000000000	0x0000001C547AD6A8	0x0000002FBFFFEE18	0x0000000000000000
30660352	0x0000000000000000	0x0000002FD47ACF58	0x00000050BFFFE1B8	0x0000000000000000
30660353	0x0000000000000000	0x00000047FAE12CB0	0x0000007959996C18	0x0000000000000000
30660354	0x0000000000000000	0x0000006461478870	0x000000A959995A18	0x0000000000000000
40160354	0x00000104F8BEC483	0x0000000000000000	0x0000000000000000	0x000000084B2AAEFB
40260354	0x00000104F8BEC483	0x0000000000000000	0x0000000000000000	0x000000084B2AAEFB
40360354	0x00000104F8BEC483	0x0000000000000000	0x0000000000000000	0x000000084B2AAEFB
40460354	0x0000000000000000	0x000000172FFD6B28	0x0000001BFD01FAC7	0x0000000000000000
40560354	0x0000000000000000	0x000000172FFD6B28	0x0000001BFD01FAC7	0x0000000000000000
40660354	0x0000000000000000	0x000000172FFD6B28	0x0000001BFD01FAC7	0x0000000000000000
40160355	0x00000104F8BEC483	0x0000000000000000	0x0000000000000000	0x000000084B2AAEFB
40260355	0x00000104F8BEC483	0x0000000000000000	0x0000000000000000	0x000000084B2AAEFB
40360355	0x00000104F8BEC483	0x0000000000000000	0x0000000000000000	0x000000084B2AAEFB
40460355	0x0000000000000000	0x000000172FFD6B28	0x0000001BFD01FAC7	0x0000000000000000
40560355	0x0000000000000000	0x000000172FFD6B28	0x0000001BFD01FAC7	0x0000000000000000
40660355	0x0000000000000000	0x000000172FFD6B28	0x0000001BFD01FAC7	0x0000000000000000
23740010	0x0000000000000000	0x0000002800000000	0x0000000000000000	0x0000001400000000
23740011	0x0000000000000000	0x00000049CCCCCB12	0x0000000000000000	0x00000024CCCCCBF0
23740012	0x0000000000000000	0x0000007A8CCC9ED8	0x0000000000000000	0x0000003D0CCCB5E8
23740013	0x0000000000000000	0x000000BA26662098	0x0000000000000000	0x0000005CD99976C8
23750010	0x0000000000000000	0x0000002D00000000	0x0000000000000000	0x000000167FFFFF79
23750011	0x0000000000000000	0x0000005A00000000	0x0000000000000000	0x0000002D00000000
23750012	0x0000000000000000	0x000000947FFFFC85	0x0000000000000000	0x0000004A666664A8
23750013	0x0000000000000000	0x000000DC9999946E	0x0000000000000000	0x0000006E733309C8
23750014	0x0000000000000000	0x0000013233332C06	0x0000000000000000	0x000000993FFFC688
23760010	0x0000000000000000	0x0000003200000000	0x0000000000000000	0x0000001900000000
23760011	0x0000000000000000	0x0000006A3FFFD828	0x0000000000000000	0x000000353FFFEC08
23760012	0x0000000000000000	0x000000B37332EFE8	0x0000000000000000	0x00000059D99977E8
23760013	0x0000000000000000	0x0000010D66666016	0x0000000000000000	0x0000008700000000
23760014	0x0000000000000000	0x0000017833332A62	0x0000000000000000	0x000000BC9999952E
30160360	0x00000095FD706B98	0x0000000000000000	0x0000000000000000	0x00000006AB851C38
30160361	0x0000013EBD702C50	0x0000000000000000	0x0000000000000000	0x0000000E2B851968
30160362	0x0000021A0A3CA6E0	0x0000000000000000	0x0000000000000000	0x00000017C51EAF68
30160363	0x00000327E3D5DB48	0x0000000000000000	0x0000000000000000	0x00000023AB851158
30160364	0x000004684A3BC988	0x0000000000000000	0x0000000000000000	0x0000003211EB7258
30260360	0x00000095FD706B98	0x0000000000000000	0x0000000000000000	0x00000006AB851C38
30260361	0x0000013EBD702C50	0x0000000000000000	0x0000000000000000	0x0000000E2B851968
30260362	0x0000021A0A3CA6E0	0x0000000000000000	0x0000000000000000	0x00000017C51EAF68
30260363	0x00000327E3D5DB48	0x0000000000000000	0x0000000000000000	0x00000023AB851158
30260364	0x000004684A3BC988	0x0000000000000000	0x0000000000000000	0x0000003211EB7258
30360360	0x00000095FD706B98	0x0000000000000000	0x0000000000000000	0x00000006AB851C38
30360361	0x0000013EBD702C50	0x0000000000000000	0x0000000000000000	0x0000000E2B851968
30360362	0x0000021A0A3CA6E0	0x0000000000000000	0x0000000000000000	0x00000017C51EAF68
30360363	0x00000327E3D5DB48	0x0000000000000000	0x0000000000000000	0x00000023AB851158
30360364	0x000004684A3BC988	0x0000000000000000	0x0000000000000000	0x0000003211EB7258
30460360	0x0000000000000000	0x0000000D547ADC48	0x000000167FFFFF79	0x0000000000000000
30460361	0x0000000000000000	0x0000001C547AD6A8	0x0000002FBFFFEE18	0x0000000000000000
30460362	0x0000000000000000	0x0000002FD47ACF58	0x00000050BFFFE1B8	0x0000000000000000
30460363	0x0000000000000000	0x00000047FAE12CB0	0x0000007959996C18	0x0000000000000000
30460364	0x0000000000000000	0x0000006461478870	0x000000A959995A18	0x0000000000000000
30560360	0x0000000000000000	0x0000000D547ADC48	0x000000167FFFFF79	0x0000000000000000
30560361	0x0000000000000000	0x0000001C547AD6A8	0x0000002FBFFFEE18	0x0000000000000000
30560362	0x0000000000000000	0x0000002FD47ACF58	0x00000050BFFFE1B8	0x0000000000000000
30560363	0x0000000000000000	0x00000047FAE12CB0	0x0000007959996C18	0x0000000000000000
30560364	0x0000000000000000	0x0000006461478870	0x000000A959995A18	0x0000000000000000
30660360	0x0000000000000000	0x0000000D547ADC48	0x000000167FFFFF79	0x0000000000000000
30660361	0x0000000000000000	0x0000001C547AD6A8	0x0000002FBFFFEE18	0x0000000000000000
30660362	0x0000000000000000	0x0000002FD47ACF58	0x00000050BFFFE1B8	0x0000000000000000
30660363	0x0000000000000000	0x00000047FAE12CB0	0x0000007959996C18	0x0000000000000000
30660364	0x0000000000000000	0x0000006461478870	0x000000A959995A18	0x0000000000000000
40160364	0x00000104F8BEC483	0x0000000000000000	0x0000000000000000	0x000000084B2AAEFB
40260364	0x00000104F8BEC483	0x0000000000000000	0x0000000000000000	0x000000084B2AAEFB
40360364	0x00000104F8BEC483	0x0000000000000000	0x0000000000000000	0x000000084B2AAEFB
40460364	0x0000000000000000	0x000000172FFD6B28	0x0000001BFD01FAC7	0x0000000000000000
40560364	0x0000000000000000	0x000000172FFD6B28	0x0000001BFD01FAC7	0x0000000000000000
40660364	0x0000000000000000	0x000000172FFD6B28	0x0000001BFD01FAC7	0x0000000000000000
40160365	0x00000104F8BEC483	0x0000000000000000	0x0000000000000000	0x000000084B2AAEFB
40260365	0x00000104F8BEC483	0x0000000000000000	0x0000000000000000	0x000000084B2AAEFB
40360365	0x00000104F8BEC483	0x0000000000000000	0x0000000000000000	0x000000084B2AAEFB
40460365	0x0000000000000000	0x000000172FFD6B28	0x0000001BFD01FAC7	0x0000000000000000
40560365	0x0000000000000000	0x000000172FFD6B28	0x0000001BFD01FAC7	0x0000000000000000
40660365	0x0000000000000000	0x000000172FFD6B28	0x0000001BFD01FAC7	0x0000000000000000
23840010	0x0000000000000000	0x0000002A00000000	0x0000000000000000	0x0000001400000000
23840011	0x0000000000000000	0x0000004D7D7086C8	0x0000000000000000	0x00000024CCCCCBF0
23840012	0x0000000000000000	0x00000080AD625088	0x0000000000000000	0x0000003D0CCCB5E8
23840013	0x0000000000000000	0x000000C37508F5C8	0x0000000000000000	0x0000005CD99976C8
23850010	0x0000000000000000	0x0000002F3FFFEE48	0x0000000000000000	0x000000167FFFFF79
23850011	0x0000000000000000	0x0000005E7FFFFDC9	0x0000000000000000	0x0000002D00000000
23850012	0x0000000000000000	0x0000009BECCC1883	0x0000000000000000	0x0000004A666664A8
23850013	0x0000000000000000	0x000000E7A1475738	0x0000000000000000	0x0000006E733309C8
23850014	0x0000000000000000	0x00000141828EE398	0x0000000000000000	0x000000993FFFC688
23860010	0x0000000000000000	0x000000347FFFFEC5	0x0000000000000000	0x0000001900000000
23860011	0x0000000000000000	0x0000006F8FF39478	0x0000000000000000	0x000000353FFFEC08
23860012	0x0000000000000000	0x000000BC6C13FBB8	0x0000000000000000	0x00000059D99977E8
23860013	0x0000000000000000	0x0000011ADEB7E7D8	0x0000000000000000	0x0000008700000000
23860014	0x0000000000000000	0x0000018B028EC808	0x0000000000000000	0x000000BC9999952E
30160370	0x00000095FD706B98	0x0000000000000000	0x0000000000000000	0x00000006AB851C38
30160371	0x0000013EBD702C50	0x0000000000000000	0x0000000000000000	0x0000000E2B851968
30160372	0x0000021A0A3CA6E0	0x0000000000000000	0x0000000000000000	0x00000017C51EAF68
30160373	0x00000327E3D5DB48	0x0000000000000000	0x0000000000000000	0x00000023AB851158
30160374	0x000004684A3BC988	0x0000000000000000	0x0000000000000000	0x0000003211EB7258
30260370	0x00000095FD706B98	0x0000000000000000	0x0000000000000000	0x00000006AB851C38
30260371	0x0000013EBD702C50	0x0000000000000000	0x0000000000000000	0x0000000E2B851968
30260372	0x0000021A0A3CA6E0	0x0000000000000000	0x0000000000000000	0x00000017C51EAF68
30260373	0x00000327E3D5DB48	0x0000000000000000	0x0000000000000000	0x00000023AB851158
30260374	0x000004684A3BC988	0x0000000000000000	0x0000000000000000	0x0000003211EB7258
30360370	0x00000095FD706B98	0x0000000000000000	0x0000000000000000	0x00000006AB851C38
30360371	0x0000013EBD702C50	0x0000000000000000	0x0000000000000000	0x0000000E2B851968
30360372	0x0000021A0A3CA6E0	0x0000000000000000	0x0000000000000000	0x00000017C51EAF68
30360373	0x00000327E3D5DB48	0x0000000000000000	0x0000000000000000	0x00000023AB851158
30360374	0x000004684A3BC988	0x0000000000000000	0x0000000000000000	0x0000003211EB7258
30460370	0x0000000000000000	0x0000000D547ADC48	0x000000167FFFFF79	0x0000000000000000
30460371	0x0000000000000000	0x0000001C547AD6A8	0x0000002FBFFFEE18	0x0000000000000000
30460372	0x0000000000000000	0x0000002FD47ACF58	0x00000050BFFFE1B8	0x0000000000000000
30460373	0x0000000000000000	0x00000047FAE12CB0	0x0000007959996C18	0x0000000000000000
30460374	0x0000000000000000	0x0000006461478870	0x000000A959995A18	0x0000000000000000
30560370	0x0000000000000000	0x0000000D547ADC48	0x000000167FFFFF79	0x0000000000000000
30560371	0x0000000000000000	0x0000001C547AD6A8	0x0000002FBFFFEE18	0x0000000000000000
30560372	0x0000000000000000	0x0000002FD47ACF58	0x00000050BFFFE1B8	0x0000000000000000
30560373	0x0000000000000000	0x00000047FAE12CB0	0x0000007959996C18	0x0000000000000000
30560374	0x0000000000000000	0x0000006461478870	0x000000A959995A18	0x0000000000000000
30660370	0x0000000000000000	0x0000000D547ADC48	0x000000167FFFFF79	0x0000000000000000
30660371	0x0000000000000000	0x0000001C547AD6A8	0x0000002FBFFFEE18	0x0000000000000000
30660372	0x0000000000000000	0x0000002FD47ACF58	0x00000050BFFFE1B8	0x0000000000000000
30660373	0x0000000000000000	0x00000047FAE12CB0	0x0000007959996C18	0x0000000000000000
30660374	0x0000000000000000	0x0000006461478870	0x000000A959995A18	0x0000000000000000
40160374	0x00000104F8BEC483	0x0000000000000000	0x0000000000000000	0x000000084B2AAEFB
40260374	0x00000104F8BEC483	0x0000000000000000	0x0000000000000000	0x000000084B2AAEFB
40360374	0x00000104F8BEC483	0x0000000000000000	0x0000000000000000	0x000000084B2AAEFB
40460374	0x0000000000000000	0x000000172FFD6B28	0x0000001BFD01FAC7	0x0000000000000000
40560374	0x0000000000000000	0x000000172FFD6B28	0x0000001BFD01FAC7	0x0000000000000000
40660374	0x0000000000000000	0x000000172FFD6B28	0x0000001BFD01FAC7	0x0000000000000000
40160375	0x00000104F8BEC483	0x0000000000000000	0x0000000000000000	0x000000084B2AAEFB
40260375	0x00000104F8BEC483	0x0000000000000000	0x0000000000000000	0x000000084B2AAEFB
40360375	0x00000104F8BEC483	0x0000000000000000	0x0000000000000000	0x000000084B2AAEFB
40460375	0x0000000000000000	0x000000172FFD6B28	0x0000001BFD01FAC7	0x0000000000000000
40560375	0x0000000000000000	0x000000172FFD6B28	0x0000001BFD01FAC7	0x0000000000000000
40660375	0x0000000000000000	0x000000172FFD6B28	0x0000001BFD01FAC7	0x0000000000000000
23950010	0x0000000000000000	0x0000002E59998838	0x0000000000000000	0x00000016B9997F53
23950011	0x0000000000000000	0x0000005CB3333107	0x0000000000000000	0x0000002D73332228
23950012	0x0000000000000000	0x00000098F47A306D	0x0000000000000000	0x0000004B24DCD838
23950013	0x0000000000000000	0x000000E337CDD25E	0x0000000000000000	0x0000006F8DE74AF8
23950014	0x0000000000000000	0x0000013B62CF78B6	0x0000000000000000	0x0000009AC840B038
23960010	0x0000000000000000	0x000000337FFFFECB	0x0000000000000000	0x000000193FFFF688
23960011	0x0000000000000000	0x0000006D6FF3D108	0x0000000000000000	0x00000035C84BEEB8
23960012	0x0000000000000000	0x000000B8D54BADC8	0x0000000000000000	0x0000005ABF9397D8
23960013	0x0000000000000000	0x000001157B631946	0x0000000000000000	0x0000008859996678
23960014	0x0000000000000000	0x000001837C68BEF2	0x0000000000000000	0x000000BE7C69A2BA
24040010	0x0000000000000000	0x0000002800000000	0x0000000000000000	0x0000001400000000
24040011	0x0000000000000000	0x00000049CCCCCB12	0x0000000000000000	0x00000024CCCCCBF0
24040012	0x0000000000000000	0x0000007A8CCC9ED8	0x0000000000000000	0x0000003D0CCCB5E8
24040013	0x0000000000000000	0x000000BA26662098	0x0000000000000000	0x0000005CD99976C8
24050010	0x0000000000000000	0x0000002D00000000	0x0000000000000000	0x000000167FFFFF79
24050011	0x0000000000000000	0x0000005A00000000	0x0000000000000000	0x0000002D00000000
24050012	0x0000000000000000	0x000000947FFFFC85	0x0000000000000000	0x0000004A666664A8
24050013	0x0000000000000000	0x000000DC9999946E	0x0000000000000000	0x0000006E733309C8
24050014	0x0000000000000000	0x0000013233332C06	0x0000000000000000	0x000000993FFFC688
24060010	0x0000000000000000	0x0000003200000000	0x0000000000000000	0x0000001900000000
24060011	0x0000000000000000	0x0000006A3FFFD828	0x0000000000000000	0x000000353FFFEC08
24060012	0x0000000000000000	0x000000B37332EFE8	0x0000000000000000	0x00000059D99977E8
24060013	0x0000000000000000	0x0000010D66666016	0x0000000000000000	0x0000008700000000
24060014	0x0000000000000000	0x0000017833332A62	0x0000000000000000	0x000000BC9999952E
30160380	0x00000095FD706B98	0x0000000000000000	0x0000000000000000	0x00000006AB851C38
30160381	0x0000013EBD702C50	0x0000000000000000	0x0000000000000000	0x0000000E2B851968
30160382	0x0000021A0A3CA6E0	0x0000000000000000	0x0000000000000000	0x00000017C51EAF68
30160383	0x00000327E3D5DB48	0x0000000000000000	0x0000000000000000	0x00000023AB851158
30160384	0x000004684A3BC988	0x0000000000000000	0x0000000000000000	0x0000003211EB7258
30260380	0x00000095FD706B98	0x0000000000000000	0x0000000000000000	0x00000006AB851C38
30260381	0x0000013EBD702C50	0x0000000000000000	0x0000000000000000	0x0000000E2B851968
30260382	0x0000021A0A3CA6E0	0x0000000000000000	0x0000000000000000	0x00000017C51EAF68
30260383	0x00000327E3D5DB48	0x0000000000000000	0x0000000000000000	0x00000023AB851158
30260384	0x000004684A3BC988	0x0000000000000000	0x0000000000000000	0x0000003211EB7258
30360380	0x00000095FD706B98	0x0000000000000000	0x0000000000000000	0x00000006AB851C38
30360381	0x0000013EBD702C50	0x0000000000000000	0x0000000000000000	0x0000000E2B851968
30360382	0x0000021A0A3CA6E0	0x0000000000000000	0x0000000000000000	0x00000017C51EAF68
30360383	0x00000327E3D5DB48	0x0000000000000000	0x0000000000000000	0x00000023AB851158
30360384	0x000004684A3BC988	0x0000000000000000	0x0000000000000000	0x0000003211EB7258
30460380	0x0000000000000000	0x0000000D547ADC48	0x000000167FFFFF79	0x0000000000000000
30460381	0x0000000000000000	0x0000001C547AD6A8	0x0000002FBFFFEE18	0x0000000000000000
30460382	0x0000000000000000	0x0000002FD47ACF58	0x00000050BFFFE1B8	0x0000000000000000
30460383	0x0000000000000000	0x00000047FAE12CB0	0x0000007959996C18	0x0000000000000000
30460384	0x0000000000000000	0x0000006461478870	0x000000A959995A18	0x0000000000000000
30560380	0x0000000000000000	0x0000000D547ADC48	0x000000167FFFFF79	0x0000000000000000
30560381	0x0000000000000000	0x0000001C547AD6A8	0x0000002FBFFFEE18	0x0000000000000000
30560382	0x0000000000000000	0x0000002FD47ACF58	0x00000050BFFFE1B8	0x0000000000000000
30560383	0x0000000000000000	0x00000047FAE12CB0	0x0000007959996C18	0x0000000000000000
30560384	0x0000000000000000	0x0000006461478870	0x000000A959995A18	0x0000000000000000
30660380	0x0000000000000000	0x0000000D547ADC48	0x000000167FFFFF79	0x0000000000000000
30660381	0x0000000000000000	0x0000001C547AD6A8	0x0000002FBFFFEE18	0x0000000000000000
30660382	0x0000000000000000	0x0000002FD47ACF58	0x00000050BFFFE1B8	0x0000000000000000
30660383	0x0000000000000000	0x00000047FAE12CB0	0x0000007959996C18	0x0000000000000000
30660384	0x0000000000000000	0x0000006461478870	0x000000A959995A18	0x0000000000000000
40160384	0x00000104F8BEC483	0x0000000000000000	0x0000000000000000	0x000000084B2AAEFB
40260384	0x00000104F8BEC483	0x0000000000000000	0x0000000000000000	0x000000084B2AAEFB
40360384	0x00000104F8BEC483	0x0000000000000000	0x0000000000000000	0x000000084B2AAEFB
40460384	0x0000000000000000	0x000000172FFD6B28	0x0000001BFD01FAC7	0x0000000000000000
40560384	0x0000000000000000	0x000000172FFD6B28	0x0000001BFD01FAC7	0x0000000000000000
40660384	0x0000000000000000	0x000000172FFD6B28	0x0000001BFD01FAC7	0x0000000000000000
40160385	0x00000104F8BEC483	0x0000000000000000	0x0000000000000000	0x000000084B2AAEFB
40260385	0x00000104F8BEC483	0x0000000000000000	0x0000000000000000	0x000000084B2AAEFB
40360385	0x00000104F8BEC483	0x0000000000000000	0x0000000000000000	0x000000084B2AAEFB
40460385	0x0000000000000000	0x000000172FFD6B28	0x0000001BFD01FAC7	0x0000000000000000
40560385	0x0000000000000000	0x000000172FFD6B28	0x0000001BFD01FAC7	0x0000000000000000
40660385	0x0000000000000000	0x000000172FFD6B28	0x0000001BFD01FAC7	0x0000000000000000
30160390	0x00000095FD706B98	0x0000000000000000	0x0000000000000000	0x00000006AB851C38
30160391	0x0000013EBD702C50	0x0000000000000000	0x0000000000000000	0x0000000E2B851968
30160392	0x0000021A0A3CA6E0	0x0000000000000000	0x0000000000000000	0x00000017C51EAF68
30160393	0x00000327E3D5DB48	0x0000000000000000	0x0000000000000000	0x00000023AB851158
30160394	0x000004684A3BC988	0x0000000000000000	0x0000000000000000	0x0000003211EB7258
30260390	0x00000095FD706B98	0x0000000000000000	0x0000000000000000	0x00000006AB851C38
30260391	0x0000013EBD702C50	0x0000000000000000	0x0000000000000000	0x0000000E2B851968
30260392	0x0000021A0A3CA6E0	0x0000000000000000	0x0000000000000000	0x00000017C51EAF68
30260393	0x00000327E3D5DB48	0x0000000000000000	0x0000000000000000	0x00000023AB851158
30260394	0x000004684A3BC988	0x0000000000000000	0x0000000000000000	0x0000003211EB7258
30360390	0x00000095FD706B98	0x0000000000000000	0x0000000000000000	0x00000006AB851C38
30360391	0x0000013EBD702C50	0x0000000000000000	0x0000000000000000	0x0000000E2B851968
30360392	0x0000021A0A3CA6E0	0x0000000000000000	0x0000000000000000	0x00000017C51EAF68
30360393	0x00000327E3D5DB48	0x0000000000000000	0x0000000000000000	0x00000023AB851158
30360394	0x000004684A3BC988	0x0000000000000000	0x0000000000000000	0x0000003211EB7258
30460390	0x0000000000000000	0x0000000D547ADC48	0x000000167FFFFF79	0x0000000000000000
30460391	0x0000000000000000	0x0000001C547AD6A8	0x0000002FBFFFEE18	0x0000000000000000
30460392	0x0000000000000000	0x0000002FD47ACF58	0x00000050BFFFE1B8	0x0000000000000000
30460393	0x0000000000000000	0x00000047FAE12CB0	0x0000007959996C18	0x0000000000000000
30460394	0x0000000000000000	0x0000006461478870	0x000000A959995A18	0x0000000000000000
30560390	0x0000000000000000	0x0000000D547ADC48	0x000000167FFFFF79	0x0000000000000000
30560391	0x0000000000000000	0x0000001C547AD6A8	0x0000002FBFFFEE18	0x0000000000000000
30560392	0x0000000000000000	0x0000002FD47ACF58	0x00000050BFFFE1B8	0x0000000000000000
30560393	0x0000000000000000	0x00000047FAE12CB0	0x0000007959996C18	0x0000000000000000
30560394	0x0000000000000000	0x0000006461478870	0x000000A959995A18	0x0000000000000000
30660390	0x0000000000000000	0x0000000D547ADC48	0x000000167FFFFF79	0x0000000000000000
30660391	0x0000000000000000	0x0000001C547AD6A8	0x0000002FBFFFEE18	0x0000000000000000
30660392	0x0000000000000000	0x0000002FD47ACF58	0x00000050BFFFE1B8	0x0000000000000000
30660393	0x0000000000000000	0x00000047FAE12CB0	0x0000007959996C18	0x0000000000000000
30660394	0x0000000000000000	0x0000006461478870	0x000000A959995A18	0x0000000000000000
40160394	0x00000104F8BEC483	0x0000000000000000	0x0000000000000000	0x000000084B2AAEFB
40260394	0x00000104F8BEC483	0x0000000000000000	0x0000000000000000	0x000000084B2AAEFB
40360394	0x00000104F8BEC483	0x0000000000000000	0x0000000000000000	0x000000084B2AAEFB
40460394	0x0000000000000000	0x000000172FFD6B28	0x0000001BFD01FAC7	0x0000000000000000
40560394	0x0000000000000000	0x000000172FFD6B28	0x0000001BFD01FAC7	0x0000000000000000
40660394	0x0000000000000000	0x000000172FFD6B28	0x0000001BFD01FAC7	0x0000000000000000
40160395	0x00000104F8BEC483	0x0000000000000000	0x0000000000000000	0x000000084B2AAEFB
40260395	0x00000104F8BEC483	0x0000000000000000	0x0000000000000000	0x000000084B2AAEFB
40360395	0x00000104F8BEC483	0x0000000000000000	0x0000000000000000	0x000000084B2AAEFB
40460395	0x0000000000000000	0x000000172FFD6B28	0x0000001BFD01FAC7	0x0000000000000000
40560395	0x0000000000000000	0x000000172FFD6B28	0x0000001BFD01FAC7	0x0000000000000000
40660395	0x0000000000000000	0x000000172FFD6B28	0x0000001BFD01FAC7	0x0000000000000000
24140010	0x0000000000000000	0x0000002ACCCCCBCC	0x0000000000000000	0x00000013666665F2
24140011	0x0000000000000000	0x0000004EF74B6B5A	0x0000000000000000	0x00000023B22CE510
24140012	0x0000000000000000	0x0000008320D6C718	0x0000000000000000	0x0000003B37E905F8
24140013	0x0000000000000000	0x000000C72E1F12D8	0x0000000000000000	0x0000005A10790B98
24150010	0x0000000000000000	0x0000003026665458	0x0000000000000000	0x00000015D33319F7
24150011	0x0000000000000000	0x000000604CCCCA8B	0x0000000000000000	0x0000002BA6665608
24150012	0x0000000000000000	0x0000009EE51E0099	0x0000000000000000	0x000000482B01B8D8
24150013	0x0000000000000000	0x000000EC0ABF7226	0x0000000000000000	0x0000006B22E5BC98
24150014	0x0000000000000000	0x00000147A24C581E	0x0000000000000000	0x00000094A6F9B0D8
24160010	0x0000000000000000	0x000000357FFFFEBF	0x0000000000000000	0x000000183FFFF6E8
24160011	0x0000000000000000	0x00000071AFF357E8	0x0000000000000000	0x00000033A7047D58
24160012	0x0000000000000000	0x000000C002DC49A8	0x0000000000000000	0x0000005727839BF8
24160013	0x0000000000000000	0x00000120420AFC6E	0x0000000000000000	0x00000082F3330218
24160014	0x0000000000000000	0x0000019288B267EA	0x0000000000000000	0x000000B6F12615F2
30160400	0x00000095FD706B98	0x0000000000000000	0x0000000000000000	0x00000006AB851C38
30160401	0x0000013EBD702C50	0x0000000000000000	0x0000000000000000	0x0000000E2B851968
30160402	0x0000021A0A3CA6E0	0x0000000000000000	0x0000000000000000	0x00000017C51EAF68
30160403	0x00000327E3D5DB48	0x0000000000000000	0x0000000000000000	0x00000023AB851158
30160404	0x000004684A3BC988	0x0000000000000000	0x0000000000000000	0x0000003211EB7258
30260400	0x00000095FD706B98	0x0000000000000000	0x0000000000000000	0x00000006AB851C38
30260401	0x0000013EBD702C50	0x0000000000000000	0x0000000000000000	0x0000000E2B851968
30260402	0x0000021A0A3CA6E0	0x0000000000000000	0x0000000000000000	0x00000017C51EAF68
30260403	0x00000327E3D5DB48	0x0000000000000000	0x0000000000000000	0x00000023AB851158
30260404	0x000004684A3BC988	0x0000000000000000	0x0000000000000000	0x0000003211EB7258
30360400	0x00000095FD706B98	0x0000000000000000	0x0000000000000000	0x00000006AB851C38
30360401	0x0000013EBD702C50	0x0000000000000000	0x0000000000000000	0x0000000E2B851968
30360402	0x0000021A0A3CA6E0	0x0000000000000000	0x0000000000000000	0x00000017C51EAF68
30360403	0x00000327E3D5DB48	0x0000000000000000	0x0000000000000000	0x00000023AB851158
30360404	0x000004684A3BC988	0x0000000000000000	0x0000000000000000	0x0000003211EB7258
30460400	0x0000000000000000	0x0000000D547ADC48	0x000000167FFFFF79	0x0000000000000000
30460401	0x0000000000000000	0x0000001C547AD6A8	0x0000002FBFFFEE18	0x0000000000000000
30460402	0x0000000000000000	0x0000002FD47ACF58	0x00000050BFFFE1B8	0x0000000000000000
30460403	0x0000000000000000	0x00000047FAE12CB0	0x0000007959996C18	0x0000000000000000
30460404	0x0000000000000000	0x0000006461478870	0x000000A959995A18	0x0000000000000000
30560400	0x0000000000000000	0x0000000D547ADC48	0x000000167FFFFF79	0x0000000000000000
30560401	0x0000000000000000	0x0000001C547AD6A8	0x0000002FBFFFEE18	0x0000000000000000
30560402	0x0000000000000000	0x0000002FD47ACF58	0x00000050BFFFE1B8	0x0000000000000000
30560403	0x0000000000000000	0x00000047FAE12CB0	0x0000007959996C18	0x0000000000000000
30560404	0x0000000000000000	0x0000006461478870	0x000000A959995A18	0x0000000000000000
30660400	0x0000000000000000	0x0000000D547ADC48	0x000000167FFFFF79	0x0000000000000000
30660401	0x0000000000000000	0x0000001C547AD6A8	0x0000002FBFFFEE18	0x0000000000000000
30660402	0x0000000000000000	0x0000002FD47ACF58	0x00000050BFFFE1B8	0x0000000000000000
30660403	0x0000000000000000	0x00000047FAE12CB0	0x0000007959996C18	0x0000000000000000
30660404	0x0000000000000000	0x0000006461478870	0x000000A959995A18	0x0000000000000000
40160404	0x00000104F8BEC483	0x0000000000000000	0x0000000000000000	0x000000084B2AAEFB
40260404	0x00000104F8BEC483	0x0000000000000000	0x0000000000000000	0x000000084B2AAEFB
40360404	0x00000104F8BEC483	0x0000000000000000	0x0000000000000000	0x000000084B2AAEFB
40460404	0x0000000000000000	0x000000172FFD6B28	0x0000001BFD01FAC7	0x0000000000000000
40560404	0x0000000000000000	0x000000172FFD6B28	0x0000001BFD01FAC7	0x0000000000000000
40660404	0x0000000000000000	0x000000172FFD6B28	0x0000001BFD01FAC7	0x0000000000000000
40160405	0x00000104F8BEC483	0x0000000000000000	0x0000000000000000	0x000000084B2AAEFB
40260405	0x00000104F8BEC483	0x0000000000000000	0x0000000000000000	0x000000084B2AAEFB
40360405	0x00000104F8BEC483	0x0000000000000000	0x0000000000000000	0x000000084B2AAEFB
40460405	0x0000000000000000	0x000000172FFD6B28	0x0000001BFD01FAC7	0x0000000000000000
40560405	0x0000000000000000	0x000000172FFD6B28	0x0000001BFD01FAC7	0x0000000000000000
40660405	0x0000000000000000	0x000000172FFD6B28	0x0000001BFD01FAC7	0x0000000000000000
30150620	0x00000086FD707138	0x0000000000000000	0x0000000000000000	0x0000000600000000
30150621	0x0000010DFD703E98	0x0000000000000000	0x0000000000000000	0x0000000C00000000
30150622	0x000001BD7D6FFCC8	0x0000000000000000	0x0000000000000000	0x00000013CCCCCC56
30150623	0x0000029570A2DF00	0x0000000000000000	0x0000000000000000	0x0000001D3FFFF508
30150624	0x00000395D708E540	0x0000000000000000	0x0000000000000000	0x0000002873332408
30250620	0x00000086FD707138	0x0000000000000000	0x0000000000000000	0x0000000600000000
30250621	0x0000010DFD703E98	0x0000000000000000	0x0000000000000000	0x0000000C00000000
30250622	0x000001BD7D6FFCC8	0x0000000000000000	0x0000000000000000	0x00000013CCCCCC56
30250623	0x0000029570A2DF00	0x0000000000000000	0x0000000000000000	0x0000001D3FFFF508
30250624	0x00000395D708E540	0x0000000000000000	0x0000000000000000	0x0000002873332408
30350620	0x00000086FD707138	0x0000000000000000	0x0000000000000000	0x0000000600000000
30350621	0x0000010DFD703E98	0x0000000000000000	0x0000000000000000	0x0000000C00000000
30350622	0x000001BD7D6FFCC8	0x0000000000000000	0x0000000000000000	0x00000013CCCCCC56
30350623	0x0000029570A2DF00	0x0000000000000000	0x0000000000000000	0x0000001D3FFFF508
30350624	0x00000395D708E540	0x0000000000000000	0x0000000000000000	0x0000002873332408
30450620	0x0000000000000000	0x0000000C00000000	0x000000143FFFF868	0x0000000000000000
30450621	0x0000000000000000	0x0000001800000000	0x000000287FFFFF0D	0x0000000000000000
30450622	0x0000000000000000	0x00000027999998AC	0x00000042E66664D5	0x0000000000000000
30450623	0x0000000000000000	0x0000003AD9998388	0x0000006373330DE8	0x0000000000000000
30450624	0x0000000000000000	0x00000051A66647C8	0x00000089D99965E8	0x0000000000000000
30550620	0x0000000000000000	0x0000000C00000000	0x000000143FFFF868	0x0000000000000000
30550621	0x0000000000000000	0x0000001800000000	0x000000287FFFFF0D	0x0000000000000000
30550622	0x0000000000000000	0x00000027999998AC	0x00000042E66664D5	0x0000000000000000
30550623	0x0000000000000000	0x0000003AD9998388	0x0000006373330DE8	0x0000000000000000
30550624	0x0000000000000000	0x00000051A66647C8	0x00000089D99965E8	0x0000000000000000
30650620	0x0000000000000000	0x0000000C00000000	0x000000143FFFF868	0x0000000000000000
30650621	0x0000000000000000	0x0000001800000000	0x000000287FFFFF0D	0x0000000000000000
30650622	0x0000000000000000	0x00000027999998AC	0x00000042E66664D5	0x0000000000000000
30650623	0x0000000000000000	0x0000003AD9998388	0x0000006373330DE8	0x0000000000000000
30650624	0x0000000000000000	0x00000051A66647C8	0x00000089D99965E8	0x0000000000000000
30150630	0x00000086FD707138	0x0000000000000000	0x0000000000000000	0x0000000600000000
30150631	0x0000010DFD703E98	0x0000000000000000	0x0000000000000000	0x0000000C00000000
30150632	0x000001BD7D6FFCC8	0x0000000000000000	0x0000000000000000	0x00000013CCCCCC56
30150633	0x0000029570A2DF00	0x0000000000000000	0x0000000000000000	0x0000001D3FFFF508
30150634	0x00000395D708E540	0x0000000000000000	0x0000000000000000	0x0000002873332408
30250630	0x00000086FD707138	0x0000000000000000	0x0000000000000000	0x0000000600000000
30250631	0x0000010DFD703E98	0x0000000000000000	0x0000000000000000	0x0000000C00000000
30250632	0x000001BD7D6FFCC8	0x0000000000000000	0x0000000000000000	0x00000013CCCCCC56
30250633	0x0000029570A2DF00	0x0000000000000000	0x0000000000000000	0x0000001D3FFFF508
30250634	0x00000395D708E540	0x0000000000000000	0x0000000000000000	0x0000002873332408
30350630	0x00000086FD707138	0x0000000000000000	0x0000000000000000	0x0000000600000000
30350631	0x0000010DFD703E98	0x0000000000000000	0x0000000000000000	0x0000000C00000000
30350632	0x000001BD7D6FFCC8	0x0000000000000000	0x0000000000000000	0x00000013CCCCCC56
30350633	0x0000029570A2DF00	0x0000000000000000	0x0000000000000000	0x0000001D3FFFF508
30350634	0x00000395D708E540	0x0000000000000000	0x0000000000000000	0x0000002873332408
30450630	0x0000000000000000	0x0000000C00000000	0x000000143FFFF868	0x0000000000000000
30450631	0x0000000000000000	0x0000001800000000	0x000000287FFFFF0D	0x0000000000000000
30450632	0x0000000000000000	0x00000027999998AC	0x00000042E66664D5	0x0000000000000000
30450633	0x0000000000000000	0x0000003AD9998388	0x0000006373330DE8	0x0000000000000000
30450634	0x0000000000000000	0x00000051A66647C8	0x00000089D99965E8	0x0000000000000000
30550630	0x0000000000000000	0x0000000C00000000	0x000000143FFFF868	0x0000000000000000
30550631	0x0000000000000000	0x0000001800000000	0x000000287FFFFF0D	0x0000000000000000
30550632	0x0000000000000000	0x00000027999998AC	0x00000042E66664D5	0x0000000000000000
30550633	0x0000000000000000	0x0000003AD9998388	0x0000006373330DE8	0x0000000000000000
30550634	0x0000000000000000	0x00000051A66647C8	0x00000089D99965E8	0x0000000000000000
30650630	0x0000000000000000	0x0000000C00000000	0x000000143FFFF868	0x0000000000000000
30650631	0x0000000000000000	0x0000001800000000	0x000000287FFFFF0D	0x0000000000000000
30650632	0x0000000000000000	0x00000027999998AC	0x00000042E66664D5	0x0000000000000000
30650633	0x0000000000000000	0x0000003AD9998388	0x0000006373330DE8	0x0000000000000000
30650634	0x0000000000000000	0x00000051A66647C8	0x00000089D99965E8	0x0000000000000000
30150640	0x00000086FD707138	0x0000000000000000	0x0000000000000000	0x0000000600000000
30150641	0x0000010DFD703E98	0x0000000000000000	0x0000000000000000	0x0000000C00000000
30150642	0x000001BD7D6FFCC8	0x0000000000000000	0x0000000000000000	0x00000013CCCCCC56
30150643	0x0000029570A2DF00	0x0000000000000000	0x0000000000000000	0x0000001D3FFFF508
30150644	0x00000395D708E540	0x0000000000000000	0x0000000000000000	0x0000002873332408
30250640	0x00000086FD707138	0x0000000000000000	0x0000000000000000	0x0000000600000000
30250641	0x0000010DFD703E98	0x0000000000000000	0x0000000000000000	0x0000000C00000000
30250642	0x000001BD7D6FFCC8	0x0000000000000000	0x0000000000000000	0x00000013CCCCCC56
30250643	0x0000029570A2DF00	0x0000000000000000	0x0000000000000000	0x0000001D3FFFF508
30250644	0x00000395D708E540	0x0000000000000000	0x0000000000000000	0x0000002873332408
30350640	0x00000086FD707138	0x0000000000000000	0x0000000000000000	0x0000000600000000
30350641	0x0000010DFD703E98	0x0000000000000000	0x0000000000000000	0x0000000C00000000
30350642	0x000001BD7D6FFCC8	0x0000000000000000	0x0000000000000000	0x00000013CCCCCC56
30350643	0x0000029570A2DF00	0x0000000000000000	0x0000000000000000	0x0000001D3FFFF508
30350644	0x00000395D708E540	0x0000000000000000	0x0000000000000000	0x0000002873332408
30450640	0x0000000000000000	0x0000000C00000000	0x000000143FFFF868	0x0000000000000000
30450641	0x0000000000000000	0x0000001800000000	0x000000287FFFFF0D	0x0000000000000000
30450642	0x0000000000000000	0x00000027999998AC	0x00000042E66664D5	0x0000000000000000
30450643	0x0000000000000000	0x0000003AD9998388	0x0000006373330DE8	0x0000000000000000
30450644	0x0000000000000000	0x00000051A66647C8	0x00000089D99965E8	0x0000000000000000
30550640	0x0000000000000000	0x0000000C00000000	0x000000143FFFF868	0x0000000000000000
30550641	0x0000000000000000	0x0000001800000000	0x000000287FFFFF0D	0x0000000000000000
30550642	0x0000000000000000	0x00000027999998AC	0x00000042E66664D5	0x0000000000000000
30550643	0x0000000000000000	0x0000003AD9998388	0x0000006373330DE8	0x0000000000000000
30550644	0x0000000000000000	0x00000051A66647C8	0x00000089D99965E8	0x0000000000000000
30650640	0x0000000000000000	0x0000000C00000000	0x000000143FFFF868	0x0000000000000000
30650641	0x0000000000000000	0x0000001800000000	0x000000287FFFFF0D	0x0000000000000000
30650642	0x0000000000000000	0x00000027999998AC	0x00000042E66664D5	0x0000000000000000
30650643	0x0000000000000000	0x0000003AD9998388	0x0000006373330DE8	0x0000000000000000
30650644	0x0000000000000000	0x00000051A66647C8	0x00000089D99965E8	0x0000000000000000
30150650	0x00000086FD707138	0x0000000000000000	0x0000000000000000	0x0000000600000000
30150651	0x0000010DFD703E98	0x0000000000000000	0x0000000000000000	0x0000000C00000000
30150652	0x000001BD7D6FFCC8	0x0000000000000000	0x0000000000000000	0x00000013CCCCCC56
30150653	0x0000029570A2DF00	0x0000000000000000	0x0000000000000000	0x0000001D3FFFF508
30150654	0x00000395D708E540	0x0000000000000000	0x0000000000000000	0x0000002873332408
30250650	0x00000086FD707138	0x0000000000000000	0x0000000000000000	0x0000000600000000
30250651	0x0000010DFD703E98	0x0000000000000000	0x0000000000000000	0x0000000C00000000
30250652	0x000001BD7D6FFCC8	0x0000000000000000	0x0000000000000000	0x00000013CCCCCC56
30250653	0x0000029570A2DF00	0x0000000000000000	0x0000000000000000	0x0000001D3FFFF508
30250654	0x00000395D708E540	0x0000000000000000	0x0000000000000000	0x0000002873332408
30350650	0x00000086FD707138	0x0000000000000000	0x0000000000000000	0x0000000600000000
30350651	0x0000010DFD703E98	0x0000000000000000	0x0000000000000000	0x0000000C00000000
30350652	0x000001BD7D6FFCC8	0x0000000000000000	0x0000000000000000	0x00000013CCCCCC56
30350653	0x0000029570A2DF00	0x0000000000000000	0x0000000000000000	0x0000001D3FFFF508
30350654	0x00000395D708E540	0x0000000000000000	0x0000000000000000	0x0000002873332408
30450650	0x0000000000000000	0x0000000C00000000	0x000000143FFFF868	0x0000000000000000
30450651	0x0000000000000000	0x0000001800000000	0x000000287FFFFF0D	0x0000000000000000
30450652	0x0000000000000000	0x00000027999998AC	0x00000042E66664D5	0x0000000000000000
30450653	0x0000000000000000	0x0000003AD9998388	0x0000006373330DE8	0x0000000000000000
30450654	0x0000000000000000	0x00000051A66647C8	0x00000089D99965E8	0x0000000000000000
30550650	0x0000000000000000	0x0000000C00000000	0x000000143FFFF868	0x0000000000000000
30550651	0x0000000000000000	0x0000001800000000	0x000000287FFFFF0D	0x0000000000000000
30550652	0x0000000000000000	0x00000027999998AC	0x00000042E66664D5	0x0000000000000000
30550653	0x0000000000000000	0x0000003AD9998388	0x0000006373330DE8	0x0000000000000000
30550654	0x0000000000000000	0x00000051A66647C8	0x00000089D99965E8	0x0000000000000000
30650650	0x0000000000000000	0x0000000C00000000	0x000000143FFFF868	0x0000000000000000
30650651	0x0000000000000000	0x0000001800000000	0x000000287FFFFF0D	0x0000000000000000
30650652	0x0000000000000000	0x00000027999998AC	0x00000042E66664D5	0x0000000000000000
30650653	0x0000000000000000	0x0000003AD9998388	0x0000006373330DE8	0x0000000000000000
30650654	0x0000000000000000	0x00000051A66647C8	0x00000089D99965E8	0x0000000000000000
30150660	0x00000086FD707138	0x0000000000000000	0x0000000000000000	0x0000000600000000
30150661	0x0000010DFD703E98	0x0000000000000000	0x0000000000000000	0x0000000C00000000
30150662	0x000001BD7D6FFCC8	0x0000000000000000	0x0000000000000000	0x00000013CCCCCC56
30150663	0x0000029570A2DF00	0x0000000000000000	0x0000000000000000	0x0000001D3FFFF508
30150664	0x00000395D708E540	0x0000000000000000	0x0000000000000000	0x0000002873332408
30250660	0x00000086FD707138	0x0000000000000000	0x0000000000000000	0x0000000600000000
30250661	0x0000010DFD703E98	0x0000000000000000	0x0000000000000000	0x0000000C00000000
30250662	0x000001BD7D6FFCC8	0x0000000000000000	0x0000000000000000	0x00000013CCCCCC56
30250663	0x0000029570A2DF00	0x0000000000000000	0x0000000000000000	0x0000001D3FFFF508
30250664	0x00000395D708E540	0x0000000000000000	0x0000000000000000	0x0000002873332408
30350660	0x00000086FD707138	0x0000000000000000	0x0000000000000000	0x0000000600000000
30350661	0x0000010DFD703E98	0x0000000000000000	0x0000000000000000	0x0000000C00000000
30350662	0x000001BD7D6FFCC8	0x0000000000000000	0x0000000000000000	0x00000013CCCCCC56
30350663	0x0000029570A2DF00	0x0000000000000000	0x0000000000000000	0x0000001D3FFFF508
30350664	0x00000395D708E540	0x0000000000000000	0x0000000000000000	0x0000002873332408
30450660	0x0000000000000000	0x0000000C00000000	0x000000143FFFF868	0x0000000000000000
30450661	0x0000000000000000	0x0000001800000000	0x000000287FFFFF0D	0x0000000000000000
30450662	0x0000000000000000	0x00000027999998AC	0x00000042E66664D5	0x0000000000000000
30450663	0x0000000000000000	0x0000003AD9998388	0x0000006373330DE8	0x0000000000000000
30450664	0x0000000000000000	0x00000051A66647C8	0x00000089D99965E8	0x0000000000000000
30550660	0x0000000000000000	0x0000000C00000000	0x000000143FFFF868	0x0000000000000000
30550661	0x0000000000000000	0x0000001800000000	0x000000287FFFFF0D	0x0000000000000000
30550662	0x0000000000000000	0x00000027999998AC	0x00000042E66664D5	0x0000000000000000
30550663	0x0000000000000000	0x0000003AD9998388	0x0000006373330DE8	0x0000000000000000
30550664	0x0000000000000000	0x00000051A66647C8	0x00000089D99965E8	0x0000000000000000
30650660	0x0000000000000000	0x0000000C00000000	0x000000143FFFF868	0x0000000000000000
30650661	0x0000000000000000	0x0000001800000000	0x000000287FFFFF0D	0x0000000000000000
30650662	0x0000000000000000	0x00000027999998AC	0x00000042E66664D5	0x0000000000000000
30650663	0x0000000000000000	0x0000003AD9998388	0x0000006373330DE8	0x0000000000000000
30650664	0x0000000000000000	0x00000051A66647C8	0x00000089D99965E8	0x0000000000000000
30150670	0x00000086FD707138	0x0000000000000000	0x0000000000000000	0x0000000600000000
30150671	0x0000010DFD703E98	0x0000000000000000	0x0000000000000000	0x0000000C00000000
30150672	0x000001BD7D6FFCC8	0x0000000000000000	0x0000000000000000	0x00000013CCCCCC56
30150673	0x0000029570A2DF00	0x0000000000000000	0x0000000000000000	0x0000001D3FFFF508
30150674	0x00000395D708E540	0x0000000000000000	0x0000000000000000	0x0000002873332408
30250670	0x00000086FD707138	0x0000000000000000	0x0000000000000000	0x0000000600000000
30250671	0x0000010DFD703E98	0x0000000000000000	0x0000000000000000	0x0000000C00000000
30250672	0x000001BD7D6FFCC8	0x0000000000000000	0x0000000000000000	0x00000013CCCCCC56
30250673	0x0000029570A2DF00	0x0000000000000000	0x0000000000000000	0x0000001D3FFFF508
30250674	0x00000395D708E540	0x0000000000000000	0x0000000000000000	0x0000002873332408
30350670	0x00000086FD707138	0x0000000000000000	0x0000000000000000	0x0000000600000000
30350671	0x0000010DFD703E98	0x0000000000000000	0x0000000000000000	0x0000000C00000000
30350672	0x000001BD7D6FFCC8	0x0000000000000000	0x0000000000000000	0x00000013CCCCCC56
30350673	0x0000029570A2DF00	0x0000000000000000	0x0000000000000000	0x0000001D3FFFF508
30350674	0x00000395D708E540	0x0000000000000000	0x0000000000000000	0x0000002873332408
30450670	0x0000000000000000	0x0000000C00000000	0x000000143FFFF868	0x0000000000000000
30450671	0x0000000000000000	0x0000001800000000	0x000000287FFFFF0D	0x0000000000000000
30450672	0x0000000000000000	0x00000027999998AC	0x00000042E66664D5	0x0000000000000000
30450673	0x0000000000000000	0x0000003AD9998388	0x0000006373330DE8	0x0000000000000000
30450674	0x0000000000000000	0x00000051A66647C8	0x00000089D99965E8	0x0000000000000000
30550670	0x0000000000000000	0x0000000C00000000	0x000000143FFFF868	0x0000000000000000
30550671	0x0000000000000000	0x0000001800000000	0x000000287FFFFF0D	0x0000000000000000
30550672	0x0000000000000000	0x00000027999998AC	0x00000042E66664D5	0x0000000000000000
30550673	0x0000000000000000	0x0000003AD9998388	0x0000006373330DE8	0x0000000000000000
30550674	0x0000000000000000	0x00000051A66647C8	0x00000089D99965E8	0x0000000000000000
30650670	0x0000000000000000	0x0000000C00000000	0x000000143FFFF868	0x0000000000000000
30650671	0x0000000000000000	0x0000001800000000	0x000000287FFFFF0D	0x0000000000000000
30650672	0x0000000000000000	0x00000027999998AC	0x00000042E66664D5	0x0000000000000000
30650673	0x0000000000000000	0x0000003AD9998388	0x0000006373330DE8	0x0000000000000000
30650674	0x0000000000000000	0x00000051A66647C8	0x00000089D99965E8	0x0000000000000000
30150680	0x00000086FD707138	0x0000000000000000	0x0000000000000000	0x0000000600000000
30150681	0x0000010DFD703E98	0x0000000000000000	0x0000000000000000	0x0000000C00000000
30150682	0x000001BD7D6FFCC8	0x0000000000000000	0x0000000000000000	0x00000013CCCCCC56
30150683	0x0000029570A2DF00	0x0000000000000000	0x0000000000000000	0x0000001D3FFFF508
30150684	0x00000395D708E540	0x0000000000000000	0x0000000000000000	0x0000002873332408
30250680	0x00000086FD707138	0x0000000000000000	0x0000000000000000	0x0000000600000000
30250681	0x0000010DFD703E98	0x0000000000000000	0x0000000000000000	0x0000000C00000000
30250682	0x000001BD7D6FFCC8	0x0000000000000000	0x0000000000000000	0x00000013CCCCCC56
30250683	0x0000029570A2DF00	0x0000000000000000	0x0000000000000000	0x0000001D3FFFF508
30250684	0x00000395D708E540	0x0000000000000000	0x0000000000000000	0x0000002873332408
30350680	0x00000086FD707138	0x0000000000000000	0x0000000000000000	0x0000000600000000
30350681	0x0000010DFD703E98	0x0000000000000000	0x0000000000000000	0x0000000C00000000
30350682	0x000001BD7D6FFCC8	0x0000000000000000	0x0000000000000000	0x00000013CCCCCC56
30350683	0x0000029570A2DF00	0x0000000000000000	0x0000000000000000	0x0000001D3FFFF508
30350684	0x00000395D708E540	0x0000000000000000	0x0000000000000000	0x0000002873332408
30450680	0x0000000000000000	0x0000000C00000000	0x000000143FFFF868	0x0000000000000000
30450681	0x0000000000000000	0x0000001800000000	0x000000287FFFFF0D	0x0000000000000000
30450682	0x0000000000000000	0x00000027999998AC	0x00000042E66664D5	0x0000000000000000
30450683	0x0000000000000000	0x0000003AD9998388	0x0000006373330DE8	0x0000000000000000
30450684	0x0000000000000000	0x00000051A66647C8	0x00000089D99965E8	0x0000000000000000
30550680	0x0000000000000000	0x0000000C00000000	0x000000143FFFF868	0x0000000000000000
30550681	0x0000000000000000	0x0000001800000000	0x000000287FFFFF0D	0x0000000000000000
30550682	0x0000000000000000	0x00000027999998AC	0x00000042E66664D5	0x0000000000000000
30550683	0x0000000000000000	0x0000003AD9998388	0x0000006373330DE8	0x0000000000000000
30550684	0x0000000000000000	0x00000051A66647C8	0x00000089D99965E8	0x0000000000000000
30650680	0x0000000000000000	0x0000000C00000000	0x000000143FFFF868	0x0000000000000000
30650681	0x0000000000000000	0x0000001800000000	0x000000287FFFFF0D	0x0000000000000000
30650682	0x0000000000000000	0x00000027999998AC	0x00000042E66664D5	0x0000000000000000
30650683	0x0000000000000000	0x0000003AD9998388	0x0000006373330DE8	0x0000000000000000
30650684	0x0000000000000000	0x00000051A66647C8	0x00000089D99965E8	0x0000000000000000
30150690	0x00000086FD707138	0x0000000000000000	0x0000000000000000	0x0000000600000000
30150691	0x0000010DFD703E98	0x0000000000000000	0x0000000000000000	0x0000000C00000000
30150692	0x000001BD7D6FFCC8	0x0000000000000000	0x0000000000000000	0x00000013CCCCCC56
30150693	0x0000029570A2DF00	0x0000000000000000	0x0000000000000000	0x0000001D3FFFF508
30150694	0x00000395D708E540	0x0000000000000000	0x0000000000000000	0x0000002873332408
30250690	0x00000086FD707138	0x0000000000000000	0x0000000000000000	0x0000000600000000
30250691	0x0000010DFD703E98	0x0000000000000000	0x0000000000000000	0x0000000C00000000
30250692	0x000001BD7D6FFCC8	0x0000000000000000	0x0000000000000000	0x00000013CCCCCC56
30250693	0x0000029570A2DF00	0x0000000000000000	0x0000000000000000	0x0000001D3FFFF508
30250694	0x00000395D708E540	0x0000000000000000	0x0000000000000000	0x0000002873332408
30350690	0x00000086FD707138	0x0000000000000000	0x0000000000000000	0x0000000600000000
30350691	0x0000010DFD703E98	0x0000000000000000	0x0000000000000000	0x0000000C00000000
30350692	0x000001BD7D6FFCC8	0x0000000000000000	0x0000000000000000	0x00000013CCCCCC56
30350693	0x0000029570A2DF00	0x0000000000000000	0x0000000000000000	0x0000001D3FFFF508
30350694	0x00000395D708E540	0x0000000000000000	0x0000000000000000	0x0000002873332408
30450690	0x0000000000000000	0x0000000C00000000	0x000000143FFFF868	0x0000000000000000
30450691	0x0000000000000000	0x0000001800000000	0x000000287FFFFF0D	0x0000000000000000
30450692	0x0000000000000000	0x00000027999998AC	0x00000042E66664D5	0x0000000000000000
30450693	0x0000000000000000	0x0000003AD9998388	0x0000006373330DE8	0x0000000000000000
30450694	0x0000000000000000	0x00000051A66647C8	0x00000089D99965E8	0x0000000000000000
30550690	0x0000000000000000	0x0000000C00000000	0x000000143FFFF868	0x0000000000000000
30550691	0x0000000000000000	0x0000001800000000	0x000000287FFFFF0D	0x0000000000000000
30550692	0x0000000000000000	0x00000027999998AC	0x00000042E66664D5	0x0000000000000000
30550693	0x0000000000000000	0x0000003AD9998388	0x0000006373330DE8	0x0000000000000000
30550694	0x0000000000000000	0x00000051A66647C8	0x00000089D99965E8	0x0000000000000000
30650690	0x0000000000000000	0x0000000C00000000	0x000000143FFFF868	0x0000000000000000
30650691	0x0000000000000000	0x0000001800000000	0x000000287FFFFF0D	0x0000000000000000
30650692	0x0000000000000000	0x00000027999998AC	0x00000042E66664D5	0x0000000000000000
30650693	0x0000000000000000	0x0000003AD9998388	0x0000006373330DE8	0x0000000000000000
30650694	0x0000000000000000	0x00000051A66647C8	0x00000089D99965E8	0x0000000000000000
30150610	0x00000086FD707138	0x0000000000000000	0x0000000000000000	0x0000000600000000
30150611	0x0000010DFD703E98	0x0000000000000000	0x0000000000000000	0x0000000C00000000
30150612	0x000001BD7D6FFCC8	0x0000000000000000	0x0000000000000000	0x00000013CCCCCC56
30150613	0x0000029570A2DF00	0x0000000000000000	0x0000000000000000	0x0000001D3FFFF508
30150614	0x00000395D708E540	0x0000000000000000	0x0000000000000000	0x0000002873332408
30250610	0x00000086FD707138	0x0000000000000000	0x0000000000000000	0x0000000600000000
30250611	0x0000010DFD703E98	0x0000000000000000	0x0000000000000000	0x0000000C00000000
30250612	0x000001BD7D6FFCC8	0x0000000000000000	0x0000000000000000	0x00000013CCCCCC56
30250613	0x0000029570A2DF00	0x0000000000000000	0x0000000000000000	0x0000001D3FFFF508
30250614	0x00000395D708E540	0x0000000000000000	0x0000000000000000	0x0000002873332408
30350610	0x00000086FD707138	0x0000000000000000	0x0000000000000000	0x0000000600000000
30350611	0x0000010DFD703E98	0x0000000000000000	0x0000000000000000	0x0000000C00000000
30350612	0x000001BD7D6FFCC8	0x0000000000000000	0x0000000000000000	0x00000013CCCCCC56
30350613	0x0000029570A2DF00	0x0000000000000000	0x0000000000000000	0x0000001D3FFFF508
30350614	0x00000395D708E540	0x0000000000000000	0x0000000000000000	0x0000002873332408
30450610	0x0000000000000000	0x0000000C00000000	0x000000143FFFF868	0x0000000000000000
30450611	0x0000000000000000	0x0000001800000000	0x000000287FFFFF0D	0x0000000000000000
30450612	0x0000000000000000	0x00000027999998AC	0x00000042E66664D5	0x0000000000000000
30450613	0x0000000000000000	0x0000003AD9998388	0x0000006373330DE8	0x0000000000000000
30450614	0x0000000000000000	0x00000051A66647C8	0x00000089D99965E8	0x0000000000000000
30550610	0x0000000000000000	0x0000000C00000000	0x000000143FFFF868	0x0000000000000000
30550611	0x0000000000000000	0x0000001800000000	0x000000287FFFFF0D	0x0000000000000000
30550612	0x0000000000000000	0x00000027999998AC	0x00000042E66664D5	0x0000000000000000
30550613	0x0000000000000000	0x0000003AD9998388	0x0000006373330DE8	0x0000000000000000
30550614	0x0000000000000000	0x00000051A66647C8	0x00000089D99965E8	0x0000000000000000
30650610	0x0000000000000000	0x0000000C00000000	0x000000143FFFF868	0x0000000000000000
30650611	0x0000000000000000	0x0000001800000000	0x000000287FFFFF0D	0x0000000000000000
30650612	0x0000000000000000	0x00000027999998AC	0x00000042E66664D5	0x0000000000000000
30650613	0x0000000000000000	0x0000003AD9998388	0x0000006373330DE8	0x0000000000000000
30650614	0x0000000000000000	0x00000051A66647C8	0x00000089D99965E8	0x0000000000000000
24240010	0x0000000000000000	0x0000002800000000	0x0000000000000000	0x00000013666665F2
24240011	0x0000000000000000	0x00000049CCCCCB12	0x0000000000000000	0x00000023B22CE510
24240012	0x0000000000000000	0x0000007A8CCC9ED8	0x0000000000000000	0x0000003B37E905F8
24240013	0x0000000000000000	0x000000BA26662098	0x0000000000000000	0x0000005A10790B98
24250010	0x0000000000000000	0x0000002D00000000	0x0000000000000000	0x00000015D33319F7
24250011	0x0000000000000000	0x0000005A00000000	0x0000000000000000	0x0000002BA6665608
24250012	0x0000000000000000	0x000000947FFFFC85	0x0000000000000000	0x000000482B01B8D8
24250013	0x0000000000000000	0x000000DC9999946E	0x0000000000000000	0x0000006B22E5BC98
24250014	0x0000000000000000	0x0000013233332C06	0x0000000000000000	0x00000094A6F9B0D8
24260010	0x0000000000000000	0x0000003200000000	0x0000000000000000	0x000000183FFFF6E8
24260011	0x0000000000000000	0x0000006A3FFFD828	0x0000000000000000	0x00000033A7047D58
24260012	0x0000000000000000	0x000000B37332EFE8	0x0000000000000000	0x0000005727839BF8
24260013	0x0000000000000000	0x0000010D66666016	0x0000000000000000	0x00000082F3330218
24260014	0x0000000000000000	0x0000017833332A62	0x0000000000000000	0x000000B6F12615F2
24340010	0x0000000000000000	0x0000002800000000	0x0000000000000000	0x0000001400000000
24340011	0x0000000000000000	0x00000049CCCCCB12	0x0000000000000000	0x00000024CCCCCBF0
24340012	0x0000000000000000	0x0000007A8CCC9ED8	0x0000000000000000	0x0000003D0CCCB5E8
24340013	0x0000000000000000	0x000000BA26662098	0x0000000000000000	0x0000005CD99976C8
24350010	0x0000000000000000	0x0000002D00000000	0x0000000000000000	0x000000167FFFFF79
24350011	0x0000000000000000	0x0000005A00000000	0x0000000000000000	0x0000002D00000000
24350012	0x0000000000000000	0x000000947FFFFC85	0x0000000000000000	0x0000004A666664A8
24350013	0x0000000000000000	0x000000DC9999946E	0x0000000000000000	0x0000006E733309C8
24350014	0x0000000000000000	0x0000013233332C06	0x0000000000000000	0x000000993FFFC688
24360010	0x0000000000000000	0x0000003200000000	0x0000000000000000	0x0000001900000000
24360011	0x0000000000000000	0x0000006A3FFFD828	0x0000000000000000	0x000000353FFFEC08
24360012	0x0000000000000000	0x000000B37332EFE8	0x0000000000000000	0x00000059D99977E8
24360013	0x0000000000000000	0x0000010D66666016	0x0000000000000000	0x0000008700000000
24360014	0x0000000000000000	0x0000017833332A62	0x0000000000000000	0x000000BC9999952E
30160410	0x00000095FD706B98	0x0000000000000000	0x0000000000000000	0x00000006AB851C38
30160411	0x0000013EBD702C50	0x0000000000000000	0x0000000000000000	0x0000000E2B851968
30160412	0x0000021A0A3CA6E0	0x0000000000000000	0x0000000000000000	0x00000017C51EAF68
30160413	0x00000327E3D5DB48	0x0000000000000000	0x0000000000000000	0x00000023AB851158
30160414	0x000004684A3BC988	0x0000000000000000	0x0000000000000000	0x0000003211EB7258
30260410	0x00000095FD706B98	0x0000000000000000	0x0000000000000000	0x00000006AB851C38
30260411	0x0000013EBD702C50	0x0000000000000000	0x0000000000000000	0x0000000E2B851968
30260412	0x0000021A0A3CA6E0	0x0000000000000000	0x0000000000000000	0x00000017C51EAF68
30260413	0x00000327E3D5DB48	0x0000000000000000	0x0000000000000000	0x00000023AB851158
30260414	0x000004684A3BC988	0x0000000000000000	0x0000000000000000	0x0000003211EB7258
30360410	0x00000095FD706B98	0x0000000000000000	0x0000000000000000	0x00000006AB851C38
30360411	0x0000013EBD702C50	0x0000000000000000	0x0000000000000000	0x0000000E2B851968
30360412	0x0000021A0A3CA6E0	0x0000000000000000	0x0000000000000000	0x00000017C51EAF68
30360413	0x00000327E3D5DB48	0x0000000000000000	0x0000000000000000	0x00000023AB851158
30360414	0x000004684A3BC988	0x0000000000000000	0x0000000000000000	0x0000003211EB7258
30460410	0x0000000000000000	0x0000000D547ADC48	0x000000167FFFFF79	0x0000000000000000
30460411	0x0000000000000000	0x0000001C547AD6A8	0x0000002FBFFFEE18	0x0000000000000000
30460412	0x0000000000000000	0x0000002FD47ACF58	0x00000050BFFFE1B8	0x0000000000000000
30460413	0x0000000000000000	0x00000047FAE12CB0	0x0000007959996C18	0x0000000000000000
30460414	0x0000000000000000	0x0000006461478870	0x000000A959995A18	0x0000000000000000
30560410	0x0000000000000000	0x0000000D547ADC48	0x000000167FFFFF79	0x0000000000000000
30560411	0x0000000000000000	0x0000001C547AD6A8	0x0000002FBFFFEE18	0x0000000000000000
30560412	0x0000000000000000	0x0000002FD47ACF58	0x00000050BFFFE1B8	0x0000000000000000
30560413	0x0000000000000000	0x00000047FAE12CB0	0x0000007959996C18	0x0000000000000000
30560414	0x0000000000000000	0x0000006461478870	0x000000A959995A18	0x0000000000000000
30660410	0x0000000000000000	0x0000000D547ADC48	0x000000167FFFFF79	0x0000000000000000
30660411	0x0000000000000000	0x0000001C547AD6A8	0x0000002FBFFFEE18	0x0000000000000000
30660412	0x0000000000000000	0x0000002FD47ACF58	0x00000050BFFFE1B8	0x0000000000000000
30660413	0x0000000000000000	0x00000047FAE12CB0	0x0000007959996C18	0x0000000000000000
30660414	0x0000000000000000	0x0000006461478870	0x000000A959995A18	0x0000000000000000
40160414	0x00000104F8BEC483	0x0000000000000000	0x0000000000000000	0x000000084B2AAEFB
40260414	0x00000104F8BEC483	0x0000000000000000	0x0000000000000000	0x000000084B2AAEFB
40360414	0x00000104F8BEC483	0x0000000000000000	0x0000000000000000	0x000000084B2AAEFB
40460414	0x0000000000000000	0x000000172FFD6B28	0x0000001BFD01FAC7	0x0000000000000000
40560414	0x0000000000000000	0x000000172FFD6B28	0x0000001BFD01FAC7	0x0000000000000000
40660414	0x0000000000000000	0x000000172FFD6B28	0x0000001BFD01FAC7	0x0000000000000000
40160415	0x00000104F8BEC483	0x0000000000000000	0x0000000000000000	0x000000084B2AAEFB
40260415	0x00000104F8BEC483	0x0000000000000000	0x0000000000000000	0x000000084B2AAEFB
40360415	0x00000104F8BEC483	0x0000000000000000	0x0000000000000000	0x000000084B2AAEFB
40460415	0x0000000000000000	0x000000172FFD6B28	0x0000001BFD01FAC7	0x0000000000000000
40560415	0x0000000000000000	0x000000172FFD6B28	0x0000001BFD01FAC7	0x0000000000000000
40660415	0x0000000000000000	0x000000172FFD6B28	0x0000001BFD01FAC7	0x0000000000000000
24440010	0x0000000000000000	0x0000002800000000	0x0000000000000000	0x0000001399999924
24440011	0x0000000000000000	0x00000049CCCCCB12	0x0000000000000000	0x0000002410622420
24440012	0x0000000000000000	0x0000007A8CCC9ED8	0x0000000000000000	0x0000003BD43912E3
24440013	0x0000000000000000	0x000000BA26662098	0x0000000000000000	0x0000005AFE34D647
24450010	0x0000000000000000	0x0000002D00000000	0x0000000000000000	0x000000160CCCC488
24450011	0x0000000000000000	0x0000005A00000000	0x0000000000000000	0x0000002C19999891
24450012	0x0000000000000000	0x000000947FFFFC85	0x0000000000000000	0x00000048E97880B0
24450013	0x0000000000000000	0x000000DC9999946E	0x0000000000000000	0x0000006C3DB1AFE7
24450014	0x0000000000000000	0x0000013233332C06	0x0000000000000000	0x000000962F5B7B4F
24460010	0x0000000000000000	0x0000003200000000	0x0000000000000000	0x000000187FFFFF6D
24460011	0x0000000000000000	0x0000006A3FFFD828	0x0000000000000000	0x000000342F5BEC9F
24460012	0x0000000000000000	0x000000B37332EFE8	0x0000000000000000	0x000000580D9102A3
24460013	0x0000000000000000	0x0000010D66666016	0x0000000000000000	0x000000844CCCC9B3
24460014	0x0000000000000000	0x0000017833332A62	0x0000000000000000	0x000000B8D3F6F924
24540010	0x0000000000000000	0x0000002800000000	0x0000000000000000	0x0000001400000000
24540011	0x0000000000000000	0x00000049CCCCCB12	0x0000000000000000	0x00000024CCCCCBF0
24540012	0x0000000000000000	0x0000007A8CCC9ED8	0x0000000000000000	0x0000003D0CCCB5E8
24540013	0x0000000000000000	0x000000BA26662098	0x0000000000000000	0x0000005CD99976C8
24550010	0x0000000000000000	0x0000002D00000000	0x0000000000000000	0x000000167FFFFF79
24550011	0x0000000000000000	0x0000005A00000000	0x0000000000000000	0x0000002D00000000
24550012	0x0000000000000000	0x000000947FFFFC85	0x0000000000000000	0x0000004A666664A8
24550013	0x0000000000000000	0x000000DC9999946E	0x0000000000000000	0x0000006E733309C8
24550014	0x0000000000000000	0x0000013233332C06	0x0000000000000000	0x000000993FFFC688
24560010	0x0000000000000000	0x0000003200000000	0x0000000000000000	0x0000001900000000
24560011	0x0000000000000000	0x0000006A3FFFD828	0x0000000000000000	0x000000353FFFEC08
24560012	0x0000000000000000	0x000000B37332EFE8	0x0000000000000000	0x00000059D99977E8
24560013	0x0000000000000000	0x0000010D66666016	0x0000000000000000	0x0000008700000000
24560014	0x0000000000000000	0x0000017833332A62	0x0000000000000000	0x000000BC9999952E
30160420	0x00000095FD706B98	0x0000000000000000	0x0000000000000000	0x00000006AB851C38
30160421	0x0000013EBD702C50	0x0000000000000000	0x0000000000000000	0x0000000E2B851968
30160422	0x0000021A0A3CA6E0	0x0000000000000000	0x0000000000000000	0x00000017C51EAF68
30160423	0x00000327E3D5DB48	0x0000000000000000	0x0000000000000000	0x00000023AB851158
30160424	0x000004684A3BC988	0x0000000000000000	0x0000000000000000	0x0000003211EB7258
30260420	0x00000095FD706B98	0x0000000000000000	0x0000000000000000	0x00000006AB851C38
30260421	0x0000013EBD702C50	0x0000000000000000	0x0000000000000000	0x0000000E2B851968
30260422	0x0000021A0A3CA6E0	0x0000000000000000	0x0000000000000000	0x00000017C51EAF68
30260423	0x00000327E3D5DB48	0x0000000000000000	0x0000000000000000	0x00000023AB851158
30260424	0x000004684A3BC988	0x0000000000000000	0x0000000000000000	0x0000003211EB7258
30360420	0x00000095FD706B98	0x0000000000000000	0x0000000000000000	0x00000006AB851C38
30360421	0x0000013EBD702C50	0x0000000000000000	0x0000000000000000	0x0000000E2B851968
30360422	0x0000021A0A3CA6E0	0x0000000000000000	0x0000000000000000	0x00000017C51EAF68
30360423	0x00000327E3D5DB48	0x0000000000000000	0x0000000000000000	0x00000023AB851158
30360424	0x000004684A3BC988	0x0000000000000000	0x0000000000000000	0x0000003211EB7258
30460420	0x0000000000000000	0x0000000D547ADC48	0x000000167FFFFF79	0x0000000000000000
30460421	0x0000000000000000	0x0000001C547AD6A8	0x0000002FBFFFEE18	0x0000000000000000
30460422	0x0000000000000000	0x0000002FD47ACF58	0x00000050BFFFE1B8	0x0000000000000000
30460423	0x0000000000000000	0x00000047FAE12CB0	0x0000007959996C18	0x0000000000000000
30460424	0x0000000000000000	0x0000006461478870	0x000000A959995A18	0x0000000000000000
30560420	0x0000000000000000	0x0000000D547ADC48	0x000000167FFFFF79	0x0000000000000000
30560421	0x0000000000000000	0x0000001C547AD6A8	0x0000002FBFFFEE18	0x0000000000000000
30560422	0x0000000000000000	0x0000002FD47ACF58	0x00000050BFFFE1B8	0x0000000000000000
30560423	0x0000000000000000	0x00000047FAE12CB0	0x0000007959996C18	0x0000000000000000
30560424	0x0000000000000000	0x0000006461478870	0x000000A959995A18	0x0000000000000000
30660420	0x0000000000000000	0x0000000D547ADC48	0x000000167FFFFF79	0x0000000000000000
30660421	0x0000000000000000	0x0000001C547AD6A8	0x0000002FBFFFEE18	0x0000000000000000
30660422	0x0000000000000000	0x0000002FD47ACF58	0x00000050BFFFE1B8	0x0000000000000000
30660423	0x0000000000000000	0x00000047FAE12CB0	0x0000007959996C18	0x0000000000000000
30660424	0x0000000000000000	0x0000006461478870	0x000000A959995A18	0x0000000000000000
40160424	0x00000104F8BEC483	0x0000000000000000	0x0000000000000000	0x000000084B2AAEFB
40260424	0x00000104F8BEC483	0x0000000000000000	0x0000000000000000	0x000000084B2AAEFB
40360424	0x00000104F8BEC483	0x0000000000000000	0x0000000000000000	0x000000084B2AAEFB
40460424	0x0000000000000000	0x000000172FFD6B28	0x0000001BFD01FAC7	0x0000000000000000
40560424	0x0000000000000000	0x000000172FFD6B28	0x0000001BFD01FAC7	0x0000000000000000
40660424	0x0000000000000000	0x000000172FFD6B28	0x0000001BFD01FAC7	0x0000000000000000
40160425	0x00000104F8BEC483	0x0000000000000000	0x0000000000000000	0x000000084B2AAEFB
40260425	0x00000104F8BEC483	0x0000000000000000	0x0000000000000000	0x000000084B2AAEFB
40360425	0x00000104F8BEC483	0x0000000000000000	0x0000000000000000	0x000000084B2AAEFB
40460425	0x0000000000000000	0x000000172FFD6B28	0x0000001BFD01FAC7	0x0000000000000000
40560425	0x0000000000000000	0x000000172FFD6B28	0x0000001BFD01FAC7	0x0000000000000000
40660425	0x0000000000000000	0x000000172FFD6B28	0x0000001BFD01FAC7	0x0000000000000000
24640010	0x0000000000000000	0x0000002800000000	0x0000000000000000	0x0000001400000000
24640011	0x0000000000000000	0x00000049CCCCCB12	0x0000000000000000	0x00000024CCCCCBF0
24640012	0x0000000000000000	0x0000007A8CCC9ED8	0x0000000000000000	0x0000003D0CCCB5E8
24640013	0x0000000000000000	0x000000BA26662098	0x0000000000000000	0x0000005CD99976C8
24650010	0x0000000000000000	0x0000002D00000000	0x0000000000000000	0x000000167FFFFF79
24650011	0x0000000000000000	0x0000005A00000000	0x0000000000000000	0x0000002D00000000
24650012	0x0000000000000000	0x000000947FFFFC85	0x0000000000000000	0x0000004A666664A8
24650013	0x0000000000000000	0x000000DC9999946E	0x0000000000000000	0x0000006E733309C8
24650014	0x0000000000000000	0x0000013233332C06	0x0000000000000000	0x000000993FFFC688
24660010	0x0000000000000000	0x0000003200000000	0x0000000000000000	0x0000001900000000
24660011	0x0000000000000000	0x0000006A3FFFD828	0x0000000000000000	0x000000353FFFEC08
24660012	0x0000000000000000	0x000000B37332EFE8	0x0000000000000000	0x00000059D99977E8
24660013	0x0000000000000000	0x0000010D66666016	0x0000000000000000	0x0000008700000000
24660014	0x0000000000000000	0x0000017833332A62	0x0000000000000000	0x000000BC9999952E
30160430	0x00000095FD706B98	0x0000000000000000	0x0000000000000000	0x00000006AB851C38
30160431	0x0000013EBD702C50	0x0000000000000000	0x0000000000000000	0x0000000E2B851968
30160432	0x0000021A0A3CA6E0	0x0000000000000000	0x0000000000000000	0x00000017C51EAF68
30160433	0x00000327E3D5DB48	0x0000000000000000	0x0000000000000000	0x00000023AB851158
30160434	0x000004684A3BC988	0x0000000000000000	0x0000000000000000	0x0000003211EB7258
30260430	0x00000095FD706B98	0x0000000000000000	0x0000000000000000	0x00000006AB851C38
30260431	0x0000013EBD702C50	0x0000000000000000	0x0000000000000000	0x0000000E2B851968
30260432	0x0000021A0A3CA6E0	0x0000000000000000	0x0000000000000000	0x00000017C51EAF68
30260433	0x00000327E3D5DB48	0x0000000000000000	0x0000000000000000	0x00000023AB851158
30260434	0x000004684A3BC988	0x0000000000000000	0x0000000000000000	0x0000003211EB7258
30360430	0x00000095FD706B98	0x0000000000000000	0x0000000000000000	0x00000006AB851C38
30360431	0x0000013EBD702C50	0x0000000000000000	0x0000000000000000	0x0000000E2B851968
30360432	0x0000021A0A3CA6E0	0x0000000000000000	0x0000000000000000	0x00000017C51EAF68
30360433	0x00000327E3D5DB48	0x0000000000000000	0x0000000000000000	0x00000023AB851158
30360434	0x000004684A3BC988	0x0000000000000000	0x0000000000000000	0x0000003211EB7258
30460430	0x0000000000000000	0x0000000D547ADC48	0x000000167FFFFF79	0x0000000000000000
30460431	0x0000000000000000	0x0000001C547AD6A8	0x0000002FBFFFEE18	0x0000000000000000
30460432	0x0000000000000000	0x0000002FD47ACF58	0x00000050BFFFE1B8	0x0000000000000000
30460433	0x0000000000000000	0x00000047FAE12CB0	0x0000007959996C18	0x0000000000000000
30460434	0x0000000000000000	0x0000006461478870	0x000000A959995A18	0x0000000000000000
30560430	0x0000000000000000	0x0000000D547ADC48	0x000000167FFFFF79	0x0000000000000000
30560431	0x0000000000000000	0x0000001C547AD6A8	0x0000002FBFFFEE18	0x0000000000000000
30560432	0x0000000000000000	0x0000002FD47ACF58	0x00000050BFFFE1B8	0x0000000000000000
30560433	0x0000000000000000	0x00000047FAE12CB0	0x0000007959996C18	0x0000000000000000
30560434	0x0000000000000000	0x0000006461478870	0x000000A959995A18	0x0000000000000000
30660430	0x0000000000000000	0x0000000D547ADC48	0x000000167FFFFF79	0x0000000000000000
30660431	0x0000000000000000	0x0000001C547AD6A8	0x0000002FBFFFEE18	0x0000000000000000
30660432	0x0000000000000000	0x0000002FD47ACF58	0x00000050BFFFE1B8	0x0000000000000000
30660433	0x0000000000000000	0x00000047FAE12CB0	0x0000007959996C18	0x0000000000000000
30660434	0x0000000000000000	0x0000006461478870	0x000000A959995A18	0x0000000000000000
40160434	0x00000104F8BEC483	0x0000000000000000	0x0000000000000000	0x000000084B2AAEFB
40260434	0x00000104F8BEC483	0x0000000000000000	0x0000000000000000	0x000000084B2AAEFB
40360434	0x00000104F8BEC483	0x0000000000000000	0x0000000000000000	0x000000084B2AAEFB
40460434	0x0000000000000000	0x000000172FFD6B28	0x0000001BFD01FAC7	0x0000000000000000
40560434	0x0000000000000000	0x000000172FFD6B28	0x0000001BFD01FAC7	0x0000000000000000
40660434	0x0000000000000000	0x000000172FFD6B28	0x0000001BFD01FAC7	0x0000000000000000
40160435	0x00000104F8BEC483	0x0000000000000000	0x0000000000000000	0x000000084B2AAEFB
40260435	0x00000104F8BEC483	0x0000000000000000	0x0000000000000000	0x000000084B2AAEFB
40360435	0x00000104F8BEC483	0x0000000000000000	0x0000000000000000	0x000000084B2AAEFB
40460435	0x0000000000000000	0x000000172FFD6B28	0x0000001BFD01FAC7	0x0000000000000000
40560435	0x0000000000000000	0x000000172FFD6B28	0x0000001BFD01FAC7	0x0000000000000000
40660435	0x0000000000000000	0x000000172FFD6B28	0x0000001BFD01FAC7	0x0000000000000000
24740010	0x0000000000000000	0x0000002800000000	0x0000000000000000	0x0000001400000000
24740011	0x0000000000000000	0x00000049CCCCCB12	0x0000000000000000	0x00000024CCCCCBF0
24740012	0x0000000000000000	0x0000007A8CCC9ED8	0x0000000000000000	0x0000003D0CCCB5E8
24740013	0x0000000000000000	0x000000BA26662098	0x0000000000000000	0x0000005CD99976C8
24750010	0x0000000000000000	0x0000002D00000000	0x0000000000000000	0x000000167FFFFF79
24750011	0x0000000000000000	0x0000005A00000000	0x0000000000000000	0x0000002D00000000
24750012	0x0000000000000000	0x000000947FFFFC85	0x0000000000000000	0x0000004A666664A8
24750013	0x0000000000000000	0x000000DC9999946E	0x0000000000000000	0x0000006E733309C8
24750014	0x0000000000000000	0x0000013233332C06	0x0000000000000000	0x000000993FFFC688
24760010	0x0000000000000000	0x0000003200000000	0x0000000000000000	0x0000001900000000
24760011	0x0000000000000000	0x0000006A3FFFD828	0x0000000000000000	0x000000353FFFEC08
24760012	0x0000000000000000	0x000000B37332EFE8	0x0000000000000000	0x00000059D99977E8
24760013	0x0000000000000000	0x0000010D66666016	0x0000000000000000	0x0000008700000000
24760014	0x0000000000000000	0x0000017833332A62	0x0000000000000000	0x000000BC9999952E
30160440	0x00000095FD706B98	0x0000000000000000	0x0000000000000000	0x00000006AB851C38
30160441	0x0000013EBD702C50	0x0000000000000000	0x0000000000000000	0x0000000E2B851968
30160442	0x0000021A0A3CA6E0	0x0000000000000000	0x0000000000000000	0x00000017C51EAF68
30160443	0x00000327E3D5DB48	0x0000000000000000	0x0000000000000000	0x00000023AB851158
30160444	0x000004684A3BC988	0x0000000000000000	0x0000000000000000	0x0000003211EB7258
30260440	0x00000095FD706B98	0x0000000000000000	0x0000000000000000	0x00000006AB851C38
30260441	0x0000013EBD702C50	0x0000000000000000	0x0000000000000000	0x0000000E2B851968
30260442	0x0000021A0A3CA6E0	0x0000000000000000	0x0000000000000000	0x00000017C51EAF68
30260443	0x00000327E3D5DB48	0x0000000000000000	0x0000000000000000	0x00000023AB851158
30260444	0x000004684A3BC988	0x0000000000000000	0x0000000000000000	0x0000003211EB7258
30360440	0x00000095FD706B98	0x0000000000000000	0x0000000000000000	0x00000006AB851C38
30360441	0x0000013EBD702C50	0x0000000000000000	0x0000000000000000	0x0000000E2B851968
30360442	0x0000021A0A3CA6E0	0x0000000000000000	0x0000000000000000	0x00000017C51EAF68
30360443	0x00000327E3D5DB48	0x0000000000000000	0x0000000000000000	0x00000023AB851158
30360444	0x000004684A3BC988	0x0000000000000000	0x0000000000000000	0x0000003211EB7258
30460440	0x0000000000000000	0x0000000D547ADC48	0x000000167FFFFF79	0x0000000000000000
30460441	0x0000000000000000	0x0000001C547AD6A8	0x0000002FBFFFEE18	0x0000000000000000
30460442	0x0000000000000000	0x0000002FD47ACF58	0x00000050BFFFE1B8	0x0000000000000000
30460443	0x0000000000000000	0x00000047FAE12CB0	0x0000007959996C18	0x0000000000000000
30460444	0x0000000000000000	0x0000006461478870	0x000000A959995A18	0x0000000000000000
30560440	0x0000000000000000	0x0000000D547ADC48	0x000000167FFFFF79	0x0000000000000000
30560441	0x0000000000000000	0x0000001C547AD6A8	0x0000002FBFFFEE18	0x0000000000000000
30560442	0x0000000000000000	0x0000002FD47ACF58	0x00000050BFFFE1B8	0x0000000000000000
30560443	0x0000000000000000	0x00000047FAE12CB0	0x0000007959996C18	0x0000000000000000
30560444	0x0000000000000000	0x0000006461478870	0x000000A959995A18	0x0000000000000000
30660440	0x0000000000000000	0x0000000D547ADC48	0x000000167FFFFF79	0x0000000000000000
30660441	0x0000000000000000	0x0000001C547AD6A8	0x0000002FBFFFEE18	0x0000000000000000
30660442	0x0000000000000000	0x0000002FD47ACF58	0x00000050BFFFE1B8	0x0000000000000000
30660443	0x0000000000000000	0x00000047FAE12CB0	0x0000007959996C18	0x0000000000000000
30660444	0x0000000000000000	0x0000006461478870	0x000000A959995A18	0x0000000000000000
40160444	0x00000104F8BEC483	0x0000000000000000	0x0000000000000000	0x000000084B2AAEFB
40260444	0x00000104F8BEC483	0x0000000000000000	0x0000000000000000	0x000000084B2AAEFB
40360444	0x00000104F8BEC483	0x0000000000000000	0x0000000000000000	0x000000084B2AAEFB
40460444	0x0000000000000000	0x000000172FFD6B28	0x0000001BFD01FAC7	0x0000000000000000
40560444	0x0000000000000000	0x000000172FFD6B28	0x0000001BFD01FAC7	0x0000000000000000
40660444	0x0000000000000000	0x000000172FFD6B28	0x0000001BFD01FAC7	0x0000000000000000
40160445	0x00000104F8BEC483	0x0000000000000000	0x0000000000000000	0x000000084B2AAEFB
40260445	0x00000104F8BEC483	0x0000000000000000	0x0000000000000000	0x000000084B2AAEFB
40360445	0x00000104F8BEC483	0x0000000000000000	0x0000000000000000	0x000000084B2AAEFB
40460445	0x0000000000000000	0x000000172FFD6B28	0x0000001BFD01FAC7	0x0000000000000000
40560445	0x0000000000000000	0x000000172FFD6B28	0x0000001BFD01FAC7	0x0000000000000000
40660445	0x0000000000000000	0x000000172FFD6B28	0x0000001BFD01FAC7	0x0000000000000000
30160450	0x00000095FD706B98	0x0000000000000000	0x0000000000000000	0x00000006AB851C38
30160451	0x0000013EBD702C50	0x0000000000000000	0x0000000000000000	0x0000000E2B851968
30160452	0x0000021A0A3CA6E0	0x0000000000000000	0x0000000000000000	0x00000017C51EAF68
30160453	0x00000327E3D5DB48	0x0000000000000000	0x0000000000000000	0x00000023AB851158
30160454	0x000004684A3BC988	0x0000000000000000	0x0000000000000000	0x0000003211EB7258
30260450	0x00000095FD706B98	0x0000000000000000	0x0000000000000000	0x00000006AB851C38
30260451	0x0000013EBD702C50	0x0000000000000000	0x0000000000000000	0x0000000E2B851968
30260452	0x0000021A0A3CA6E0	0x0000000000000000	0x0000000000000000	0x00000017C51EAF68
30260453	0x00000327E3D5DB48	0x0000000000000000	0x0000000000000000	0x00000023AB851158
30260454	0x000004684A3BC988	0x0000000000000000	0x0000000000000000	0x0000003211EB7258
30360450	0x00000095FD706B98	0x0000000000000000	0x0000000000000000	0x00000006AB851C38
30360451	0x0000013EBD702C50	0x0000000000000000	0x0000000000000000	0x0000000E2B851968
30360452	0x0000021A0A3CA6E0	0x0000000000000000	0x0000000000000000	0x00000017C51EAF68
30360453	0x00000327E3D5DB48	0x0000000000000000	0x0000000000000000	0x00000023AB851158
30360454	0x000004684A3BC988	0x0000000000000000	0x0000000000000000	0x0000003211EB7258
30460450	0x0000000000000000	0x0000000D547ADC48	0x000000167FFFFF79	0x0000000000000000
30460451	0x0000000000000000	0x0000001C547AD6A8	0x0000002FBFFFEE18	0x0000000000000000
30460452	0x0000000000000000	0x0000002FD47ACF58	0x00000050BFFFE1B8	0x0000000000000000
30460453	0x0000000000000000	0x00000047FAE12CB0	0x0000007959996C18	0x0000000000000000
30460454	0x0000000000000000	0x0000006461478870	0x000000A959995A18	0x0000000000000000
30560450	0x0000000000000000	0x0000000D547ADC48	0x000000167FFFFF79	0x0000000000000000
30560451	0x0000000000000000	0x0000001C547AD6A8	0x0000002FBFFFEE18	0x0000000000000000
30560452	0x0000000000000000	0x0000002FD47ACF58	0x00000050BFFFE1B8	0x0000000000000000
30560453	0x0000000000000000	0x00000047FAE12CB0	0x0000007959996C18	0x0000000000000000
30560454	0x0000000000000000	0x0000006461478870	0x000000A959995A18	0x0000000000000000
30660450	0x0000000000000000	0x0000000D547ADC48	0x000000167FFFFF79	0x0000000000000000
30660451	0x0000000000000000	0x0000001C547AD6A8	0x0000002FBFFFEE18	0x0000000000000000
30660452	0x0000000000000000	0x0000002FD47ACF58	0x00000050BFFFE1B8	0x0000000000000000
30660453	0x0000000000000000	0x00000047FAE12CB0	0x0000007959996C18	0x0000000000000000
30660454	0x0000000000000000	0x0000006461478870	0x000000A959995A18	0x0000000000000000
40160454	0x00000104F8BEC483	0x0000000000000000	0x0000000000000000	0x000000084B2AAEFB
40260454	0x00000104F8BEC483	0x0000000000000000	0x0000000000000000	0x000000084B2AAEFB
40360454	0x00000104F8BEC483	0x0000000000000000	0x0000000000000000	0x000000084B2AAEFB
40460454	0x0000000000000000	0x000000172FFD6B28	0x0000001BFD01FAC7	0x0000000000000000
40560454	0x0000000000000000	0x000000172FFD6B28	0x0000001BFD01FAC7	0x0000000000000000
40660454	0x0000000000000000	0x000000172FFD6B28	0x0000001BFD01FAC7	0x0000000000000000
40160455	0x00000104F8BEC483	0x0000000000000000	0x0000000000000000	0x000000084B2AAEFB
40260455	0x00000104F8BEC483	0x0000000000000000	0x0000000000000000	0x000000084B2AAEFB
40360455	0x00000104F8BEC483	0x0000000000000000	0x0000000000000000	0x000000084B2AAEFB
40460455	0x0000000000000000	0x000000172FFD6B28	0x0000001BFD01FAC7	0x0000000000000000
40560455	0x0000000000000000	0x000000172FFD6B28	0x0000001BFD01FAC7	0x0000000000000000
40660455	0x0000000000000000	0x000000172FFD6B28	0x0000001BFD01FAC7	0x0000000000000000
24840010	0x0000000000000000	0x0000002800000000	0x0000000000000000	0x0000001399999924
24840011	0x0000000000000000	0x00000049CCCCCB12	0x0000000000000000	0x0000002410622420
24840012	0x0000000000000000	0x0000007A8CCC9ED8	0x0000000000000000	0x0000003BD43912E3
24840013	0x0000000000000000	0x000000BA26662098	0x0000000000000000	0x0000005AFE34D647
24850010	0x0000000000000000	0x0000002D00000000	0x0000000000000000	0x000000160CCCC488
24850011	0x0000000000000000	0x0000005A00000000	0x0000000000000000	0x0000002C19999891
24850012	0x0000000000000000	0x000000947FFFFC85	0x0000000000000000	0x00000048E97880B0
24850013	0x0000000000000000	0x000000DC9999946E	0x0000000000000000	0x0000006C3DB1AFE7
24850014	0x0000000000000000	0x0000013233332C06	0x0000000000000000	0x000000962F5B7B4F
24860010	0x0000000000000000	0x0000003200000000	0x0000000000000000	0x000000187FFFFF6D
24860011	0x0000000000000000	0x0000006A3FFFD828	0x0000000000000000	0x000000342F5BEC9F
24860012	0x0000000000000000	0x000000B37332EFE8	0x0000000000000000	0x000000580D9102A3
24860013	0x0000000000000000	0x0000010D66666016	0x0000000000000000	0x000000844CCCC9B3
24860014	0x0000000000000000	0x0000017833332A62	0x0000000000000000	0x000000B8D3F6F924
24940010	0x0000000000000000	0x0000002800000000	0x0000000000000000	0x0000001400000000
24940011	0x0000000000000000	0x00000049CCCCCB12	0x0000000000000000	0x00000024CCCCCBF0
24940012	0x0000000000000000	0x0000007A8CCC9ED8	0x0000000000000000	0x0000003D0CCCB5E8
24940013	0x0000000000000000	0x000000BA26662098	0x0000000000000000	0x0000005CD99976C8
24950010	0x0000000000000000	0x0000002D00000000	0x0000000000000000	0x000000167FFFFF79
24950011	0x0000000000000000	0x0000005A00000000	0x0000000000000000	0x0000002D00000000
24950012	0x0000000000000000	0x000000947FFFFC85	0x0000000000000000	0x0000004A666664A8
24950013	0x0000000000000000	0x000000DC9999946E	0x0000000000000000	0x0000006E733309C8
24950014	0x0000000000000000	0x0000013233332C06	0x0000000000000000	0x000000993FFFC688
24960010	0x0000000000000000	0x0000003200000000	0x0000000000000000	0x0000001900000000
24960011	0x0000000000000000	0x0000006A3FFFD828	0x0000000000000000	0x000000353FFFEC08
24960012	0x0000000000000000	0x000000B37332EFE8	0x0000000000000000	0x00000059D99977E8
24960013	0x0000000000000000	0x0000010D66666016	0x0000000000000000	0x0000008700000000
24960014	0x0000000000000000	0x0000017833332A62	0x0000000000000000	0x000000BC9999952E
30160460	0x00000095FD706B98	0x0000000000000000	0x0000000000000000	0x00000006AB851C38
30160461	0x0000013EBD702C50	0x0000000000000000	0x0000000000000000	0x0000000E2B851968
30160462	0x0000021A0A3CA6E0	0x0000000000000000	0x0000000000000000	0x00000017C51EAF68
30160463	0x00000327E3D5DB48	0x0000000000000000	0x0000000000000000	0x00000023AB851158
30160464	0x000004684A3BC988	0x0000000000000000	0x0000000000000000	0x0000003211EB7258
30260460	0x00000095FD706B98	0x0000000000000000	0x0000000000000000	0x00000006AB851C38
30260461	0x0000013EBD702C50	0x0000000000000000	0x0000000000000000	0x0000000E2B851968
30260462	0x0000021A0A3CA6E0	0x0000000000000000	0x0000000000000000	0x00000017C51EAF68
30260463	0x00000327E3D5DB48	0x0000000000000000	0x0000000000000000	0x00000023AB851158
30260464	0x000004684A3BC988	0x0000000000000000	0x0000000000000000	0x0000003211EB7258
30360460	0x00000095FD706B98	0x0000000000000000	0x0000000000000000	0x00000006AB851C38
30360461	0x0000013EBD702C50	0x0000000000000000	0x0000000000000000	0x0000000E2B851968
30360462	0x0000021A0A3CA6E0	0x0000000000000000	0x0000000000000000	0x00000017C51EAF68
30360463	0x00000327E3D5DB48	0x0000000000000000	0x0000000000000000	0x00000023AB851158
30360464	0x000004684A3BC988	0x0000000000000000	0x0000000000000000	0x0000003211EB7258
30460460	0x0000000000000000	0x0000000D547ADC48	0x000000167FFFFF79	0x0000000000000000
30460461	0x0000000000000000	0x0000001C547AD6A8	0x0000002FBFFFEE18	0x0000000000000000
30460462	0x0000000000000000	0x0000002FD47ACF58	0x00000050BFFFE1B8	0x0000000000000000
30460463	0x0000000000000000	0x00000047FAE12CB0	0x0000007959996C18	0x0000000000000000
30460464	0x0000000000000000	0x0000006461478870	0x000000A959995A18	0x0000000000000000
30560460	0x0000000000000000	0x0000000D547ADC48	0x000000167FFFFF79	0x0000000000000000
30560461	0x0000000000000000	0x0000001C547AD6A8	0x0000002FBFFFEE18	0x0000000000000000
30560462	0x0000000000000000	0x0000002FD47ACF58	0x00000050BFFFE1B8	0x0000000000000000
30560463	0x0000000000000000	0x00000047FAE12CB0	0x0000007959996C18	0x0000000000000000
30560464	0x0000000000000000	0x0000006461478870	0x000000A959995A18	0x0000000000000000
30660460	0x0000000000000000	0x0000000D547ADC48	0x000000167FFFFF79	0x0000000000000000
30660461	0x0000000000000000	0x0000001C547AD6A8	0x0000002FBFFFEE18	0x0000000000000000
30660462	0x0000000000000000	0x0000002FD47ACF58	0x00000050BFFFE1B8	0x0000000000000000
30660463	0x0000000000000000	0x00000047FAE12CB0	0x0000007959996C18	0x0000000000000000
30660464	0x0000000000000000	0x0000006461478870	0x000000A959995A18	0x0000000000000000
40160464	0x00000104F8BEC483	0x0000000000000000	0x0000000000000000	0x000000084B2AAEFB
40260464	0x00000104F8BEC483	0x0000000000000000	0x0000000000000000	0x000000084B2AAEFB
40360464	0x00000104F8BEC483	0x0000000000000000	0x0000000000000000	0x000000084B2AAEFB
40460464	0x0000000000000000	0x000000172FFD6B28	0x0000001BFD01FAC7	0x0000000000000000
40560464	0x0000000000000000	0x000000172FFD6B28	0x0000001BFD01FAC7	0x0000000000000000
40660464	0x0000000000000000	0x000000172FFD6B28	0x0000001BFD01FAC7	0x0000000000000000
40160465	0x00000104F8BEC483	0x0000000000000000	0x0000000000000000	0x000000084B2AAEFB
40260465	0x00000104F8BEC483	0x0000000000000000	0x0000000000000000	0x000000084B2AAEFB
40360465	0x00000104F8BEC483	0x0000000000000000	0x0000000000000000	0x000000084B2AAEFB
40460465	0x0000000000000000	0x000000172FFD6B28	0x0000001BFD01FAC7	0x0000000000000000
40560465	0x0000000000000000	0x000000172FFD6B28	0x0000001BFD01FAC7	0x0000000000000000
40660465	0x0000000000000000	0x000000172FFD6B28	0x0000001BFD01FAC7	0x0000000000000000
25040010	0x0000000000000000	0x0000002800000000	0x0000000000000000	0x0000001400000000
25040011	0x0000000000000000	0x00000049CCCCCB12	0x0000000000000000	0x00000024CCCCCBF0
25040012	0x0000000000000000	0x0000007A8CCC9ED8	0x0000000000000000	0x0000003D0CCCB5E8
25040013	0x0000000000000000	0x000000BA26662098	0x0000000000000000	0x0000005CD99976C8
25050010	0x0000000000000000	0x0000002D00000000	0x0000000000000000	0x000000167FFFFF79
25050011	0x0000000000000000	0x0000005A00000000	0x0000000000000000	0x0000002D00000000
25050012	0x0000000000000000	0x000000947FFFFC85	0x0000000000000000	0x0000004A666664A8
25050013	0x0000000000000000	0x000000DC9999946E	0x0000000000000000	0x0000006E733309C8
25050014	0x0000000000000000	0x0000013233332C06	0x0000000000000000	0x000000993FFFC688
25060010	0x0000000000000000	0x0000003200000000	0x0000000000000000	0x0000001900000000
25060011	0x0000000000000000	0x0000006A3FFFD828	0x0000000000000000	0x000000353FFFEC08
25060012	0x0000000000000000	0x000000B37332EFE8	0x0000000000000000	0x00000059D99977E8
25060013	0x0000000000000000	0x0000010D66666016	0x0000000000000000	0x0000008700000000
25060014	0x0000000000000000	0x0000017833332A62	0x0000000000000000	0x000000BC9999952E
30160470	0x00000095FD706B98	0x0000000000000000	0x0000000000000000	0x00000006AB851C38
30160471	0x0000013EBD702C50	0x0000000000000000	0x0000000000000000	0x0000000E2B851968
30160472	0x0000021A0A3CA6E0	0x0000000000000000	0x0000000000000000	0x00000017C51EAF68
30160473	0x00000327E3D5DB48	0x0000000000000000	0x0000000000000000	0x00000023AB851158
30160474	0x000004684A3BC988	0x0000000000000000	0x0000000000000000	0x0000003211EB7258
30260470	0x00000095FD706B98	0x0000000000000000	0x0000000000000000	0x00000006AB851C38
30260471	0x0000013EBD702C50	0x0000000000000000	0x0000000000000000	0x0000000E2B851968
30260472	0x0000021A0A3CA6E0	0x0000000000000000	0x0000000000000000	0x00000017C51EAF68
30260473	0x00000327E3D5DB48	0x0000000000000000	0x0000000000000000	0x00000023AB851158
30260474	0x000004684A3BC988	0x0000000000000000	0x0000000000000000	0x0000003211EB7258
30360470	0x00000095FD706B98	0x0000000000000000	0x0000000000000000	0x00000006AB851C38
30360471	0x0000013EBD702C50	0x0000000000000000	0x0000000000000000	0x0000000E2B851968
30360472	0x0000021A0A3CA6E0	0x0000000000000000	0x0000000000000000	0x00000017C51EAF68
30360473	0x00000327E3D5DB48	0x0000000000000000	0x0000000000000000	0x00000023AB851158
30360474	0x000004684A3BC988	0x0000000000000000	0x0000000000000000	0x0000003211EB7258
30460470	0x0000000000000000	0x0000000D547ADC48	0x000000167FFFFF79	0x0000000000000000
30460471	0x0000000000000000	0x0000001C547AD6A8	0x0000002FBFFFEE18	0x0000000000000000
30460472	0x0000000000000000	0x0000002FD47ACF58	0x00000050BFFFE1B8	0x0000000000000000
30460473	0x0000000000000000	0x00000047FAE12CB0	0x0000007959996C18	0x0000000000000000
30460474	0x0000000000000000	0x0000006461478870	0x000000A959995A18	0x0000000000000000
30560470	0x0000000000000000	0x0000000D547ADC48	0x000000167FFFFF79	0x0000000000000000
30560471	0x0000000000000000	0x0000001C547AD6A8	0x0000002FBFFFEE18	0x0000000000000000
30560472	0x0000000000000000	0x0000002FD47ACF58	0x00000050BFFFE1B8	0x0000000000000000
30560473	0x0000000000000000	0x00000047FAE12CB0	0x0000007959996C18	0x0000000000000000
30560474	0x0000000000000000	0x0000006461478870	0x000000A959995A18	0x0000000000000000
30660470	0x0000000000000000	0x0000000D547ADC48	0x000000167FFFFF79	0x0000000000000000
30660471	0x0000000000000000	0x0000001C547AD6A8	0x0000002FBFFFEE18	0x0000000000000000
30660472	0x0000000000000000	0x0000002FD47ACF58	0x00000050BFFFE1B8	0x0000000000000000
30660473	0x0000000000000000	0x00000047FAE12CB0	0x0000007959996C18	0x0000000000000000
30660474	0x0000000000000000	0x0000006461478870	0x000000A959995A18	0x0000000000000000
40160474	0x00000104F8BEC483	0x0000000000000000	0x0000000000000000	0x000000084B2AAEFB
40260474	0x00000104F8BEC483	0x0000000000000000	0x0000000000000000	0x000000084B2AAEFB
40360474	0x00000104F8BEC483	0x0000000000000000	0x0000000000000000	0x000000084B2AAEFB
40460474	0x0000000000000000	0x000000172FFD6B28	0x0000001BFD01FAC7	0x0000000000000000
40560474	0x0000000000000000	0x000000172FFD6B28	0x0000001BFD01FAC7	0x0000000000000000
40660474	0x0000000000000000	0x000000172FFD6B28	0x0000001BFD01FAC7	0x0000000000000000
40160475	0x00000104F8BEC483	0x0000000000000000	0x0000000000000000	0x000000084B2AAEFB
40260475	0x00000104F8BEC483	0x0000000000000000	0x0000000000000000	0x000000084B2AAEFB
40360475	0x00000104F8BEC483	0x0000000000000000	0x0000000000000000	0x000000084B2AAEFB
40460475	0x0000000000000000	0x000000172FFD6B28	0x0000001BFD01FAC7	0x0000000000000000
40560475	0x0000000000000000	0x000000172FFD6B28	0x0000001BFD01FAC7	0x0000000000000000
40660475	0x0000000000000000	0x000000172FFD6B28	0x0000001BFD01FAC7	0x0000000000000000
25140010	0x0000000000000000	0x0000002800000000	0x0000000000000000	0x0000001400000000
25140011	0x0000000000000000	0x00000049CCCCCB12	0x0000000000000000	0x00000024CCCCCBF0
25140012	0x0000000000000000	0x0000007A8CCC9ED8	0x0000000000000000	0x0000003D0CCCB5E8
25140013	0x0000000000000000	0x000000BA26662098	0x0000000000000000	0x0000005CD99976C8
25150010	0x0000000000000000	0x0000002D00000000	0x0000000000000000	0x000000167FFFFF79
25150011	0x0000000000000000	0x0000005A00000000	0x0000000000000000	0x0000002D00000000
25150012	0x0000000000000000	0x000000947FFFFC85	0x0000000000000000	0x0000004A666664A8
25150013	0x0000000000000000	0x000000DC9999946E	0x0000000000000000	0x0000006E733309C8
25150014	0x0000000000000000	0x0000013233332C06	0x0000000000000000	0x000000993FFFC688
25160010	0x0000000000000000	0x0000003200000000	0x0000000000000000	0x0000001900000000
25160011	0x0000000000000000	0x0000006A3FFFD828	0x0000000000000000	0x000000353FFFEC08
25160012	0x0000000000000000	0x000000B37332EFE8	0x0000000000000000	0x00000059D99977E8
25160013	0x0000000000000000	0x0000010D66666016	0x0000000000000000	0x0000008700000000
25160014	0x0000000000000000	0x0000017833332A62	0x0000000000000000	0x000000BC9999952E
30160480	0x00000095FD706B98	0x0000000000000000	0x0000000000000000	0x00000006AB851C38
30160481	0x0000013EBD702C50	0x0000000000000000	0x0000000000000000	0x0000000E2B851968
30160482	0x0000021A0A3CA6E0	0x0000000000000000	0x0000000000000000	0x00000017C51EAF68
30160483	0x00000327E3D5DB48	0x0000000000000000	0x0000000000000000	0x00000023AB851158
30160484	0x000004684A3BC988	0x0000000000000000	0x0000000000000000	0x0000003211EB7258
30260480	0x00000095FD706B98	0x0000000000000000	0x0000000000000000	0x00000006AB851C38
30260481	0x0000013EBD702C50	0x0000000000000000	0x0000000000000000	0x0000000E2B851968
30260482	0x0000021A0A3CA6E0	0x0000000000000000	0x0000000000000000	0x00000017C51EAF68
30260483	0x00000327E3D5DB48	0x0000000000000000	0x0000000000000000	0x00000023AB851158
30260484	0x000004684A3BC988	0x0000000000000000	0x0000000000000000	0x0000003211EB7258
30360480	0x00000095FD706B98	0x0000000000000000	0x0000000000000000	0x00000006AB851C38
30360481	0x0000013EBD702C50	0x0000000000000000	0x0000000000000000	0x0000000E2B851968
30360482	0x0000021A0A3CA6E0	0x0000000000000000	0x0000000000000000	0x00000017C51EAF68
30360483	0x00000327E3D5DB48	0x0000000000000000	0x0000000000000000	0x00000023AB851158
30360484	0x000004684A3BC988	0x0000000000000000	0x0000000000000000	0x0000003211EB7258
30460480	0x0000000000000000	0x0000000D547ADC48	0x000000167FFFFF79	0x0000000000000000
30460481	0x0000000000000000	0x0000001C547AD6A8	0x0000002FBFFFEE18	0x0000000000000000
30460482	0x0000000000000000	0x0000002FD47ACF58	0x00000050BFFFE1B8	0x0000000000000000
30460483	0x0000000000000000	0x00000047FAE12CB0	0x0000007959996C18	0x0000000000000000
30460484	0x0000000000000000	0x0000006461478870	0x000000A959995A18	0x0000000000000000
30560480	0x0000000000000000	0x0000000D547ADC48	0x000000167FFFFF79	0x0000000000000000
30560481	0x0000000000000000	0x0000001C547AD6A8	0x0000002FBFFFEE18	0x0000000000000000
30560482	0x0000000000000000	0x0000002FD47ACF58	0x00000050BFFFE1B8	0x0000000000000000
30560483	0x0000000000000000	0x00000047FAE12CB0	0x0000007959996C18	0x0000000000000000
30560484	0x0000000000000000	0x0000006461478870	0x000000A959995A18	0x0000000000000000
30660480	0x0000000000000000	0x0000000D547ADC48	0x000000167FFFFF79	0x0000000000000000
30660481	0x0000000000000000	0x0000001C547AD6A8	0x0000002FBFFFEE18	0x0000000000000000
30660482	0x0000000000000000	0x0000002FD47ACF58	0x00000050BFFFE1B8	0x0000000000000000
30660483	0x0000000000000000	0x00000047FAE12CB0	0x0000007959996C18	0x0000000000000000
30660484	0x0000000000000000	0x0000006461478870	0x000000A959995A18	0x0000000000000000
40160484	0x00000104F8BEC483	0x0000000000000000	0x0000000000000000	0x000000084B2AAEFB
40260484	0x00000104F8BEC483	0x0000000000000000	0x0000000000000000	0x000000084B2AAEFB
40360484	0x00000104F8BEC483	0x0000000000000000	0x0000000000000000	0x000000084B2AAEFB
40460484	0x0000000000000000	0x000000172FFD6B28	0x0000001BFD01FAC7	0x0000000000000000
40560484	0x0000000000000000	0x000000172FFD6B28	0x0000001BFD01FAC7	0x0000000000000000
40660484	0x0000000000000000	0x000000172FFD6B28	0x0000001BFD01FAC7	0x0000000000000000
40160485	0x00000104F8BEC483	0x0000000000000000	0x0000000000000000	0x000000084B2AAEFB
40260485	0x00000104F8BEC483	0x0000000000000000	0x0000000000000000	0x000000084B2AAEFB
40360485	0x00000104F8BEC483	0x0000000000000000	0x0000000000000000	0x000000084B2AAEFB
40460485	0x0000000000000000	0x000000172FFD6B28	0x0000001BFD01FAC7	0x0000000000000000
40560485	0x0000000000000000	0x000000172FFD6B28	0x0000001BFD01FAC7	0x0000000000000000
40660485	0x0000000000000000	0x000000172FFD6B28	0x0000001BFD01FAC7	0x0000000000000000
25240010	0x0000000000000000	0x0000002800000000	0x0000000000000000	0x0000001400000000
25240011	0x0000000000000000	0x00000049CCCCCB12	0x0000000000000000	0x00000024CCCCCBF0
25240012	0x0000000000000000	0x0000007A8CCC9ED8	0x0000000000000000	0x0000003D0CCCB5E8
25240013	0x0000000000000000	0x000000BA26662098	0x0000000000000000	0x0000005CD99976C8
25250010	0x0000000000000000	0x0000002D00000000	0x0000000000000000	0x000000167FFFFF79
25250011	0x0000000000000000	0x0000005A00000000	0x0000000000000000	0x0000002D00000000
25250012	0x0000000000000000	0x000000947FFFFC85	0x0000000000000000	0x0000004A666664A8
25250013	0x0000000000000000	0x000000DC9999946E	0x0000000000000000	0x0000006E733309C8
25250014	0x0000000000000000	0x0000013233332C06	0x0000000000000000	0x000000993FFFC688
25260010	0x0000000000000000	0x0000003200000000	0x0000000000000000	0x0000001900000000
25260011	0x0000000000000000	0x0000006A3FFFD828	0x0000000000000000	0x000000353FFFEC08
25260012	0x0000000000000000	0x000000B37332EFE8	0x0000000000000000	0x00000059D99977E8
25260013	0x0000000000000000	0x0000010D66666016	0x0000000000000000	0x0000008700000000
25260014	0x0000000000000000	0x0000017833332A62	0x0000000000000000	0x000000BC9999952E
30160490	0x00000095FD706B98	0x0000000000000000	0x0000000000000000	0x00000006AB851C38
30160491	0x0000013EBD702C50	0x0000000000000000	0x0000000000000000	0x0000000E2B851968
30160492	0x0000021A0A3CA6E0	0x0000000000000000	0x0000000000000000	0x00000017C51EAF68
30160493	0x00000327E3D5DB48	0x0000000000000000	0x0000000000000000	0x00000023AB851158
30160494	0x000004684A3BC988	0x0000000000000000	0x0000000000000000	0x0000003211EB7258
30260490	0x00000095FD706B98	0x0000000000000000	0x0000000000000000	0x00000006AB851C38
30260491	0x0000013EBD702C50	0x0000000000000000	0x0000000000000000	0x0000000E2B851968
30260492	0x0000021A0A3CA6E0	0x0000000000000000	0x0000000000000000	0x00000017C51EAF68
30260493	0x00000327E3D5DB48	0x0000000000000000	0x0000000000000000	0x00000023AB851158
30260494	0x000004684A3BC988	0x0000000000000000	0x0000000000000000	0x0000003211EB7258
30360490	0x00000095FD706B98	0x0000000000000000	0x0000000000000000	0x00000006AB851C38
30360491	0x0000013EBD702C50	0x0000000000000000	0x0000000000000000	0x0000000E2B851968
30360492	0x0000021A0A3CA6E0	0x0000000000000000	0x0000000000000000	0x00000017C51EAF68
30360493	0x00000327E3D5DB48	0x0000000000000000	0x0000000000000000	0x00000023AB851158
30360494	0x000004684A3BC988	0x0000000000000000	0x0000000000000000	0x0000003211EB7258
30460490	0x0000000000000000	0x0000000D547ADC48	0x000000167FFFFF79	0x0000000000000000
30460491	0x0000000000000000	0x0000001C547AD6A8	0x0000002FBFFFEE18	0x0000000000000000
30460492	0x0000000000000000	0x0000002FD47ACF58	0x00000050BFFFE1B8	0x0000000000000000
30460493	0x0000000000000000	0x00000047FAE12CB0	0x0000007959996C18	0x0000000000000000
30460494	0x0000000000000000	0x0000006461478870	0x000000A959995A18	0x0000000000000000
30560490	0x0000000000000000	0x0000000D547ADC48	0x000000167FFFFF79	0x0000000000000000
30560491	0x0000000000000000	0x0000001C547AD6A8	0x0000002FBFFFEE18	0x0000000000000000
30560492	0x0000000000000000	0x0000002FD47ACF58	0x00000050BFFFE1B8	0x0000000000000000
30560493	0x0000000000000000	0x00000047FAE12CB0	0x0000007959996C18	0x0000000000000000
30560494	0x0000000000000000	0x0000006461478870	0x000000A959995A18	0x0000000000000000
30660490	0x0000000000000000	0x0000000D547ADC48	0x000000167FFFFF79	0x0000000000000000
30660491	0x0000000000000000	0x0000001C547AD6A8	0x0000002FBFFFEE18	0x0000000000000000
30660492	0x0000000000000000	0x0000002FD47ACF58	0x00000050BFFFE1B8	0x0000000000000000
30660493	0x0000000000000000	0x00000047FAE12CB0	0x0000007959996C18	0x0000000000000000
30660494	0x0000000000000000	0x0000006461478870	0x000000A959995A18	0x0000000000000000
40160494	0x00000104F8BEC483	0x0000000000000000	0x0000000000000000	0x000000084B2AAEFB
40260494	0x00000104F8BEC483	0x0000000000000000	0x0000000000000000	0x000000084B2AAEFB
40360494	0x00000104F8BEC483	0x0000000000000000	0x0000000000000000	0x000000084B2AAEFB
40460494	0x0000000000000000	0x000000172FFD6B28	0x0000001BFD01FAC7	0x0000000000000000
40560494	0x0000000000000000	0x000000172FFD6B28	0x0000001BFD01FAC7	0x0000000000000000
40660494	0x0000000000000000	0x000000172FFD6B28	0x0000001BFD01FAC7	0x0000000000000000
40160495	0x00000104F8BEC483	0x0000000000000000	0x0000000000000000	0x000000084B2AAEFB
40260495	0x00000104F8BEC483	0x0000000000000000	0x0000000000000000	0x000000084B2AAEFB
40360495	0x00000104F8BEC483	0x0000000000000000	0x0000000000000000	0x000000084B2AAEFB
40460495	0x0000000000000000	0x000000172FFD6B28	0x0000001BFD01FAC7	0x0000000000000000
40560495	0x0000000000000000	0x000000172FFD6B28	0x0000001BFD01FAC7	0x0000000000000000
40660495	0x0000000000000000	0x000000172FFD6B28	0x0000001BFD01FAC7	0x0000000000000000
30160500	0x00000095FD706B98	0x0000000000000000	0x0000000000000000	0x00000006AB851C38
30160501	0x0000013EBD702C50	0x0000000000000000	0x0000000000000000	0x0000000E2B851968
30160502	0x0000021A0A3CA6E0	0x0000000000000000	0x0000000000000000	0x00000017C51EAF68
30160503	0x00000327E3D5DB48	0x0000000000000000	0x0000000000000000	0x00000023AB851158
30160504	0x000004684A3BC988	0x0000000000000000	0x0000000000000000	0x0000003211EB7258
30260500	0x00000095FD706B98	0x0000000000000000	0x0000000000000000	0x00000006AB851C38
30260501	0x0000013EBD702C50	0x0000000000000000	0x0000000000000000	0x0000000E2B851968
30260502	0x0000021A0A3CA6E0	0x0000000000000000	0x0000000000000000	0x00000017C51EAF68
30260503	0x00000327E3D5DB48	0x0000000000000000	0x0000000000000000	0x00000023AB851158
30260504	0x000004684A3BC988	0x0000000000000000	0x0000000000000000	0x0000003211EB7258
30360500	0x00000095FD706B98	0x0000000000000000	0x0000000000000000	0x00000006AB851C38
30360501	0x0000013EBD702C50	0x0000000000000000	0x0000000000000000	0x0000000E2B851968
30360502	0x0000021A0A3CA6E0	0x0000000000000000	0x0000000000000000	0x00000017C51EAF68
30360503	0x00000327E3D5DB48	0x0000000000000000	0x0000000000000000	0x00000023AB851158
30360504	0x000004684A3BC988	0x0000000000000000	0x0000000000000000	0x0000003211EB7258
30460500	0x0000000000000000	0x0000000D547ADC48	0x000000167FFFFF79	0x0000000000000000
30460501	0x0000000000000000	0x0000001C547AD6A8	0x0000002FBFFFEE18	0x0000000000000000
30460502	0x0000000000000000	0x0000002FD47ACF58	0x00000050BFFFE1B8	0x0000000000000000
30460503	0x0000000000000000	0x00000047FAE12CB0	0x0000007959996C18	0x0000000000000000
30460504	0x0000000000000000	0x0000006461478870	0x000000A959995A18	0x0000000000000000
30560500	0x0000000000000000	0x0000000D547ADC48	0x000000167FFFFF79	0x0000000000000000
30560501	0x0000000000000000	0x0000001C547AD6A8	0x0000002FBFFFEE18	0x0000000000000000
30560502	0x0000000000000000	0x0000002FD47ACF58	0x00000050BFFFE1B8	0x0000000000000000
30560503	0x0000000000000000	0x00000047FAE12CB0	0x0000007959996C18	0x0000000000000000
30560504	0x0000000000000000	0x0000006461478870	0x000000A959995A18	0x0000000000000000
30660500	0x0000000000000000	0x0000000D547ADC48	0x000000167FFFFF79	0x0000000000000000
30660501	0x0000000000000000	0x0000001C547AD6A8	0x0000002FBFFFEE18	0x0000000000000000
30660502	0x0000000000000000	0x0000002FD47ACF58	0x00000050BFFFE1B8	0x0000000000000000
30660503	0x0000000000000000	0x00000047FAE12CB0	0x0000007959996C18	0x0000000000000000
30660504	0x0000000000000000	0x0000006461478870	0x000000A959995A18	0x0000000000000000
40160504	0x00000104F8BEC483	0x0000000000000000	0x0000000000000000	0x000000084B2AAEFB
40260504	0x00000104F8BEC483	0x0000000000000000	0x0000000000000000	0x000000084B2AAEFB
40360504	0x00000104F8BEC483	0x0000000000000000	0x0000000000000000	0x000000084B2AAEFB
40460504	0x0000000000000000	0x000000172FFD6B28	0x0000001BFD01FAC7	0x0000000000000000
40560504	0x0000000000000000	0x000000172FFD6B28	0x0000001BFD01FAC7	0x0000000000000000
40660504	0x0000000000000000	0x000000172FFD6B28	0x0000001BFD01FAC7	0x0000000000000000
40160505	0x00000104F8BEC483	0x0000000000000000	0x0000000000000000	0x000000084B2AAEFB
40260505	0x00000104F8BEC483	0x0000000000000000	0x0000000000000000	0x000000084B2AAEFB
40360505	0x00000104F8BEC483	0x0000000000000000	0x0000000000000000	0x000000084B2AAEFB
40460505	0x0000000000000000	0x000000172FFD6B28	0x0000001BFD01FAC7	0x0000000000000000
40560505	0x0000000000000000	0x000000172FFD6B28	0x0000001BFD01FAC7	0x0000000000000000
40660505	0x0000000000000000	0x000000172FFD6B28	0x0000001BFD01FAC7	0x0000000000000000
25340010	0x0000000000000000	0x0000002800000000	0x0000000000000000	0x0000001399999924
25340011	0x0000000000000000	0x00000049CCCCCB12	0x0000000000000000	0x0000002410622420
25340012	0x0000000000000000	0x0000007A8CCC9ED8	0x0000000000000000	0x0000003BD43912E3
25340013	0x0000000000000000	0x000000BA26662098	0x0000000000000000	0x0000005AFE34D647
25350010	0x0000000000000000	0x0000002D00000000	0x0000000000000000	0x000000160CCCC488
25350011	0x0000000000000000	0x0000005A00000000	0x0000000000000000	0x0000002C19999891
25350012	0x0000000000000000	0x000000947FFFFC85	0x0000000000000000	0x00000048E97880B0
25350013	0x0000000000000000	0x000000DC9999946E	0x0000000000000000	0x0000006C3DB1AFE7
25350014	0x0000000000000000	0x0000013233332C06	0x0000000000000000	0x000000962F5B7B4F
25360010	0x0000000000000000	0x0000003200000000	0x0000000000000000	0x000000187FFFFF6D
25360011	0x0000000000000000	0x0000006A3FFFD828	0x0000000000000000	0x000000342F5BEC9F
25360012	0x0000000000000000	0x000000B37332EFE8	0x0000000000000000	0x000000580D9102A3
25360013	0x0000000000000000	0x0000010D66666016	0x0000000000000000	0x000000844CCCC9B3
25440010	0x0000000000000000	0x0000002800000000	0x0000000000000000	0x0000001400000000
25440011	0x0000000000000000	0x00000049CCCCCB12	0x0000000000000000	0x00000024CCCCCBF0
25440012	0x0000000000000000	0x0000007A8CCC9ED8	0x0000000000000000	0x0000003D0CCCB5E8
25440013	0x0000000000000000	0x000000BA26662098	0x0000000000000000	0x0000005CD99976C8
25450010	0x0000000000000000	0x0000002D00000000	0x0000000000000000	0x000000167FFFFF79
25450011	0x0000000000000000	0x0000005A00000000	0x0000000000000000	0x0000002D00000000
25450012	0x0000000000000000	0x000000947FFFFC85	0x0000000000000000	0x0000004A666664A8
25450013	0x0000000000000000	0x000000DC9999946E	0x0000000000000000	0x0000006E733309C8
25450014	0x0000000000000000	0x0000013233332C06	0x0000000000000000	0x000000993FFFC688
25460010	0x0000000000000000	0x0000003200000000	0x0000000000000000	0x0000001900000000
25460011	0x0000000000000000	0x0000006A3FFFD828	0x0000000000000000	0x000000353FFFEC08
25460012	0x0000000000000000	0x000000B37332EFE8	0x0000000000000000	0x00000059D99977E8
25460013	0x0000000000000000	0x0000010D66666016	0x0000000000000000	0x0000008700000000
25460014	0x0000000000000000	0x0000017833332A62	0x0000000000000000	0x000000BC9999952E
25360014	0x0000000000000000	0x0000017833332A62	0x0000000000000000	0x000000B8D3F6F924
30160510	0x00000095FD706B98	0x0000000000000000	0x0000000000000000	0x00000006AB851C38
30160511	0x0000013EBD702C50	0x0000000000000000	0x0000000000000000	0x0000000E2B851968
30160512	0x0000021A0A3CA6E0	0x0000000000000000	0x0000000000000000	0x00000017C51EAF68
30160513	0x00000327E3D5DB48	0x0000000000000000	0x0000000000000000	0x00000023AB851158
30160514	0x000004684A3BC988	0x0000000000000000	0x0000000000000000	0x0000003211EB7258
30260510	0x00000095FD706B98	0x0000000000000000	0x0000000000000000	0x00000006AB851C38
30260511	0x0000013EBD702C50	0x0000000000000000	0x0000000000000000	0x0000000E2B851968
30260512	0x0000021A0A3CA6E0	0x0000000000000000	0x0000000000000000	0x00000017C51EAF68
30260513	0x00000327E3D5DB48	0x0000000000000000	0x0000000000000000	0x00000023AB851158
30260514	0x000004684A3BC988	0x0000000000000000	0x0000000000000000	0x0000003211EB7258
30360510	0x00000095FD706B98	0x0000000000000000	0x0000000000000000	0x00000006AB851C38
30360511	0x0000013EBD702C50	0x0000000000000000	0x0000000000000000	0x0000000E2B851968
30360512	0x0000021A0A3CA6E0	0x0000000000000000	0x0000000000000000	0x00000017C51EAF68
30360513	0x00000327E3D5DB48	0x0000000000000000	0x0000000000000000	0x00000023AB851158
30360514	0x000004684A3BC988	0x0000000000000000	0x0000000000000000	0x0000003211EB7258
30460510	0x0000000000000000	0x0000000D547ADC48	0x000000167FFFFF79	0x0000000000000000
30460511	0x0000000000000000	0x0000001C547AD6A8	0x0000002FBFFFEE18	0x0000000000000000
30460512	0x0000000000000000	0x0000002FD47ACF58	0x00000050BFFFE1B8	0x0000000000000000
30460513	0x0000000000000000	0x00000047FAE12CB0	0x0000007959996C18	0x0000000000000000
30460514	0x0000000000000000	0x0000006461478870	0x000000A959995A18	0x0000000000000000
30560510	0x0000000000000000	0x0000000D547ADC48	0x000000167FFFFF79	0x0000000000000000
30560511	0x0000000000000000	0x0000001C547AD6A8	0x0000002FBFFFEE18	0x0000000000000000
30560512	0x0000000000000000	0x0000002FD47ACF58	0x00000050BFFFE1B8	0x0000000000000000
30560513	0x0000000000000000	0x00000047FAE12CB0	0x0000007959996C18	0x0000000000000000
30560514	0x0000000000000000	0x0000006461478870	0x000000A959995A18	0x0000000000000000
30660510	0x0000000000000000	0x0000000D547ADC48	0x000000167FFFFF79	0x0000000000000000
30660511	0x0000000000000000	0x0000001C547AD6A8	0x0000002FBFFFEE18	0x0000000000000000
30660512	0x0000000000000000	0x0000002FD47ACF58	0x00000050BFFFE1B8	0x0000000000000000
30660513	0x0000000000000000	0x00000047FAE12CB0	0x0000007959996C18	0x0000000000000000
30660514	0x0000000000000000	0x0000006461478870	0x000000A959995A18	0x0000000000000000
40160514	0x00000104F8BEC483	0x0000000000000000	0x0000000000000000	0x000000084B2AAEFB
40260514	0x00000104F8BEC483	0x0000000000000000	0x0000000000000000	0x000000084B2AAEFB
40360514	0x00000104F8BEC483	0x0000000000000000	0x0000000000000000	0x000000084B2AAEFB
40460514	0x0000000000000000	0x000000172FFD6B28	0x0000001BFD01FAC7	0x0000000000000000
40560514	0x0000000000000000	0x000000172FFD6B28	0x0000001BFD01FAC7	0x0000000000000000
40660514	0x0000000000000000	0x000000172FFD6B28	0x0000001BFD01FAC7	0x0000000000000000
40160515	0x00000104F8BEC483	0x0000000000000000	0x0000000000000000	0x000000084B2AAEFB
40260515	0x00000104F8BEC483	0x0000000000000000	0x0000000000000000	0x000000084B2AAEFB
40360515	0x00000104F8BEC483	0x0000000000000000	0x0000000000000000	0x000000084B2AAEFB
40460515	0x0000000000000000	0x000000172FFD6B28	0x0000001BFD01FAC7	0x0000000000000000
40560515	0x0000000000000000	0x000000172FFD6B28	0x0000001BFD01FAC7	0x0000000000000000
40660515	0x0000000000000000	0x000000172FFD6B28	0x0000001BFD01FAC7	0x0000000000000000
25550010	0x0000000000000000	0x0000002D00000000	0x0000000000000000	0x000000167FFFFF79
25550011	0x0000000000000000	0x0000005A00000000	0x0000000000000000	0x0000002D00000000
25550012	0x0000000000000000	0x000000947FFFFC85	0x0000000000000000	0x0000004A666664A8
25550013	0x0000000000000000	0x000000DC9999946E	0x0000000000000000	0x0000006E733309C8
25550014	0x0000000000000000	0x0000013233332C06	0x0000000000000000	0x000000993FFFC688
25560010	0x0000000000000000	0x0000003200000000	0x0000000000000000	0x0000001900000000
25560011	0x0000000000000000	0x0000006A3FFFD828	0x0000000000000000	0x000000353FFFEC08
25560012	0x0000000000000000	0x000000B37332EFE8	0x0000000000000000	0x00000059D99977E8
25560013	0x0000000000000000	0x0000010D66666016	0x0000000000000000	0x0000008700000000
25560014	0x0000000000000000	0x0000017833332A62	0x0000000000000000	0x000000BC9999952E
25650010	0x0000000000000000	0x0000002D00000000	0x0000000000000000	0x000000167FFFFF79
25650011	0x0000000000000000	0x0000005A00000000	0x0000000000000000	0x0000002D00000000
25650012	0x0000000000000000	0x000000947FFFFC85	0x0000000000000000	0x0000004A666664A8
25650013	0x0000000000000000	0x000000DC9999946E	0x0000000000000000	0x0000006E733309C8
25650014	0x0000000000000000	0x0000013233332C06	0x0000000000000000	0x000000993FFFC688
25660010	0x0000000000000000	0x0000003200000000	0x0000000000000000	0x0000001900000000
25660011	0x0000000000000000	0x0000006A3FFFD828	0x0000000000000000	0x000000353FFFEC08
25660012	0x0000000000000000	0x000000B37332EFE8	0x0000000000000000	0x00000059D99977E8
25660013	0x0000000000000000	0x0000010D66666016	0x0000000000000000	0x0000008700000000
25660014	0x0000000000000000	0x0000017833332A62	0x0000000000000000	0x000000BC9999952E
25740010	0x0000000000000000	0x0000002800000000	0x0000000000000000	0x0000001400000000
25740011	0x0000000000000000	0x00000049CCCCCB12	0x0000000000000000	0x00000024CCCCCBF0
25740012	0x0000000000000000	0x0000007A8CCC9ED8	0x0000000000000000	0x0000003D0CCCB5E8
25740013	0x0000000000000000	0x000000BA26662098	0x0000000000000000	0x0000005CD99976C8
25750010	0x0000000000000000	0x0000002D00000000	0x0000000000000000	0x000000167FFFFF79
25750011	0x0000000000000000	0x0000005A00000000	0x0000000000000000	0x0000002D00000000
25750012	0x0000000000000000	0x000000947FFFFC85	0x0000000000000000	0x0000004A666664A8
25750013	0x0000000000000000	0x000000DC9999946E	0x0000000000000000	0x0000006E733309C8
25750014	0x0000000000000000	0x0000013233332C06	0x0000000000000000	0x000000993FFFC688
25760010	0x0000000000000000	0x0000003200000000	0x0000000000000000	0x0000001900000000
25760011	0x0000000000000000	0x0000006A3FFFD828	0x0000000000000000	0x000000353FFFEC08
25760012	0x0000000000000000	0x000000B37332EFE8	0x0000000000000000	0x00000059D99977E8
25760013	0x0000000000000000	0x0000010D66666016	0x0000000000000000	0x0000008700000000
25760014	0x0000000000000000	0x0000017833332A62	0x0000000000000000	0x000000BC9999952E
25840010	0x0000000000000000	0x0000002800000000	0x0000000000000000	0x0000001400000000
25840011	0x0000000000000000	0x00000049CCCCCB12	0x0000000000000000	0x00000024CCCCCBF0
25840012	0x0000000000000000	0x0000007A8CCC9ED8	0x0000000000000000	0x0000003D0CCCB5E8
25840013	0x0000000000000000	0x000000BA26662098	0x0000000000000000	0x0000005CD99976C8
25850010	0x0000000000000000	0x0000002D00000000	0x0000000000000000	0x000000167FFFFF79
25850011	0x0000000000000000	0x0000005A00000000	0x0000000000000000	0x0000002D00000000
25850012	0x0000000000000000	0x000000947FFFFC85	0x0000000000000000	0x0000004A666664A8
25850013	0x0000000000000000	0x000000DC9999946E	0x0000000000000000	0x0000006E733309C8
25850014	0x0000000000000000	0x0000013233332C06	0x0000000000000000	0x000000993FFFC688
25860010	0x0000000000000000	0x0000003200000000	0x0000000000000000	0x0000001900000000
25860011	0x0000000000000000	0x0000006A3FFFD828	0x0000000000000000	0x000000353FFFEC08
25860012	0x0000000000000000	0x000000B37332EFE8	0x0000000000000000	0x00000059D99977E8
25860013	0x0000000000000000	0x0000010D66666016	0x0000000000000000	0x0000008700000000
25860014	0x0000000000000000	0x0000017833332A62	0x0000000000000000	0x000000BC9999952E
30160520	0x00000095FD706B98	0x0000000000000000	0x0000000000000000	0x00000006AB851C38
30160521	0x0000013EBD702C50	0x0000000000000000	0x0000000000000000	0x0000000E2B851968
30160522	0x0000021A0A3CA6E0	0x0000000000000000	0x0000000000000000	0x00000017C51EAF68
30160523	0x00000327E3D5DB48	0x0000000000000000	0x0000000000000000	0x00000023AB851158
30160524	0x000004684A3BC988	0x0000000000000000	0x0000000000000000	0x0000003211EB7258
30260520	0x00000095FD706B98	0x0000000000000000	0x0000000000000000	0x00000006AB851C38
30260521	0x0000013EBD702C50	0x0000000000000000	0x0000000000000000	0x0000000E2B851968
30260522	0x0000021A0A3CA6E0	0x0000000000000000	0x0000000000000000	0x00000017C51EAF68
30260523	0x00000327E3D5DB48	0x0000000000000000	0x0000000000000000	0x00000023AB851158
30260524	0x000004684A3BC988	0x0000000000000000	0x0000000000000000	0x0000003211EB7258
30360520	0x00000095FD706B98	0x0000000000000000	0x0000000000000000	0x00000006AB851C38
30360521	0x0000013EBD702C50	0x0000000000000000	0x0000000000000000	0x0000000E2B851968
30360522	0x0000021A0A3CA6E0	0x0000000000000000	0x0000000000000000	0x00000017C51EAF68
30360523	0x00000327E3D5DB48	0x0000000000000000	0x0000000000000000	0x00000023AB851158
30360524	0x000004684A3BC988	0x0000000000000000	0x0000000000000000	0x0000003211EB7258
30460520	0x0000000000000000	0x0000000D547ADC48	0x000000167FFFFF79	0x0000000000000000
30460521	0x0000000000000000	0x0000001C547AD6A8	0x0000002FBFFFEE18	0x0000000000000000
30460522	0x0000000000000000	0x0000002FD47ACF58	0x00000050BFFFE1B8	0x0000000000000000
30460523	0x0000000000000000	0x00000047FAE12CB0	0x0000007959996C18	0x0000000000000000
30460524	0x0000000000000000	0x0000006461478870	0x000000A959995A18	0x0000000000000000
30560520	0x0000000000000000	0x0000000D547ADC48	0x000000167FFFFF79	0x0000000000000000
30560521	0x0000000000000000	0x0000001C547AD6A8	0x0000002FBFFFEE18	0x0000000000000000
30560522	0x0000000000000000	0x0000002FD47ACF58	0x00000050BFFFE1B8	0x0000000000000000
30560523	0x0000000000000000	0x00000047FAE12CB0	0x0000007959996C18	0x0000000000000000
30560524	0x0000000000000000	0x0000006461478870	0x000000A959995A18	0x0000000000000000
30660520	0x0000000000000000	0x0000000D547ADC48	0x000000167FFFFF79	0x0000000000000000
30660521	0x0000000000000000	0x0000001C547AD6A8	0x0000002FBFFFEE18	0x0000000000000000
30660522	0x0000000000000000	0x0000002FD47ACF58	0x00000050BFFFE1B8	0x0000000000000000
30660523	0x0000000000000000	0x00000047FAE12CB0	0x0000007959996C18	0x0000000000000000
30660524	0x0000000000000000	0x0000006461478870	0x000000A959995A18	0x0000000000000000
40160524	0x00000104F8BEC483	0x0000000000000000	0x0000000000000000	0x000000084B2AAEFB
40260524	0x00000104F8BEC483	0x0000000000000000	0x0000000000000000	0x000000084B2AAEFB
40360524	0x00000104F8BEC483	0x0000000000000000	0x0000000000000000	0x000000084B2AAEFB
40460524	0x0000000000000000	0x000000172FFD6B28	0x0000001BFD01FAC7	0x0000000000000000
40560524	0x0000000000000000	0x000000172FFD6B28	0x0000001BFD01FAC7	0x0000000000000000
40660524	0x0000000000000000	0x000000172FFD6B28	0x0000001BFD01FAC7	0x0000000000000000
40160525	0x00000104F8BEC483	0x0000000000000000	0x0000000000000000	0x000000084B2AAEFB
40260525	0x00000104F8BEC483	0x0000000000000000	0x0000000000000000	0x000000084B2AAEFB
40360525	0x00000104F8BEC483	0x0000000000000000	0x0000000000000000	0x000000084B2AAEFB
40460525	0x0000000000000000	0x000000172FFD6B28	0x0000001BFD01FAC7	0x0000000000000000
40560525	0x0000000000000000	0x000000172FFD6B28	0x0000001BFD01FAC7	0x0000000000000000
40660525	0x0000000000000000	0x000000172FFD6B28	0x0000001BFD01FAC7	0x0000000000000000
30150700	0x00000086FD707138	0x0000000000000000	0x0000000000000000	0x0000000600000000
30150701	0x0000010DFD703E98	0x0000000000000000	0x0000000000000000	0x0000000C00000000
30150702	0x000001BD7D6FFCC8	0x0000000000000000	0x0000000000000000	0x00000013CCCCCC56
30150703	0x0000029570A2DF00	0x0000000000000000	0x0000000000000000	0x0000001D3FFFF508
30150704	0x00000395D708E540	0x0000000000000000	0x0000000000000000	0x0000002873332408
30250700	0x00000086FD707138	0x0000000000000000	0x0000000000000000	0x0000000600000000
30250701	0x0000010DFD703E98	0x0000000000000000	0x0000000000000000	0x0000000C00000000
30250702	0x000001BD7D6FFCC8	0x0000000000000000	0x0000000000000000	0x00000013CCCCCC56
30250703	0x0000029570A2DF00	0x0000000000000000	0x0000000000000000	0x0000001D3FFFF508
30250704	0x00000395D708E540	0x0000000000000000	0x0000000000000000	0x0000002873332408
30350700	0x00000086FD707138	0x0000000000000000	0x0000000000000000	0x0000000600000000
30350701	0x0000010DFD703E98	0x0000000000000000	0x0000000000000000	0x0000000C00000000
30350702	0x000001BD7D6FFCC8	0x0000000000000000	0x0000000000000000	0x00000013CCCCCC56
30350703	0x0000029570A2DF00	0x0000000000000000	0x0000000000000000	0x0000001D3FFFF508
30350704	0x00000395D708E540	0x0000000000000000	0x0000000000000000	0x0000002873332408
30450700	0x0000000000000000	0x0000000C00000000	0x000000143FFFF868	0x0000000000000000
30450701	0x0000000000000000	0x0000001800000000	0x000000287FFFFF0D	0x0000000000000000
30450702	0x0000000000000000	0x00000027999998AC	0x00000042E66664D5	0x0000000000000000
30450703	0x0000000000000000	0x0000003AD9998388	0x0000006373330DE8	0x0000000000000000
30450704	0x0000000000000000	0x00000051A66647C8	0x00000089D99965E8	0x0000000000000000
30550700	0x0000000000000000	0x0000000C00000000	0x000000143FFFF868	0x0000000000000000
30550701	0x0000000000000000	0x0000001800000000	0x000000287FFFFF0D	0x0000000000000000
30550702	0x0000000000000000	0x00000027999998AC	0x00000042E66664D5	0x0000000000000000
30550703	0x0000000000000000	0x0000003AD9998388	0x0000006373330DE8	0x0000000000000000
30550704	0x0000000000000000	0x00000051A66647C8	0x00000089D99965E8	0x0000000000000000
30650700	0x0000000000000000	0x0000000C00000000	0x000000143FFFF868	0x0000000000000000
30650701	0x0000000000000000	0x0000001800000000	0x000000287FFFFF0D	0x0000000000000000
30650702	0x0000000000000000	0x00000027999998AC	0x00000042E66664D5	0x0000000000000000
30650703	0x0000000000000000	0x0000003AD9998388	0x0000006373330DE8	0x0000000000000000
30650704	0x0000000000000000	0x00000051A66647C8	0x00000089D99965E8	0x0000000000000000
30150710	0x00000086FD707138	0x0000000000000000	0x0000000000000000	0x0000000600000000
30150711	0x0000010DFD703E98	0x0000000000000000	0x0000000000000000	0x0000000C00000000
30150712	0x000001BD7D6FFCC8	0x0000000000000000	0x0000000000000000	0x00000013CCCCCC56
30150713	0x0000029570A2DF00	0x0000000000000000	0x0000000000000000	0x0000001D3FFFF508
30150714	0x00000395D708E540	0x0000000000000000	0x0000000000000000	0x0000002873332408
30250710	0x00000086FD707138	0x0000000000000000	0x0000000000000000	0x0000000600000000
30250711	0x0000010DFD703E98	0x0000000000000000	0x0000000000000000	0x0000000C00000000
30250712	0x000001BD7D6FFCC8	0x0000000000000000	0x0000000000000000	0x00000013CCCCCC56
30250713	0x0000029570A2DF00	0x0000000000000000	0x0000000000000000	0x0000001D3FFFF508
30250714	0x00000395D708E540	0x0000000000000000	0x0000000000000000	0x0000002873332408
30350710	0x00000086FD707138	0x0000000000000000	0x0000000000000000	0x0000000600000000
30350711	0x0000010DFD703E98	0x0000000000000000	0x0000000000000000	0x0000000C00000000
30350712	0x000001BD7D6FFCC8	0x0000000000000000	0x0000000000000000	0x00000013CCCCCC56
30350713	0x0000029570A2DF00	0x0000000000000000	0x0000000000000000	0x0000001D3FFFF508
30350714	0x00000395D708E540	0x0000000000000000	0x0000000000000000	0x0000002873332408
30450710	0x0000000000000000	0x0000000C00000000	0x000000143FFFF868	0x0000000000000000
30450711	0x0000000000000000	0x0000001800000000	0x000000287FFFFF0D	0x0000000000000000
30450712	0x0000000000000000	0x00000027999998AC	0x00000042E66664D5	0x0000000000000000
30450713	0x0000000000000000	0x0000003AD9998388	0x0000006373330DE8	0x0000000000000000
30450714	0x0000000000000000	0x00000051A66647C8	0x00000089D99965E8	0x0000000000000000
30550710	0x0000000000000000	0x0000000C00000000	0x000000143FFFF868	0x0000000000000000
30550711	0x0000000000000000	0x0000001800000000	0x000000287FFFFF0D	0x0000000000000000
30550712	0x0000000000000000	0x00000027999998AC	0x00000042E66664D5	0x0000000000000000
30550713	0x0000000000000000	0x0000003AD9998388	0x0000006373330DE8	0x0000000000000000
30550714	0x0000000000000000	0x00000051A66647C8	0x00000089D99965E8	0x0000000000000000
30650710	0x0000000000000000	0x0000000C00000000	0x000000143FFFF868	0x0000000000000000
30650711	0x0000000000000000	0x0000001800000000	0x000000287FFFFF0D	0x0000000000000000
30650712	0x0000000000000000	0x00000027999998AC	0x00000042E66664D5	0x0000000000000000
30650713	0x0000000000000000	0x0000003AD9998388	0x0000006373330DE8	0x0000000000000000
30650714	0x0000000000000000	0x00000051A66647C8	0x00000089D99965E8	0x0000000000000000
30155010	0x00000086FD707138	0x0000000000000000	0x0000000000000000	0x0000000600000000
30155011	0x0000010DFD703E98	0x0000000000000000	0x0000000000000000	0x0000000C00000000
30155012	0x000001BD7D6FFCC8	0x0000000000000000	0x0000000000000000	0x00000013CCCCCC56
30155013	0x0000029570A2DF00	0x0000000000000000	0x0000000000000000	0x0000001D3FFFF508
30155014	0x00000395D708E540	0x0000000000000000	0x0000000000000000	0x000000283FFFF0E8
30255010	0x00000086FD707138	0x0000000000000000	0x0000000000000000	0x0000000600000000
30255011	0x0000010DFD703E98	0x0000000000000000	0x0000000000000000	0x0000000C00000000
30255012	0x000001BD7D6FFCC8	0x0000000000000000	0x0000000000000000	0x00000013CCCCCC56
30255013	0x0000029570A2DF00	0x0000000000000000	0x0000000000000000	0x0000001D3FFFF508
30255014	0x00000395D708E540	0x0000000000000000	0x0000000000000000	0x000000283FFFF0E8
30355010	0x00000086FD707138	0x0000000000000000	0x0000000000000000	0x0000000600000000
30355011	0x0000010DFD703E98	0x0000000000000000	0x0000000000000000	0x0000000C00000000
30355012	0x000001BD7D6FFCC8	0x0000000000000000	0x0000000000000000	0x00000013CCCCCC56
30355013	0x0000029570A2DF00	0x0000000000000000	0x0000000000000000	0x0000001D3FFFF508
30355014	0x00000395D708E540	0x0000000000000000	0x0000000000000000	0x000000283FFFF0E8
30455010	0x0000000000000000	0x0000000C00000000	0x000000143FFFF868	0x0000000000000000
30455011	0x0000000000000000	0x0000001800000000	0x000000287FFFFF0D	0x0000000000000000
30455012	0x0000000000000000	0x00000027999998AC	0x00000042E66664D5	0x0000000000000000
30455013	0x0000000000000000	0x0000003AD9998388	0x0000006373330DE8	0x0000000000000000
30455014	0x0000000000000000	0x00000051A66647C8	0x00000089E666632B	0x0000000000000000
25940010	0x0000000000000000	0x0000002800000000	0x0000000000000000	0x0000001400000000
25940011	0x0000000000000000	0x00000049CCCCCB12	0x0000000000000000	0x00000024CCCCCBF0
25940012	0x0000000000000000	0x0000007A8CCC9ED8	0x0000000000000000	0x0000003D0CCCB5E8
25940013	0x0000000000000000	0x000000BA26662098	0x0000000000000000	0x0000005CD99976C8
25950010	0x0000000000000000	0x0000002D00000000	0x0000000000000000	0x000000167FFFFF79
25950011	0x0000000000000000	0x0000005A00000000	0x0000000000000000	0x0000002D00000000
25950012	0x0000000000000000	0x000000947FFFFC85	0x0000000000000000	0x0000004A666664A8
25950013	0x0000000000000000	0x000000DC9999946E	0x0000000000000000	0x0000006E733309C8
25950014	0x0000000000000000	0x0000013233332C06	0x0000000000000000	0x000000993FFFC688
25960010	0x0000000000000000	0x0000003200000000	0x0000000000000000	0x0000001900000000
25960011	0x0000000000000000	0x0000006A3FFFD828	0x0000000000000000	0x000000353FFFEC08
25960012	0x0000000000000000	0x000000B37332EFE8	0x0000000000000000	0x00000059D99977E8
25960013	0x0000000000000000	0x0000010D66666016	0x0000000000000000	0x0000008700000000
25960014	0x0000000000000000	0x0000017833332A62	0x0000000000000000	0x000000BC9999952E
30160530	0x00000095FD706B98	0x0000000000000000	0x0000000000000000	0x00000006AB851C38
30160531	0x0000013EBD702C50	0x0000000000000000	0x0000000000000000	0x0000000E2B851968
30160532	0x0000021A0A3CA6E0	0x0000000000000000	0x0000000000000000	0x00000017C51EAF68
30160533	0x00000327E3D5DB48	0x0000000000000000	0x0000000000000000	0x00000023AB851158
30160534	0x000004684A3BC988	0x0000000000000000	0x0000000000000000	0x0000003211EB7258
30260530	0x00000095FD706B98	0x0000000000000000	0x0000000000000000	0x00000006AB851C38
30260531	0x0000013EBD702C50	0x0000000000000000	0x0000000000000000	0x0000000E2B851968
30260532	0x0000021A0A3CA6E0	0x0000000000000000	0x0000000000000000	0x00000017C51EAF68
30260533	0x00000327E3D5DB48	0x0000000000000000	0x0000000000000000	0x00000023AB851158
30260534	0x000004684A3BC988	0x0000000000000000	0x0000000000000000	0x0000003211EB7258
30360530	0x00000095FD706B98	0x0000000000000000	0x0000000000000000	0x00000006AB851C38
30360531	0x0000013EBD702C50	0x0000000000000000	0x0000000000000000	0x0000000E2B851968
30360532	0x0000021A0A3CA6E0	0x0000000000000000	0x0000000000000000	0x00000017C51EAF68
30360533	0x00000327E3D5DB48	0x0000000000000000	0x0000000000000000	0x00000023AB851158
30360534	0x000004684A3BC988	0x0000000000000000	0x0000000000000000	0x0000003211EB7258
30460530	0x0000000000000000	0x0000000D547ADC48	0x000000167FFFFF79	0x0000000000000000
30460531	0x0000000000000000	0x0000001C547AD6A8	0x0000002FBFFFEE18	0x0000000000000000
30460532	0x0000000000000000	0x0000002FD47ACF58	0x00000050BFFFE1B8	0x0000000000000000
30460533	0x0000000000000000	0x00000047FAE12CB0	0x0000007959996C18	0x0000000000000000
30460534	0x0000000000000000	0x0000006461478870	0x000000A959995A18	0x0000000000000000
30560530	0x0000000000000000	0x0000000D547ADC48	0x000000167FFFFF79	0x0000000000000000
30560531	0x0000000000000000	0x0000001C547AD6A8	0x0000002FBFFFEE18	0x0000000000000000
30560532	0x0000000000000000	0x0000002FD47ACF58	0x00000050BFFFE1B8	0x0000000000000000
30560533	0x0000000000000000	0x00000047FAE12CB0	0x0000007959996C18	0x0000000000000000
30560534	0x0000000000000000	0x0000006461478870	0x000000A959995A18	0x0000000000000000
30660530	0x0000000000000000	0x0000000D547ADC48	0x000000167FFFFF79	0x0000000000000000
30660531	0x0000000000000000	0x0000001C547AD6A8	0x0000002FBFFFEE18	0x0000000000000000
30660532	0x0000000000000000	0x0000002FD47ACF58	0x00000050BFFFE1B8	0x0000000000000000
30660533	0x0000000000000000	0x00000047FAE12CB0	0x0000007959996C18	0x0000000000000000
30660534	0x0000000000000000	0x0000006461478870	0x000000A959995A18	0x0000000000000000
40160534	0x00000104F8BEC483	0x0000000000000000	0x0000000000000000	0x000000084B2AAEFB
40260534	0x00000104F8BEC483	0x0000000000000000	0x0000000000000000	0x000000084B2AAEFB
40360534	0x00000104F8BEC483	0x0000000000000000	0x0000000000000000	0x000000084B2AAEFB
40460534	0x0000000000000000	0x000000172FFD6B28	0x0000001BFD01FAC7	0x0000000000000000
40560534	0x0000000000000000	0x000000172FFD6B28	0x0000001BFD01FAC7	0x0000000000000000
40660534	0x0000000000000000	0x000000172FFD6B28	0x0000001BFD01FAC7	0x0000000000000000
40160535	0x00000104F8BEC483	0x0000000000000000	0x0000000000000000	0x000000084B2AAEFB
40260535	0x00000104F8BEC483	0x0000000000000000	0x0000000000000000	0x000000084B2AAEFB
40360535	0x00000104F8BEC483	0x0000000000000000	0x0000000000000000	0x000000084B2AAEFB
40460535	0x0000000000000000	0x000000172FFD6B28	0x0000001BFD01FAC7	0x0000000000000000
40560535	0x0000000000000000	0x000000172FFD6B28	0x0000001BFD01FAC7	0x0000000000000000
40660535	0x0000000000000000	0x000000172FFD6B28	0x0000001BFD01FAC7	0x0000000000000000
30160540	0x00000095FD706B98	0x0000000000000000	0x0000000000000000	0x00000006AB851C38
30160541	0x0000013EBD702C50	0x0000000000000000	0x0000000000000000	0x0000000E2B851968
30160542	0x0000021A0A3CA6E0	0x0000000000000000	0x0000000000000000	0x00000017C51EAF68
30160543	0x00000327E3D5DB48	0x0000000000000000	0x0000000000000000	0x00000023AB851158
30160544	0x000004684A3BC988	0x0000000000000000	0x0000000000000000	0x0000003211EB7258
30260540	0x00000095FD706B98	0x0000000000000000	0x0000000000000000	0x00000006AB851C38
30260541	0x0000013EBD702C50	0x0000000000000000	0x0000000000000000	0x0000000E2B851968
30260542	0x0000021A0A3CA6E0	0x0000000000000000	0x0000000000000000	0x00000017C51EAF68
30260543	0x00000327E3D5DB48	0x0000000000000000	0x0000000000000000	0x00000023AB851158
30260544	0x000004684A3BC988	0x0000000000000000	0x0000000000000000	0x0000003211EB7258
30360540	0x00000095FD706B98	0x0000000000000000	0x0000000000000000	0x00000006AB851C38
30360541	0x0000013EBD702C50	0x0000000000000000	0x0000000000000000	0x0000000E2B851968
30360542	0x0000021A0A3CA6E0	0x0000000000000000	0x0000000000000000	0x00000017C51EAF68
30360543	0x00000327E3D5DB48	0x0000000000000000	0x0000000000000000	0x00000023AB851158
30360544	0x000004684A3BC988	0x0000000000000000	0x0000000000000000	0x0000003211EB7258
30460540	0x0000000000000000	0x0000000D547ADC48	0x000000167FFFFF79	0x0000000000000000
30460541	0x0000000000000000	0x0000001C547AD6A8	0x0000002FBFFFEE18	0x0000000000000000
30460542	0x0000000000000000	0x0000002FD47ACF58	0x00000050BFFFE1B8	0x0000000000000000
30460543	0x0000000000000000	0x00000047FAE12CB0	0x0000007959996C18	0x0000000000000000
30460544	0x0000000000000000	0x0000006461478870	0x000000A959995A18	0x0000000000000000
30560540	0x0000000000000000	0x0000000D547ADC48	0x000000167FFFFF79	0x0000000000000000
30560541	0x0000000000000000	0x0000001C547AD6A8	0x0000002FBFFFEE18	0x0000000000000000
30560542	0x0000000000000000	0x0000002FD47ACF58	0x00000050BFFFE1B8	0x0000000000000000
30560543	0x0000000000000000	0x00000047FAE12CB0	0x0000007959996C18	0x0000000000000000
30560544	0x0000000000000000	0x0000006461478870	0x000000A959995A18	0x0000000000000000
30660540	0x0000000000000000	0x0000000D547ADC48	0x000000167FFFFF79	0x0000000000000000
30660541	0x0000000000000000	0x0000001C547AD6A8	0x0000002FBFFFEE18	0x0000000000000000
30660542	0x0000000000000000	0x0000002FD47ACF58	0x00000050BFFFE1B8	0x0000000000000000
30660543	0x0000000000000000	0x00000047FAE12CB0	0x0000007959996C18	0x0000000000000000
30660544	0x0000000000000000	0x0000006461478870	0x000000A959995A18	0x0000000000000000
40160544	0x00000104F8BEC483	0x0000000000000000	0x0000000000000000	0x000000084B2AAEFB
40260544	0x00000104F8BEC483	0x0000000000000000	0x0000000000000000	0x000000084B2AAEFB
40360544	0x00000104F8BEC483	0x0000000000000000	0x0000000000000000	0x000000084B2AAEFB
40460544	0x0000000000000000	0x000000172FFD6B28	0x0000001BFD01FAC7	0x0000000000000000
40560544	0x0000000000000000	0x000000172FFD6B28	0x0000001BFD01FAC7	0x0000000000000000
40660544	0x0000000000000000	0x000000172FFD6B28	0x0000001BFD01FAC7	0x0000000000000000
40160545	0x00000104F8BEC483	0x0000000000000000	0x0000000000000000	0x000000084B2AAEFB
40260545	0x00000104F8BEC483	0x0000000000000000	0x0000000000000000	0x000000084B2AAEFB
40360545	0x00000104F8BEC483	0x0000000000000000	0x0000000000000000	0x000000084B2AAEFB
40460545	0x0000000000000000	0x000000172FFD6B28	0x0000001BFD01FAC7	0x0000000000000000
40560545	0x0000000000000000	0x000000172FFD6B28	0x0000001BFD01FAC7	0x0000000000000000
40660545	0x0000000000000000	0x000000172FFD6B28	0x0000001BFD01FAC7	0x0000000000000000
30160550	0x00000095FD706B98	0x0000000000000000	0x0000000000000000	0x00000006AB851C38
30160551	0x0000013EBD702C50	0x0000000000000000	0x0000000000000000	0x0000000E2B851968
30160552	0x0000021A0A3CA6E0	0x0000000000000000	0x0000000000000000	0x00000017C51EAF68
30160553	0x00000327E3D5DB48	0x0000000000000000	0x0000000000000000	0x00000023AB851158
30160554	0x000004684A3BC988	0x0000000000000000	0x0000000000000000	0x0000003211EB7258
30260550	0x00000095FD706B98	0x0000000000000000	0x0000000000000000	0x00000006AB851C38
30260551	0x0000013EBD702C50	0x0000000000000000	0x0000000000000000	0x0000000E2B851968
30260552	0x0000021A0A3CA6E0	0x0000000000000000	0x0000000000000000	0x00000017C51EAF68
30260553	0x00000327E3D5DB48	0x0000000000000000	0x0000000000000000	0x00000023AB851158
30260554	0x000004684A3BC988	0x0000000000000000	0x0000000000000000	0x0000003211EB7258
30360550	0x00000095FD706B98	0x0000000000000000	0x0000000000000000	0x00000006AB851C38
30360551	0x0000013EBD702C50	0x0000000000000000	0x0000000000000000	0x0000000E2B851968
30360552	0x0000021A0A3CA6E0	0x0000000000000000	0x0000000000000000	0x00000017C51EAF68
30360553	0x00000327E3D5DB48	0x0000000000000000	0x0000000000000000	0x00000023AB851158
30360554	0x000004684A3BC988	0x0000000000000000	0x0000000000000000	0x0000003211EB7258
30460550	0x0000000000000000	0x0000000D547ADC48	0x000000167FFFFF79	0x0000000000000000
30460551	0x0000000000000000	0x0000001C547AD6A8	0x0000002FBFFFEE18	0x0000000000000000
30460552	0x0000000000000000	0x0000002FD47ACF58	0x00000050BFFFE1B8	0x0000000000000000
30460553	0x0000000000000000	0x00000047FAE12CB0	0x0000007959996C18	0x0000000000000000
30460554	0x0000000000000000	0x0000006461478870	0x000000A959995A18	0x0000000000000000
30560550	0x0000000000000000	0x0000000D547ADC48	0x000000167FFFFF79	0x0000000000000000
30560551	0x0000000000000000	0x0000001C547AD6A8	0x0000002FBFFFEE18	0x0000000000000000
30560552	0x0000000000000000	0x0000002FD47ACF58	0x00000050BFFFE1B8	0x0000000000000000
30560553	0x0000000000000000	0x00000047FAE12CB0	0x0000007959996C18	0x0000000000000000
30560554	0x0000000000000000	0x0000006461478870	0x000000A959995A18	0x0000000000000000
30660550	0x0000000000000000	0x0000000D547ADC48	0x000000167FFFFF79	0x0000000000000000
30660551	0x0000000000000000	0x0000001C547AD6A8	0x0000002FBFFFEE18	0x0000000000000000
30660552	0x0000000000000000	0x0000002FD47ACF58	0x00000050BFFFE1B8	0x0000000000000000
30660553	0x0000000000000000	0x00000047FAE12CB0	0x0000007959996C18	0x0000000000000000
30660554	0x0000000000000000	0x0000006461478870	0x000000A959995A18	0x0000000000000000
40160554	0x00000104F8BEC483	0x0000000000000000	0x0000000000000000	0x000000084B2AAEFB
40260554	0x00000104F8BEC483	0x0000000000000000	0x0000000000000000	0x000000084B2AAEFB
40360554	0x00000104F8BEC483	0x0000000000000000	0x0000000000000000	0x000000084B2AAEFB
40460554	0x0000000000000000	0x000000172FFD6B28	0x0000001BFD01FAC7	0x0000000000000000
40560554	0x0000000000000000	0x000000172FFD6B28	0x0000001BFD01FAC7	0x0000000000000000
40660554	0x0000000000000000	0x000000172FFD6B28	0x0000001BFD01FAC7	0x0000000000000000
40160555	0x00000104F8BEC483	0x0000000000000000	0x0000000000000000	0x000000084B2AAEFB
40260555	0x00000104F8BEC483	0x0000000000000000	0x0000000000000000	0x000000084B2AAEFB
40360555	0x00000104F8BEC483	0x0000000000000000	0x0000000000000000	0x000000084B2AAEFB
40460555	0x0000000000000000	0x000000172FFD6B28	0x0000001BFD01FAC7	0x0000000000000000
40560555	0x0000000000000000	0x000000172FFD6B28	0x0000001BFD01FAC7	0x0000000000000000
40660555	0x0000000000000000	0x000000172FFD6B28	0x0000001BFD01FAC7	0x0000000000000000
26040010	0x0000000000000000	0x0000002800000000	0x0000000000000000	0x0000001400000000
26040011	0x0000000000000000	0x00000049CCCCCB12	0x0000000000000000	0x00000024CCCCCBF0
26040012	0x0000000000000000	0x0000007A8CCC9ED8	0x0000000000000000	0x0000003D0CCCB5E8
26040013	0x0000000000000000	0x000000BA26662098	0x0000000000000000	0x0000005CD99976C8
26050010	0x0000000000000000	0x0000002D00000000	0x0000000000000000	0x000000167FFFFF79
26050011	0x0000000000000000	0x0000005A00000000	0x0000000000000000	0x0000002D00000000
26050012	0x0000000000000000	0x000000947FFFFC85	0x0000000000000000	0x0000004A666664A8
26050013	0x0000000000000000	0x000000DC9999946E	0x0000000000000000	0x0000006E733309C8
26050014	0x0000000000000000	0x0000013233332C06	0x0000000000000000	0x000000993FFFC688
26060010	0x0000000000000000	0x0000003200000000	0x0000000000000000	0x0000001900000000
26060011	0x0000000000000000	0x0000006A3FFFD828	0x0000000000000000	0x000000353FFFEC08
26060012	0x0000000000000000	0x000000B37332EFE8	0x0000000000000000	0x00000059D99977E8
26060013	0x0000000000000000	0x0000010D66666016	0x0000000000000000	0x0000008700000000
26060014	0x0000000000000000	0x0000017833332A62	0x0000000000000000	0x000000BC9999952E
30156500	0x00000086FD707138	0x0000000000000000	0x0000000000000000	0x0000000600000000
30156501	0x0000010DFD703E98	0x0000000000000000	0x0000000000000000	0x0000000C00000000
30156502	0x000001BD7D6FFCC8	0x0000000000000000	0x0000000000000000	0x00000013CCCCCC56
30156503	0x0000029570A2DF00	0x0000000000000000	0x0000000000000000	0x0000001D3FFFF508
30156504	0x00000395D708E540	0x0000000000000000	0x0000000000000000	0x0000002873332408
30256500	0x00000086FD707138	0x0000000000000000	0x0000000000000000	0x0000000600000000
30256501	0x0000010DFD703E98	0x0000000000000000	0x0000000000000000	0x0000000C00000000
30256502	0x000001BD7D6FFCC8	0x0000000000000000	0x0000000000000000	0x00000013CCCCCC56
30256503	0x0000029570A2DF00	0x0000000000000000	0x0000000000000000	0x0000001D3FFFF508
30256504	0x00000395D708E540	0x0000000000000000	0x0000000000000000	0x0000002873332408
30356500	0x00000086FD707138	0x0000000000000000	0x0000000000000000	0x0000000600000000
30356501	0x0000010DFD703E98	0x0000000000000000	0x0000000000000000	0x0000000C00000000
30356502	0x000001BD7D6FFCC8	0x0000000000000000	0x0000000000000000	0x00000013CCCCCC56
30356503	0x0000029570A2DF00	0x0000000000000000	0x0000000000000000	0x0000001D3FFFF508
30356504	0x00000395D708E540	0x0000000000000000	0x0000000000000000	0x0000002873332408
30456500	0x0000000000000000	0x0000000C3D709F40	0x00000013D9999228	0x0000000000000000
30456501	0x0000000000000000	0x000000187AE13E80	0x00000027B0A3C828	0x0000000000000000
30456502	0x0000000000000000	0x0000002863D6FB18	0x000000418F5C1060	0x0000000000000000
30456503	0x0000000000000000	0x0000003C07ADFDF8	0x0000006175C26AD0	0x0000000000000000
30456504	0x0000000000000000	0x0000005347ADF540	0x00000087170A0AC8	0x0000000000000000
30556500	0x0000000000000000	0x0000000C3D709F40	0x00000013D9999228	0x0000000000000000
30556501	0x0000000000000000	0x000000187AE13E80	0x00000027B0A3C828	0x0000000000000000
30556502	0x0000000000000000	0x0000002863D6FB18	0x000000418F5C1060	0x0000000000000000
30556503	0x0000000000000000	0x0000003C07ADFDF8	0x0000006175C26AD0	0x0000000000000000
30556504	0x0000000000000000	0x0000005347ADF540	0x00000087170A0AC8	0x0000000000000000
30656500	0x0000000000000000	0x0000000C3D709F40	0x00000013D9999228	0x0000000000000000
30656501	0x0000000000000000	0x000000187AE13E80	0x00000027B0A3C828	0x0000000000000000
30656502	0x0000000000000000	0x0000002863D6FB18	0x000000418F5C1060	0x0000000000000000
30656503	0x0000000000000000	0x0000003C07ADFDF8	0x0000006175C26AD0	0x0000000000000000
30656504	0x0000000000000000	0x0000005347ADF540	0x00000087170A0AC8	0x0000000000000000
30150720	0x00000086FD707138	0x0000000000000000	0x0000000000000000	0x0000000600000000
30150721	0x0000010DFD703E98	0x0000000000000000	0x0000000000000000	0x0000000C00000000
30150722	0x000001BD7D6FFCC8	0x0000000000000000	0x0000000000000000	0x00000013CCCCCC56
30150723	0x0000029570A2DF00	0x0000000000000000	0x0000000000000000	0x0000001D3FFFF508
30150724	0x00000395D708E540	0x0000000000000000	0x0000000000000000	0x0000002873332408
30250720	0x00000086FD707138	0x0000000000000000	0x0000000000000000	0x0000000600000000
30250721	0x0000010DFD703E98	0x0000000000000000	0x0000000000000000	0x0000000C00000000
30250722	0x000001BD7D6FFCC8	0x0000000000000000	0x0000000000000000	0x00000013CCCCCC56
30250723	0x0000029570A2DF00	0x0000000000000000	0x0000000000000000	0x0000001D3FFFF508
30250724	0x00000395D708E540	0x0000000000000000	0x0000000000000000	0x0000002873332408
30350720	0x00000086FD707138	0x0000000000000000	0x0000000000000000	0x0000000600000000
30350721	0x0000010DFD703E98	0x0000000000000000	0x0000000000000000	0x0000000C00000000
30350722	0x000001BD7D6FFCC8	0x0000000000000000	0x0000000000000000	0x00000013CCCCCC56
30350723	0x0000029570A2DF00	0x0000000000000000	0x0000000000000000	0x0000001D3FFFF508
30350724	0x00000395D708E540	0x0000000000000000	0x0000000000000000	0x0000002873332408
30450720	0x0000000000000000	0x0000000C00000000	0x000000143FFFF868	0x0000000000000000
30450721	0x0000000000000000	0x0000001800000000	0x000000287FFFFF0D	0x0000000000000000
30450722	0x0000000000000000	0x00000027999998AC	0x00000042E66664D5	0x0000000000000000
30450723	0x0000000000000000	0x0000003AD9998388	0x0000006373330DE8	0x0000000000000000
30450724	0x0000000000000000	0x00000051A66647C8	0x00000089D99965E8	0x0000000000000000
30550720	0x0000000000000000	0x0000000C00000000	0x000000143FFFF868	0x0000000000000000
30550721	0x0000000000000000	0x0000001800000000	0x000000287FFFFF0D	0x0000000000000000
30550722	0x0000000000000000	0x00000027999998AC	0x00000042E66664D5	0x0000000000000000
30550723	0x0000000000000000	0x0000003AD9998388	0x0000006373330DE8	0x0000000000000000
30550724	0x0000000000000000	0x00000051A66647C8	0x00000089D99965E8	0x0000000000000000
30650720	0x0000000000000000	0x0000000C00000000	0x000000143FFFF868	0x0000000000000000
30650721	0x0000000000000000	0x0000001800000000	0x000000287FFFFF0D	0x0000000000000000
30650722	0x0000000000000000	0x00000027999998AC	0x00000042E66664D5	0x0000000000000000
30650723	0x0000000000000000	0x0000003AD9998388	0x0000006373330DE8	0x0000000000000000
30650724	0x0000000000000000	0x00000051A66647C8	0x00000089D99965E8	0x0000000000000000
30160560	0x00000095FD706B98	0x0000000000000000	0x0000000000000000	0x00000006AB851C38
30160561	0x0000013EBD702C50	0x0000000000000000	0x0000000000000000	0x0000000E2B851968
30160562	0x0000021A0A3CA6E0	0x0000000000000000	0x0000000000000000	0x00000017C51EAF68
30160563	0x00000327E3D5DB48	0x0000000000000000	0x0000000000000000	0x00000023AB851158
30160564	0x000004684A3BC988	0x0000000000000000	0x0000000000000000	0x0000003211EB7258
30260560	0x00000095FD706B98	0x0000000000000000	0x0000000000000000	0x00000006AB851C38
30260561	0x0000013EBD702C50	0x0000000000000000	0x0000000000000000	0x0000000E2B851968
30260562	0x0000021A0A3CA6E0	0x0000000000000000	0x0000000000000000	0x00000017C51EAF68
30260563	0x00000327E3D5DB48	0x0000000000000000	0x0000000000000000	0x00000023AB851158
30260564	0x000004684A3BC988	0x0000000000000000	0x0000000000000000	0x0000003211EB7258
30360560	0x00000095FD706B98	0x0000000000000000	0x0000000000000000	0x00000006AB851C38
30360561	0x0000013EBD702C50	0x0000000000000000	0x0000000000000000	0x0000000E2B851968
30360562	0x0000021A0A3CA6E0	0x0000000000000000	0x0000000000000000	0x00000017C51EAF68
30360563	0x00000327E3D5DB48	0x0000000000000000	0x0000000000000000	0x00000023AB851158
30360564	0x000004684A3BC988	0x0000000000000000	0x0000000000000000	0x0000003211EB7258
30460560	0x0000000000000000	0x0000000D547ADC48	0x000000167FFFFF79	0x0000000000000000
30460561	0x0000000000000000	0x0000001C547AD6A8	0x0000002FBFFFEE18	0x0000000000000000
30460562	0x0000000000000000	0x0000002FD47ACF58	0x00000050BFFFE1B8	0x0000000000000000
30460563	0x0000000000000000	0x00000047FAE12CB0	0x0000007959996C18	0x0000000000000000
30460564	0x0000000000000000	0x0000006461478870	0x000000A959995A18	0x0000000000000000
30560560	0x0000000000000000	0x0000000D547ADC48	0x000000167FFFFF79	0x0000000000000000
30560561	0x0000000000000000	0x0000001C547AD6A8	0x0000002FBFFFEE18	0x0000000000000000
30560562	0x0000000000000000	0x0000002FD47ACF58	0x00000050BFFFE1B8	0x0000000000000000
30560563	0x0000000000000000	0x00000047FAE12CB0	0x0000007959996C18	0x0000000000000000
30560564	0x0000000000000000	0x0000006461478870	0x000000A959995A18	0x0000000000000000
30660560	0x0000000000000000	0x0000000D547ADC48	0x000000167FFFFF79	0x0000000000000000
30660561	0x0000000000000000	0x0000001C547AD6A8	0x0000002FBFFFEE18	0x0000000000000000
30660562	0x0000000000000000	0x0000002FD47ACF58	0x00000050BFFFE1B8	0x0000000000000000
30660563	0x0000000000000000	0x00000047FAE12CB0	0x0000007959996C18	0x0000000000000000
30660564	0x0000000000000000	0x0000006461478870	0x000000A959995A18	0x0000000000000000
40160564	0x00000104F8BEC483	0x0000000000000000	0x0000000000000000	0x000000084B2AAEFB
40260564	0x00000104F8BEC483	0x0000000000000000	0x0000000000000000	0x000000084B2AAEFB
40360564	0x00000104F8BEC483	0x0000000000000000	0x0000000000000000	0x000000084B2AAEFB
40460564	0x0000000000000000	0x000000172FFD6B28	0x0000001BFD01FAC7	0x0000000000000000
40560564	0x0000000000000000	0x000000172FFD6B28	0x0000001BFD01FAC7	0x0000000000000000
40660564	0x0000000000000000	0x000000172FFD6B28	0x0000001BFD01FAC7	0x0000000000000000
40160565	0x00000104F8BEC483	0x0000000000000000	0x0000000000000000	0x000000084B2AAEFB
40260565	0x00000104F8BEC483	0x0000000000000000	0x0000000000000000	0x000000084B2AAEFB
40360565	0x00000104F8BEC483	0x0000000000000000	0x0000000000000000	0x000000084B2AAEFB
40460565	0x0000000000000000	0x000000172FFD6B28	0x0000001BFD01FAC7	0x0000000000000000
40560565	0x0000000000000000	0x000000172FFD6B28	0x0000001BFD01FAC7	0x0000000000000000
40660565	0x0000000000000000	0x000000172FFD6B28	0x0000001BFD01FAC7	0x0000000000000000
26140010	0x0000000000000000	0x0000002800000000	0x0000000000000000	0x0000001400000000
26140011	0x0000000000000000	0x00000049CCCCCB12	0x0000000000000000	0x00000024CCCCCBF0
26140012	0x0000000000000000	0x0000007A8CCC9ED8	0x0000000000000000	0x0000003D0CCCB5E8
26140013	0x0000000000000000	0x000000BA26662098	0x0000000000000000	0x0000005CD99976C8
26150010	0x0000000000000000	0x0000002D00000000	0x0000000000000000	0x000000167FFFFF79
26150011	0x0000000000000000	0x0000005A00000000	0x0000000000000000	0x0000002D00000000
26150012	0x0000000000000000	0x000000947FFFFC85	0x0000000000000000	0x0000004A666664A8
26150013	0x0000000000000000	0x000000DC9999946E	0x0000000000000000	0x0000006E733309C8
26150014	0x0000000000000000	0x0000013233332C06	0x0000000000000000	0x000000993FFFC688
26160010	0x0000000000000000	0x0000003200000000	0x0000000000000000	0x0000001900000000
26160011	0x0000000000000000	0x0000006A3FFFD828	0x0000000000000000	0x000000353FFFEC08
26160012	0x0000000000000000	0x000000B37332EFE8	0x0000000000000000	0x00000059D99977E8
26160013	0x0000000000000000	0x0000010D66666016	0x0000000000000000	0x0000008700000000
26160014	0x0000000000000000	0x0000017833332A62	0x0000000000000000	0x000000BC9999952E
26240010	0x0000000000000000	0x0000002800000000	0x0000000000000000	0x0000001400000000
26240011	0x0000000000000000	0x00000049CCCCCB12	0x0000000000000000	0x00000024CCCCCBF0
26240012	0x0000000000000000	0x0000007A8CCC9ED8	0x0000000000000000	0x0000003D0CCCB5E8
26240013	0x0000000000000000	0x000000BA26662098	0x0000000000000000	0x0000005CD99976C8
26250010	0x0000000000000000	0x0000002D00000000	0x0000000000000000	0x000000167FFFFF79
26250011	0x0000000000000000	0x0000005A00000000	0x0000000000000000	0x0000002D00000000
26250012	0x0000000000000000	0x000000947FFFFC85	0x0000000000000000	0x0000004A666664A8
26250013	0x0000000000000000	0x000000DC9999946E	0x0000000000000000	0x0000006E733309C8
26250014	0x0000000000000000	0x0000013233332C06	0x0000000000000000	0x000000993FFFC688
26260010	0x0000000000000000	0x0000003200000000	0x0000000000000000	0x0000001900000000
26260011	0x0000000000000000	0x0000006A3FFFD828	0x0000000000000000	0x000000353FFFEC08
26260012	0x0000000000000000	0x000000B37332EFE8	0x0000000000000000	0x00000059D99977E8
26260013	0x0000000000000000	0x0000010D66666016	0x0000000000000000	0x0000008700000000
26260014	0x0000000000000000	0x0000017833332A62	0x0000000000000000	0x000000BC9999952E
30160570	0x00000095FD706B98	0x0000000000000000	0x0000000000000000	0x00000006AB851C38
30160571	0x0000013EBD702C50	0x0000000000000000	0x0000000000000000	0x0000000E2B851968
30160572	0x0000021A0A3CA6E0	0x0000000000000000	0x0000000000000000	0x00000017C51EAF68
30160573	0x00000327E3D5DB48	0x0000000000000000	0x0000000000000000	0x00000023AB851158
30160574	0x000004684A3BC988	0x0000000000000000	0x0000000000000000	0x0000003211EB7258
30260570	0x00000095FD706B98	0x0000000000000000	0x0000000000000000	0x00000006AB851C38
30260571	0x0000013EBD702C50	0x0000000000000000	0x0000000000000000	0x0000000E2B851968
30260572	0x0000021A0A3CA6E0	0x0000000000000000	0x0000000000000000	0x00000017C51EAF68
30260573	0x00000327E3D5DB48	0x0000000000000000	0x0000000000000000	0x00000023AB851158
30260574	0x000004684A3BC988	0x0000000000000000	0x0000000000000000	0x0000003211EB7258
30360570	0x00000095FD706B98	0x0000000000000000	0x0000000000000000	0x00000006AB851C38
30360571	0x0000013EBD702C50	0x0000000000000000	0x0000000000000000	0x0000000E2B851968
30360572	0x0000021A0A3CA6E0	0x0000000000000000	0x0000000000000000	0x00000017C51EAF68
30360573	0x00000327E3D5DB48	0x0000000000000000	0x0000000000000000	0x00000023AB851158
30360574	0x000004684A3BC988	0x0000000000000000	0x0000000000000000	0x0000003211EB7258
30460570	0x0000000000000000	0x0000000D547ADC48	0x000000167FFFFF79	0x0000000000000000
30460571	0x0000000000000000	0x0000001C547AD6A8	0x0000002FBFFFEE18	0x0000000000000000
30460572	0x0000000000000000	0x0000002FD47ACF58	0x00000050BFFFE1B8	0x0000000000000000
30460573	0x0000000000000000	0x00000047FAE12CB0	0x0000007959996C18	0x0000000000000000
30460574	0x0000000000000000	0x0000006461478870	0x000000A959995A18	0x0000000000000000
30560570	0x0000000000000000	0x0000000D547ADC48	0x000000167FFFFF79	0x0000000000000000
30560571	0x0000000000000000	0x0000001C547AD6A8	0x0000002FBFFFEE18	0x0000000000000000
30560572	0x0000000000000000	0x0000002FD47ACF58	0x00000050BFFFE1B8	0x0000000000000000
30560573	0x0000000000000000	0x00000047FAE12CB0	0x0000007959996C18	0x0000000000000000
30560574	0x0000000000000000	0x0000006461478870	0x000000A959995A18	0x0000000000000000
30660570	0x0000000000000000	0x0000000D547ADC48	0x000000167FFFFF79	0x0000000000000000
30660571	0x0000000000000000	0x0000001C547AD6A8	0x0000002FBFFFEE18	0x0000000000000000
30660572	0x0000000000000000	0x0000002FD47ACF58	0x00000050BFFFE1B8	0x0000000000000000
30660573	0x0000000000000000	0x00000047FAE12CB0	0x0000007959996C18	0x0000000000000000
30660574	0x0000000000000000	0x0000006461478870	0x000000A959995A18	0x0000000000000000
40160574	0x00000104F8BEC483	0x0000000000000000	0x0000000000000000	0x000000084B2AAEFB
40260574	0x00000104F8BEC483	0x0000000000000000	0x0000000000000000	0x000000084B2AAEFB
40360574	0x00000104F8BEC483	0x0000000000000000	0x0000000000000000	0x000000084B2AAEFB
40460574	0x0000000000000000	0x000000172FFD6B28	0x0000001BFD01FAC7	0x0000000000000000
40560574	0x0000000000000000	0x000000172FFD6B28	0x0000001BFD01FAC7	0x0000000000000000
40660574	0x0000000000000000	0x000000172FFD6B28	0x0000001BFD01FAC7	0x0000000000000000
40160575	0x00000104F8BEC483	0x0000000000000000	0x0000000000000000	0x000000084B2AAEFB
40260575	0x00000104F8BEC483	0x0000000000000000	0x0000000000000000	0x000000084B2AAEFB
40360575	0x00000104F8BEC483	0x0000000000000000	0x0000000000000000	0x000000084B2AAEFB
40460575	0x0000000000000000	0x000000172FFD6B28	0x0000001BFD01FAC7	0x0000000000000000
40560575	0x0000000000000000	0x000000172FFD6B28	0x0000001BFD01FAC7	0x0000000000000000
40660575	0x0000000000000000	0x000000172FFD6B28	0x0000001BFD01FAC7	0x0000000000000000
30160580	0x00000095FD706B98	0x0000000000000000	0x0000000000000000	0x00000006AB851C38
30160581	0x0000013EBD702C50	0x0000000000000000	0x0000000000000000	0x0000000E2B851968
30160582	0x0000021A0A3CA6E0	0x0000000000000000	0x0000000000000000	0x00000017C51EAF68
30160583	0x00000327E3D5DB48	0x0000000000000000	0x0000000000000000	0x00000023AB851158
30160584	0x000004684A3BC988	0x0000000000000000	0x0000000000000000	0x0000003211EB7258
30260580	0x00000095FD706B98	0x0000000000000000	0x0000000000000000	0x00000006AB851C38
30260581	0x0000013EBD702C50	0x0000000000000000	0x0000000000000000	0x0000000E2B851968
30260582	0x0000021A0A3CA6E0	0x0000000000000000	0x0000000000000000	0x00000017C51EAF68
30260583	0x00000327E3D5DB48	0x0000000000000000	0x0000000000000000	0x00000023AB851158
30260584	0x000004684A3BC988	0x0000000000000000	0x0000000000000000	0x0000003211EB7258
30360580	0x00000095FD706B98	0x0000000000000000	0x0000000000000000	0x00000006AB851C38
30360581	0x0000013EBD702C50	0x0000000000000000	0x0000000000000000	0x0000000E2B851968
30360582	0x0000021A0A3CA6E0	0x0000000000000000	0x0000000000000000	0x00000017C51EAF68
30360583	0x00000327E3D5DB48	0x0000000000000000	0x0000000000000000	0x00000023AB851158
30360584	0x000004684A3BC988	0x0000000000000000	0x0000000000000000	0x0000003211EB7258
30460580	0x0000000000000000	0x0000000D547ADC48	0x000000167FFFFF79	0x0000000000000000
30460581	0x0000000000000000	0x0000001C547AD6A8	0x0000002FBFFFEE18	0x0000000000000000
30460582	0x0000000000000000	0x0000002FD47ACF58	0x00000050BFFFE1B8	0x0000000000000000
30460583	0x0000000000000000	0x00000047FAE12CB0	0x0000007959996C18	0x0000000000000000
30460584	0x0000000000000000	0x0000006461478870	0x000000A959995A18	0x0000000000000000
30560580	0x0000000000000000	0x0000000D547ADC48	0x000000167FFFFF79	0x0000000000000000
30560581	0x0000000000000000	0x0000001C547AD6A8	0x0000002FBFFFEE18	0x0000000000000000
30560582	0x0000000000000000	0x0000002FD47ACF58	0x00000050BFFFE1B8	0x0000000000000000
30560583	0x0000000000000000	0x00000047FAE12CB0	0x0000007959996C18	0x0000000000000000
30560584	0x0000000000000000	0x0000006461478870	0x000000A959995A18	0x0000000000000000
30660580	0x0000000000000000	0x0000000D547ADC48	0x000000167FFFFF79	0x0000000000000000
30660581	0x0000000000000000	0x0000001C547AD6A8	0x0000002FBFFFEE18	0x0000000000000000
30660582	0x0000000000000000	0x0000002FD47ACF58	0x00000050BFFFE1B8	0x0000000000000000
30660583	0x0000000000000000	0x00000047FAE12CB0	0x0000007959996C18	0x0000000000000000
30660584	0x0000000000000000	0x0000006461478870	0x000000A959995A18	0x0000000000000000
40160584	0x00000104F8BEC483	0x0000000000000000	0x0000000000000000	0x000000084B2AAEFB
40260584	0x00000104F8BEC483	0x0000000000000000	0x0000000000000000	0x000000084B2AAEFB
40360584	0x00000104F8BEC483	0x0000000000000000	0x0000000000000000	0x000000084B2AAEFB
40460584	0x0000000000000000	0x000000172FFD6B28	0x0000001BFD01FAC7	0x0000000000000000
40560584	0x0000000000000000	0x000000172FFD6B28	0x0000001BFD01FAC7	0x0000000000000000
40660584	0x0000000000000000	0x000000172FFD6B28	0x0000001BFD01FAC7	0x0000000000000000
40160585	0x00000104F8BEC483	0x0000000000000000	0x0000000000000000	0x000000084B2AAEFB
40260585	0x00000104F8BEC483	0x0000000000000000	0x0000000000000000	0x000000084B2AAEFB
40360585	0x00000104F8BEC483	0x0000000000000000	0x0000000000000000	0x000000084B2AAEFB
40460585	0x0000000000000000	0x000000172FFD6B28	0x0000001BFD01FAC7	0x0000000000000000
40560585	0x0000000000000000	0x000000172FFD6B28	0x0000001BFD01FAC7	0x0000000000000000
40660585	0x0000000000000000	0x000000172FFD6B28	0x0000001BFD01FAC7	0x0000000000000000
26340010	0x0000000000000000	0x0000002800000000	0x0000000000000000	0x0000001400000000
26340011	0x0000000000000000	0x00000049CCCCCB12	0x0000000000000000	0x00000024CCCCCBF0
26340012	0x0000000000000000	0x0000007A8CCC9ED8	0x0000000000000000	0x0000003D0CCCB5E8
26340013	0x0000000000000000	0x000000BA26662098	0x0000000000000000	0x0000005CD99976C8
26350010	0x0000000000000000	0x0000002D00000000	0x0000000000000000	0x000000167FFFFF79
26350011	0x0000000000000000	0x0000005A00000000	0x0000000000000000	0x0000002D00000000
26350012	0x0000000000000000	0x000000947FFFFC85	0x0000000000000000	0x0000004A666664A8
26350013	0x0000000000000000	0x000000DC9999946E	0x0000000000000000	0x0000006E733309C8
26350014	0x0000000000000000	0x0000013233332C06	0x0000000000000000	0x000000993FFFC688
26360010	0x0000000000000000	0x0000003200000000	0x0000000000000000	0x0000001900000000
26360011	0x0000000000000000	0x0000006A3FFFD828	0x0000000000000000	0x000000353FFFEC08
26360012	0x0000000000000000	0x000000B37332EFE8	0x0000000000000000	0x00000059D99977E8
26360013	0x0000000000000000	0x0000010D66666016	0x0000000000000000	0x0000008700000000
26360014	0x0000000000000000	0x0000017833332A62	0x0000000000000000	0x000000BC9999952E
30160590	0x00000095FD706B98	0x0000000000000000	0x0000000000000000	0x00000006AB851C38
30160591	0x0000013EBD702C50	0x0000000000000000	0x0000000000000000	0x0000000E2B851968
30160592	0x0000021A0A3CA6E0	0x0000000000000000	0x0000000000000000	0x00000017C51EAF68
30160593	0x00000327E3D5DB48	0x0000000000000000	0x0000000000000000	0x00000023AB851158
30160594	0x000004684A3BC988	0x0000000000000000	0x0000000000000000	0x0000003211EB7258
30460590	0x0000000000000000	0x0000000D547ADC48	0x000000167FFFFF79	0x0000000000000000
30460591	0x0000000000000000	0x0000001C547AD6A8	0x0000002FBFFFEE18	0x0000000000000000
30460592	0x0000000000000000	0x0000002FD47ACF58	0x00000050BFFFE1B8	0x0000000000000000
30460593	0x0000000000000000	0x00000047FAE12CB0	0x0000007959996C18	0x0000000000000000
30460594	0x0000000000000000	0x0000006461478870	0x000000A959995A18	0x0000000000000000
30260590	0x00000095FD706B98	0x0000000000000000	0x0000000000000000	0x00000006AB851C38
30260591	0x0000013EBD702C50	0x0000000000000000	0x0000000000000000	0x0000000E2B851968
30260592	0x0000021A0A3CA6E0	0x0000000000000000	0x0000000000000000	0x00000017C51EAF68
30260593	0x00000327E3D5DB48	0x0000000000000000	0x0000000000000000	0x00000023AB851158
30260594	0x000004684A3BC988	0x0000000000000000	0x0000000000000000	0x0000003211EB7258
30560590	0x0000000000000000	0x0000000D547ADC48	0x000000167FFFFF79	0x0000000000000000
30560591	0x0000000000000000	0x0000001C547AD6A8	0x0000002FBFFFEE18	0x0000000000000000
30560592	0x0000000000000000	0x0000002FD47ACF58	0x00000050BFFFE1B8	0x0000000000000000
30560593	0x0000000000000000	0x00000047FAE12CB0	0x0000007959996C18	0x0000000000000000
30560594	0x0000000000000000	0x0000006461478870	0x000000A959995A18	0x0000000000000000
30360590	0x00000095FD706B98	0x0000000000000000	0x0000000000000000	0x00000006AB851C38
30360591	0x0000013EBD702C50	0x0000000000000000	0x0000000000000000	0x0000000E2B851968
30360592	0x0000021A0A3CA6E0	0x0000000000000000	0x0000000000000000	0x00000017C51EAF68
30360593	0x00000327E3D5DB48	0x0000000000000000	0x0000000000000000	0x00000023AB851158
30360594	0x000004684A3BC988	0x0000000000000000	0x0000000000000000	0x0000003211EB7258
30660590	0x0000000000000000	0x0000000D547ADC48	0x000000167FFFFF79	0x0000000000000000
30660591	0x0000000000000000	0x0000001C547AD6A8	0x0000002FBFFFEE18	0x0000000000000000
30660592	0x0000000000000000	0x0000002FD47ACF58	0x00000050BFFFE1B8	0x0000000000000000
30660593	0x0000000000000000	0x00000047FAE12CB0	0x0000007959996C18	0x0000000000000000
30660594	0x0000000000000000	0x0000006461478870	0x000000A959995A18	0x0000000000000000
40160594	0x00000104F8BEC483	0x0000000000000000	0x0000000000000000	0x000000084B2AAEFB
40260594	0x00000104F8BEC483	0x0000000000000000	0x0000000000000000	0x000000084B2AAEFB
40360594	0x00000104F8BEC483	0x0000000000000000	0x0000000000000000	0x000000084B2AAEFB
40460594	0x0000000000000000	0x000000172FFD6B28	0x0000001BFD01FAC7	0x0000000000000000
40560594	0x0000000000000000	0x000000172FFD6B28	0x0000001BFD01FAC7	0x0000000000000000
40660594	0x0000000000000000	0x000000172FFD6B28	0x0000001BFD01FAC7	0x0000000000000000
40160595	0x00000104F8BEC483	0x0000000000000000	0x0000000000000000	0x000000084B2AAEFB
40260595	0x00000104F8BEC483	0x0000000000000000	0x0000000000000000	0x000000084B2AAEFB
40360595	0x00000104F8BEC483	0x0000000000000000	0x0000000000000000	0x000000084B2AAEFB
40460595	0x0000000000000000	0x000000172FFD6B28	0x0000001BFD01FAC7	0x0000000000000000
40560595	0x0000000000000000	0x000000172FFD6B28	0x0000001BFD01FAC7	0x0000000000000000
40660595	0x0000000000000000	0x000000172FFD6B28	0x0000001BFD01FAC7	0x0000000000000000
26440010	0x0000000000000000	0x0000002800000000	0x0000000000000000	0x0000001400000000
26440011	0x0000000000000000	0x00000049CCCCCB12	0x0000000000000000	0x00000024CCCCCBF0
26440012	0x0000000000000000	0x0000007A8CCC9ED8	0x0000000000000000	0x0000003D0CCCB5E8
26440013	0x0000000000000000	0x000000BA26662098	0x0000000000000000	0x0000005CD99976C8
26450010	0x0000000000000000	0x0000002D00000000	0x0000000000000000	0x000000167FFFFF79
26450011	0x0000000000000000	0x0000005A00000000	0x0000000000000000	0x0000002D00000000
26450012	0x0000000000000000	0x000000947FFFFC85	0x0000000000000000	0x0000004A666664A8
26450013	0x0000000000000000	0x000000DC9999946E	0x0000000000000000	0x0000006E733309C8
26450014	0x0000000000000000	0x0000013233332C06	0x0000000000000000	0x000000993FFFC688
26460010	0x0000000000000000	0x0000003200000000	0x0000000000000000	0x0000001900000000
26460011	0x0000000000000000	0x0000006A3FFFD828	0x0000000000000000	0x000000353FFFEC08
26460012	0x0000000000000000	0x000000B37332EFE8	0x0000000000000000	0x00000059D99977E8
26460013	0x0000000000000000	0x0000010D66666016	0x0000000000000000	0x0000008700000000
26460014	0x0000000000000000	0x0000017833332A62	0x0000000000000000	0x000000BC9999952E
30160600	0x00000095FD706B98	0x0000000000000000	0x0000000000000000	0x00000006AB851C38
30160601	0x0000013EBD702C50	0x0000000000000000	0x0000000000000000	0x0000000E2B851968
30160602	0x0000021A0A3CA6E0	0x0000000000000000	0x0000000000000000	0x00000017C51EAF68
30160603	0x00000327E3D5DB48	0x0000000000000000	0x0000000000000000	0x00000023AB851158
30160604	0x000004684A3BC988	0x0000000000000000	0x0000000000000000	0x0000003211EB7258
30460600	0x0000000000000000	0x0000000D547ADC48	0x000000167FFFFF79	0x0000000000000000
30460601	0x0000000000000000	0x0000001C547AD6A8	0x0000002FBFFFEE18	0x0000000000000000
30460602	0x0000000000000000	0x0000002FD47ACF58	0x00000050BFFFE1B8	0x0000000000000000
30460603	0x0000000000000000	0x00000047FAE12CB0	0x0000007959996C18	0x0000000000000000
30460604	0x0000000000000000	0x0000006461478870	0x000000A959995A18	0x0000000000000000
30260600	0x00000095FD706B98	0x0000000000000000	0x0000000000000000	0x00000006AB851C38
30260601	0x0000013EBD702C50	0x0000000000000000	0x0000000000000000	0x0000000E2B851968
30260602	0x0000021A0A3CA6E0	0x0000000000000000	0x0000000000000000	0x00000017C51EAF68
30260603	0x00000327E3D5DB48	0x0000000000000000	0x0000000000000000	0x00000023AB851158
30260604	0x000004684A3BC988	0x0000000000000000	0x0000000000000000	0x0000003211EB7258
30560600	0x0000000000000000	0x0000000D547ADC48	0x000000167FFFFF79	0x0000000000000000
30560601	0x0000000000000000	0x0000001C547AD6A8	0x0000002FBFFFEE18	0x0000000000000000
30560602	0x0000000000000000	0x0000002FD47ACF58	0x00000050BFFFE1B8	0x0000000000000000
30560603	0x0000000000000000	0x00000047FAE12CB0	0x0000007959996C18	0x0000000000000000
30560604	0x0000000000000000	0x0000006461478870	0x000000A959995A18	0x0000000000000000
30360600	0x00000095FD706B98	0x0000000000000000	0x0000000000000000	0x00000006AB851C38
30360601	0x0000013EBD702C50	0x0000000000000000	0x0000000000000000	0x0000000E2B851968
30360602	0x0000021A0A3CA6E0	0x0000000000000000	0x0000000000000000	0x00000017C51EAF68
30360603	0x00000327E3D5DB48	0x0000000000000000	0x0000000000000000	0x00000023AB851158
30360604	0x000004684A3BC988	0x0000000000000000	0x0000000000000000	0x0000003211EB7258
30660600	0x0000000000000000	0x0000000D547ADC48	0x000000167FFFFF79	0x0000000000000000
30660601	0x0000000000000000	0x0000001C547AD6A8	0x0000002FBFFFEE18	0x0000000000000000
30660602	0x0000000000000000	0x0000002FD47ACF58	0x00000050BFFFE1B8	0x0000000000000000
30660603	0x0000000000000000	0x00000047FAE12CB0	0x0000007959996C18	0x0000000000000000
30660604	0x0000000000000000	0x0000006461478870	0x000000A959995A18	0x0000000000000000
40160604	0x00000104F8BEC483	0x0000000000000000	0x0000000000000000	0x000000084B2AAEFB
40260604	0x00000104F8BEC483	0x0000000000000000	0x0000000000000000	0x000000084B2AAEFB
40360604	0x00000104F8BEC483	0x0000000000000000	0x0000000000000000	0x000000084B2AAEFB
40460604	0x0000000000000000	0x000000172FFD6B28	0x0000001BFD01FAC7	0x0000000000000000
40560604	0x0000000000000000	0x000000172FFD6B28	0x0000001BFD01FAC7	0x0000000000000000
40660604	0x0000000000000000	0x000000172FFD6B28	0x0000001BFD01FAC7	0x0000000000000000
40160605	0x00000104F8BEC483	0x0000000000000000	0x0000000000000000	0x000000084B2AAEFB
40260605	0x00000104F8BEC483	0x0000000000000000	0x0000000000000000	0x000000084B2AAEFB
40360605	0x00000104F8BEC483	0x0000000000000000	0x0000000000000000	0x000000084B2AAEFB
40460605	0x0000000000000000	0x000000172FFD6B28	0x0000001BFD01FAC7	0x0000000000000000
40560605	0x0000000000000000	0x000000172FFD6B28	0x0000001BFD01FAC7	0x0000000000000000
40660605	0x0000000000000000	0x000000172FFD6B28	0x0000001BFD01FAC7	0x0000000000000000
102076	0x000002DB3FFEEDC8	0x000000A830A397F8	0x0000006DAE1451C0	0x0000004575C27550
140036	0x0000030E70A2B1A0	0x00000096A3D6D1C0	0x0000007328F59760	0x0000004575C27550
107056	0x000002F130A2BC98	0x0000009C7D706928	0x0000006DAE1451C0	0x000000491EB83680
102714	0x0000054600000000	0x000001367FFFF8B9	0x000000CA75C24370	0x000000803D7073C0
140314	0x000005A47FFFDE25	0x0000011619999315	0x000000D4947A9190	0x000000803D7073C0
107514	0x0000056E7FFFDF69	0x00000120E6665FA1	0x000000CA75C24370	0x00000086FD707138
26560014	0x0000000000000000	0x0000017833332A62	0x0000000000000000	0x000000BC9999952E
26660014	0x0000000000000000	0x0000017833332A62	0x0000000000000000	0x000000BC9999952E
26760014	0x0000000000000000	0x0000017833332A62	0x0000000000000000	0x000000BC9999952E
30160614	0x000004684A3BC988	0x0000000000000000	0x0000000000000000	0x0000003211EB7258
30160644	0x000004684A3BC988	0x0000000000000000	0x0000000000000000	0x0000003211EB7258
30260614	0x000004684A3BC988	0x0000000000000000	0x0000000000000000	0x0000003211EB7258
30260644	0x000004684A3BC988	0x0000000000000000	0x0000000000000000	0x0000003211EB7258
30360614	0x000004684A3BC988	0x0000000000000000	0x0000000000000000	0x0000003211EB7258
30360644	0x000004684A3BC988	0x0000000000000000	0x0000000000000000	0x0000003211EB7258
30560614	0x0000000000000000	0x0000006461478870	0x000000A959995A18	0x0000000000000000
30560644	0x0000000000000000	0x0000006461478870	0x000000A959995A18	0x0000000000000000
40160614	0x00000104F8BEC483	0x0000000000000000	0x0000000000000000	0x000000084B2AAEFB
40160615	0x00000104F8BEC483	0x0000000000000000	0x0000000000000000	0x000000084B2AAEFB
40160644	0x00000104F8BEC483	0x0000000000000000	0x0000000000000000	0x000000084B2AAEFB
40160645	0x00000104F8BEC483	0x0000000000000000	0x0000000000000000	0x000000084B2AAEFB
40260614	0x00000104F8BEC483	0x0000000000000000	0x0000000000000000	0x000000084B2AAEFB
40260615	0x00000104F8BEC483	0x0000000000000000	0x0000000000000000	0x000000084B2AAEFB
40260644	0x00000104F8BEC483	0x0000000000000000	0x0000000000000000	0x000000084B2AAEFB
40260645	0x00000104F8BEC483	0x0000000000000000	0x0000000000000000	0x000000084B2AAEFB
40360614	0x00000104F8BEC483	0x0000000000000000	0x0000000000000000	0x000000084B2AAEFB
40360615	0x00000104F8BEC483	0x0000000000000000	0x0000000000000000	0x000000084B2AAEFB
40360644	0x00000104F8BEC483	0x0000000000000000	0x0000000000000000	0x000000084B2AAEFB
40360645	0x00000104F8BEC483	0x0000000000000000	0x0000000000000000	0x000000084B2AAEFB
40560614	0x0000000000000000	0x000000172FFD6B28	0x0000001BFD01FAC7	0x0000000000000000
40560615	0x0000000000000000	0x000000172FFD6B28	0x0000001BFD01FAC7	0x0000000000000000
40560644	0x0000000000000000	0x000000172FFD6B28	0x0000001BFD01FAC7	0x0000000000000000
40560645	0x0000000000000000	0x000000172FFD6B28	0x0000001BFD01FAC7	0x0000000000000000
