Id	Life	AttackNormal	DefenseNormal	Crit
1	0x0000138800000000	0x0000000000000000	0x0000000000000000	0x000000027FFFFFF1
4	0x000009C400000000	0x0000000A00000000	0x0000000500000000	0x000000017FFFFFF7
5	0x0000001400000000	0x0000000A00000000	0x0000000300000000	0x000000017FFFFFF7
6	0x000009C400000000	0x0000000A00000000	0x0000000500000000	0x000000017FFFFFF7
7	0x0000001400000000	0x0000000A00000000	0x0000000300000000	0x000000017FFFFFF7
23	0x0000000000000000	0x0000000000000000	0x0000000000000000	0x0000000000000000
13	0x000003E800000000	0x0000000500000000	0x0000000066666664	0x000000027FFFFFF1
99	0x0000000000000000	0x0000000000000000	0x0000000000000000	0x0000000000000000
1302	0x0000138800000000	0x0000000500000000	0x0000000000000000	0x000000027FFFFFF1
4706	0x0000007800000000	0x0000000A00000000	0x0000000000000000	0x0000000000000000
5001	0x0000000000000000	0x0000000000000000	0x0000000000000000	0x0000000000000000
9	0x0000000000000000	0x0000000000000000	0x0000000000000000	0x0000000000000000
100	0x000009C400000000	0x0000000A00000000	0x0000000500000000	0x000000017FFFFFF7
101	0x0001388000000000	0x0000006400000000	0x0000012C00000000	0x0000000000000000
1026	0x000000213FFFF388	0x0000000573333128	0x00000004E6666649	0x00000002C7AE1370
2004	0x0000003200000000	0x0000000000000000	0x0000000000000000	0x0000000000000000
2005	0x0000000A00000000	0x0000000000000000	0x0000000000000000	0x0000000000000000
7001	0x0000019000000000	0x0000000500000000	0x0000000100000000	0x0000000000000000
7002	0x000001F400000000	0x0000000600000000	0x0000000100000000	0x0000000000000000
7003	0x0000019000000000	0x0000000500000000	0x0000000100000000	0x0000000000000000
7004	0x000001F400000000	0x0000000500000000	0x0000000100000000	0x0000000000000000
7005	0x0000025800000000	0x0000000600000000	0x0000000100000000	0x0000000000000000
7006	0x0000025800000000	0x0000000600000000	0x0000000100000000	0x0000000000000000
7007	0x000001F400000000	0x0000000600000000	0x0000000100000000	0x0000000000000000
7008	0x000001F400000000	0x0000000600000000	0x0000000100000000	0x0000000000000000
7012	0x000001F400000000	0x0000000600000000	0x0000000100000000	0x0000000000000000
7013	0x0000019000000000	0x0000000500000000	0x0000000100000000	0x0000000000000000
7300	0x0000003200000000	0x0000000853332993	0x0000000000000000	0x0000000000000000
7301	0x0000017C00000000	0x0000000200000000	0x0000000000000000	0x0000000000000000
8110	0x000008CA00000000	0x0000000A00000000	0x0000000A00000000	0x0000000000000000
8120	0x000002EE00000000	0x0000000F00000000	0x0000000A00000000	0x0000000000000000
8130	0x0000012C00000000	0x0000000200000000	0x0000000500000000	0x0000000000000000
8131	0x0000006400000000	0x0000000200000000	0x0000000500000000	0x0000000000000000
8132	0x0000038400000000	0x0000000200000000	0x0000000500000000	0x0000000000000000
8140	0x00000BB800000000	0x0000000A00000000	0x0000000A00000000	0x0000000000000000
8141	0x0000012C00000000	0x0000000500000000	0x0000000300000000	0x0000000000000000
8142	0x00000BB800000000	0x0000000A00000000	0x0000000A00000000	0x0000000000000000
8143	0x0000012C00000000	0x0000000200000000	0x0000000500000000	0x0000000000000000
8150	0x0000012C00000000	0x0000000200000000	0x0000000500000000	0x0000000000000000
8151	0x0000271000000000	0x0000000000000000	0x0000000000000000	0x0000000000000000
8152	0x000002D000000000	0x0000000200000000	0x0000000500000000	0x0000000000000000
8160	0x0000012C00000000	0x0000000200000000	0x0000000500000000	0x0000000000000000
8161	0x0000043800000000	0x0000000200000000	0x0000000500000000	0x0000000000000000
8170	0x0000012C00000000	0x0000000200000000	0x0000000500000000	0x0000000000000000
8171	0x0000032000000000	0x0000000200000000	0x0000000500000000	0x0000000000000000
8180	0x0000012C00000000	0x0000000200000000	0x0000000500000000	0x0000000000000000
8181	0x000002D000000000	0x0000000200000000	0x0000000500000000	0x0000000000000000
8190	0x0000012C00000000	0x0000000200000000	0x0000000500000000	0x0000000000000000
8191	0x0000038400000000	0x0000000200000000	0x0000000500000000	0x0000000000000000
8192	0x0000012C00000000	0x0000000200000000	0x0000000500000000	0x0000000000000000
8210	0x00000BB800000000	0x0000000A00000000	0x0000000A00000000	0x0000000000000000
8211	0x0000038400000000	0x0000000500000000	0x0000000500000000	0x0000000000000000
8214	0x000003E800000000	0x0000000500000000	0x0000000500000000	0x000000027FFFFFF1
8215	0x0000012C00000000	0x0000000200000000	0x000000027FFFFFF1	0x0000000000000000
8216	0x0000000D00000000	0x0000000400000000	0x0000000300000000	0x0000000000000000
8220	0x00003A9800000000	0x000000077FFFFFD3	0x0000000000000000	0x0000000000000000
8221	0x00003A9800000000	0x000000077FFFFFD3	0x0000000000000000	0x0000000000000000
8235	0x0000271000000000	0x000000077FFFFFD3	0x0000000000000000	0x0000000000000000
8310	0x0000016800000000	0x0000000200000000	0x0000000500000000	0x0000000000000000
8311	0x000000F000000000	0x0000000200000000	0x0000000500000000	0x0000000000000000
8312	0x0000043800000000	0x0000000200000000	0x0000000500000000	0x0000000000000000
8313	0x00003A9800000000	0x0000000500000000	0x0000000000000000	0x0000000000000000
8316	0x00003A9800000000	0x0000000500000000	0x0000000000000000	0x0000000000000000
8318	0x00003A9800000000	0x0000000500000000	0x0000000000000000	0x0000000000000000
8320	0x0000014A00000000	0x0000000200000000	0x0000000500000000	0x0000000000000000
8330	0x0000014A00000000	0x0000000200000000	0x0000000500000000	0x0000000000000000
8331	0x0000038400000000	0x0000000200000000	0x0000000500000000	0x0000000000000000
8340	0x0000012C00000000	0x0000000200000000	0x0000000500000000	0x0000000000000000
8350	0x0000017C00000000	0x0000000200000000	0x0000000500000000	0x0000000000000000
8351	0x00000EDA00000000	0x0000000300000000	0x0000000000000000	0x0000000000000000
8352	0x0000017C00000000	0x0000000200000000	0x0000000500000000	0x0000000000000000
8353	0x0000038400000000	0x0000000200000000	0x0000000500000000	0x0000000000000000
8354	0x0000017C00000000	0x00000007266663B8	0x0000000500000000	0x0000000000000000
8380	0x000001C200000000	0x0000000200000000	0x0000000500000000	0x0000000000000000
8381	0x0000038400000000	0x0000000200000000	0x0000000200000000	0x0000000000000000
8382	0x000005DC00000000	0x0000000200000000	0x0000000000000000	0x0000000000000000
8390	0x000005DC00000000	0x0000000500000000	0x0000000000000000	0x0000000000000000
8391	0x0000025800000000	0x000000063FFFFDA8	0x0000000000000000	0x0000000000000000
8392	0x00000E1000000000	0x0000000C00000000	0x0000000000000000	0x0000000000000000
8393	0x00000EA600000000	0x0000000500000000	0x0000000000000000	0x0000000000000000
8400	0x000001F400000000	0x000000037FFFFFEB	0x0000000000000000	0x0000000000000000
8401	0x000001F400000000	0x000000037FFFFFEB	0x0000000000000000	0x0000000000000000
8402	0x0000015E00000000	0x000000037FFFFFEB	0x0000000000000000	0x0000000000000000
8420	0x000005DC00000000	0x0000000500000000	0x0000000000000000	0x0000000000000000
8421	0x0000009600000000	0x0000000500000000	0x0000000000000000	0x0000000000000000
8422	0x000008CA00000000	0x0000000500000000	0x0000000000000000	0x0000000000000000
8426	0x00000EDA00000000	0x0000000300000000	0x0000000000000000	0x0000000000000000
8432	0x00000EDA00000000	0x0000000300000000	0x0000000000000000	0x0000000000000000
8460	0x0000036B00000000	0x0000000900000000	0x0000000000000000	0x0000000000000000
8461	0x000001B500000000	0x0000000900000000	0x0000000000000000	0x0000000000000000
8462	0x00000DAC00000000	0x000000047FFFFFE5	0x0000000000000000	0x0000000000000000
8470	0x00000BB800000000	0x000000077FFFFFD3	0x0000000000000000	0x0000000000000000
8482	0x0000007D00000000	0x0000000853332993	0x0000000500000000	0x0000000000000000
8490	0x00000BB800000000	0x000000077FFFFFD3	0x0000000000000000	0x0000000000000000
8491	0x00003A9800000000	0x000000077FFFFFD3	0x0000000000000000	0x0000000000000000
8492	0x000000C800000000	0x000000077FFFFFD3	0x0000000000000000	0x0000000000000000
8493	0x00003A9800000000	0x000000071BCC6B10	0x0000000000000000	0x0000000000000000
8497	0x00003A9800000000	0x000000071BCC6B10	0x0000000000000000	0x0000000000000000
8510	0x00003A9800000000	0x000000077FFFFFD3	0x0000000000000000	0x0000000000000000
8511	0x0000006400000000	0x0000001400000000	0x0000001200000000	0x0000000C00000000
8512	0x00003A9800000000	0x000000077FFFFFD3	0x0000000000000000	0x0000000000000000
8555	0x0000007D00000000	0x000000077FFFFFD3	0x0000000000000000	0x0000000000000000
8556	0x0000007D00000000	0x000000077FFFFFD3	0x0000000000000000	0x0000000000000000
8557	0x00003A9800000000	0x0000000A00000000	0x0000000000000000	0x0000000000000000
8558	0x00003A9800000000	0x0000000400000000	0x0000000000000000	0x0000000000000000
8562	0x00003A9800000000	0x0000000500000000	0x0000000000000000	0x0000000000000000
8563	0x00003A9800000000	0x0000000500000000	0x0000000000000000	0x0000000000000000
8567	0x00003A9800000000	0x0000000500000000	0x0000000000000000	0x0000000000000000
8568	0x00003A9800000000	0x0000000500000000	0x0000000000000000	0x0000000000000000
8570	0x00003A9800000000	0x0000000500000000	0x0000000000000000	0x0000000000000000
8571	0x0000138800000000	0x0000000500000000	0x0000000000000000	0x0000000000000000
8572	0x00003A9800000000	0x0000000A00000000	0x0000000000000000	0x0000000000000000
8575	0x00003A9800000000	0x0000000A00000000	0x0000000000000000	0x0000000000000000
8701	0x00001F4000000000	0x000000077FFFFFD3	0x0000000A00000000	0x0000000000000000
8703	0x0000006400000000	0x000000077FFFFFD3	0x0000000A00000000	0x0000000000000000
8704	0x00001A9000000000	0x0000000D00000000	0x0000000000000000	0x0000000000000000
8705	0x00001E7800000000	0x0000000F00000000	0x0000000000000000	0x0000000000000000
8731	0x0000177000000000	0x000000077FFFFFD3	0x0000000A00000000	0x0000000000000000
8733	0x0000106800000000	0x000000077FFFFFD3	0x0000000A00000000	0x0000000000000000
8736	0x0000019000000000	0x0000000200000000	0x0000000500000000	0x0000000000000000
8741	0x0000010A00000000	0x0000000200000000	0x0000000500000000	0x0000000000000000
8742	0x0000000000000000	0x0000000200000000	0x0000000500000000	0x0000000000000000
8743	0x000003E800000000	0x0000000200000000	0x0000000500000000	0x0000000000000000
8745	0x000008CA00000000	0x0000000600000000	0x0000000800000000	0x0000000000000000
8750	0x00001F4000000000	0x000000077FFFFFD3	0x0000000A00000000	0x0000000000000000
8751	0x00001F4000000000	0x000000077FFFFFD3	0x0000000A00000000	0x0000000000000000
8752	0x00001F4000000000	0x000000077FFFFFD3	0x0000000A00000000	0x0000000000000000
8753	0x0000000000000000	0x000000077FFFFFD3	0x0000000000000000	0x0000000000000000
8754	0x0000271000000000	0x0000000A00000000	0x0000000000000000	0x0000000000000000
8755	0x0000271000000000	0x0000000A00000000	0x0000000000000000	0x0000000000000000
8756	0x0000271000000000	0x0000000A00000000	0x0000000000000000	0x0000000000000000
8759	0x00003A9800000000	0x0000000A00000000	0x0000000000000000	0x0000000000000000
8762	0x0000138800000000	0x0000000A00000000	0x0000000000000000	0x0000000000000000
8763	0x0000232800000000	0x0000000A00000000	0x0000000000000000	0x0000000000000000
8765	0x00003A9800000000	0x0000000A00000000	0x0000000000000000	0x0000000000000000
8766	0x00000B2C00000000	0x0000000A00000000	0x0000000000000000	0x0000000000000000
8767	0x00000F5A00000000	0x0000000A00000000	0x0000000000000000	0x0000000000000000
8768	0x00003A9800000000	0x0000000A00000000	0x0000000000000000	0x0000000000000000
8769	0x00003A9800000000	0x0000000A00000000	0x0000000000000000	0x0000000000000000
8782	0x00003A9800000000	0x0000000A00000000	0x0000000000000000	0x0000000000000000
8790	0x00003A9800000000	0x0000000A00000000	0x0000000000000000	0x0000000000000000
8791	0x0000407400000000	0x0000000A00000000	0x0000000000000000	0x0000000000000000
8792	0x0000000000000000	0x0000000000000000	0x0000000000000000	0x0000000000000000
8793	0x0000000000000000	0x0000000000000000	0x0000000000000000	0x0000000000000000
8794	0x000036B000000000	0x0000001900000000	0x0000000000000000	0x0000000000000000
8795	0x00003A9800000000	0x0000001600000000	0x0000000000000000	0x0000000000000000
8796	0x00004E2000000000	0x0000001900000000	0x0000000000000000	0x0000000000000000
9001	0x000012C000000000	0x0000000F00000000	0x0000002800000000	0x0000000000000000
9002	0x0000000000000000	0x0000000000000000	0x0000000000000000	0x0000000000000000
9009	0x0000003C00000000	0x0000000300000000	0x0000000300000000	0x0000000000000000
9010	0x0000004B00000000	0x00000003B333331D	0x00000003B333331D	0x0000000000000000
9011	0x0000006400000000	0x0000000500000000	0x0000000500000000	0x0000000000000000
9012	0x0000006400000000	0x0000000500000000	0x0000000500000000	0x0000000000000000
9013	0x0000006400000000	0x0000000500000000	0x0000000500000000	0x0000000000000000
9014	0x0000003200000000	0x000000027FFFFFF1	0x000000027FFFFFF1	0x0000000000000000
9015	0x0000006400000000	0x0000000500000000	0x0000000500000000	0x0000000000000000
9016	0x0000003C00000000	0x0000000300000000	0x0000000300000000	0x0000000000000000
9017	0x0000005000000000	0x0000000400000000	0x0000000400000000	0x0000000000000000
9018	0x0000006400000000	0x0000000500000000	0x0000000500000000	0x0000000000000000
9019	0x0000007300000000	0x00000005B3333311	0x00000005B3333311	0x0000000000000000
9020	0x0000003200000000	0x000000027FFFFFF1	0x000000027FFFFFF1	0x0000000000000000
9021	0x0000007D00000000	0x000000063333330E	0x000000063333330E	0x0000000000000000
9025	0x0000007D00000000	0x000000063FFFFDA8	0x000000077FFFFFD3	0x0000000000000000
9026	0x0000007D00000000	0x000000063FFFFDA8	0x000000077FFFFFD3	0x0000000000000000
9033	0x0000007D00000000	0x000000063FFFFDA8	0x000000077FFFFFD3	0x0000000000000000
9034	0x0000007D00000000	0x000000063FFFFDA8	0x000000077FFFFFD3	0x0000000000000000
9035	0x0000007D00000000	0x000000063FFFFDA8	0x000000077FFFFFD3	0x0000000000000000
9036	0x0000007D00000000	0x000000063FFFFDA8	0x000000077FFFFFD3	0x0000000000000000
9037	0x0000007D00000000	0x000000063FFFFDA8	0x000000077FFFFFD3	0x0000000000000000
9038	0x0000006400000000	0x0000000500000000	0x0000000500000000	0x0000000000000000
9039	0x0000038400000000	0x0000000A00000000	0x000000007FFFFFFD	0x0000000000000000
9064	0x000000FA00000000	0x0000000500000000	0x0000000500000000	0x0000000000000000
9065	0x0000007D00000000	0x0000000500000000	0x0000000500000000	0x0000000000000000
9066	0x000000C800000000	0x0000000500000000	0x0000000500000000	0x0000000000000000
9067	0x000000AF00000000	0x0000000500000000	0x0000000500000000	0x0000000000000000
9068	0x000000FA00000000	0x0000000500000000	0x0000000500000000	0x0000000000000000
9080	0x000000FA00000000	0x0000000853332993	0x000000057FFFFFDF	0x0000000000000000
9100	0x0000003200000000	0x0000000853332993	0x0000000500000000	0x0000000000000000
9101	0x000000383FFFEAE8	0x000000063FFFFDA8	0x0000000500000000	0x0000000000000000
9102	0x0000002800000000	0x000000063FFFFDA8	0x0000000500000000	0x0000000000000000
9110	0x0000003200000000	0x000000068F5C2680	0x0000000000000000	0x0000000000000000
9111	0x000000383FFFEAE8	0x00000004EB851CE0	0x0000000000000000	0x0000000000000000
9112	0x0000002800000000	0x00000004EB851CE0	0x0000000000000000	0x0000000000000000
9190	0x0000003200000000	0x0000000500000000	0x0000000000000000	0x0000000000000000
9199	0x0000003200000000	0x0000000500000000	0x0000000000000000	0x0000000000000000
9200	0x0000007D00000000	0x0000000853332993	0x0000000500000000	0x0000000000000000
9201	0x0000008C9EB81D30	0x000000063FFFFDA8	0x0000000500000000	0x0000000000000000
9202	0x0000006400000000	0x000000063FFFFDA8	0x0000000500000000	0x0000000000000000
9203	0x0000009AAE1440E0	0x00000009266662F8	0x000000057FFFFFDF	0x0000000000000000
9204	0x0000006E00000000	0x00000006DFFFF80D	0x000000057FFFFFDF	0x0000000000000000
9205	0x000000B99EB80C50	0x0000000A4A3D6CC8	0x000000057FFFFFDF	0x0000000000000000
9290	0x0000007D00000000	0x0000000500000000	0x0000000000000000	0x0000000000000000
9299	0x0000007D00000000	0x0000000500000000	0x0000000000000000	0x0000000000000000
9300	0x0000007D00000000	0x0000000853332993	0x0000000500000000	0x0000000000000000
9301	0x0000008C9EB81D30	0x000000063FFFFDA8	0x0000000500000000	0x0000000000000000
9302	0x0000006400000000	0x000000063FFFFDA8	0x0000000500000000	0x0000000000000000
9303	0x000000C07FFFFB7D	0x00000009266662F8	0x000000057FFFFFDF	0x0000000000000000
9304	0x000000A500000000	0x00000006DFFFF80D	0x000000057FFFFFDF	0x0000000000000000
9305	0x000000FA00000000	0x00000009266662F8	0x000000057FFFFFDF	0x0000000000000000
9306	0x000000C000000000	0x000000063FFFFDA8	0x0000000500000000	0x0000000000000000
9307	0x000000F100000000	0x0000000A4A3D6CC8	0x000000057FFFFFDF	0x0000000000000000
9308	0x000001F400000000	0x0000006400000000	0x0000000000000000	0x0000000000000000
9310	0x0000007D00000000	0x000000068F5C2680	0x0000000000000000	0x0000000000000000
9311	0x0000008C9FFF5D67	0x00000004EB851CE0	0x0000000000000000	0x0000000000000000
9312	0x0000006400000000	0x00000004EB851CE0	0x0000000000000000	0x0000000000000000
9313	0x000000C07FFFFB7D	0x0000000735C28CA8	0x0000000000000000	0x0000000000000000
9314	0x000000A500000000	0x0000000568F5C088	0x0000000000000000	0x0000000000000000
9315	0x000001F400000000	0x0000000C00000000	0x0000000000000000	0x0000000000000000
9316	0x000002BC00000000	0x0000001500000000	0x0000000000000000	0x0000000000000000
9317	0x0000119400000000	0x0000000900000000	0x0000000000000000	0x0000000000000000
9318	0x0000177000000000	0x0000000A00000000	0x0000000000000000	0x0000000000000000
9319	0x000001F400000000	0x0000000C00000000	0x0000000000000000	0x0000000000000000
9320	0x0000106800000000	0x0000000300000000	0x0000000000000000	0x0000000000000000
9321	0x0000119400000000	0x0000000900000000	0x0000000000000000	0x0000000000000000
9322	0x0000119400000000	0x0000000900000000	0x0000000000000000	0x0000000000000000
9323	0x0000119400000000	0x00000001D985BBB8	0x0000000000000000	0x0000000000000000
9330	0x00003A9800000000	0x000000077FFFFFD3	0x0000000000000000	0x0000000000000000
9349	0x00003A9800000000	0x000000077FFFFFD3	0x0000000000000000	0x0000000000000000
9391	0x0000007D00000000	0x000000077FFFFFD3	0x0000000000000000	0x0000000000000000
9390	0x0000007D00000000	0x000000077FFFFFD3	0x0000000000000000	0x0000000000000000
9398	0x0000007D00000000	0x000000077FFFFFD3	0x0000000000000000	0x0000000000000000
9399	0x0000007D00000000	0x000000077FFFFFD3	0x0000000000000000	0x0000000000000000
9400	0x0000012C00000000	0x000000063FFFFDA8	0x0000000500000000	0x0000000000000000
9401	0x0000007D00000000	0x000000077FFFFFD3	0x0000000000000000	0x0000000000000000
9402	0x0000007D00000000	0x000000077FFFFFD3	0x0000000000000000	0x0000000000000000
9403	0x0000007D00000000	0x000000077FFFFFD3	0x0000000000000000	0x0000000000000000
9404	0x000006D600000000	0x0000000B7FFFFFBB	0x0000000000000000	0x0000000000000000
9405	0x000033B300000000	0x0000001E00000000	0x0000000000000000	0x0000000000000000
9406	0x000033B300000000	0x0000002400000000	0x0000000000000000	0x0000000000000000
9410	0x0000006400000000	0x000000013FFFFF88	0x0000000500000000	0x0000000000000000
9411	0x0000006400000000	0x0000000E00000000	0x0000000000000000	0x0000000000000000
9420	0x000000DC00000000	0x000000037FFFFFEB	0x0000000500000000	0x0000000000000000
9497	0x0000010000000000	0x000000077FFFFFD3	0x0000000000000000	0x0000000000000000
9498	0x0000010000000000	0x000000077FFFFFD3	0x0000000000000000	0x0000000000000000
9499	0x0000010000000000	0x000000077FFFFFD3	0x0000000000000000	0x0000000000000000
9522	0x0000006400000000	0x0000000900000000	0x0000000500000000	0x0000000000000000
9523	0x0000003C00000000	0x0000000566666646	0x0000000300000000	0x0000000000000000
9524	0x0000004AE66664A5	0x00000006CCCCCCA4	0x00000003CCCCCCB6	0x0000000000000000
9525	0x0000006400000000	0x0000000900000000	0x0000000500000000	0x0000000000000000
9526	0x0000006400000000	0x0000000900000000	0x0000000500000000	0x0000000000000000
9527	0x0000006400000000	0x0000000900000000	0x0000000500000000	0x0000000000000000
9528	0x00000031E666653B	0x000000047FFFFFE5	0x000000027FFFFFF1	0x0000000000000000
9529	0x0000006400000000	0x0000000900000000	0x0000000500000000	0x0000000000000000
9530	0x0000003C00000000	0x0000000566666646	0x0000000300000000	0x0000000000000000
9531	0x0000005000000000	0x0000000733333308	0x0000000400000000	0x0000000000000000
9532	0x0000006400000000	0x0000000900000000	0x0000000500000000	0x0000000000000000
9533	0x00000072E66663B5	0x0000000A66666628	0x00000005CCCCCCAA	0x0000000000000000
9534	0x00000031E666653B	0x000000047FFFFFE5	0x000000027FFFFFF1	0x0000000000000000
9535	0x0000007D00000000	0x0000000B4CCCCC89	0x000000064CCCCCA7	0x0000000000000000
9536	0x0000003200000000	0x0000000600000000	0x0000000500000000	0x0000000000000000
9537	0x0000001E00000000	0x0000000399999984	0x0000000300000000	0x0000000000000000
9538	0x0000002500000000	0x000000047FFFFFE5	0x00000003BFFFFE98	0x0000000000000000
9539	0x0000003200000000	0x0000000600000000	0x0000000500000000	0x0000000000000000
9540	0x0000001E00000000	0x0000000399999984	0x0000000300000000	0x0000000000000000
9541	0x000000A000000000	0x0000000733333308	0x0000000100000000	0x0000000000000000
9542	0x0000005F3AE123F8	0x00000005B3333311	0x00000000CA3D7058	0x0000000000000000
9543	0x0000007707ADE7D8	0x0000000733333308	0x00000000FD70A378	0x0000000000000000
9544	0x000000BE7332EBC8	0x0000000B66666622	0x00000001970A3CD8	0x0000000000000000
9545	0x0000005F75C26B90	0x00000005B3333311	0x00000000CCCCCCC8	0x0000000000000000
9547	0x0000006400000000	0x0000000900000000	0x0000000500000000	0x0000000000000000
9701	0x0000003F00000000	0x0000000D00000000	0x0000000300000000	0x0000000000000000
9702	0x0000009600000000	0x0000000C00000000	0x000000077FFFFFD3	0x0000000000000000
9703	0x0000009600000000	0x000000077FFFFFD3	0x000000077FFFFFD3	0x0000000000000000
9704	0x000003E800000000	0x0000000A00000000	0x000000007FFFFFFD	0x0000000000000000
9711	0x0000003F00000000	0x0000000D00000000	0x0000000300000000	0x0000000000000000
9712	0x0000007D00000000	0x0000000C00000000	0x000000077FFFFFD3	0x0000000000000000
9713	0x0000007D00000000	0x000000077FFFFFD3	0x000000077FFFFFD3	0x0000000000000000
9721	0x0000003F00000000	0x0000000D00000000	0x0000000300000000	0x0000000000000000
9722	0x0000009600000000	0x0000000C00000000	0x000000077FFFFFD3	0x0000000000000000
9723	0x0000009600000000	0x000000077FFFFFD3	0x000000077FFFFFD3	0x0000000000000000
9724	0x000003E800000000	0x0000000A00000000	0x000000007FFFFFFD	0x0000000000000000
9731	0x0000003F00000000	0x0000000D00000000	0x0000000300000000	0x0000000000000000
9732	0x0000007D00000000	0x0000000C00000000	0x000000077FFFFFD3	0x0000000000000000
9733	0x0000007D00000000	0x000000077FFFFFD3	0x000000077FFFFFD3	0x0000000000000000
9734	0x0000012C00000000	0x000000027FFFFFF1	0x000000027FFFFFF1	0x0000000000000000
9735	0x0000038400000000	0x000000027FFFFFF1	0x000000027FFFFFF1	0x0000000000000000
9741	0x0000003F00000000	0x0000000D00000000	0x0000000300000000	0x0000000000000000
9742	0x0000007D00000000	0x0000000C00000000	0x000000077FFFFFD3	0x0000000000000000
9743	0x0000007D00000000	0x000000077FFFFFD3	0x000000077FFFFFD3	0x0000000000000000
9744	0x000003E800000000	0x0000000A00000000	0x000000007FFFFFFD	0x0000000000000000
9751	0x0000003F00000000	0x0000000D00000000	0x0000000300000000	0x0000000000000000
9752	0x0000007D00000000	0x0000000C00000000	0x000000077FFFFFD3	0x0000000000000000
9753	0x0000007D00000000	0x000000077FFFFFD3	0x000000077FFFFFD3	0x0000000000000000
9754	0x000003E800000000	0x0000000A00000000	0x000000007FFFFFFD	0x0000000000000000
9801	0x0000DEA800000000	0x0000006400000000	0x0000012C00000000	0x0000000000000000
9802	0x00002EE000000000	0x0000008C00000000	0x0000012C00000000	0x0000000000000000
9803	0x0001388000000000	0x0000006400000000	0x0000012C00000000	0x0000000000000000
60001	0x0000271000000000	0x0000000000000000	0x0000000000000000	0x0000000000000000
60002	0x0000271000000000	0x0000000000000000	0x0000000000000000	0x0000000000000000
60003	0x0000271000000000	0x0000000000000000	0x0000000000000000	0x0000000000000000
60004	0x0000271000000000	0x000000027FFFFFF1	0x0000000500000000	0x000000012147ADA8
60005	0x0000271000000000	0x0000000000000000	0x0000000000000000	0x0000000000000000
60010	0x0000000000000000	0x0000000000000000	0x0000000000000000	0x0000000000000000
81100	0x0000012C00000000	0x000000063FFFFDA8	0x0000000500000000	0x0000000000000000
81200	0x0000006400000000	0x000000063FFFFDA8	0x0000000500000000	0x0000000000000000
81300	0x0000012C00000000	0x000000063FFFFDA8	0x0000000500000000	0x0000000000000000
81310	0x0000006400000000	0x000000063FFFFDA8	0x0000000500000000	0x0000000000000000
81400	0x0000041A00000000	0x000000063FFFFDA8	0x0000000500000000	0x0000000000000000
81410	0x0000001E00000000	0x000000063FFFFDA8	0x0000000500000000	0x0000000000000000
81420	0x0000012C00000000	0x000000063FFFFDA8	0x0000000500000000	0x0000000000000000
81430	0x0000012C00000000	0x000000063FFFFDA8	0x0000000500000000	0x0000000000000000
81500	0x0000012C00000000	0x000000063FFFFDA8	0x0000000500000000	0x0000000000000000
81600	0x0000012C00000000	0x000000063FFFFDA8	0x0000000500000000	0x0000000000000000
81700	0x0000012C00000000	0x000000063FFFFDA8	0x0000000500000000	0x0000000000000000
81800	0x0000012C00000000	0x000000063FFFFDA8	0x0000000500000000	0x0000000000000000
81900	0x000000C800000000	0x000000063FFFFDA8	0x0000000500000000	0x0000000000000000
82100	0x0000012C00000000	0x000000063FFFFDA8	0x0000000500000000	0x0000000000000000
82150	0x0000012C00000000	0x000000063FFFFDA8	0x0000000500000000	0x0000000000000000
82151	0x0000034800000000	0x0000000200000000	0x00000000028F5C28	0x0000000000000000
82160	0x0000000D00000000	0x0000000400000000	0x0000000500000000	0x0000000000000000
82161	0x0000000F00000000	0x0000000400000000	0x0000000200000000	0x0000000000000000
83100	0x000000C800000000	0x000000063FFFFDA8	0x0000000500000000	0x0000000000000000
83101	0x0000060E00000000	0x0000000200000000	0x0000000033333332	0x0000000000000000
83110	0x0000006400000000	0x000000063FFFFDA8	0x0000000500000000	0x0000000000000000
83500	0x000001C200000000	0x000000037FFFFFEB	0x0000000500000000	0x0000000000000000
83520	0x0000019000000000	0x0000000300000000	0x0000000500000000	0x0000000000000000
83521	0x000005F000000000	0x0000000200000000	0x0000000033333332	0x0000000000000000
83600	0x000001F400000000	0x0000000500000000	0x0000000500000000	0x0000000000000000
83601	0x0000035200000000	0x000000043FFFFE68	0x00000000028F5C28	0x0000000000000000
83602	0x000005DC00000000	0x0000000500000000	0x0000000000000000	0x0000000000000000
83610	0x0000028A00000000	0x000000063FFFFDA8	0x0000000500000000	0x0000000000000000
83700	0x000001C200000000	0x0000000400000000	0x0000000500000000	0x0000000000000000
83705	0x0000076200000000	0x0000000200000000	0x0000000000000000	0x0000000000000000
83710	0x0000038400000000	0x00000006BFFFFD78	0x0000000500000000	0x0000000000000000
83712	0x0000038400000000	0x000000037FFFFFEB	0x000000010CCCCC68	0x0000000000000000
83713	0x0000038400000000	0x000000078F5C2620	0x0000000047AE1460	0x0000000000000000
83714	0x00003A9800000000	0x000000056C841B48	0x0000000000000000	0x0000000000000000
84100	0x0000038400000000	0x0000000500000000	0x0000000000000000	0x0000000000000000
84110	0x0000038400000000	0x0000000500000000	0x0000000000000000	0x0000000000000000
84101	0x0000038400000000	0x0000000A00000000	0x0000000000000000	0x0000000000000000
84111	0x0000038400000000	0x0000000A00000000	0x0000000000000000	0x0000000000000000
84120	0x00000B2400000000	0x0000000300000000	0x0000000000000000	0x0000000000000000
84130	0x00000B2400000000	0x0000000300000000	0x0000000000000000	0x0000000000000000
84200	0x000001E000000000	0x0000004B00000000	0x0000000000000000	0x0000000000000000
84201	0x000002D000000000	0x0000004B00000000	0x0000000000000000	0x0000000000000000
84300	0x0000177000000000	0x00000002CCCCCCBC	0x0000000000000000	0x0000000000000000
87010	0x000000C800000000	0x000000063FFFFDA8	0x0000000500000000	0x0000000000000000
87030	0x0000002D00000000	0x000000063FFFFDA8	0x0000000500000000	0x0000000000000000
87311	0x0000371400000000	0x0000000600000000	0x0000000033333332	0x0000000000000000
87601	0x0000005000000000	0x0000000600000000	0x0000000500000000	0x0000000000000000
87606	0x0000002800000000	0x0000000600000000	0x0000000500000000	0x0000000000000000
87607	0x0000003C00000000	0x0000000600000000	0x0000000500000000	0x0000000000000000
87620	0x0000000000000000	0x0000000600000000	0x0000000500000000	0x0000000000000000
90000	0x0000000000000000	0x000000063333330E	0x000000063333330E	0x0000000000000000
90002	0x0000000000000000	0x0000000000000000	0x0000000000000000	0x0000000000000000
90004	0x0000000000000000	0x0000000000000000	0x0000000000000000	0x0000000000000000
90011	0x0000028D00000000	0x0000000B851EB400	0x0000000000000000	0x0000000000000000
90012	0x000001E200000000	0x0000001000000000	0x0000000000000000	0x0000000000000000
90013	0x0000015F7FFFF7C3	0x00000010CCCCCC68	0x0000000000000000	0x0000000000000000
90014	0x0000017E00000000	0x00000012A7EF8820	0x0000000000000000	0x0000000000000000
90015	0x0000016500000000	0x0000000AF1A9EF40	0x0000000000000000	0x0000000000000000
90016	0x000000EE00000000	0x0000000F333332D8	0x0000000000000000	0x0000000000000000
90017	0x000000B200000000	0x0000000FF5C28960	0x0000000000000000	0x0000000000000000
90018	0x000000BF00000000	0x00000011BB64459C	0x0000000000000000	0x0000000000000000
90019	0x0000014000000000	0x00000009CAC077C0	0x0000000000000000	0x0000000000000000
90020	0x000000D500000000	0x0000000D99999948	0x0000000000000000	0x0000000000000000
90021	0x000000A000000000	0x0000000E47AE0F20	0x0000000000000000	0x0000000000000000
90022	0x000000AC00000000	0x0000000FDCABF5DA	0x0000000000000000	0x0000000000000000
90023	0x0000011A00000000	0x00000008A3D70700	0x0000000000000000	0x0000000000000000
90024	0x000000BC00000000	0x0000000C00000000	0x0000000000000000	0x0000000000000000
90025	0x0000008D00000000	0x0000000C9999994E	0x0000000000000000	0x0000000000000000
90026	0x0000009700000000	0x0000000DFDF3A618	0x0000000000000000	0x0000000000000000
101021	0x0000000AB0A3D308	0x000000025C28F4E0	0x0000000170A3D680	0x000000012147ADA8
101022	0x0000000E4CCCCC77	0x0000000328F5C160	0x00000001EB851E00	0x000000017FFFFFF7
101023	0x00000011E66665FB	0x00000003F5C28DE0	0x0000000268F5C1A8	0x00000001E147AD60
101024	0x00000015828F5418	0x00000004C28F5A60	0x00000002E3D70928	0x00000002428F5B50
101025	0x000000191EB84880	0x000000058CCCCAB8	0x000000035EB850A8	0x00000002A3D70940
101026	0x0000001CB851E0C0	0x0000000659999738	0x00000003DC28F450	0x00000003051EB730
101031	0x0000000B3FFFFBC8	0x000000027AE146C0	0x0000000170A3D680	0x0000000130A3D698
101032	0x0000000F0CCCC728	0x000000034F5C27B8	0x00000001EB851E00	0x00000001947AE0B0
101033	0x00000012D70A3660	0x00000004266664D8	0x0000000268F5C1A8	0x00000001F851EAC8
101034	0x00000016A3D701C0	0x00000004FAE145D0	0x00000002E3D70928	0x000000025EB85108
101035	0x0000001A70A3CD20	0x00000005D1EB82F0	0x000000035EB850A8	0x00000002C51EB748
101036	0x0000001E3AE13C58	0x00000006A8F5C010	0x00000003DC28F450	0x000000032B851D88
102011	0x0000000B3FFFFBC8	0x000000023FFFFF28	0x000000019C28F528	0x00000001051EB7F0
102012	0x0000000F0CCCC728	0x00000003028F5B08	0x0000000226666598	0x0000000159999918
102013	0x00000012D70A3660	0x00000003C51EB6E8	0x00000002B0A3D608	0x00000001B0A3D668
102014	0x00000016A3D701C0	0x0000000487AE12C8	0x000000033AE14678	0x0000000207AE13B8
102015	0x0000001A70A3CD20	0x000000054A3D6EA8	0x00000003C51EB6E8	0x000000026147AD30
102016	0x0000001E3AE13C58	0x000000060CCCCA88	0x000000044F5C2758	0x00000002B851EA80
102021	0x0000000BCF5C2488	0x000000023FFFFF28	0x00000001B0A3D668	0x0000000111EB84B8
102022	0x0000000FCCCCCC6E	0x00000003028F5B08	0x00000002428F5B50	0x000000016E147A58
102023	0x00000013C7AE0D10	0x00000003C51EB6E8	0x00000002D47AE038	0x00000001CA3D6FF8
102024	0x00000017C51EAF68	0x0000000487AE12C8	0x0000000366666652	0x0000000226666598
102025	0x0000001BC28F51C0	0x000000054A3D6EA8	0x00000003F851EA08	0x00000002828F5B38
102026	0x0000001FBD7097F0	0x000000060CCCCA88	0x000000048A3D6EF0	0x00000002DEB850D8
102031	0x0000000AB0A3D308	0x000000027AE146C0	0x000000019C28F528	0x0000000130A3D698
102032	0x0000000E4CCCCC77	0x000000034F5C27B8	0x0000000226666598	0x00000001947AE0B0
102033	0x00000011E66665FB	0x00000004266664D8	0x00000002B0A3D608	0x00000001F851EAC8
102034	0x00000015828F5418	0x00000004FAE145D0	0x000000033AE14678	0x000000025EB85108
102035	0x000000191EB84880	0x00000005D1EB82F0	0x00000003C51EB6E8	0x00000002C51EB748
102036	0x0000001CB851E0C0	0x00000006A8F5C010	0x000000044F5C2758	0x000000032B851D88
102041	0x0000000B7AE14360	0x000000027AE146C0	0x00000001B851EAE0	0x00000001147AE0E0
102042	0x0000000F599993D8	0x000000034F5C27B8	0x000000024F5C2818	0x0000000170A3D680
102043	0x000000133851E450	0x00000004266664D8	0x00000002E3D70928	0x00000001CCCCCCC2
102044	0x00000017170A34C8	0x00000004FAE145D0	0x000000037851EA38	0x000000022B851DE8
102045	0x0000001AF851E168	0x00000005D1EB82F0	0x000000040CCCCB48	0x0000000287AE1388
102046	0x0000001ED47AD5B8	0x00000006A8F5C010	0x00000004A147AC58	0x00000002E6666655
103011	0x0000000AB0A3D308	0x000000023FFFFF28	0x0000000170A3D680	0x000000012147ADA8
103012	0x0000000E4CCCCC77	0x00000003028F5B08	0x00000001EB851E00	0x000000017FFFFFF7
103013	0x00000011E66665FB	0x00000003C51EB6E8	0x0000000268F5C1A8	0x00000001E147AD60
103014	0x00000015828F5418	0x0000000487AE12C8	0x00000002E3D70928	0x00000002428F5B50
103015	0x000000191EB84880	0x000000054A3D6EA8	0x000000035EB850A8	0x00000002A3D70940
103016	0x0000001CB851E0C0	0x000000060CCCCA88	0x00000003DC28F450	0x00000003051EB730
103021	0x0000000AB0A3D308	0x000000023FFFFF28	0x00000001851EB7C0	0x000000012147ADA8
103022	0x0000000E4CCCCC77	0x00000003028F5B08	0x0000000207AE13B8	0x000000017FFFFFF7
103023	0x00000011E66665FB	0x00000003C51EB6E8	0x000000028CCCCBD8	0x00000001E147AD60
103024	0x00000015828F5418	0x0000000487AE12C8	0x000000030F5C27D0	0x00000002428F5B50
103025	0x000000191EB84880	0x000000054A3D6EA8	0x0000000391EB83C8	0x00000002A3D70940
103026	0x0000001CB851E0C0	0x000000060CCCCA88	0x00000004170A3BE8	0x00000003051EB730
103031	0x0000000B3FFFFBC8	0x000000023FFFFF28	0x00000001B0A3D668	0x000000012147ADA8
103032	0x0000000F0CCCC728	0x00000003028F5B08	0x00000002428F5B50	0x000000017FFFFFF7
103033	0x00000012D70A3660	0x00000003C51EB6E8	0x00000002D47AE038	0x00000001E147AD60
103034	0x00000016A3D701C0	0x0000000487AE12C8	0x0000000366666652	0x00000002428F5B50
103035	0x0000001A70A3CD20	0x000000054A3D6EA8	0x00000003F851EA08	0x00000002A3D70940
103036	0x0000001E3AE13C58	0x000000060CCCCA88	0x000000048A3D6EF0	0x00000003051EB730
104021	0x0000000900000000	0x000000027AE146C0	0x0000000159999918	0x000000013D70A360
104022	0x0000000C0A3D6C20	0x000000034F5C27B8	0x00000001CF5C2848	0x00000001A66665C8
104023	0x0000000F11EB7F78	0x00000004266664D8	0x00000002428F5B50	0x0000000211EB8458
104024	0x000000121C28EEF8	0x00000004FAE145D0	0x00000002B851EA80	0x000000027D70A2E8
104025	0x0000001526665E78	0x00000005D1EB82F0	0x000000032E1479B0	0x00000002E6666655
104026	0x000000182E1471D0	0x00000006A8F5C010	0x00000003A147ACB8	0x0000000351EB83E0
104031	0x0000000B3FFFFBC8	0x000000027AE146C0	0x00000001B0A3D668	0x0000000111EB84B8
104032	0x0000000F0CCCC728	0x000000034F5C27B8	0x00000002428F5B50	0x000000016E147A58
104033	0x00000012D70A3660	0x00000004266664D8	0x00000002D47AE038	0x00000001CA3D6FF8
104034	0x00000016A3D701C0	0x00000004FAE145D0	0x0000000366666652	0x0000000226666598
104035	0x0000001A70A3CD20	0x00000005D1EB82F0	0x00000003F851EA08	0x00000002828F5B38
104036	0x0000001E3AE13C58	0x00000006A8F5C010	0x000000048A3D6EF0	0x00000002DEB850D8
105011	0x0000000C9999994E	0x0000000207AE13B8	0x00000001E147AD60	0x00000001051EB7F0
105012	0x00000010DC28EF70	0x00000002B5C28E58	0x00000002828F5B38	0x0000000159999918
105013	0x000000151999991B	0x0000000363D708F8	0x0000000323D70910	0x00000001B0A3D668
105014	0x000000195C28EC40	0x00000004147ADFC0	0x00000003C51EB6E8	0x0000000207AE13B8
105015	0x0000001D9C28EAA8	0x00000004C28F5A60	0x0000000468F5C0E8	0x000000026147AD30
105016	0x00000021DC28E910	0x0000000573333128	0x000000050A3D6EC0	0x00000002B851EA80
105031	0x0000000CF0A3D230	0x0000000223D70970	0x00000001C51EB7A8	0x00000001051EB7F0
105032	0x000000114F5C2278	0x00000002DC28F4B0	0x000000025EB85108	0x0000000159999918
105033	0x00000015AB851698	0x00000003947ADFF0	0x00000002F851EA68	0x00000001B0A3D668
105034	0x0000001A0A3D66E0	0x000000044CCCCCB3	0x0000000391EB83C8	0x0000000207AE13B8
105035	0x0000001E68F5B728	0x0000000507AE1298	0x000000042B851D28	0x000000026147AD30
105036	0x00000022C28F4F20	0x00000005BFFFFDD8	0x00000004C51EB688	0x00000002B851EA80
106021	0x0000000C6147A970	0x0000000207AE13B8	0x00000001D47AE098	0x000000010A3D7040
106022	0x000000108CCCC698	0x00000002B5C28E58	0x0000000270A3D620	0x000000016147AD90
106023	0x00000014B851E3C0	0x0000000363D708F8	0x000000030F5C27D0	0x00000001BAE14708
106024	0x00000018E66665D1	0x00000004147ADFC0	0x00000003AB851D58	0x00000002147AE080
106025	0x0000001D147AD660	0x00000004C28F5A60	0x000000044A3D6F08	0x000000026E1479F8
106026	0x000000213FFFF388	0x0000000573333128	0x00000004E6666649	0x00000002C7AE1370
106031	0x0000000D7FFFFFAF	0x0000000207AE13B8	0x00000001DC28F510	0x00000001051EB7F0
106032	0x000000120F5C2230	0x00000002B5C28E58	0x000000027D70A2E8	0x0000000159999918
106033	0x000000169C28ED48	0x0000000363D708F8	0x000000031C28F498	0x00000001B0A3D668
106034	0x0000001B2B851488	0x00000004147ADFC0	0x00000003BD70A270	0x0000000207AE13B8
106035	0x0000001FBAE13BC8	0x00000004C28F5A60	0x000000045EB85048	0x000000026147AD30
106036	0x0000002447AE06E0	0x0000000573333128	0x00000004FD70A1F8	0x00000002B851EA80
107021	0x0000000B3FFFFBC8	0x000000025C28F4E0	0x000000019C28F528	0x000000012147ADA8
107022	0x0000000F0CCCC728	0x0000000328F5C160	0x0000000226666598	0x000000017FFFFFF7
107023	0x00000012D70A3660	0x00000003F5C28DE0	0x00000002B0A3D608	0x00000001E147AD60
107024	0x00000016A3D701C0	0x00000004C28F5A60	0x000000033AE14678	0x00000002428F5B50
107025	0x0000001A70A3CD20	0x000000058CCCCAB8	0x00000003C51EB6E8	0x00000002A3D70940
107026	0x0000001E3AE13C58	0x0000000659999738	0x000000044F5C2758	0x00000003051EB730
107031	0x0000000AB0A3D308	0x000000025C28F4E0	0x00000001B0A3D668	0x000000012147ADA8
107032	0x0000000E4CCCCC77	0x0000000328F5C160	0x00000002428F5B50	0x000000017FFFFFF7
107033	0x00000011E66665FB	0x00000003F5C28DE0	0x00000002D47AE038	0x00000001E147AD60
107034	0x00000015828F5418	0x00000004C28F5A60	0x0000000366666652	0x00000002428F5B50
107035	0x000000191EB84880	0x000000058CCCCAB8	0x00000003F851EA08	0x00000002A3D70940
107036	0x0000001CB851E0C0	0x0000000659999738	0x000000048A3D6EF0	0x00000003051EB730
108021	0x0000000B3FFFFBC8	0x000000025C28F4E0	0x00000001851EB7C0	0x0000000130A3D698
108022	0x0000000F0CCCC728	0x0000000328F5C160	0x0000000207AE13B8	0x00000001947AE0B0
108023	0x00000012D70A3660	0x00000003F5C28DE0	0x000000028CCCCBD8	0x00000001F851EAC8
108024	0x00000016A3D701C0	0x00000004C28F5A60	0x000000030F5C27D0	0x000000025EB85108
108025	0x0000001A70A3CD20	0x000000058CCCCAB8	0x0000000391EB83C8	0x00000002C51EB748
108026	0x0000001E3AE13C58	0x0000000659999738	0x00000004170A3BE8	0x000000032B851D88
108031	0x0000000B7AE14360	0x000000027AE146C0	0x000000019C28F528	0x0000000111EB84B8
108032	0x0000000F599993D8	0x000000034F5C27B8	0x0000000226666598	0x000000016E147A58
108033	0x000000133851E450	0x00000004266664D8	0x00000002B0A3D608	0x00000001CA3D6FF8
108034	0x00000017170A34C8	0x00000004FAE145D0	0x000000033AE14678	0x0000000226666598
108035	0x0000001AF851E168	0x00000005D1EB82F0	0x00000003C51EB6E8	0x00000002828F5B38
108036	0x0000001ED47AD5B8	0x00000006A8F5C010	0x000000044F5C2758	0x00000002DEB850D8
109021	0x0000000C266661D8	0x0000000207AE13B8	0x00000001DC28F510	0x000000010A3D7040
109022	0x000000103FFFF9E8	0x00000002B5C28E58	0x000000027D70A2E8	0x000000016147AD90
109023	0x00000014599991F8	0x0000000363D708F8	0x000000031C28F498	0x00000001BAE14708
109024	0x0000001873332A08	0x00000004147ADFC0	0x00000003BD70A270	0x00000002147AE080
109025	0x0000001C8F5C1E40	0x00000004C28F5A60	0x000000045EB85048	0x000000026E1479F8
109026	0x00000020A6665A28	0x0000000573333128	0x00000004FD70A1F8	0x00000002C7AE1370
111021	0x0000000B3FFFFBC8	0x0000000223D70970	0x00000001B0A3D668	0x0000000111EB84B8
111022	0x0000000F0CCCC728	0x00000002DC28F4B0	0x00000002428F5B50	0x000000016E147A58
111023	0x00000012D70A3660	0x00000003947ADFF0	0x00000002D47AE038	0x00000001CA3D6FF8
111024	0x00000016A3D701C0	0x000000044CCCCCB3	0x0000000366666652	0x0000000226666598
111025	0x0000001A70A3CD20	0x0000000507AE1298	0x00000003F851EA08	0x00000002828F5B38
111026	0x0000001E3AE13C58	0x00000005BFFFFDD8	0x000000048A3D6EF0	0x00000002DEB850D8
112021	0x0000000BCF5C2488	0x0000000223D70970	0x00000001C51EB7A8	0x0000000111EB84B8
112022	0x0000000FCCCCCC6E	0x00000002DC28F4B0	0x000000025EB85108	0x000000016E147A58
112023	0x00000013C7AE0D10	0x00000003947ADFF0	0x00000002F851EA68	0x00000001CA3D6FF8
112024	0x00000017C51EAF68	0x000000044CCCCCB3	0x0000000391EB83C8	0x0000000226666598
112025	0x0000001BC28F51C0	0x0000000507AE1298	0x000000042B851D28	0x00000002828F5B38
112026	0x0000001FBD7097F0	0x00000005BFFFFDD8	0x00000004C51EB688	0x00000002DEB850D8
113021	0x0000000B3FFFFBC8	0x000000022E147A10	0x00000001A8F5C1F0	0x0000000111EB84B8
113022	0x0000000F0CCCC728	0x00000002EB851DA0	0x0000000235C28E88	0x000000016E147A58
113023	0x00000012D70A3660	0x00000003A8F5C130	0x00000002C51EB748	0x00000001CA3D6FF8
113024	0x00000016A3D701C0	0x0000000463D70898	0x00000003547AE008	0x0000000226666598
113025	0x0000001A70A3CD20	0x000000052147AC28	0x00000003E3D708C8	0x00000002828F5B38
113026	0x0000001E3AE13C58	0x00000005DEB84FB8	0x0000000473333188	0x00000002DEB850D8
114031	0x0000000C6147A970	0x000000025C28F4E0	0x00000001C51EB7A8	0x00000001051EB7F0
114032	0x000000108CCCC698	0x0000000328F5C160	0x000000025EB85108	0x0000000159999918
114033	0x00000014B851E3C0	0x00000003F5C28DE0	0x00000002F851EA68	0x00000001B0A3D668
114034	0x00000018E66665D1	0x00000004C28F5A60	0x0000000391EB83C8	0x0000000207AE13B8
114035	0x0000001D147AD660	0x000000058CCCCAB8	0x000000042B851D28	0x000000026147AD30
114036	0x000000213FFFF388	0x0000000659999738	0x00000004C51EB688	0x00000002B851EA80
116021	0x0000000B7AE14360	0x0000000223D70970	0x00000001B0A3D668	0x000000010CCCCC68
116022	0x0000000F599993D8	0x00000002DC28F4B0	0x00000002428F5B50	0x000000016666665E
116023	0x000000133851E450	0x00000003947ADFF0	0x00000002D47AE038	0x00000001BFFFFF58
116024	0x00000017170A34C8	0x000000044CCCCCB3	0x0000000366666652	0x000000021999998D
116025	0x0000001AF851E168	0x0000000507AE1298	0x00000003F851EA08	0x0000000275C28E70
116026	0x0000001ED47AD5B8	0x00000005BFFFFDD8	0x000000048A3D6EF0	0x00000002CF5C27E8
151031	0x0000000B7AE14360	0x000000028A3D6FB0	0x000000019C28F528	0x000000012147ADA8
151032	0x0000000F599993D8	0x0000000366666652	0x0000000226666598	0x000000017FFFFFF7
151033	0x000000133851E450	0x00000004428F5A90	0x00000002B0A3D608	0x00000001E147AD60
151034	0x00000017170A34C8	0x000000051EB85000	0x000000033AE14678	0x00000002428F5B50
151035	0x0000001AF851E168	0x00000005FAE14570	0x00000003C51EB6E8	0x00000002A3D70940
151036	0x0000001ED47AD5B8	0x00000006D70A3AE0	0x000000044F5C2758	0x00000003051EB730
152031	0x0000000B3FFFFBC8	0x0000000268F5C1A8	0x00000001B0A3D668	0x0000000128F5C220
152032	0x0000000F0CCCC728	0x000000033851EA50	0x00000002428F5B50	0x000000018CCCCC38
152033	0x00000012D70A3660	0x0000000407AE12F8	0x00000002D47AE038	0x00000001F0A3D650
152034	0x00000016A3D701C0	0x00000004D99997C8	0x0000000366666652	0x00000002547AE068
152035	0x0000001A70A3CD20	0x00000005A8F5C070	0x00000003F851EA08	0x00000002B851EA80
152036	0x0000001E3AE13C58	0x000000067851E918	0x000000048A3D6EF0	0x000000031C28F498
117031	0x0000000BB33332ED	0x00000002451EB778	0x00000001B5C28EB8	0x000000012E147A70
117032	0x0000000FA6666088	0x000000030A3D6F80	0x0000000247AE13A0	0x000000018F5C2860
117033	0x00000013970A3618	0x00000003CF5C2788	0x00000002DC28F4B0	0x00000001F5C28EA0
117034	0x000000178CCCC3F8	0x00000004947ADF90	0x000000036E147998	0x00000002599998B8
117035	0x0000001B7FFFFF5B	0x00000005570A3B70	0x00000004028F5AA8	0x00000002BFFFFEF8
117036	0x0000001F70A3CB40	0x000000061C28F378	0x00000004970A3BB8	0x0000000323D70910
118031	0x0000000B3FFFFBC8	0x000000025C28F4E0	0x00000001B0A3D668	0x0000000130A3D698
118032	0x0000000F0CCCC728	0x0000000328F5C160	0x00000002428F5B50	0x00000001947AE0B0
118033	0x00000012D70A3660	0x00000003F5C28DE0	0x00000002D47AE038	0x00000001F851EAC8
118034	0x00000016A3D701C0	0x00000004C28F5A60	0x0000000366666652	0x000000025EB85108
118035	0x0000001A70A3CD20	0x000000058CCCCAB8	0x00000003F851EA08	0x00000002C51EB748
118036	0x0000001E3AE13C58	0x0000000659999738	0x000000048A3D6EF0	0x000000032B851D88
119031	0x0000000B970A3918	0x0000000223D70970	0x00000001B0A3D668	0x000000010A3D7040
119032	0x0000000F7FFFFFA3	0x00000002DC28F4B0	0x00000002428F5B50	0x000000016147AD90
119033	0x0000001368F5BB48	0x00000003947ADFF0	0x00000002D47AE038	0x00000001BAE14708
119034	0x0000001751EB7C60	0x000000044CCCCCB3	0x0000000366666652	0x00000002147AE080
119035	0x0000001B3AE13D78	0x0000000507AE1298	0x00000003F851EA08	0x000000026E1479F8
119036	0x0000001F23D6FE90	0x00000005BFFFFDD8	0x000000048A3D6EF0	0x00000002C7AE1370
120031	0x0000000B970A3918	0x0000000251EB8440	0x00000001BD70A330	0x0000000123D709D0
120032	0x0000000F7FFFFFA3	0x0000000319999987	0x00000002547AE068	0x00000001851EB7C0
120033	0x0000001368F5BB48	0x00000003E147ACA0	0x00000002E8F5C178	0x00000001E666665B
120034	0x0000001751EB7C60	0x00000004AB851CF8	0x000000037FFFFFEB	0x0000000247AE13A0
120035	0x0000001B3AE13D78	0x0000000573333128	0x00000004170A3BE8	0x00000002AB851DB8
120036	0x0000001F23D6FE90	0x000000063AE14558	0x00000004AE147920	0x000000030CCCCBA8
153031	0x0000000B3FFFFBC8	0x000000027AE146C0	0x00000001A8F5C1F0	0x00000001266665F8
153032	0x0000000F0CCCC728	0x000000034F5C27B8	0x0000000235C28E88	0x0000000187AE13E8
153033	0x00000012D70A3660	0x00000004266664D8	0x00000002C51EB748	0x00000001EB851E00
153034	0x00000016A3D701C0	0x00000004FAE145D0	0x00000003547AE008	0x000000024F5C2818
153035	0x0000001A70A3CD20	0x00000005D1EB82F0	0x00000003E3D708C8	0x00000002B0A3D608
153036	0x0000001E3AE13C58	0x00000006A8F5C010	0x0000000473333188	0x00000003147AE020
121021	0x0000000B3FFFFBC8	0x0000000223D70970	0x000000019C28F528	0x000000012147ADA8
121022	0x0000000F0CCCC728	0x00000002DC28F4B0	0x0000000226666598	0x000000017FFFFFF7
121023	0x00000012D70A3660	0x00000003947ADFF0	0x00000002B0A3D608	0x00000001E147AD60
121024	0x00000016A3D701C0	0x000000044CCCCCB3	0x000000033AE14678	0x00000002428F5B50
121025	0x0000001A70A3CD20	0x0000000507AE1298	0x00000003C51EB6E8	0x00000002A3D70940
121026	0x0000001E3AE13C58	0x00000005BFFFFDD8	0x000000044F5C2758	0x00000003051EB730
112031	0x0000000CB5C28A98	0x0000000251EB8440	0x00000001C28F5B80	0x00000001051EB7F0
112032	0x00000011028F55C8	0x0000000319999987	0x00000002599998B8	0x0000000159999918
112033	0x000000154A3D68A8	0x00000003E147ACA0	0x00000002F0A3D5F0	0x00000001B0A3D668
112034	0x00000019947AD7B0	0x00000004AB851CF8	0x000000038A3D6F50	0x0000000207AE13B8
112035	0x0000001DE147A2E0	0x0000000573333128	0x000000042147AC88	0x000000026147AD30
112036	0x0000002228F5B5C0	0x000000063AE14558	0x00000004B851E9C0	0x00000002B851EA80
122021	0x0000000B970A3918	0x000000022E147A10	0x00000001B851EAE0	0x0000000107AE1418
122022	0x0000000F7FFFFFA3	0x00000002EB851DA0	0x000000024F5C2818	0x000000015EB85168
122023	0x0000001368F5BB48	0x00000003A8F5C130	0x00000002E3D70928	0x00000001B5C28EB8
122024	0x0000001751EB7C60	0x0000000463D70898	0x000000037851EA38	0x000000020F5C2830
122025	0x0000001B3AE13D78	0x000000052147AC28	0x000000040CCCCB48	0x0000000266666658
122026	0x0000001F23D6FE90	0x00000005DEB84FB8	0x00000004A147AC58	0x00000002BFFFFEF8
9901	0x0000001F23D6FE90	0x00000005DEB84FB8	0x00000004A147AC58	0x00000002BFFFFEF8
113031	0x0000000C7D709F28	0x00000002570A3C90	0x00000001C51EB7A8	0x00000001051EB7F0
113032	0x00000010B5C28918	0x000000032147ACE8	0x000000025EB85108	0x0000000159999918
113033	0x00000014E8F5BAB8	0x00000003EB851D40	0x00000002F851EA68	0x00000001B0A3D668
113034	0x000000192147A4A8	0x00000004B5C28D98	0x0000000391EB83C8	0x0000000207AE13B8
113035	0x0000001D59998E98	0x000000057FFFFFDF	0x000000042B851D28	0x000000026147AD30
113036	0x000000218F5C1C60	0x000000064A3D6E48	0x00000004C51EB688	0x00000002B851EA80
154031	0x0000000B23D70610	0x00000002851EB760	0x00000001AB851E18	0x000000012147ADA8
154032	0x0000000EE666660D	0x000000035EB850A8	0x000000023D70A300	0x000000017FFFFFF7
154033	0x00000012A6665F68	0x000000043851E9F0	0x00000002CCCCCCBC	0x00000001E147AD60
154034	0x0000001668F5BA28	0x0000000511EB8338	0x000000035EB850A8	0x00000002428F5B50
154035	0x0000001A2E147110	0x00000005EB851C80	0x00000003EE147968	0x00000002A3D70940
154036	0x0000001DEE146FA8	0x00000006C7AE11F0	0x000000047D70A228	0x00000003051EB730
103041	0x0000000BCF5C2488	0x000000025C28F4E0	0x00000001B0A3D668	0x000000012147ADA8
103042	0x0000000FCCCCCC6E	0x0000000328F5C160	0x00000002428F5B50	0x000000017FFFFFF7
103043	0x00000013C7AE0D10	0x00000003F5C28DE0	0x00000002D47AE038	0x00000001E147AD60
103044	0x00000017C51EAF68	0x00000004C28F5A60	0x0000000366666652	0x00000002428F5B50
103045	0x0000001BC28F51C0	0x000000058CCCCAB8	0x00000003F851EA08	0x00000002A3D70940
103046	0x0000001FBD7097F0	0x0000000659999738	0x000000048A3D6EF0	0x00000003051EB730
153041	0x0000000B970A3918	0x0000000268F5C1A8	0x00000001A8F5C1F0	0x00000001266665F8
153042	0x0000000F7FFFFFA3	0x000000033851EA50	0x0000000235C28E88	0x0000000187AE13E8
153043	0x0000001368F5BB48	0x0000000407AE12F8	0x00000002C51EB748	0x00000001EB851E00
153044	0x0000001751EB7C60	0x00000004D99997C8	0x00000003547AE008	0x000000024F5C2818
153045	0x0000001B3AE13D78	0x00000005A8F5C070	0x00000003E3D708C8	0x00000002B0A3D608
153046	0x0000001F23D6FE90	0x000000067851E918	0x0000000473333188	0x00000003147AE020
155031	0x0000000B3FFFFBC8	0x000000027AE146C0	0x000000019C28F528	0x0000000130A3D698
155032	0x0000000F0CCCC728	0x000000034F5C27B8	0x0000000226666598	0x00000001947AE0B0
155033	0x00000012D70A3660	0x00000004266664D8	0x00000002B0A3D608	0x00000001F851EAC8
155034	0x00000016A3D701C0	0x00000004FAE145D0	0x000000033AE14678	0x000000025EB85108
155035	0x0000001A70A3CD20	0x00000005D1EB82F0	0x00000003C51EB6E8	0x00000002C51EB748
155036	0x0000001E3AE13C58	0x00000006A8F5C010	0x000000044F5C2758	0x000000032B851D88
105041	0x0000000C0A3D6C20	0x000000025C28F4E0	0x00000001D47AE098	0x00000001051EB7F0
105042	0x0000001019999939	0x0000000328F5C160	0x0000000270A3D620	0x0000000159999918
105043	0x0000001428F5BB00	0x00000003F5C28DE0	0x000000030F5C27D0	0x00000001B0A3D668
105044	0x000000183851E270	0x00000004C28F5A60	0x00000003AB851D58	0x0000000207AE13B8
105045	0x0000001C4A3D6608	0x000000058CCCCAB8	0x000000044A3D6F08	0x000000026147AD30
105046	0x0000002059998D78	0x0000000659999738	0x00000004E6666649	0x00000002B851EA80
156031	0x0000000B3FFFFBC8	0x000000027AE146C0	0x00000001C51EB7A8	0x0000000111EB84B8
156032	0x0000000F0CCCC728	0x000000034F5C27B8	0x000000025EB85108	0x000000016E147A58
156033	0x00000012D70A3660	0x00000004266664D8	0x00000002F851EA68	0x00000001CA3D6FF8
156034	0x00000016A3D701C0	0x00000004FAE145D0	0x0000000391EB83C8	0x0000000226666598
156035	0x0000001A70A3CD20	0x00000005D1EB82F0	0x000000042B851D28	0x00000002828F5B38
156036	0x0000001E3AE13C58	0x00000006A8F5C010	0x00000004C51EB688	0x00000002DEB850D8
107041	0x0000000C428F5790	0x00000002451EB778	0x00000001C51EB7A8	0x0000000111EB84B8
107042	0x0000001066666604	0x000000030A3D6F80	0x000000025EB85108	0x000000016E147A58
107043	0x000000148A3D68F0	0x00000003CF5C2788	0x00000002F851EA68	0x00000001CA3D6FF8
107044	0x00000018AE1471A0	0x00000004947ADF90	0x0000000391EB83C8	0x0000000226666598
107045	0x0000001CD1EB7A50	0x00000005570A3B70	0x000000042B851D28	0x00000002828F5B38
107046	0x00000020F33326D8	0x000000061C28F378	0x00000004C51EB688	0x00000002DEB850D8
157031	0x0000000B970A3918	0x00000002851EB760	0x00000001C51EB7A8	0x00000001051EB7F0
157032	0x0000000F7FFFFFA3	0x000000035EB850A8	0x000000025EB85108	0x0000000159999918
157033	0x0000001368F5BB48	0x000000043851E9F0	0x00000002F851EA68	0x00000001B0A3D668
157034	0x0000001751EB7C60	0x0000000511EB8338	0x0000000391EB83C8	0x0000000207AE13B8
157035	0x0000001B3AE13D78	0x00000005EB851C80	0x000000042B851D28	0x000000026147AD30
157036	0x0000001F23D6FE90	0x00000006C7AE11F0	0x00000004C51EB688	0x00000002B851EA80
104041	0x0000000B3FFFFBC8	0x000000027AE146C0	0x00000001B0A3D668	0x000000012147ADA8
104042	0x0000000F0CCCC728	0x000000034F5C27B8	0x00000002428F5B50	0x000000017FFFFFF7
104043	0x00000012D70A3660	0x00000004266664D8	0x00000002D47AE038	0x00000001E147AD60
104044	0x00000016A3D701C0	0x00000004FAE145D0	0x0000000366666652	0x00000002428F5B50
104045	0x0000001A70A3CD20	0x00000005D1EB82F0	0x00000003F851EA08	0x00000002A3D70940
104046	0x0000001E3AE13C58	0x00000006A8F5C010	0x000000048A3D6EF0	0x00000003051EB730
123021	0x0000000AE8F5BE78	0x0000000251EB8440	0x00000001A8F5C1F0	0x0000000107AE1418
123022	0x0000000E99999942	0x0000000319999987	0x0000000235C28E88	0x000000015EB85168
123023	0x00000012451EB178	0x00000003E147ACA0	0x00000002C51EB748	0x00000001B5C28EB8
123024	0x00000015F5C28720	0x00000004AB851CF8	0x00000003547AE008	0x000000020F5C2830
123025	0x00000019A6665CC8	0x0000000573333128	0x00000003E3D708C8	0x0000000266666658
123026	0x0000001D51EB7A20	0x000000063AE14558	0x0000000473333188	0x00000002BFFFFEF8
101041	0x0000000BCF5C2488	0x000000027AE146C0	0x00000001C51EB7A8	0x00000001051EB7F0
101042	0x0000000FCCCCCC6E	0x000000034F5C27B8	0x000000025EB85108	0x0000000159999918
101043	0x00000013C7AE0D10	0x00000004266664D8	0x00000002F851EA68	0x00000001B0A3D668
101044	0x00000017C51EAF68	0x00000004FAE145D0	0x0000000391EB83C8	0x0000000207AE13B8
101045	0x0000001BC28F51C0	0x00000005D1EB82F0	0x000000042B851D28	0x000000026147AD30
101046	0x0000001FBD7097F0	0x00000006A8F5C010	0x00000004C51EB688	0x00000002B851EA80
109031	0x0000000BB33332ED	0x0000000263D70958	0x00000001B0A3D668	0x000000012147ADA8
109032	0x0000000FA6666088	0x0000000330A3D5D8	0x00000002428F5B50	0x000000017FFFFFF7
109033	0x00000013970A3618	0x0000000400000000	0x00000002D47AE038	0x00000001E147AD60
109034	0x000000178CCCC3F8	0x00000004CCCCCCB0	0x0000000366666652	0x00000002428F5B50
109035	0x0000001B7FFFFF5B	0x000000059C28F3A8	0x00000003F851EA08	0x00000002A3D70940
109036	0x0000001F70A3CB40	0x0000000668F5C028	0x000000048A3D6EF0	0x00000003051EB730
102051	0x0000000BCF5C2488	0x000000027AE146C0	0x00000001C51EB7A8	0x00000001051EB7F0
102052	0x0000000FCCCCCC6E	0x000000034F5C27B8	0x000000025EB85108	0x0000000159999918
102053	0x00000013C7AE0D10	0x00000004266664D8	0x00000002F851EA68	0x00000001B0A3D668
102054	0x00000017C51EAF68	0x00000004FAE145D0	0x0000000391EB83C8	0x0000000207AE13B8
102055	0x0000001BC28F51C0	0x00000005D1EB82F0	0x000000042B851D28	0x000000026147AD30
102056	0x0000001FBD7097F0	0x00000006A8F5C010	0x00000004C51EB688	0x00000002B851EA80
124021	0x0000000B3FFFFBC8	0x0000000223D70970	0x000000019C28F528	0x000000012147ADA8
124022	0x0000000F0CCCC728	0x00000002DC28F4B0	0x0000000226666598	0x000000017FFFFFF7
124023	0x00000012D70A3660	0x00000003947ADFF0	0x00000002B0A3D608	0x00000001E147AD60
124024	0x00000016A3D701C0	0x000000044CCCCCB3	0x000000033AE14678	0x00000002428F5B50
124025	0x0000001A70A3CD20	0x0000000507AE1298	0x00000003C51EB6E8	0x00000002A3D70940
124026	0x0000001E3AE13C58	0x00000005BFFFFDD8	0x000000044F5C2758	0x00000003051EB730
122031	0x0000000B970A3918	0x0000000268F5C1A8	0x00000001B851EAE0	0x000000011C28F558
122032	0x0000000F7FFFFFA3	0x000000033851EA50	0x000000024F5C2818	0x000000017851EAF8
122033	0x0000001368F5BB48	0x0000000407AE12F8	0x00000002E3D70928	0x00000001D70A3CC0
122034	0x0000001751EB7C60	0x00000004D99997C8	0x000000037851EA38	0x0000000235C28E88
122035	0x0000001B3AE13D78	0x00000005A8F5C070	0x000000040CCCCB48	0x00000002970A3C78
122036	0x0000001F23D6FE90	0x000000067851E918	0x00000004A147AC58	0x00000002F5C28E40
125021	0x0000000AE8F5BE78	0x0000000251EB8440	0x00000001A8F5C1F0	0x0000000107AE1418
125022	0x0000000E99999942	0x0000000319999987	0x0000000235C28E88	0x000000015EB85168
125023	0x00000012451EB178	0x00000003E147ACA0	0x00000002C51EB748	0x00000001B5C28EB8
125024	0x00000015F5C28720	0x00000004AB851CF8	0x00000003547AE008	0x000000020F5C2830
125025	0x00000019A6665CC8	0x0000000573333128	0x00000003E3D708C8	0x0000000266666658
125026	0x0000001D51EB7A20	0x000000063AE14558	0x0000000473333188	0x00000002BFFFFEF8
126031	0x0000000BB33332ED	0x0000000263D70958	0x00000001B0A3D668	0x000000012147ADA8
126032	0x0000000FA6666088	0x0000000330A3D5D8	0x00000002428F5B50	0x000000017FFFFFF7
126033	0x00000013970A3618	0x0000000400000000	0x00000002D47AE038	0x00000001E147AD60
126034	0x000000178CCCC3F8	0x00000004CCCCCCB0	0x0000000366666652	0x00000002428F5B50
126035	0x0000001B7FFFFF5B	0x000000059C28F3A8	0x00000003F851EA08	0x00000002A3D70940
126036	0x0000001F70A3CB40	0x0000000668F5C028	0x000000048A3D6EF0	0x00000003051EB730
127031	0x0000000B3FFFFBC8	0x0000000291EB8428	0x00000001B0A3D668	0x00000001147AE0E0
127032	0x0000000F0CCCC728	0x000000036E147998	0x00000002428F5B50	0x0000000170A3D680
127033	0x00000012D70A3660	0x000000044CCCCCB3	0x00000002D47AE038	0x00000001CCCCCCC2
127034	0x00000016A3D701C0	0x0000000528F5C0A0	0x0000000366666652	0x000000022B851DE8
127035	0x0000001A70A3CD20	0x0000000607AE1238	0x00000003F851EA08	0x0000000287AE1388
127036	0x0000001E3AE13C58	0x00000006E666663D	0x000000048A3D6EF0	0x00000002E6666655
128021	0x0000000AE8F5BE78	0x000000026E1479F8	0x000000019C28F528	0x00000001051EB7F0
128022	0x0000000E99999942	0x000000033FFFFEC8	0x0000000226666598	0x0000000159999918
128023	0x00000012451EB178	0x0000000411EB8398	0x00000002B0A3D608	0x00000001B0A3D668
128024	0x00000015F5C28720	0x00000004E3D70868	0x000000033AE14678	0x0000000207AE13B8
128025	0x00000019A6665CC8	0x00000005B5C28D38	0x00000003C51EB6E8	0x000000026147AD30
128026	0x0000001D51EB7A20	0x0000000687AE1208	0x000000044F5C2758	0x00000002B851EA80
108041	0x0000000BCF5C2488	0x0000000268F5C1A8	0x00000001D47AE098	0x00000001051EB7F0
108042	0x0000000FCCCCCC6E	0x000000033851EA50	0x0000000270A3D620	0x0000000159999918
108043	0x00000013C7AE0D10	0x0000000407AE12F8	0x000000030F5C27D0	0x00000001B0A3D668
108044	0x00000017C51EAF68	0x00000004D99997C8	0x00000003AB851D58	0x0000000207AE13B8
108045	0x0000001BC28F51C0	0x00000005A8F5C070	0x000000044A3D6F08	0x000000026147AD30
108046	0x0000001FBD7097F0	0x000000067851E918	0x00000004E6666649	0x00000002B851EA80
152041	0x0000000B5C28F180	0x00000002851EB760	0x00000001B851EAE0	0x0000000111EB84B8
152042	0x0000000F333332D8	0x000000035EB850A8	0x000000024F5C2818	0x000000016E147A58
152043	0x0000001307AE0D58	0x000000043851E9F0	0x00000002E3D70928	0x00000001CA3D6FF8
152044	0x00000016DEB84958	0x0000000511EB8338	0x000000037851EA38	0x0000000226666598
152045	0x0000001AB3333293	0x00000005EB851C80	0x000000040CCCCB48	0x00000002828F5B38
152046	0x0000001E87AE0908	0x00000006C7AE11F0	0x00000004A147AC58	0x00000002DEB850D8
129021	0x0000000BCF5C2488	0x000000023FFFFF28	0x000000019C28F528	0x00000001051EB7F0
129022	0x0000000FCCCCCC6E	0x00000003028F5B08	0x0000000226666598	0x0000000159999918
129023	0x00000013C7AE0D10	0x00000003C51EB6E8	0x00000002B0A3D608	0x00000001B0A3D668
129024	0x00000017C51EAF68	0x0000000487AE12C8	0x000000033AE14678	0x0000000207AE13B8
129025	0x0000001BC28F51C0	0x000000054A3D6EA8	0x00000003C51EB6E8	0x000000026147AD30
129026	0x0000001FBD7097F0	0x000000060CCCCA88	0x000000044F5C2758	0x00000002B851EA80
117041	0x0000000B3FFFFBC8	0x00000002970A3C78	0x00000001B0A3D668	0x0000000111EB84B8
117042	0x0000000F0CCCC728	0x0000000375C28E10	0x00000002428F5B50	0x000000016E147A58
117043	0x00000012D70A3660	0x00000004570A3BD0	0x00000002D47AE038	0x00000001CA3D6FF8
117044	0x00000016A3D701C0	0x0000000535C28D68	0x0000000366666652	0x0000000226666598
117045	0x0000001A70A3CD20	0x00000006147ADF00	0x00000003F851EA08	0x00000002828F5B38
117046	0x0000001E3AE13C58	0x00000006F5C28CC0	0x000000048A3D6EF0	0x00000002DEB850D8
130021	0x0000000B5C28F180	0x000000021EB85120	0x00000001BD70A330	0x000000010A3D7040
130022	0x0000000F333332D8	0x00000002D47AE038	0x00000002547AE068	0x000000016147AD90
130023	0x0000001307AE0D58	0x000000038A3D6F50	0x00000002E8F5C178	0x00000001BAE14708
130024	0x00000016DEB84958	0x00000004428F5A90	0x000000037FFFFFEB	0x00000002147AE080
130025	0x0000001AB3333293	0x00000004F851E9A8	0x00000004170A3BE8	0x000000026E1479F8
130026	0x0000001E87AE0908	0x00000005B0A3D4E8	0x00000004AE147920	0x00000002C7AE1370
124031	0x0000000C266661D8	0x000000024CCCCCBF	0x00000001DC28F510	0x00000001051EB7F0
124032	0x000000103FFFF9E8	0x0000000311EB83F8	0x000000027D70A2E8	0x0000000159999918
124033	0x00000014599991F8	0x00000003D9999828	0x000000031C28F498	0x00000001B0A3D668
124034	0x0000001873332A08	0x000000049EB85030	0x00000003BD70A270	0x0000000207AE13B8
124035	0x0000001C8F5C1E40	0x0000000566666646	0x000000045EB85048	0x000000026147AD30
124036	0x00000020A6665A28	0x000000062B851C68	0x00000004FD70A1F8	0x00000002B851EA80
121031	0x0000000C0A3D6C20	0x000000025C28F4E0	0x00000001D47AE098	0x00000001051EB7F0
121032	0x0000001019999939	0x0000000328F5C160	0x0000000270A3D620	0x0000000159999918
121033	0x0000001428F5BB00	0x00000003F5C28DE0	0x000000030F5C27D0	0x00000001B0A3D668
121034	0x000000183851E270	0x00000004C28F5A60	0x00000003AB851D58	0x0000000207AE13B8
121035	0x0000001C4A3D6608	0x000000058CCCCAB8	0x000000044A3D6F08	0x000000026147AD30
121036	0x0000002059998D78	0x0000000659999738	0x00000004E6666649	0x00000002B851EA80
102061	0x0000000B3FFFFBC8	0x00000002B3333323	0x00000001B0A3D668	0x00000001051EB7F0
102062	0x0000000F0CCCC728	0x000000039C28F468	0x00000002428F5B50	0x0000000159999918
102063	0x00000012D70A3660	0x00000004851EB6A0	0x00000002D47AE038	0x00000001B0A3D668
102064	0x00000016A3D701C0	0x0000000570A3D500	0x0000000366666652	0x0000000207AE13B8
102065	0x0000001A70A3CD20	0x0000000659999738	0x00000003F851EA08	0x000000026147AD30
102066	0x0000001E3AE13C58	0x00000007428F5970	0x000000048A3D6EF0	0x00000002B851EA80
131021	0x0000000AE8F5BE78	0x000000026E1479F8	0x000000019C28F528	0x00000001051EB7F0
131022	0x0000000E99999942	0x000000033FFFFEC8	0x0000000226666598	0x0000000159999918
131023	0x00000012451EB178	0x0000000411EB8398	0x00000002B0A3D608	0x00000001B0A3D668
131024	0x00000015F5C28720	0x00000004E3D70868	0x000000033AE14678	0x0000000207AE13B8
131025	0x00000019A6665CC8	0x00000005B5C28D38	0x00000003C51EB6E8	0x000000026147AD30
131026	0x0000001D51EB7A20	0x0000000687AE1208	0x000000044F5C2758	0x00000002B851EA80
105051	0x0000000BCF5C2488	0x000000025C28F4E0	0x00000001DC28F510	0x00000001051EB7F0
105052	0x0000000FCCCCCC6E	0x0000000328F5C160	0x000000027D70A2E8	0x0000000159999918
105053	0x00000013C7AE0D10	0x00000003F5C28DE0	0x000000031C28F498	0x00000001B0A3D668
105054	0x00000017C51EAF68	0x00000004C28F5A60	0x00000003BD70A270	0x0000000207AE13B8
105055	0x0000001BC28F51C0	0x000000058CCCCAB8	0x000000045EB85048	0x000000026147AD30
105056	0x0000001FBD7097F0	0x0000000659999738	0x00000004FD70A1F8	0x00000002B851EA80
132031	0x0000000C6147A970	0x000000025C28F4E0	0x00000001C51EB7A8	0x00000001051EB7F0
132032	0x000000108CCCC698	0x0000000328F5C160	0x000000025EB85108	0x0000000159999918
132033	0x00000014B851E3C0	0x00000003F5C28DE0	0x00000002F851EA68	0x00000001B0A3D668
132034	0x00000018E66665D1	0x00000004C28F5A60	0x0000000391EB83C8	0x0000000207AE13B8
132035	0x0000001D147AD660	0x000000058CCCCAB8	0x000000042B851D28	0x000000026147AD30
132036	0x000000213FFFF388	0x0000000659999738	0x00000004C51EB688	0x00000002B851EA80
133031	0x0000000BCF5C2488	0x000000026E1479F8	0x00000001CF5C2848	0x00000001051EB7F0
133032	0x0000000FCCCCCC6E	0x000000033FFFFEC8	0x000000026B851DD0	0x0000000159999918
133033	0x00000013C7AE0D10	0x0000000411EB8398	0x0000000307AE1358	0x00000001B0A3D668
133034	0x00000017C51EAF68	0x00000004E3D70868	0x00000003A3D708E0	0x0000000207AE13B8
133035	0x0000001BC28F51C0	0x00000005B5C28D38	0x000000043FFFFE68	0x000000026147AD30
133036	0x0000001FBD7097F0	0x0000000687AE1208	0x00000004DC28F3F0	0x00000002B851EA80
153051	0x0000000B07AE1058	0x00000002B3333323	0x00000001B0A3D668	0x0000000111EB84B8
153052	0x0000000EBFFFFA78	0x000000039C28F468	0x00000002428F5B50	0x000000016E147A58
153053	0x0000001275C28870	0x00000004851EB6A0	0x00000002D47AE038	0x00000001CA3D6FF8
153054	0x0000001630A3CEB8	0x0000000570A3D500	0x0000000366666652	0x0000000226666598
153055	0x00000019E8F5B8D8	0x0000000659999738	0x00000003F851EA08	0x00000002828F5B38
153056	0x0000001DA147A2F8	0x00000007428F5970	0x000000048A3D6EF0	0x00000002DEB850D8
134021	0x0000000AE8F5BE78	0x000000026E1479F8	0x000000019C28F528	0x00000001051EB7F0
134022	0x0000000E99999942	0x000000033FFFFEC8	0x0000000226666598	0x0000000159999918
134023	0x00000012451EB178	0x0000000411EB8398	0x00000002B0A3D608	0x00000001B0A3D668
134024	0x00000015F5C28720	0x00000004E3D70868	0x000000033AE14678	0x0000000207AE13B8
134025	0x00000019A6665CC8	0x00000005B5C28D38	0x00000003C51EB6E8	0x000000026147AD30
134026	0x0000001D51EB7A20	0x0000000687AE1208	0x000000044F5C2758	0x00000002B851EA80
113041	0x0000000C266661D8	0x000000025C28F4E0	0x00000001CF5C2848	0x00000001051EB7F0
113042	0x000000103FFFF9E8	0x0000000328F5C160	0x000000026B851DD0	0x0000000159999918
113043	0x00000014599991F8	0x00000003F5C28DE0	0x0000000307AE1358	0x00000001B0A3D668
113044	0x0000001873332A08	0x00000004C28F5A60	0x00000003A3D708E0	0x0000000207AE13B8
113045	0x0000001C8F5C1E40	0x000000058CCCCAB8	0x000000043FFFFE68	0x000000026147AD30
113046	0x00000020A6665A28	0x0000000659999738	0x00000004DC28F3F0	0x00000002B851EA80
135031	0x0000000B3FFFFBC8	0x000000027AE146C0	0x00000001B0A3D668	0x000000012147ADA8
135032	0x0000000F0CCCC728	0x000000034F5C27B8	0x00000002428F5B50	0x000000017FFFFFF7
135033	0x00000012D70A3660	0x00000004266664D8	0x00000002D47AE038	0x00000001E147AD60
135034	0x00000016A3D701C0	0x00000004FAE145D0	0x0000000366666652	0x00000002428F5B50
135035	0x0000001A70A3CD20	0x00000005D1EB82F0	0x00000003F851EA08	0x00000002A3D70940
135036	0x0000001E3AE13C58	0x00000006A8F5C010	0x000000048A3D6EF0	0x00000003051EB730
136031	0x0000000B7AE14360	0x000000026E1479F8	0x00000001B0A3D668	0x000000012147ADA8
136032	0x0000000F599993D8	0x000000033FFFFEC8	0x00000002428F5B50	0x000000017FFFFFF7
136033	0x000000133851E450	0x0000000411EB8398	0x00000002D47AE038	0x00000001E147AD60
136034	0x00000017170A34C8	0x00000004E3D70868	0x0000000366666652	0x00000002428F5B50
136035	0x0000001AF851E168	0x00000005B5C28D38	0x00000003F851EA08	0x00000002A3D70940
136036	0x0000001ED47AD5B8	0x0000000687AE1208	0x000000048A3D6EF0	0x00000003051EB730
104051	0x0000000B5C28F180	0x00000002851EB760	0x00000001B851EAE0	0x0000000111EB84B8
104052	0x0000000F333332D8	0x000000035EB850A8	0x000000024F5C2818	0x000000016E147A58
104053	0x0000001307AE0D58	0x000000043851E9F0	0x00000002E3D70928	0x00000001CA3D6FF8
104054	0x00000016DEB84958	0x0000000511EB8338	0x000000037851EA38	0x0000000226666598
104055	0x0000001AB3333293	0x00000005EB851C80	0x000000040CCCCB48	0x00000002828F5B38
104056	0x0000001E87AE0908	0x00000006C7AE11F0	0x00000004A147AC58	0x00000002DEB850D8
137021	0x0000000AB0A3D308	0x000000024CCCCCBF	0x000000019C28F528	0x000000011C28F558
137022	0x0000000E4CCCCC77	0x0000000311EB83F8	0x0000000226666598	0x000000017851EAF8
137023	0x00000011E66665FB	0x00000003D9999828	0x00000002B0A3D608	0x00000001D70A3CC0
137024	0x00000015828F5418	0x000000049EB85030	0x000000033AE14678	0x0000000235C28E88
137025	0x000000191EB84880	0x0000000566666646	0x00000003C51EB6E8	0x00000002970A3C78
137026	0x0000001CB851E0C0	0x000000062B851C68	0x000000044F5C2758	0x00000002F5C28E40
138031	0x0000000BEE147668	0x000000026E1479F8	0x00000001CA3D6FF8	0x00000001051EB7F0
138032	0x0000000FF3332D38	0x000000033FFFFEC8	0x0000000266666658	0x0000000159999918
138033	0x00000013F851E408	0x0000000411EB8398	0x0000000300000000	0x00000001B0A3D668
138034	0x0000001800000000	0x00000004E3D70868	0x0000000399999984	0x0000000207AE13B8
138035	0x0000001C07AE09F8	0x00000005B5C28D38	0x0000000435C28DC8	0x000000026147AD30
138036	0x000000200A3D64A0	0x0000000687AE1208	0x00000004CF5C2728	0x00000002B851EA80
139031	0x0000000C0A3D6C20	0x0000000251EB8440	0x00000001C51EB7A8	0x0000000111EB84B8
139032	0x0000001019999939	0x0000000319999987	0x000000025EB85108	0x000000016E147A58
139033	0x0000001428F5BB00	0x00000003E147ACA0	0x00000002F851EA68	0x00000001CA3D6FF8
139034	0x000000183851E270	0x00000004AB851CF8	0x0000000391EB83C8	0x0000000226666598
139035	0x0000001C4A3D6608	0x0000000573333128	0x000000042B851D28	0x00000002828F5B38
139036	0x0000002059998D78	0x000000063AE14558	0x00000004C51EB688	0x00000002DEB850D8
103051	0x0000000B7AE14360	0x00000002970A3C78	0x00000001BD70A330	0x00000001051EB7F0
103052	0x0000000F599993D8	0x0000000375C28E10	0x00000002547AE068	0x0000000159999918
103053	0x000000133851E450	0x00000004570A3BD0	0x00000002E8F5C178	0x00000001B0A3D668
103054	0x00000017170A34C8	0x0000000535C28D68	0x000000037FFFFFEB	0x0000000207AE13B8
103055	0x0000001AF851E168	0x00000006147ADF00	0x00000004170A3BE8	0x000000026147AD30
103056	0x0000001ED47AD5B8	0x00000006F5C28CC0	0x00000004AE147920	0x00000002B851EA80
129031	0x0000000C0A3D6C20	0x0000000251EB8440	0x00000001C51EB7A8	0x0000000111EB84B8
129032	0x0000001019999939	0x0000000319999987	0x000000025EB85108	0x000000016E147A58
129033	0x0000001428F5BB00	0x00000003E147ACA0	0x00000002F851EA68	0x00000001CA3D6FF8
129034	0x000000183851E270	0x00000004AB851CF8	0x0000000391EB83C8	0x0000000226666598
129035	0x0000001C4A3D6608	0x0000000573333128	0x000000042B851D28	0x00000002828F5B38
129036	0x0000002059998D78	0x000000063AE14558	0x00000004C51EB688	0x00000002DEB850D8
114041	0x0000000B3FFFFBC8	0x000000027AE146C0	0x00000001C51EB7A8	0x0000000111EB84B8
114042	0x0000000F0CCCC728	0x000000034F5C27B8	0x000000025EB85108	0x000000016E147A58
114043	0x00000012D70A3660	0x00000004266664D8	0x00000002F851EA68	0x00000001CA3D6FF8
114044	0x00000016A3D701C0	0x00000004FAE145D0	0x0000000391EB83C8	0x0000000226666598
114045	0x0000001A70A3CD20	0x00000005D1EB82F0	0x000000042B851D28	0x00000002828F5B38
114046	0x0000001E3AE13C58	0x00000006A8F5C010	0x00000004C51EB688	0x00000002DEB850D8
106041	0x0000000C0A3D6C20	0x000000026E1479F8	0x00000001B0A3D668	0x0000000111EB84B8
106042	0x0000001019999939	0x000000033FFFFEC8	0x00000002428F5B50	0x000000016E147A58
106043	0x0000001428F5BB00	0x0000000411EB8398	0x00000002D47AE038	0x00000001CA3D6FF8
106044	0x000000183851E270	0x00000004E3D70868	0x0000000366666652	0x0000000226666598
106045	0x0000001C4A3D6608	0x00000005B5C28D38	0x00000003F851EA08	0x00000002828F5B38
106046	0x0000002059998D78	0x0000000687AE1208	0x000000048A3D6EF0	0x00000002DEB850D8
501031	0x0000000000000000	0x0000000500000000	0x0000000000000000	0x0000000000000000
501032	0x0000000000000000	0x0000000600000000	0x0000000000000000	0x0000000000000000
501033	0x0000000000000000	0x0000000700000000	0x0000000000000000	0x0000000000000000
501034	0x0000000000000000	0x0000000800000000	0x0000000000000000	0x0000000000000000
502031	0x0000000000000000	0x0000000500000000	0x0000000000000000	0x0000000000000000
502032	0x0000000000000000	0x0000000600000000	0x0000000000000000	0x0000000000000000
502033	0x0000000000000000	0x0000000700000000	0x0000000000000000	0x0000000000000000
502034	0x0000000000000000	0x0000000800000000	0x0000000000000000	0x0000000000000000
503031	0x0000000000000000	0x0000000500000000	0x0000000000000000	0x0000000000000000
503032	0x0000000000000000	0x0000000600000000	0x0000000000000000	0x0000000000000000
503033	0x0000000000000000	0x0000000700000000	0x0000000000000000	0x0000000000000000
503034	0x0000000000000000	0x0000000800000000	0x0000000000000000	0x0000000000000000
504031	0x0000000000000000	0x0000000500000000	0x0000000000000000	0x0000000000000000
504032	0x0000000000000000	0x0000000600000000	0x0000000000000000	0x0000000000000000
504033	0x0000000000000000	0x0000000700000000	0x0000000000000000	0x0000000000000000
504034	0x0000000000000000	0x0000000800000000	0x0000000000000000	0x0000000000000000
505031	0x0000000000000000	0x0000000500000000	0x0000000000000000	0x0000000000000000
505032	0x0000000000000000	0x0000000600000000	0x0000000000000000	0x0000000000000000
505033	0x0000000000000000	0x0000000700000000	0x0000000000000000	0x0000000000000000
505034	0x0000000000000000	0x0000000800000000	0x0000000000000000	0x0000000000000000
506031	0x0000000000000000	0x0000000500000000	0x0000000000000000	0x0000000000000000
506032	0x0000000000000000	0x0000000600000000	0x0000000000000000	0x0000000000000000
506033	0x0000000000000000	0x0000000700000000	0x0000000000000000	0x0000000000000000
506034	0x0000000000000000	0x0000000800000000	0x0000000000000000	0x0000000000000000
507031	0x0000000000000000	0x0000000500000000	0x0000000000000000	0x0000000000000000
507032	0x0000000000000000	0x0000000600000000	0x0000000000000000	0x0000000000000000
507033	0x0000000000000000	0x0000000700000000	0x0000000000000000	0x0000000000000000
507034	0x0000000000000000	0x0000000800000000	0x0000000000000000	0x0000000000000000
508031	0x0000000000000000	0x0000000500000000	0x0000000000000000	0x0000000000000000
508032	0x0000000000000000	0x0000000600000000	0x0000000000000000	0x0000000000000000
508033	0x0000000000000000	0x0000000700000000	0x0000000000000000	0x0000000000000000
508034	0x0000000000000000	0x0000000800000000	0x0000000000000000	0x0000000000000000
509031	0x0000000000000000	0x0000000500000000	0x0000000000000000	0x0000000000000000
509032	0x0000000000000000	0x0000000600000000	0x0000000000000000	0x0000000000000000
509033	0x0000000000000000	0x0000000700000000	0x0000000000000000	0x0000000000000000
509034	0x0000000000000000	0x0000000800000000	0x0000000000000000	0x0000000000000000
510031	0x0000000000000000	0x0000000500000000	0x0000000000000000	0x0000000000000000
510032	0x0000000000000000	0x0000000600000000	0x0000000000000000	0x0000000000000000
510033	0x0000000000000000	0x0000000700000000	0x0000000000000000	0x0000000000000000
510034	0x0000000000000000	0x0000000800000000	0x0000000000000000	0x0000000000000000
511031	0x0000000000000000	0x0000000500000000	0x0000000000000000	0x0000000000000000
511032	0x0000000000000000	0x0000000600000000	0x0000000000000000	0x0000000000000000
511033	0x0000000000000000	0x0000000700000000	0x0000000000000000	0x0000000000000000
511034	0x0000000000000000	0x0000000800000000	0x0000000000000000	0x0000000000000000
512031	0x0000000000000000	0x0000000500000000	0x0000000000000000	0x0000000000000000
512032	0x0000000000000000	0x0000000600000000	0x0000000000000000	0x0000000000000000
512033	0x0000000000000000	0x0000000700000000	0x0000000000000000	0x0000000000000000
512034	0x0000000000000000	0x0000000800000000	0x0000000000000000	0x0000000000000000
513031	0x0000000000000000	0x0000000500000000	0x0000000000000000	0x0000000000000000
513032	0x0000000000000000	0x0000000600000000	0x0000000000000000	0x0000000000000000
513033	0x0000000000000000	0x0000000700000000	0x0000000000000000	0x0000000000000000
513034	0x0000000000000000	0x0000000800000000	0x0000000000000000	0x0000000000000000
514031	0x0000000000000000	0x0000000500000000	0x0000000000000000	0x0000000000000000
514032	0x0000000000000000	0x0000000600000000	0x0000000000000000	0x0000000000000000
514033	0x0000000000000000	0x0000000700000000	0x0000000000000000	0x0000000000000000
514034	0x0000000000000000	0x0000000800000000	0x0000000000000000	0x0000000000000000
515031	0x0000000000000000	0x0000000500000000	0x0000000000000000	0x0000000000000000
515032	0x0000000000000000	0x0000000600000000	0x0000000000000000	0x0000000000000000
515033	0x0000000000000000	0x0000000700000000	0x0000000000000000	0x0000000000000000
515034	0x0000000000000000	0x0000000800000000	0x0000000000000000	0x0000000000000000
516031	0x0000000000000000	0x0000000500000000	0x0000000000000000	0x0000000000000000
516032	0x0000000000000000	0x0000000600000000	0x0000000000000000	0x0000000000000000
516033	0x0000000000000000	0x0000000700000000	0x0000000000000000	0x0000000000000000
516034	0x0000000000000000	0x0000000800000000	0x0000000000000000	0x0000000000000000
517031	0x0000000000000000	0x0000000500000000	0x0000000000000000	0x0000000000000000
517032	0x0000000000000000	0x0000000600000000	0x0000000000000000	0x0000000000000000
517033	0x0000000000000000	0x0000000700000000	0x0000000000000000	0x0000000000000000
517034	0x0000000000000000	0x0000000800000000	0x0000000000000000	0x0000000000000000
518031	0x0000000000000000	0x0000000500000000	0x0000000000000000	0x0000000000000000
518032	0x0000000000000000	0x0000000600000000	0x0000000000000000	0x0000000000000000
518033	0x0000000000000000	0x0000000700000000	0x0000000000000000	0x0000000000000000
518034	0x0000000000000000	0x0000000800000000	0x0000000000000000	0x0000000000000000
519031	0x0000000000000000	0x0000000500000000	0x0000000000000000	0x0000000000000000
519032	0x0000000000000000	0x0000000600000000	0x0000000000000000	0x0000000000000000
519033	0x0000000000000000	0x0000000700000000	0x0000000000000000	0x0000000000000000
519034	0x0000000000000000	0x0000000800000000	0x0000000000000000	0x0000000000000000
520031	0x0000000000000000	0x0000000500000000	0x0000000000000000	0x0000000000000000
520032	0x0000000000000000	0x0000000600000000	0x0000000000000000	0x0000000000000000
520033	0x0000000000000000	0x0000000700000000	0x0000000000000000	0x0000000000000000
520034	0x0000000000000000	0x0000000800000000	0x0000000000000000	0x0000000000000000
521031	0x0000000000000000	0x0000000500000000	0x0000000000000000	0x0000000000000000
521032	0x0000000000000000	0x0000000600000000	0x0000000000000000	0x0000000000000000
521033	0x0000000000000000	0x0000000700000000	0x0000000000000000	0x0000000000000000
521034	0x0000000000000000	0x0000000800000000	0x0000000000000000	0x0000000000000000
522031	0x0000000000000000	0x0000000500000000	0x0000000000000000	0x0000000000000000
522032	0x0000000000000000	0x0000000600000000	0x0000000000000000	0x0000000000000000
522033	0x0000000000000000	0x0000000700000000	0x0000000000000000	0x0000000000000000
522034	0x0000000000000000	0x0000000800000000	0x0000000000000000	0x0000000000000000
523031	0x0000000000000000	0x0000000500000000	0x0000000000000000	0x0000000000000000
523032	0x0000000000000000	0x0000000600000000	0x0000000000000000	0x0000000000000000
523033	0x0000000000000000	0x0000000700000000	0x0000000000000000	0x0000000000000000
523034	0x0000000000000000	0x0000000800000000	0x0000000000000000	0x0000000000000000
524031	0x0000000000000000	0x0000000500000000	0x0000000000000000	0x0000000000000000
524032	0x0000000000000000	0x0000000600000000	0x0000000000000000	0x0000000000000000
524033	0x0000000000000000	0x0000000700000000	0x0000000000000000	0x0000000000000000
524034	0x0000000000000000	0x0000000800000000	0x0000000000000000	0x0000000000000000
525031	0x0000000000000000	0x0000000500000000	0x0000000000000000	0x0000000000000000
525032	0x0000000000000000	0x0000000600000000	0x0000000000000000	0x0000000000000000
525033	0x0000000000000000	0x0000000700000000	0x0000000000000000	0x0000000000000000
525034	0x0000000000000000	0x0000000800000000	0x0000000000000000	0x0000000000000000
526031	0x0000000000000000	0x0000000500000000	0x0000000000000000	0x0000000000000000
526032	0x0000000000000000	0x0000000600000000	0x0000000000000000	0x0000000000000000
526033	0x0000000000000000	0x0000000700000000	0x0000000000000000	0x0000000000000000
526034	0x0000000000000000	0x0000000800000000	0x0000000000000000	0x0000000000000000
527031	0x0000000000000000	0x0000000500000000	0x0000000000000000	0x0000000000000000
527032	0x0000000000000000	0x0000000600000000	0x0000000000000000	0x0000000000000000
527033	0x0000000000000000	0x0000000700000000	0x0000000000000000	0x0000000000000000
527034	0x0000000000000000	0x0000000800000000	0x0000000000000000	0x0000000000000000
528031	0x0000000000000000	0x0000000500000000	0x0000000000000000	0x0000000000000000
528032	0x0000000000000000	0x0000000600000000	0x0000000000000000	0x0000000000000000
528033	0x0000000000000000	0x0000000700000000	0x0000000000000000	0x0000000000000000
528034	0x0000000000000000	0x0000000800000000	0x0000000000000000	0x0000000000000000
529031	0x0000000000000000	0x0000000500000000	0x0000000000000000	0x0000000000000000
529032	0x0000000000000000	0x0000000600000000	0x0000000000000000	0x0000000000000000
529033	0x0000000000000000	0x0000000700000000	0x0000000000000000	0x0000000000000000
529034	0x0000000000000000	0x0000000800000000	0x0000000000000000	0x0000000000000000
531031	0x0000000000000000	0x0000000500000000	0x0000000000000000	0x0000000000000000
531032	0x0000000000000000	0x0000000600000000	0x0000000000000000	0x0000000000000000
531033	0x0000000000000000	0x0000000700000000	0x0000000000000000	0x0000000000000000
531034	0x0000000000000000	0x0000000800000000	0x0000000000000000	0x0000000000000000
532031	0x0000000000000000	0x0000000500000000	0x0000000000000000	0x0000000000000000
532032	0x0000000000000000	0x0000000600000000	0x0000000000000000	0x0000000000000000
532033	0x0000000000000000	0x0000000700000000	0x0000000000000000	0x0000000000000000
532034	0x0000000000000000	0x0000000800000000	0x0000000000000000	0x0000000000000000
533031	0x0000000000000000	0x0000000500000000	0x0000000000000000	0x0000000000000000
533032	0x0000000000000000	0x0000000600000000	0x0000000000000000	0x0000000000000000
533033	0x0000000000000000	0x0000000700000000	0x0000000000000000	0x0000000000000000
533034	0x0000000000000000	0x0000000800000000	0x0000000000000000	0x0000000000000000
534031	0x0000000000000000	0x0000000500000000	0x0000000000000000	0x0000000000000000
534032	0x0000000000000000	0x0000000600000000	0x0000000000000000	0x0000000000000000
534033	0x0000000000000000	0x0000000700000000	0x0000000000000000	0x0000000000000000
534034	0x0000000000000000	0x0000000800000000	0x0000000000000000	0x0000000000000000
535031	0x0000000000000000	0x0000000500000000	0x0000000000000000	0x0000000000000000
535032	0x0000000000000000	0x0000000600000000	0x0000000000000000	0x0000000000000000
535033	0x0000000000000000	0x0000000700000000	0x0000000000000000	0x0000000000000000
535034	0x0000000000000000	0x0000000800000000	0x0000000000000000	0x0000000000000000
536031	0x0000000000000000	0x0000000500000000	0x0000000000000000	0x0000000000000000
536032	0x0000000000000000	0x0000000600000000	0x0000000000000000	0x0000000000000000
536033	0x0000000000000000	0x0000000700000000	0x0000000000000000	0x0000000000000000
536034	0x0000000000000000	0x0000000800000000	0x0000000000000000	0x0000000000000000
537031	0x0000000000000000	0x0000000500000000	0x0000000000000000	0x0000000000000000
537032	0x0000000000000000	0x0000000600000000	0x0000000000000000	0x0000000000000000
537033	0x0000000000000000	0x0000000700000000	0x0000000000000000	0x0000000000000000
537034	0x0000000000000000	0x0000000800000000	0x0000000000000000	0x0000000000000000
538031	0x0000000000000000	0x0000000500000000	0x0000000000000000	0x0000000000000000
538032	0x0000000000000000	0x0000000600000000	0x0000000000000000	0x0000000000000000
538033	0x0000000000000000	0x0000000700000000	0x0000000000000000	0x0000000000000000
538034	0x0000000000000000	0x0000000800000000	0x0000000000000000	0x0000000000000000
20130010	0x0000000000000000	0x00000000B6C8B366	0x0000000000000000	0x00000000AE147AA0
20130011	0x0000000000000000	0x00000000C9998328	0x0000000000000000	0x00000000BFFFFFB8
20130012	0x0000000000000000	0x00000000D70A3D20	0x0000000000000000	0x00000000CCCCCCC8
20140010	0x0000000000000000	0x00000000E1CABF7E	0x0000000000000000	0x00000000D70A3D20
20140011	0x0000000000000000	0x0000000104BC4D78	0x0000000000000000	0x00000000F851EB28
20140012	0x0000000000000000	0x000000011CED901F	0x0000000000000000	0x000000010F5C2890
20140013	0x0000000000000000	0x000000012FBE54F8	0x0000000000000000	0x000000012147ADA8
20150010	0x0000000000000000	0x00000000F1EB8407	0x0000000000000000	0x00000000E6666661
20150011	0x0000000000000000	0x00000001076C8A13	0x0000000000000000	0x00000000FAE14750
20150012	0x0000000000000000	0x0000000114DD1048	0x0000000000000000	0x0000000107AE1418
20150013	0x0000000000000000	0x000000011F9D9228	0x0000000000000000	0x0000000111EB84B8
20150014	0x0000000000000000	0x0000000127AE1325	0x0000000000000000	0x0000000119999993
20150020	0x0000000000000000	0x00000000EB020B3A	0x0000000000000000	0x00000000ED4FDE29
20150021	0x0000000000000000	0x00000000FFE5ACA0	0x0000000000000000	0x000000010267ED10
20150022	0x0000000000000000	0x000000010CF40130	0x0000000000000000	0x000000010F970638
20150023	0x0000000000000000	0x000000011765DE70	0x0000000000000000	0x0000000111EB84B8
20150024	0x0000000000000000	0x000000011F3B630E	0x0000000000000000	0x0000000119999993
20160010	0x0000000000000000	0x000000012FBE54F8	0x0000000000000000	0x000000012147ADA8
20160011	0x0000000000000000	0x0000000147EF9C37	0x0000000000000000	0x000000013851EB10
20160012	0x0000000000000000	0x000000015AC05C78	0x0000000000000000	0x000000014A3D7028
20160013	0x0000000000000000	0x0000000168312549	0x0000000000000000	0x00000001570A3CF0
20160014	0x0000000000000000	0x0000000172F1A84F	0x0000000000000000	0x000000016147AD90
20160020	0x0000000000000000	0x000000012710AA50	0x0000000000000000	0x0000000129F53888
20160021	0x0000000000000000	0x000000013E90DC20	0x0000000000000000	0x0000000141B065D0
20160022	0x0000000000000000	0x0000000150D81F50	0x0000000000000000	0x0000000154258908
20160023	0x0000000000000000	0x000000015DE673E0	0x0000000000000000	0x00000001570A3CF0
20160024	0x0000000000000000	0x0000000168585120	0x0000000000000000	0x000000016147AD90
20160030	0x0000000000000000	0x000000012147ADA8	0x0000000000000000	0x000000011B7E7170
20160031	0x0000000000000000	0x000000013851EB10	0x0000000000000000	0x000000013212B560
20160032	0x0000000000000000	0x000000014A3D7028	0x0000000000000000	0x0000000143A27870
20160033	0x0000000000000000	0x00000001570A3CF0	0x0000000000000000	0x00000001502DBAA0
20160034	0x0000000000000000	0x000000016147AD90	0x0000000000000000	0x000000015A36BC60
20220010	0x0000000000000000	0x000000008F5C28C0	0x0000000000000000	0x0000000081062448
20230010	0x0000000000000000	0x00000000AE147AA0	0x0000000000000000	0x000000009CAC077C
20230011	0x0000000000000000	0x00000000BFFFFFB8	0x0000000000000000	0x00000000ACCCCC05
20230012	0x0000000000000000	0x00000000CCCCCCC8	0x0000000000000000	0x00000000B851EB40
20240010	0x0000000000000000	0x00000000D70A3D20	0x0000000000000000	0x00000000C189366C
20240011	0x0000000000000000	0x00000000F851EB28	0x0000000000000000	0x00000000DF7CEC8F
20240012	0x0000000000000000	0x000000010F5C2890	0x0000000000000000	0x00000000F43956F6
20240013	0x0000000000000000	0x000000012147ADA8	0x0000000000000000	0x000000012147ADA8
20250010	0x0000000000000000	0x00000000E6666661	0x0000000000000000	0x00000000CF5C28A8
20250011	0x0000000000000000	0x00000000FAE14750	0x0000000000000000	0x00000000E1CABF7E
20250012	0x0000000000000000	0x0000000107AE1418	0x0000000000000000	0x00000000ED4FDE29
20250013	0x0000000000000000	0x0000000111EB84B8	0x0000000000000000	0x0000000111EB84B8
20250014	0x0000000000000000	0x0000000119999993	0x0000000000000000	0x0000000119999993
20250020	0x0000000000000000	0x00000000E1CABF7E	0x0000000000000000	0x00000000D3F7CDE4
20250021	0x0000000000000000	0x00000000F5DCAAE0	0x0000000000000000	0x00000000E6CF2840
20250022	0x0000000000000000	0x000000010267ED10	0x0000000000000000	0x00000000F295CEE0
20250023	0x0000000000000000	0x000000010C70EED0	0x0000000000000000	0x0000000111EB84B8
20250024	0x0000000000000000	0x0000000113F7CD9A	0x0000000000000000	0x0000000119999993
20260010	0x0000000000000000	0x000000011B7E7170	0x0000000000000000	0x000000010A231C20
20260011	0x0000000000000000	0x000000013212B560	0x0000000000000000	0x000000011F557B40
20260012	0x0000000000000000	0x0000000143A27870	0x0000000000000000	0x000000012FD1FE20
20260013	0x0000000000000000	0x00000001502DBAA0	0x0000000000000000	0x00000001570A3CF0
20260014	0x0000000000000000	0x000000015A36BC60	0x0000000000000000	0x000000016147AD90
20260020	0x0000000000000000	0x000000012710AA50	0x0000000000000000	0x00000000FE90E340
20260021	0x0000000000000000	0x000000013E90DC20	0x0000000000000000	0x0000000112D75480
20260022	0x0000000000000000	0x0000000150D81F50	0x0000000000000000	0x00000001229C5740
20260023	0x0000000000000000	0x000000015DE673E0	0x0000000000000000	0x00000001570A3CF0
20260024	0x0000000000000000	0x0000000168585120	0x0000000000000000	0x000000016147AD90
20260030	0x0000000000000000	0x000000012FBE54F8	0x0000000000000000	0x00000000F5E33898
20260031	0x0000000000000000	0x0000000147EF9C37	0x0000000000000000	0x000000010978D3CB
20260032	0x0000000000000000	0x000000015AC05C78	0x0000000000000000	0x0000000118B41A18
20260033	0x0000000000000000	0x0000000168312549	0x0000000000000000	0x00000001570A3CF0
20260034	0x0000000000000000	0x0000000172F1A84F	0x0000000000000000	0x000000016147AD90
20260040	0x0000000000000000	0x000000012881E1F5	0x0000000000000000	0x0000000112D0C6C8
20260041	0x0000000000000000	0x000000014020A0F8	0x0000000000000000	0x0000000128B43801
20260042	0x0000000000000000	0x00000001527D9E45	0x0000000000000000	0x0000000139BA3B48
20260043	0x0000000000000000	0x000000015F9D8B08	0x0000000000000000	0x00000001570A3CF0
20260044	0x0000000000000000	0x000000016A1C83B8	0x0000000000000000	0x000000016147AD90
20260050	0x0000000000000000	0x0000000132A2E330	0x0000000000000000	0x000000010A231C20
20260051	0x0000000000000000	0x000000014B0F02E0	0x0000000000000000	0x000000011F557B40
20260052	0x0000000000000000	0x000000015E0DC630	0x0000000000000000	0x000000012FD1FE20
20260053	0x0000000000000000	0x000000016B9F2D20	0x0000000000000000	0x00000001570A3CF0
20260054	0x0000000000000000	0x000000017679E5E0	0x0000000000000000	0x000000016147AD90
20260060	0x0000000000000000	0x00000001242C1C18	0x0000000000000000	0x0000000115B55500
20260061	0x0000000000000000	0x000000013B715270	0x0000000000000000	0x000000012BD3A200
20260062	0x0000000000000000	0x000000014D8AB598	0x0000000000000000	0x000000013D07A500
20260063	0x0000000000000000	0x000000015A784590	0x0000000000000000	0x00000001570A3CF0
20260064	0x0000000000000000	0x0000000164CFEBF0	0x0000000000000000	0x000000016147AD90
20320010	0x0000000000000000	0x000000008831264C	0x0000000000000000	0x000000008F5C28C0
20330010	0x0000000000000000	0x00000000A56040CA	0x0000000000000000	0x00000000AE147AA0
20330011	0x0000000000000000	0x00000000B6665218	0x0000000000000000	0x00000000BFFFFFB8
20330012	0x0000000000000000	0x00000000C28F5BE0	0x0000000000000000	0x00000000CCCCCCC8
20340010	0x0000000000000000	0x00000000CC49B972	0x0000000000000000	0x00000000D70A3D20
20340011	0x0000000000000000	0x00000000EBE75248	0x0000000000000000	0x00000000F851EB28
20340012	0x0000000000000000	0x0000000101CABF59	0x0000000000000000	0x000000010F5C2890
20340013	0x0000000000000000	0x0000000112D0C6C8	0x0000000000000000	0x000000012147ADA8
20350010	0x0000000000000000	0x00000000DAE146B1	0x0000000000000000	0x00000000E6666661
20350011	0x0000000000000000	0x00000000EE560305	0x0000000000000000	0x00000000FAE14750
20350012	0x0000000000000000	0x00000000FA7EDDF8	0x0000000000000000	0x0000000107AE1418
20350013	0x0000000000000000	0x0000000104393B18	0x0000000000000000	0x0000000111EB84B8
20350014	0x0000000000000000	0x000000010B851D83	0x0000000000000000	0x0000000119999993
20350020	0x0000000000000000	0x00000000DF7CEC8F	0x0000000000000000	0x00000000E1CABF7E
20350021	0x0000000000000000	0x00000000F35A6A70	0x0000000000000000	0x00000000F5DCAAE0
20350022	0x0000000000000000	0x00000000FFC4E808	0x0000000000000000	0x000000010267ED10
20350023	0x0000000000000000	0x0000000109B3B2E8	0x0000000000000000	0x0000000111EB84B8
20350024	0x0000000000000000	0x000000011126E83D	0x0000000000000000	0x0000000119999993
20360010	0x0000000000000000	0x0000000112D0C6C8	0x0000000000000000	0x000000012147ADA8
20360011	0x0000000000000000	0x0000000128B43801	0x0000000000000000	0x000000013851EB10
20360012	0x0000000000000000	0x0000000139BA3B48	0x0000000000000000	0x000000014A3D7028
20360013	0x0000000000000000	0x0000000145E3527F	0x0000000000000000	0x00000001570A3CF0
20360014	0x0000000000000000	0x000000014F9DB0A9	0x0000000000000000	0x000000016147AD90
20360020	0x0000000000000000	0x000000011899E338	0x0000000000000000	0x000000011B7E7170
20360021	0x0000000000000000	0x000000012EF32BB0	0x0000000000000000	0x000000013212B560
20360022	0x0000000000000000	0x0000000140550EB8	0x0000000000000000	0x0000000143A27870
20360023	0x0000000000000000	0x000000014CBF8C50	0x0000000000000000	0x00000001570A3CF0
20360024	0x0000000000000000	0x0000000156AE5730	0x0000000000000000	0x000000016147AD90
20360030	0x0000000000000000	0x000000010D07AA58	0x0000000000000000	0x000000012710AA50
20360031	0x0000000000000000	0x00000001227504F0	0x0000000000000000	0x000000013E90DC20
20360032	0x0000000000000000	0x00000001331F67D8	0x0000000000000000	0x0000000150D81F50
20360033	0x0000000000000000	0x000000013F06D310	0x0000000000000000	0x00000001570A3CF0
20360034	0x0000000000000000	0x00000001488CC270	0x0000000000000000	0x000000016147AD90
20430010	0x0000000000000000	0x00000000BC018E80	0x0000000000000000	0x00000000B6C8B366
20430011	0x0000000000000000	0x00000000CF5C28A8	0x0000000000000000	0x00000000C9998328
20430012	0x0000000000000000	0x00000000DD2F19A0	0x0000000000000000	0x00000000D70A3D20
20440010	0x0000000000000000	0x00000000E83E2880	0x0000000000000000	0x00000000E1CABF7E
20440011	0x0000000000000000	0x000000010C2F65A0	0x0000000000000000	0x0000000104BC4D78
20440012	0x0000000000000000	0x0000000125117C40	0x0000000000000000	0x000000011CED901F
20440013	0x0000000000000000	0x00000001386BFFA0	0x0000000000000000	0x000000012147ADA8
20450010	0x0000000000000000	0x00000000F8D4FCD4	0x0000000000000000	0x00000000ED4FDE29
20450011	0x0000000000000000	0x000000010EF32F40	0x0000000000000000	0x000000010267ED10
20450012	0x0000000000000000	0x000000011CC61F60	0x0000000000000000	0x000000010F970638
20450013	0x0000000000000000	0x0000000127D545E0	0x0000000000000000	0x0000000111EB84B8
20450014	0x0000000000000000	0x000000013020C33C	0x0000000000000000	0x0000000119999993
20450020	0x0000000000000000	0x00000000F1EB8407	0x0000000000000000	0x00000000F1EB8407
20450021	0x0000000000000000	0x00000001076C8A13	0x0000000000000000	0x00000001076C8A13
20450022	0x0000000000000000	0x0000000114DD1048	0x0000000000000000	0x0000000114DD1048
20450023	0x0000000000000000	0x000000011F9D9228	0x0000000000000000	0x000000011F9D9228
20450024	0x0000000000000000	0x0000000127AE1325	0x0000000000000000	0x0000000127AE1325
20460010	0x0000000000000000	0x00000001386BFFA0	0x0000000000000000	0x0000000129F53888
20460011	0x0000000000000000	0x00000001514E1640	0x0000000000000000	0x0000000141B065D0
20460012	0x0000000000000000	0x0000000164A899A0	0x0000000000000000	0x0000000154258908
20460013	0x0000000000000000	0x00000001727B89C0	0x0000000000000000	0x00000001570A3CF0
20460014	0x0000000000000000	0x000000017D8AB040	0x0000000000000000	0x000000016147AD90
20460020	0x0000000000000000	0x000000013B508DD8	0x0000000000000000	0x000000012147ADA8
20460021	0x0000000000000000	0x00000001546D9FF0	0x0000000000000000	0x000000013851EB10
20460022	0x0000000000000000	0x0000000167F60358	0x0000000000000000	0x000000014A3D7028
20460023	0x0000000000000000	0x0000000175E9B810	0x0000000000000000	0x00000001570A3CF0
20460024	0x0000000000000000	0x0000000181131570	0x0000000000000000	0x000000016147AD90
20460030	0x0000000000000000	0x000000012147ADA8	0x0000000000000000	0x000000012147ADA8
20460031	0x0000000000000000	0x000000013851EB10	0x0000000000000000	0x000000013851EB10
20460032	0x0000000000000000	0x000000014A3D7028	0x0000000000000000	0x000000014A3D7028
20460033	0x0000000000000000	0x00000001570A3CF0	0x0000000000000000	0x00000001570A3CF0
20460034	0x0000000000000000	0x000000016147AD90	0x0000000000000000	0x000000016147AD90
20530010	0x0000000000000000	0x00000000A9BA5D71	0x0000000000000000	0x000000009CAC077C
20530011	0x0000000000000000	0x00000000BB3272F9	0x0000000000000000	0x00000000ACCCCC05
20530012	0x0000000000000000	0x00000000C7AE1430	0x0000000000000000	0x00000000B851EB40
20540010	0x0000000000000000	0x00000000D1A9FAF5	0x0000000000000000	0x00000000C6E977EF
20540011	0x0000000000000000	0x00000000F21BB36B	0x0000000000000000	0x00000000E5B14131
20540012	0x0000000000000000	0x0000000108935748	0x0000000000000000	0x00000000FB01F058
20540013	0x0000000000000000	0x000000011A0B281B	0x0000000000000000	0x000000012147ADA8
20550010	0x0000000000000000	0x00000000E0A3BE08	0x0000000000000000	0x00000000D51EA098
20550011	0x0000000000000000	0x00000000F49B8AA8	0x0000000000000000	0x00000000E8104878
20550012	0x0000000000000000	0x0000000101157F2D	0x0000000000000000	0x00000000F3E67217
20550013	0x0000000000000000	0x000000010B115C59	0x0000000000000000	0x0000000111EB84B8
20550014	0x0000000000000000	0x00000001128F3D98	0x0000000000000000	0x0000000119999993
20550020	0x0000000000000000	0x00000000E1CABF7E	0x0000000000000000	0x00000000D3F7CDE4
20550021	0x0000000000000000	0x00000000F5DCAAE0	0x0000000000000000	0x00000000E6CF2840
20550022	0x0000000000000000	0x000000010267ED10	0x0000000000000000	0x00000000F295CEE0
20550023	0x0000000000000000	0x000000010C70EED0	0x0000000000000000	0x0000000111EB84B8
20550024	0x0000000000000000	0x0000000113F7CD9A	0x0000000000000000	0x0000000119999993
20560010	0x0000000000000000	0x000000011A0B281B	0x0000000000000000	0x000000010B946E41
20560011	0x0000000000000000	0x000000013082F088	0x0000000000000000	0x0000000120E54018
20560012	0x0000000000000000	0x0000000141FA9CCB	0x0000000000000000	0x0000000131779B51
20560013	0x0000000000000000	0x000000014E76A378	0x0000000000000000	0x00000001570A3CF0
20560014	0x0000000000000000	0x00000001587289C8	0x0000000000000000	0x000000016147AD90
20560020	0x0000000000000000	0x000000012147ADA8	0x0000000000000000	0x00000001045A1B7F
20560021	0x0000000000000000	0x000000013851EB10	0x0000000000000000	0x00000001191685E6
20560022	0x0000000000000000	0x000000014A3D7028	0x0000000000000000	0x0000000129374A6F
20560023	0x0000000000000000	0x00000001570A3CF0	0x0000000000000000	0x00000001570A3CF0
20560024	0x0000000000000000	0x000000016147AD90	0x0000000000000000	0x000000016147AD90
20630010	0x0000000000000000	0x00000000AE147AA0	0x0000000000000000	0x000000009CAC077C
20630011	0x0000000000000000	0x00000000BFFFFFB8	0x0000000000000000	0x00000000ACCCCC05
20630012	0x0000000000000000	0x00000000CCCCCCC8	0x0000000000000000	0x00000000B851EB40
20640010	0x0000000000000000	0x00000000D70A3D20	0x0000000000000000	0x00000000C189366C
20640011	0x0000000000000000	0x00000000F851EB28	0x0000000000000000	0x00000000DF7CEC8F
20640012	0x0000000000000000	0x000000010F5C2890	0x0000000000000000	0x00000000F43956F6
20640013	0x0000000000000000	0x000000012147ADA8	0x0000000000000000	0x000000012147ADA8
20650010	0x0000000000000000	0x00000000E6666661	0x0000000000000000	0x00000000CF5C28A8
20650011	0x0000000000000000	0x00000000FAE14750	0x0000000000000000	0x00000000E1CABF7E
20650012	0x0000000000000000	0x0000000107AE1418	0x0000000000000000	0x00000000ED4FDE29
20650013	0x0000000000000000	0x0000000111EB84B8	0x0000000000000000	0x0000000111EB84B8
20650014	0x0000000000000000	0x0000000119999993	0x0000000000000000	0x0000000119999993
20650020	0x0000000000000000	0x00000000EB020B3A	0x0000000000000000	0x00000000CAC08228
20650021	0x0000000000000000	0x00000000FFE5ACA0	0x0000000000000000	0x00000000DCC62680
20650022	0x0000000000000000	0x000000010CF40130	0x0000000000000000	0x00000000E809BAC0
20650023	0x0000000000000000	0x000000011765DE70	0x0000000000000000	0x0000000111EB84B8
20650024	0x0000000000000000	0x000000011F3B630E	0x0000000000000000	0x0000000119999993
20650500	0x0000000000000000	0x00000000EC28DB78	0x0000000000000000	0x00000000CAC08228
20650501	0x0000000000000000	0x000000010126CCD8	0x0000000000000000	0x00000000DCC62680
20650502	0x0000000000000000	0x000000010E448C43	0x0000000000000000	0x00000000E809BAC0
20650503	0x0000000000000000	0x0000000118C37B57	0x0000000000000000	0x0000000111EB84B8
20650504	0x0000000000000000	0x0000000120A3B6E8	0x0000000000000000	0x0000000119999993
20660010	0x0000000000000000	0x000000012147ADA8	0x0000000000000000	0x00000001045A1B7F
20660011	0x0000000000000000	0x000000013851EB10	0x0000000000000000	0x00000001191685E6
20660012	0x0000000000000000	0x000000014A3D7028	0x0000000000000000	0x0000000129374A6F
20660013	0x0000000000000000	0x00000001570A3CF0	0x0000000000000000	0x00000001570A3CF0
20660014	0x0000000000000000	0x000000016147AD90	0x0000000000000000	0x000000016147AD90
20660020	0x0000000000000000	0x000000012710AA50	0x0000000000000000	0x00000000FE90E340
20660021	0x0000000000000000	0x000000013E90DC20	0x0000000000000000	0x0000000112D75480
20660022	0x0000000000000000	0x0000000150D81F50	0x0000000000000000	0x00000001229C5740
20660023	0x0000000000000000	0x000000015DE673E0	0x0000000000000000	0x00000001570A3CF0
20660024	0x0000000000000000	0x0000000168585120	0x0000000000000000	0x000000016147AD90
20730010	0x0000000000000000	0x00000000B6C8B366	0x0000000000000000	0x00000000AE147AA0
20730011	0x0000000000000000	0x00000000C9998328	0x0000000000000000	0x00000000BFFFFFB8
20730012	0x0000000000000000	0x00000000D70A3D20	0x0000000000000000	0x00000000CCCCCCC8
20740010	0x0000000000000000	0x00000000E1CABF7E	0x0000000000000000	0x00000000D70A3D20
20740011	0x0000000000000000	0x0000000104BC4D78	0x0000000000000000	0x00000000F851EB28
20740012	0x0000000000000000	0x000000011CED901F	0x0000000000000000	0x000000010F5C2890
20740013	0x0000000000000000	0x000000012FBE54F8	0x0000000000000000	0x000000012147ADA8
20750010	0x0000000000000000	0x00000000F1EB8407	0x0000000000000000	0x00000000E6666661
20750011	0x0000000000000000	0x00000001076C8A13	0x0000000000000000	0x00000000FAE14750
20750012	0x0000000000000000	0x0000000114DD1048	0x0000000000000000	0x0000000107AE1418
20750013	0x0000000000000000	0x000000011F9D9228	0x0000000000000000	0x0000000111EB84B8
20750014	0x0000000000000000	0x0000000127AE1325	0x0000000000000000	0x0000000119999993
20750020	0x0000000000000000	0x00000000ED4FDE29	0x0000000000000000	0x00000000EB020B3A
20750021	0x0000000000000000	0x000000010267ED10	0x0000000000000000	0x00000000FFE5ACA0
20750022	0x0000000000000000	0x000000010F970638	0x0000000000000000	0x000000010CF40130
20750023	0x0000000000000000	0x000000011A231A58	0x0000000000000000	0x000000011765DE70
20750024	0x0000000000000000	0x00000001220C486B	0x0000000000000000	0x000000011F3B630E
20760010	0x0000000000000000	0x000000012FBE54F8	0x0000000000000000	0x000000012147ADA8
20760011	0x0000000000000000	0x0000000147EF9C37	0x0000000000000000	0x000000013851EB10
20760012	0x0000000000000000	0x000000015AC05C78	0x0000000000000000	0x000000014A3D7028
20760013	0x0000000000000000	0x0000000168312549	0x0000000000000000	0x00000001570A3CF0
20760014	0x0000000000000000	0x0000000172F1A84F	0x0000000000000000	0x000000016147AD90
20760020	0x0000000000000000	0x0000000129F53888	0x0000000000000000	0x000000012710AA50
20760021	0x0000000000000000	0x0000000141B065D0	0x0000000000000000	0x000000013E90DC20
20760022	0x0000000000000000	0x0000000154258908	0x0000000000000000	0x0000000150D81F50
20760023	0x0000000000000000	0x000000016154A230	0x0000000000000000	0x00000001570A3CF0
20760024	0x0000000000000000	0x000000016BE0B650	0x0000000000000000	0x000000016147AD90
20830010	0x0000000000000000	0x00000000B6C8B366	0x0000000000000000	0x00000000B6C8B366
20830011	0x0000000000000000	0x00000000C9998328	0x0000000000000000	0x00000000C9998328
20830012	0x0000000000000000	0x00000000D70A3D20	0x0000000000000000	0x00000000D70A3D20
20840010	0x0000000000000000	0x00000000E1CABF7E	0x0000000000000000	0x00000000E1CABF7E
20840011	0x0000000000000000	0x0000000104BC4D78	0x0000000000000000	0x0000000104BC4D78
20840012	0x0000000000000000	0x000000011CED901F	0x0000000000000000	0x000000011CED901F
20840013	0x0000000000000000	0x000000012FBE54F8	0x0000000000000000	0x000000012147ADA8
20850010	0x0000000000000000	0x00000000F1EB8407	0x0000000000000000	0x00000000F1EB8407
20850011	0x0000000000000000	0x00000001076C8A13	0x0000000000000000	0x00000001076C8A13
20850012	0x0000000000000000	0x0000000114DD1048	0x0000000000000000	0x0000000114DD1048
20850013	0x0000000000000000	0x000000011F9D9228	0x0000000000000000	0x00000001170A3D08
20850014	0x0000000000000000	0x0000000127AE1325	0x0000000000000000	0x0000000119999993
20850020	0x0000000000000000	0x00000000EF9DB118	0x0000000000000000	0x00000000F43956F6
20850021	0x0000000000000000	0x0000000104EA2D80	0x0000000000000000	0x0000000109EEAE60
20850022	0x0000000000000000	0x00000001123A0B40	0x0000000000000000	0x0000000117801550
20850023	0x0000000000000000	0x000000011CE05640	0x0000000000000000	0x00000001225ACE10
20850024	0x0000000000000000	0x0000000124DD2DC8	0x0000000000000000	0x000000012A7EF882
20860010	0x0000000000000000	0x000000012FBE54F8	0x0000000000000000	0x000000012FBE54F8
20860011	0x0000000000000000	0x0000000147EF9C37	0x0000000000000000	0x0000000147EF9C37
20860012	0x0000000000000000	0x000000015AC05C78	0x0000000000000000	0x000000015AC05C78
20860013	0x0000000000000000	0x0000000168312549	0x0000000000000000	0x0000000168312549
20860014	0x0000000000000000	0x0000000172F1A84F	0x0000000000000000	0x0000000172F1A84F
20860020	0x0000000000000000	0x0000000132A2E330	0x0000000000000000	0x000000012147ADA8
20860021	0x0000000000000000	0x000000014B0F02E0	0x0000000000000000	0x000000013851EB10
20860022	0x0000000000000000	0x000000015E0DC630	0x0000000000000000	0x000000014A3D7028
20860023	0x0000000000000000	0x000000016B9F2D20	0x0000000000000000	0x00000001570A3CF0
20860024	0x0000000000000000	0x000000017679E5E0	0x0000000000000000	0x000000016147AD90
20930010	0x0000000000000000	0x00000000A9BA5D71	0x0000000000000000	0x00000000AE147AA0
20930011	0x0000000000000000	0x00000000BB3272F9	0x0000000000000000	0x00000000BFFFFFB8
20930012	0x0000000000000000	0x00000000C7AE1430	0x0000000000000000	0x00000000CCCCCCC8
20940010	0x0000000000000000	0x00000000D1A9FAF5	0x0000000000000000	0x00000000D70A3D20
20940011	0x0000000000000000	0x00000000F21BB36B	0x0000000000000000	0x00000000F851EB28
20940012	0x0000000000000000	0x0000000108935748	0x0000000000000000	0x000000010F5C2890
20940013	0x0000000000000000	0x000000011A0B281B	0x0000000000000000	0x000000012147ADA8
20950010	0x0000000000000000	0x00000000E0A3BE08	0x0000000000000000	0x00000000E6666661
20950011	0x0000000000000000	0x00000000F49B8AA8	0x0000000000000000	0x00000000FAE14750
20950012	0x0000000000000000	0x0000000101157F2D	0x0000000000000000	0x0000000107AE1418
20950013	0x0000000000000000	0x000000010B115C59	0x0000000000000000	0x0000000111EB84B8
20950014	0x0000000000000000	0x00000001128F3D98	0x0000000000000000	0x0000000119999993
20950020	0x0000000000000000	0x00000000E0A3BE08	0x0000000000000000	0x00000000E6666661
20950021	0x0000000000000000	0x00000000F49B8AA8	0x0000000000000000	0x00000000FAE14750
20950022	0x0000000000000000	0x0000000101157F2D	0x0000000000000000	0x0000000107AE1418
20950023	0x0000000000000000	0x000000010B115C59	0x0000000000000000	0x0000000111EB84B8
20950024	0x0000000000000000	0x00000001128F3D98	0x0000000000000000	0x0000000119999993
20960010	0x0000000000000000	0x000000011A0B281B	0x0000000000000000	0x000000012147ADA8
20960011	0x0000000000000000	0x000000013082F088	0x0000000000000000	0x000000013851EB10
20960012	0x0000000000000000	0x0000000141FA9CCB	0x0000000000000000	0x000000014A3D7028
20960013	0x0000000000000000	0x000000014E76A378	0x0000000000000000	0x00000001570A3CF0
20960014	0x0000000000000000	0x00000001587289C8	0x0000000000000000	0x000000016147AD90
20960020	0x0000000000000000	0x000000012147ADA8	0x0000000000000000	0x0000000112D0C6C8
20960021	0x0000000000000000	0x000000013851EB10	0x0000000000000000	0x0000000128B43801
20960022	0x0000000000000000	0x000000014A3D7028	0x0000000000000000	0x0000000139BA3B48
20960023	0x0000000000000000	0x00000001570A3CF0	0x0000000000000000	0x0000000145E3527F
20960024	0x0000000000000000	0x000000016147AD90	0x0000000000000000	0x000000014F9DB0A9
21040010	0x0000000000000000	0x00000000F2FEAA60	0x0000000000000000	0x00000000D70A3D20
21040011	0x0000000000000000	0x000000011899E338	0x0000000000000000	0x00000000F851EB28
21040012	0x0000000000000000	0x0000000132A2E330	0x0000000000000000	0x000000010F5C2890
21040013	0x0000000000000000	0x0000000146E2C6B8	0x0000000000000000	0x000000012147ADA8
21050010	0x0000000000000000	0x00000001045A1B7F	0x0000000000000000	0x00000000E6666661
21050011	0x0000000000000000	0x000000011B7E7170	0x0000000000000000	0x00000000FAE14750
21050012	0x0000000000000000	0x0000000129F53888	0x0000000000000000	0x0000000107AE1418
21050013	0x0000000000000000	0x0000000135877168	0x0000000000000000	0x0000000111EB84B8
21050014	0x0000000000000000	0x000000013E353E0D	0x0000000000000000	0x0000000119999993
21060010	0x0000000000000000	0x0000000146E2C6B8	0x0000000000000000	0x000000012147ADA8
21060011	0x0000000000000000	0x0000000160EBC6B0	0x0000000000000000	0x000000013851EB10
21060012	0x0000000000000000	0x00000001752BAA38	0x0000000000000000	0x000000014A3D7028
21060013	0x0000000000000000	0x0000000183A27150	0x0000000000000000	0x00000001570A3CF0
21060014	0x0000000000000000	0x000000018F34AA30	0x0000000000000000	0x000000016147AD90
29910010	0x0000000000000000	0x000000008A3D7070	0x0000000000000000	0x000000008A3D7070
29920010	0x0000000000000000	0x000000008F5C28C0	0x0000000000000000	0x000000008F5C28C0
29930010	0x0000000000000000	0x00000000AE147AA0	0x0000000000000000	0x00000000AE147AA0
29930011	0x0000000000000000	0x00000000BFFFFFB8	0x0000000000000000	0x00000000BFFFFFB8
29930012	0x0000000000000000	0x00000000CCCCCCC8	0x0000000000000000	0x00000000CCCCCCC8
29940010	0x0000000000000000	0x00000000D70A3D20	0x0000000000000000	0x00000000D70A3D20
29940011	0x0000000000000000	0x00000000F851EB28	0x0000000000000000	0x00000000F851EB28
29940012	0x0000000000000000	0x000000010F5C2890	0x0000000000000000	0x000000010F5C2890
29940013	0x0000000000000000	0x000000012147ADA8	0x0000000000000000	0x000000012147ADA8
29950010	0x0000000000000000	0x00000000E6666661	0x0000000000000000	0x00000000E6666661
29950011	0x0000000000000000	0x00000000FAE14750	0x0000000000000000	0x00000000FAE14750
29950012	0x0000000000000000	0x0000000107AE1418	0x0000000000000000	0x0000000107AE1418
29950013	0x0000000000000000	0x0000000111EB84B8	0x0000000000000000	0x0000000111EB84B8
29950014	0x0000000000000000	0x0000000119999993	0x0000000000000000	0x0000000119999993
30110010	0x000000033D70A2A0	0x0000000000000000	0x0000000000000000	0x0000000023D70A30
30120010	0x000000035EB850A8	0x0000000000000000	0x0000000000000000	0x0000000026666658
30130010	0x00000003B5C28DF8	0x0000000000000000	0x0000000000000000	0x0000000028F5C280
30130011	0x000000042147AC88	0x0000000000000000	0x0000000000000000	0x000000002E147AD0
30130012	0x0000000463D70898	0x0000000000000000	0x0000000000000000	0x0000000030A3D6F8
30130020	0x00000003A3D708E0	0x0000000000000000	0x0000000000000000	0x0000000028F5C280
30130021	0x000000040CCCCB48	0x0000000000000000	0x0000000000000000	0x000000002E147AD0
30130022	0x000000044CCCCCB3	0x0000000000000000	0x0000000000000000	0x0000000030A3D6F8
30140010	0x00000004C28F5A60	0x0000000000000000	0x0000000000000000	0x000000003851EB70
30140011	0x000000057FFFFFDF	0x0000000000000000	0x0000000000000000	0x00000000428F5C10
30140012	0x0000000600000000	0x0000000000000000	0x0000000000000000	0x0000000047AE1460
30140013	0x0000000659999738	0x0000000000000000	0x0000000000000000	0x000000004CCCCCCB
30140020	0x00000004C28F5A60	0x0000000000000000	0x0000000000000000	0x000000003851EB70
30140021	0x000000057FFFFFDF	0x0000000000000000	0x0000000000000000	0x000000003FFFFFE8
30140022	0x0000000600000000	0x0000000000000000	0x0000000000000000	0x00000000451EB838
30140023	0x0000000659999738	0x0000000000000000	0x0000000000000000	0x000000004A3D7088
30140030	0x00000004DC28F3F0	0x0000000000000000	0x0000000000000000	0x000000003851EB70
30140031	0x000000059C28F3A8	0x0000000000000000	0x0000000000000000	0x000000003FFFFFE8
30140032	0x000000061EB84FA0	0x0000000000000000	0x0000000000000000	0x00000000451EB838
30140033	0x000000067AE14540	0x0000000000000000	0x0000000000000000	0x000000004A3D7088
30140040	0x00000004F5C28D80	0x0000000000000000	0x0000000000000000	0x000000003851EB70
30140041	0x00000005B851E960	0x0000000000000000	0x0000000000000000	0x000000003FFFFFE8
30140042	0x000000063D70A180	0x0000000000000000	0x0000000000000000	0x00000000428F5C10
30140043	0x000000069C28F348	0x0000000000000000	0x0000000000000000	0x0000000047AE1460
30140050	0x00000004DC28F3F0	0x0000000000000000	0x0000000000000000	0x000000003851EB70
30140051	0x000000059C28F3A8	0x0000000000000000	0x0000000000000000	0x000000003FFFFFE8
30140052	0x000000061EB84FA0	0x0000000000000000	0x0000000000000000	0x00000000451EB838
30140053	0x000000067AE14540	0x0000000000000000	0x0000000000000000	0x000000004A3D7088
30140060	0x00000004DC28F3F0	0x0000000000000000	0x0000000000000000	0x000000003851EB70
30140061	0x000000059C28F3A8	0x0000000000000000	0x0000000000000000	0x000000003FFFFFE8
30140062	0x000000061EB84FA0	0x0000000000000000	0x0000000000000000	0x00000000451EB838
30140063	0x000000067AE14540	0x0000000000000000	0x0000000000000000	0x000000004A3D7088
30150010	0x000000054A3D6EA8	0x0000000000000000	0x0000000000000000	0x000000003D70A3C0
30150011	0x00000005BAE14588	0x0000000000000000	0x0000000000000000	0x00000000451EB838
30150012	0x000000060CCCCA88	0x0000000000000000	0x0000000000000000	0x0000000047AE1460
30150013	0x0000000647AE1220	0x0000000000000000	0x0000000000000000	0x000000004A3D7088
30150014	0x000000067851E918	0x0000000000000000	0x0000000000000000	0x000000004CCCCCCB
30150020	0x000000054A3D6EA8	0x0000000000000000	0x0000000000000000	0x000000003D70A3C0
30150021	0x00000005BAE14588	0x0000000000000000	0x0000000000000000	0x00000000428F5C10
30150022	0x000000060CCCCA88	0x0000000000000000	0x0000000000000000	0x00000000451EB838
30150023	0x0000000647AE1220	0x0000000000000000	0x0000000000000000	0x0000000047AE1460
30150024	0x000000067851E918	0x0000000000000000	0x0000000000000000	0x000000004A3D7088
30150030	0x0000000566666646	0x0000000000000000	0x0000000000000000	0x000000003D70A3C0
30150031	0x00000005D9999768	0x0000000000000000	0x0000000000000000	0x000000003FFFFFE8
30150032	0x000000062B851C68	0x0000000000000000	0x0000000000000000	0x00000000428F5C10
30150033	0x0000000668F5C028	0x0000000000000000	0x0000000000000000	0x00000000451EB838
30150034	0x0000000699999972	0x0000000000000000	0x0000000000000000	0x0000000047AE1460
30150040	0x00000005828F5A18	0x0000000000000000	0x0000000000000000	0x000000003D70A3C0
30150041	0x00000005F851E948	0x0000000000000000	0x0000000000000000	0x000000003FFFFFE8
30150042	0x000000064A3D6E48	0x0000000000000000	0x0000000000000000	0x00000000428F5C10
30150043	0x000000068A3D6E30	0x0000000000000000	0x0000000000000000	0x00000000451EB838
30150044	0x00000006BAE14528	0x0000000000000000	0x0000000000000000	0x0000000047AE1460
30150050	0x00000005828F5A18	0x0000000000000000	0x0000000000000000	0x000000003D70A3C0
30150051	0x00000005F851E948	0x0000000000000000	0x0000000000000000	0x00000000428F5C10
30150052	0x000000064A3D6E48	0x0000000000000000	0x0000000000000000	0x00000000451EB838
30150053	0x000000068A3D6E30	0x0000000000000000	0x0000000000000000	0x0000000047AE1460
30150054	0x00000006BAE14528	0x0000000000000000	0x0000000000000000	0x000000004A3D7088
30150060	0x0000000566666646	0x0000000000000000	0x0000000000000000	0x000000003D70A3C0
30150061	0x00000005D9999768	0x0000000000000000	0x0000000000000000	0x00000000428F5C10
30150062	0x000000062B851C68	0x0000000000000000	0x0000000000000000	0x00000000451EB838
30150063	0x0000000668F5C028	0x0000000000000000	0x0000000000000000	0x0000000047AE1460
30150064	0x0000000699999972	0x0000000000000000	0x0000000000000000	0x000000004A3D7088
30150070	0x0000000566666646	0x0000000000000000	0x0000000000000000	0x000000003D70A3C0
30150071	0x00000005D9999768	0x0000000000000000	0x0000000000000000	0x000000003FFFFFE8
30150072	0x000000062B851C68	0x0000000000000000	0x0000000000000000	0x00000000428F5C10
30150073	0x0000000668F5C028	0x0000000000000000	0x0000000000000000	0x00000000451EB838
30150074	0x0000000699999972	0x0000000000000000	0x0000000000000000	0x0000000047AE1460
30150080	0x0000000566666646	0x0000000000000000	0x0000000000000000	0x000000003D70A3C0
30150081	0x00000005D9999768	0x0000000000000000	0x0000000000000000	0x00000000428F5C10
30150082	0x000000062B851C68	0x0000000000000000	0x0000000000000000	0x00000000451EB838
30150083	0x0000000668F5C028	0x0000000000000000	0x0000000000000000	0x0000000047AE1460
30150084	0x0000000699999972	0x0000000000000000	0x0000000000000000	0x000000004A3D7088
30150090	0x0000000566666646	0x0000000000000000	0x0000000000000000	0x000000003D70A3C0
30150091	0x00000005D9999768	0x0000000000000000	0x0000000000000000	0x00000000428F5C10
30150092	0x000000062B851C68	0x0000000000000000	0x0000000000000000	0x00000000451EB838
30150093	0x0000000668F5C028	0x0000000000000000	0x0000000000000000	0x0000000047AE1460
30150094	0x0000000699999972	0x0000000000000000	0x0000000000000000	0x000000004A3D7088
30150500	0x0000000566666646	0x0000000000000000	0x0000000000000000	0x000000003D70A3C0
30150501	0x00000005D9999768	0x0000000000000000	0x0000000000000000	0x00000000428F5C10
30150502	0x000000062B851C68	0x0000000000000000	0x0000000000000000	0x00000000451EB838
30150503	0x0000000668F5C028	0x0000000000000000	0x0000000000000000	0x0000000047AE1460
30150504	0x0000000699999972	0x0000000000000000	0x0000000000000000	0x000000004A3D7088
30150550	0x0000000566666646	0x0000000000000000	0x0000000000000000	0x000000003D70A3C0
30150551	0x00000005D9999768	0x0000000000000000	0x0000000000000000	0x00000000428F5C10
30150552	0x000000062B851C68	0x0000000000000000	0x0000000000000000	0x00000000451EB838
30150553	0x0000000668F5C028	0x0000000000000000	0x0000000000000000	0x0000000047AE1460
30150554	0x0000000699999972	0x0000000000000000	0x0000000000000000	0x000000004A3D7088
30150560	0x0000000566666646	0x0000000000000000	0x0000000000000000	0x000000003D70A3C0
30150561	0x00000005D9999768	0x0000000000000000	0x0000000000000000	0x00000000428F5C10
30150562	0x000000062B851C68	0x0000000000000000	0x0000000000000000	0x00000000451EB838
30150563	0x0000000668F5C028	0x0000000000000000	0x0000000000000000	0x0000000047AE1460
30150564	0x0000000699999972	0x0000000000000000	0x0000000000000000	0x000000004A3D7088
30160010	0x000000069EB84F70	0x0000000000000000	0x0000000000000000	0x000000004A3D7088
30160011	0x0000000728F5BFE0	0x0000000000000000	0x0000000000000000	0x00000000547AE128
30160012	0x000000078F5C2620	0x0000000000000000	0x0000000000000000	0x0000000059999978
30160013	0x00000007D99996A8	0x0000000000000000	0x0000000000000000	0x000000005EB851C8
30160014	0x00000008170A3A68	0x0000000000000000	0x0000000000000000	0x000000006147ADF0
30160020	0x00000006BFFFFD78	0x0000000000000000	0x0000000000000000	0x000000004CCCCCCB
30160021	0x000000074F5C2638	0x0000000000000000	0x0000000000000000	0x000000004F5C28D8
30160022	0x00000007B5C28C78	0x0000000000000000	0x0000000000000000	0x00000000547AE128
30160023	0x00000008028F5928	0x0000000000000000	0x0000000000000000	0x0000000059999978
30160024	0x000000083FFFFCE8	0x0000000000000000	0x0000000000000000	0x000000005C28F5A0
30160030	0x00000006BFFFFD78	0x0000000000000000	0x0000000000000000	0x000000004CCCCCCB
30160031	0x000000074F5C2638	0x0000000000000000	0x0000000000000000	0x0000000051EB8500
30160032	0x00000007B5C28C78	0x0000000000000000	0x0000000000000000	0x00000000570A3D50
30160033	0x00000008028F5928	0x0000000000000000	0x0000000000000000	0x000000005C28F5A0
30160034	0x000000083FFFFCE8	0x0000000000000000	0x0000000000000000	0x000000005EB851C8
30160040	0x00000006BFFFFD78	0x0000000000000000	0x0000000000000000	0x000000004CCCCCCB
30160041	0x000000074F5C2638	0x0000000000000000	0x0000000000000000	0x00000000547AE128
30160042	0x00000007B5C28C78	0x0000000000000000	0x0000000000000000	0x0000000059999978
30160043	0x00000008028F5928	0x0000000000000000	0x0000000000000000	0x000000005EB851C8
30160044	0x000000083FFFFCE8	0x0000000000000000	0x0000000000000000	0x000000006147ADF0
30160050	0x00000006947ADED0	0x0000000000000000	0x0000000000000000	0x000000004A3D7088
30160051	0x000000072147AB68	0x0000000000000000	0x0000000000000000	0x00000000547AE128
30160052	0x00000007851EB580	0x0000000000000000	0x0000000000000000	0x0000000059999978
30160053	0x00000007CF5C2608	0x0000000000000000	0x0000000000000000	0x000000005EB851C8
30160054	0x000000080A3D6DA0	0x0000000000000000	0x0000000000000000	0x000000006147ADF0
30160060	0x00000006947ADED0	0x0000000000000000	0x0000000000000000	0x000000004A3D7088
30160061	0x000000072147AB68	0x0000000000000000	0x0000000000000000	0x0000000051EB8500
30160062	0x00000007851EB580	0x0000000000000000	0x0000000000000000	0x00000000570A3D50
30160063	0x00000007CF5C2608	0x0000000000000000	0x0000000000000000	0x000000005C28F5A0
30160064	0x000000080A3D6DA0	0x0000000000000000	0x0000000000000000	0x000000005EB851C8
30160070	0x00000006BFFFFD78	0x0000000000000000	0x0000000000000000	0x000000004CCCCCCB
30160071	0x000000074F5C2638	0x0000000000000000	0x0000000000000000	0x0000000051EB8500
30160072	0x00000007B5C28C78	0x0000000000000000	0x0000000000000000	0x00000000570A3D50
30160073	0x00000008028F5928	0x0000000000000000	0x0000000000000000	0x000000005C28F5A0
30160074	0x000000083FFFFCE8	0x0000000000000000	0x0000000000000000	0x000000005EB851C8
30160080	0x00000006BFFFFD78	0x0000000000000000	0x0000000000000000	0x000000004CCCCCCB
30160081	0x000000074F5C2638	0x0000000000000000	0x0000000000000000	0x0000000051EB8500
30160082	0x00000007B5C28C78	0x0000000000000000	0x0000000000000000	0x00000000570A3D50
30160083	0x00000008028F5928	0x0000000000000000	0x0000000000000000	0x000000005C28F5A0
30160084	0x000000083FFFFCE8	0x0000000000000000	0x0000000000000000	0x000000005EB851C8
30160090	0x00000006E3D707A8	0x0000000000000000	0x0000000000000000	0x000000004F5C28D8
30160091	0x0000000775C28C90	0x0000000000000000	0x0000000000000000	0x0000000051EB8500
30160092	0x00000007DC28F2D0	0x0000000000000000	0x0000000000000000	0x00000000570A3D50
30160093	0x000000082B851BA8	0x0000000000000000	0x0000000000000000	0x000000005C28F5A0
30160094	0x000000086B851B90	0x0000000000000000	0x0000000000000000	0x000000005EB851C8
30160100	0x00000006BFFFFD78	0x0000000000000000	0x0000000000000000	0x000000004CCCCCCB
30160101	0x000000074F5C2638	0x0000000000000000	0x0000000000000000	0x0000000051EB8500
30160102	0x00000007B5C28C78	0x0000000000000000	0x0000000000000000	0x00000000570A3D50
30160103	0x00000008028F5928	0x0000000000000000	0x0000000000000000	0x000000005C28F5A0
30160104	0x000000083FFFFCE8	0x0000000000000000	0x0000000000000000	0x000000005EB851C8
30160110	0x00000006EB851C20	0x0000000000000000	0x0000000000000000	0x000000004F5C28D8
30160111	0x000000077D70A108	0x0000000000000000	0x0000000000000000	0x000000004F5C28D8
30160112	0x00000007E6666637	0x0000000000000000	0x0000000000000000	0x00000000547AE128
30160113	0x0000000835C28C48	0x0000000000000000	0x0000000000000000	0x0000000059999978
30160114	0x0000000875C28C30	0x0000000000000000	0x0000000000000000	0x000000005C28F5A0
30160120	0x000000068CCCCA58	0x0000000000000000	0x0000000000000000	0x000000004A3D7088
30160121	0x00000007170A3AC8	0x0000000000000000	0x0000000000000000	0x000000004F5C28D8
30160122	0x000000077AE144E0	0x0000000000000000	0x0000000000000000	0x00000000547AE128
30160123	0x00000007C51EB568	0x0000000000000000	0x0000000000000000	0x0000000059999978
30160124	0x0000000800000000	0x0000000000000000	0x0000000000000000	0x000000005C28F5A0
30160130	0x00000006947ADED0	0x0000000000000000	0x0000000000000000	0x000000004A3D7088
30160131	0x000000072147AB68	0x0000000000000000	0x0000000000000000	0x000000004F5C28D8
30160132	0x00000007851EB580	0x0000000000000000	0x0000000000000000	0x00000000547AE128
30160133	0x00000007CF5C2608	0x0000000000000000	0x0000000000000000	0x0000000059999978
30160134	0x000000080A3D6DA0	0x0000000000000000	0x0000000000000000	0x000000005C28F5A0
30160140	0x00000006947ADED0	0x0000000000000000	0x0000000000000000	0x000000004A3D7088
30160141	0x000000072147AB68	0x0000000000000000	0x0000000000000000	0x00000000547AE128
30160142	0x00000007851EB580	0x0000000000000000	0x0000000000000000	0x0000000059999978
30160143	0x00000007CF5C2608	0x0000000000000000	0x0000000000000000	0x000000005EB851C8
30160144	0x000000080A3D6DA0	0x0000000000000000	0x0000000000000000	0x000000006147ADF0
30160150	0x00000006BFFFFD78	0x0000000000000000	0x0000000000000000	0x000000004CCCCCCB
30160151	0x000000074F5C2638	0x0000000000000000	0x0000000000000000	0x000000004F5C28D8
30160152	0x00000007B5C28C78	0x0000000000000000	0x0000000000000000	0x00000000547AE128
30160153	0x00000008028F5928	0x0000000000000000	0x0000000000000000	0x0000000059999978
30160154	0x000000083FFFFCE8	0x0000000000000000	0x0000000000000000	0x000000005C28F5A0
30160160	0x00000006BFFFFD78	0x0000000000000000	0x0000000000000000	0x000000004CCCCCCB
30160161	0x000000074F5C2638	0x0000000000000000	0x0000000000000000	0x0000000051EB8500
30160162	0x00000007B5C28C78	0x0000000000000000	0x0000000000000000	0x00000000570A3D50
30160163	0x00000008028F5928	0x0000000000000000	0x0000000000000000	0x000000005C28F5A0
30160164	0x000000083FFFFCE8	0x0000000000000000	0x0000000000000000	0x000000005EB851C8
30210010	0x000000033D70A2A0	0x0000000000000000	0x0000000000000000	0x0000000023D70A30
30220010	0x000000035EB850A8	0x0000000000000000	0x0000000000000000	0x0000000026666658
30230010	0x00000003B5C28DF8	0x0000000000000000	0x0000000000000000	0x0000000028F5C280
30230011	0x000000042147AC88	0x0000000000000000	0x0000000000000000	0x000000002E147AD0
30230012	0x0000000463D70898	0x0000000000000000	0x0000000000000000	0x0000000030A3D6F8
30230020	0x00000003A3D708E0	0x0000000000000000	0x0000000000000000	0x0000000028F5C280
30230021	0x000000040CCCCB48	0x0000000000000000	0x0000000000000000	0x000000002E147AD0
30230022	0x000000044CCCCCB3	0x0000000000000000	0x0000000000000000	0x0000000030A3D6F8
30240010	0x00000004C28F5A60	0x0000000000000000	0x0000000000000000	0x000000003851EB70
30240011	0x000000057FFFFFDF	0x0000000000000000	0x0000000000000000	0x00000000428F5C10
30240012	0x0000000600000000	0x0000000000000000	0x0000000000000000	0x0000000047AE1460
30240013	0x0000000659999738	0x0000000000000000	0x0000000000000000	0x000000004CCCCCCB
30240020	0x00000004C28F5A60	0x0000000000000000	0x0000000000000000	0x000000003851EB70
30240021	0x000000057FFFFFDF	0x0000000000000000	0x0000000000000000	0x000000003FFFFFE8
30240022	0x0000000600000000	0x0000000000000000	0x0000000000000000	0x00000000451EB838
30240023	0x0000000659999738	0x0000000000000000	0x0000000000000000	0x000000004A3D7088
30240030	0x00000004DC28F3F0	0x0000000000000000	0x0000000000000000	0x000000003851EB70
30240031	0x000000059C28F3A8	0x0000000000000000	0x0000000000000000	0x000000003FFFFFE8
30240032	0x000000061EB84FA0	0x0000000000000000	0x0000000000000000	0x00000000451EB838
30240033	0x000000067AE14540	0x0000000000000000	0x0000000000000000	0x000000004A3D7088
30240040	0x00000004F5C28D80	0x0000000000000000	0x0000000000000000	0x000000003851EB70
30240041	0x00000005B851E960	0x0000000000000000	0x0000000000000000	0x000000003FFFFFE8
30240042	0x000000063D70A180	0x0000000000000000	0x0000000000000000	0x00000000428F5C10
30240043	0x000000069C28F348	0x0000000000000000	0x0000000000000000	0x0000000047AE1460
30240060	0x00000004DC28F3F0	0x0000000000000000	0x0000000000000000	0x000000003851EB70
30240061	0x000000059C28F3A8	0x0000000000000000	0x0000000000000000	0x000000003FFFFFE8
30240062	0x000000061EB84FA0	0x0000000000000000	0x0000000000000000	0x00000000451EB838
30240063	0x000000067AE14540	0x0000000000000000	0x0000000000000000	0x000000004A3D7088
30250010	0x000000054A3D6EA8	0x0000000000000000	0x0000000000000000	0x000000003D70A3C0
30250011	0x00000005BAE14588	0x0000000000000000	0x0000000000000000	0x00000000451EB838
30250012	0x000000060CCCCA88	0x0000000000000000	0x0000000000000000	0x0000000047AE1460
30250013	0x0000000647AE1220	0x0000000000000000	0x0000000000000000	0x000000004A3D7088
30250014	0x000000067851E918	0x0000000000000000	0x0000000000000000	0x000000004CCCCCCB
30250020	0x000000054A3D6EA8	0x0000000000000000	0x0000000000000000	0x000000003D70A3C0
30250021	0x00000005BAE14588	0x0000000000000000	0x0000000000000000	0x00000000428F5C10
30250022	0x000000060CCCCA88	0x0000000000000000	0x0000000000000000	0x00000000451EB838
30250023	0x0000000647AE1220	0x0000000000000000	0x0000000000000000	0x0000000047AE1460
30250024	0x000000067851E918	0x0000000000000000	0x0000000000000000	0x000000004A3D7088
30250030	0x0000000566666646	0x0000000000000000	0x0000000000000000	0x000000003D70A3C0
30250031	0x00000005D9999768	0x0000000000000000	0x0000000000000000	0x000000003FFFFFE8
30250032	0x000000062B851C68	0x0000000000000000	0x0000000000000000	0x00000000428F5C10
30250033	0x0000000668F5C028	0x0000000000000000	0x0000000000000000	0x00000000451EB838
30250034	0x0000000699999972	0x0000000000000000	0x0000000000000000	0x0000000047AE1460
30250040	0x00000005828F5A18	0x0000000000000000	0x0000000000000000	0x000000003D70A3C0
30250041	0x00000005F851E948	0x0000000000000000	0x0000000000000000	0x000000003FFFFFE8
30250042	0x000000064A3D6E48	0x0000000000000000	0x0000000000000000	0x00000000428F5C10
30250043	0x000000068A3D6E30	0x0000000000000000	0x0000000000000000	0x00000000451EB838
30250044	0x00000006BAE14528	0x0000000000000000	0x0000000000000000	0x0000000047AE1460
30250050	0x00000005828F5A18	0x0000000000000000	0x0000000000000000	0x000000003D70A3C0
30250051	0x00000005F851E948	0x0000000000000000	0x0000000000000000	0x00000000428F5C10
30250052	0x000000064A3D6E48	0x0000000000000000	0x0000000000000000	0x00000000451EB838
30250053	0x000000068A3D6E30	0x0000000000000000	0x0000000000000000	0x0000000047AE1460
30250054	0x00000006BAE14528	0x0000000000000000	0x0000000000000000	0x000000004A3D7088
30250060	0x0000000566666646	0x0000000000000000	0x0000000000000000	0x000000003D70A3C0
30250061	0x00000005D9999768	0x0000000000000000	0x0000000000000000	0x00000000428F5C10
30250062	0x000000062B851C68	0x0000000000000000	0x0000000000000000	0x00000000451EB838
30250063	0x0000000668F5C028	0x0000000000000000	0x0000000000000000	0x0000000047AE1460
30250064	0x0000000699999972	0x0000000000000000	0x0000000000000000	0x000000004A3D7088
30250070	0x0000000566666646	0x0000000000000000	0x0000000000000000	0x000000003D70A3C0
30250071	0x00000005D9999768	0x0000000000000000	0x0000000000000000	0x000000003FFFFFE8
30250072	0x000000062B851C68	0x0000000000000000	0x0000000000000000	0x00000000428F5C10
30250073	0x0000000668F5C028	0x0000000000000000	0x0000000000000000	0x00000000451EB838
30250074	0x0000000699999972	0x0000000000000000	0x0000000000000000	0x0000000047AE1460
30250080	0x0000000566666646	0x0000000000000000	0x0000000000000000	0x000000003D70A3C0
30250081	0x00000005D9999768	0x0000000000000000	0x0000000000000000	0x00000000428F5C10
30250082	0x000000062B851C68	0x0000000000000000	0x0000000000000000	0x00000000451EB838
30250083	0x0000000668F5C028	0x0000000000000000	0x0000000000000000	0x0000000047AE1460
30250084	0x0000000699999972	0x0000000000000000	0x0000000000000000	0x000000004A3D7088
30250090	0x0000000566666646	0x0000000000000000	0x0000000000000000	0x000000003D70A3C0
30250091	0x00000005D9999768	0x0000000000000000	0x0000000000000000	0x00000000428F5C10
30250092	0x000000062B851C68	0x0000000000000000	0x0000000000000000	0x00000000451EB838
30250093	0x0000000668F5C028	0x0000000000000000	0x0000000000000000	0x0000000047AE1460
30250094	0x0000000699999972	0x0000000000000000	0x0000000000000000	0x000000004A3D7088
30250500	0x0000000566666646	0x0000000000000000	0x0000000000000000	0x000000003D70A3C0
30250501	0x00000005D9999768	0x0000000000000000	0x0000000000000000	0x00000000428F5C10
30250502	0x000000062B851C68	0x0000000000000000	0x0000000000000000	0x00000000451EB838
30250503	0x0000000668F5C028	0x0000000000000000	0x0000000000000000	0x0000000047AE1460
30250504	0x0000000699999972	0x0000000000000000	0x0000000000000000	0x000000004A3D7088
30250550	0x0000000566666646	0x0000000000000000	0x0000000000000000	0x000000003D70A3C0
30250551	0x00000005D9999768	0x0000000000000000	0x0000000000000000	0x00000000428F5C10
30250552	0x000000062B851C68	0x0000000000000000	0x0000000000000000	0x00000000451EB838
30250553	0x0000000668F5C028	0x0000000000000000	0x0000000000000000	0x0000000047AE1460
30250554	0x0000000699999972	0x0000000000000000	0x0000000000000000	0x000000004A3D7088
30250560	0x0000000566666646	0x0000000000000000	0x0000000000000000	0x000000003D70A3C0
30250561	0x00000005D9999768	0x0000000000000000	0x0000000000000000	0x00000000428F5C10
30250562	0x000000062B851C68	0x0000000000000000	0x0000000000000000	0x00000000451EB838
30250563	0x0000000668F5C028	0x0000000000000000	0x0000000000000000	0x0000000047AE1460
30250564	0x0000000699999972	0x0000000000000000	0x0000000000000000	0x000000004A3D7088
30260010	0x000000069EB84F70	0x0000000000000000	0x0000000000000000	0x000000004A3D7088
30260011	0x0000000728F5BFE0	0x0000000000000000	0x0000000000000000	0x00000000547AE128
30260012	0x000000078F5C2620	0x0000000000000000	0x0000000000000000	0x0000000059999978
30260013	0x00000007D99996A8	0x0000000000000000	0x0000000000000000	0x000000005EB851C8
30260014	0x00000008170A3A68	0x0000000000000000	0x0000000000000000	0x000000006147ADF0
30260020	0x00000006BFFFFD78	0x0000000000000000	0x0000000000000000	0x000000004CCCCCCB
30260021	0x000000074F5C2638	0x0000000000000000	0x0000000000000000	0x000000004F5C28D8
30260022	0x00000007B5C28C78	0x0000000000000000	0x0000000000000000	0x00000000547AE128
30260023	0x00000008028F5928	0x0000000000000000	0x0000000000000000	0x0000000059999978
30260024	0x000000083FFFFCE8	0x0000000000000000	0x0000000000000000	0x000000005C28F5A0
30260030	0x00000006BFFFFD78	0x0000000000000000	0x0000000000000000	0x000000004CCCCCCB
30260031	0x000000074F5C2638	0x0000000000000000	0x0000000000000000	0x0000000051EB8500
30260032	0x00000007B5C28C78	0x0000000000000000	0x0000000000000000	0x00000000570A3D50
30260033	0x00000008028F5928	0x0000000000000000	0x0000000000000000	0x000000005C28F5A0
30260034	0x000000083FFFFCE8	0x0000000000000000	0x0000000000000000	0x000000005EB851C8
30260040	0x00000006BFFFFD78	0x0000000000000000	0x0000000000000000	0x000000004CCCCCCB
30260041	0x000000074F5C2638	0x0000000000000000	0x0000000000000000	0x00000000547AE128
30260042	0x00000007B5C28C78	0x0000000000000000	0x0000000000000000	0x0000000059999978
30260043	0x00000008028F5928	0x0000000000000000	0x0000000000000000	0x000000005EB851C8
30260044	0x000000083FFFFCE8	0x0000000000000000	0x0000000000000000	0x000000006147ADF0
30260050	0x00000006947ADED0	0x0000000000000000	0x0000000000000000	0x000000004A3D7088
30260051	0x000000072147AB68	0x0000000000000000	0x0000000000000000	0x00000000547AE128
30260052	0x00000007851EB580	0x0000000000000000	0x0000000000000000	0x0000000059999978
30260053	0x00000007CF5C2608	0x0000000000000000	0x0000000000000000	0x000000005EB851C8
30260054	0x000000080A3D6DA0	0x0000000000000000	0x0000000000000000	0x000000006147ADF0
30260060	0x00000006947ADED0	0x0000000000000000	0x0000000000000000	0x000000004A3D7088
30260061	0x000000072147AB68	0x0000000000000000	0x0000000000000000	0x0000000051EB8500
30260062	0x00000007851EB580	0x0000000000000000	0x0000000000000000	0x00000000570A3D50
30260063	0x00000007CF5C2608	0x0000000000000000	0x0000000000000000	0x000000005C28F5A0
30260064	0x000000080A3D6DA0	0x0000000000000000	0x0000000000000000	0x000000005EB851C8
30260070	0x00000006BFFFFD78	0x0000000000000000	0x0000000000000000	0x000000004CCCCCCB
30260071	0x000000074F5C2638	0x0000000000000000	0x0000000000000000	0x0000000051EB8500
30260072	0x00000007B5C28C78	0x0000000000000000	0x0000000000000000	0x00000000570A3D50
30260073	0x00000008028F5928	0x0000000000000000	0x0000000000000000	0x000000005C28F5A0
30260074	0x000000083FFFFCE8	0x0000000000000000	0x0000000000000000	0x000000005EB851C8
30260080	0x00000006BFFFFD78	0x0000000000000000	0x0000000000000000	0x000000004CCCCCCB
30260081	0x000000074F5C2638	0x0000000000000000	0x0000000000000000	0x0000000051EB8500
30260082	0x00000007B5C28C78	0x0000000000000000	0x0000000000000000	0x00000000570A3D50
30260083	0x00000008028F5928	0x0000000000000000	0x0000000000000000	0x000000005C28F5A0
30260084	0x000000083FFFFCE8	0x0000000000000000	0x0000000000000000	0x000000005EB851C8
30260090	0x00000006E3D707A8	0x0000000000000000	0x0000000000000000	0x000000004F5C28D8
30260091	0x0000000775C28C90	0x0000000000000000	0x0000000000000000	0x0000000051EB8500
30260092	0x00000007DC28F2D0	0x0000000000000000	0x0000000000000000	0x00000000570A3D50
30260093	0x000000082B851BA8	0x0000000000000000	0x0000000000000000	0x000000005C28F5A0
30260094	0x000000086B851B90	0x0000000000000000	0x0000000000000000	0x000000005EB851C8
30260100	0x00000006BFFFFD78	0x0000000000000000	0x0000000000000000	0x000000004CCCCCCB
30260101	0x000000074F5C2638	0x0000000000000000	0x0000000000000000	0x0000000051EB8500
30260102	0x00000007B5C28C78	0x0000000000000000	0x0000000000000000	0x00000000570A3D50
30260103	0x00000008028F5928	0x0000000000000000	0x0000000000000000	0x000000005C28F5A0
30260104	0x000000083FFFFCE8	0x0000000000000000	0x0000000000000000	0x000000005EB851C8
30260110	0x00000006EB851C20	0x0000000000000000	0x0000000000000000	0x000000004F5C28D8
30260111	0x000000077D70A108	0x0000000000000000	0x0000000000000000	0x000000004F5C28D8
30260112	0x00000007E6666637	0x0000000000000000	0x0000000000000000	0x00000000547AE128
30260113	0x0000000835C28C48	0x0000000000000000	0x0000000000000000	0x0000000059999978
30260114	0x0000000875C28C30	0x0000000000000000	0x0000000000000000	0x000000005C28F5A0
30260120	0x000000068CCCCA58	0x0000000000000000	0x0000000000000000	0x000000004A3D7088
30260121	0x00000007170A3AC8	0x0000000000000000	0x0000000000000000	0x000000004F5C28D8
30260122	0x000000077AE144E0	0x0000000000000000	0x0000000000000000	0x00000000547AE128
30260123	0x00000007C51EB568	0x0000000000000000	0x0000000000000000	0x0000000059999978
30260124	0x0000000800000000	0x0000000000000000	0x0000000000000000	0x000000005C28F5A0
30260130	0x00000006947ADED0	0x0000000000000000	0x0000000000000000	0x000000004A3D7088
30260131	0x000000072147AB68	0x0000000000000000	0x0000000000000000	0x000000004F5C28D8
30260132	0x00000007851EB580	0x0000000000000000	0x0000000000000000	0x00000000547AE128
30260133	0x00000007CF5C2608	0x0000000000000000	0x0000000000000000	0x0000000059999978
30260134	0x000000080A3D6DA0	0x0000000000000000	0x0000000000000000	0x000000005C28F5A0
30260140	0x00000006947ADED0	0x0000000000000000	0x0000000000000000	0x000000004A3D7088
30260141	0x000000072147AB68	0x0000000000000000	0x0000000000000000	0x00000000547AE128
30260142	0x00000007851EB580	0x0000000000000000	0x0000000000000000	0x0000000059999978
30260143	0x00000007CF5C2608	0x0000000000000000	0x0000000000000000	0x000000005EB851C8
30260144	0x000000080A3D6DA0	0x0000000000000000	0x0000000000000000	0x000000006147ADF0
30260150	0x00000006BFFFFD78	0x0000000000000000	0x0000000000000000	0x000000004CCCCCCB
30260151	0x000000074F5C2638	0x0000000000000000	0x0000000000000000	0x000000004F5C28D8
30260152	0x00000007B5C28C78	0x0000000000000000	0x0000000000000000	0x00000000547AE128
30260153	0x00000008028F5928	0x0000000000000000	0x0000000000000000	0x0000000059999978
30260154	0x000000083FFFFCE8	0x0000000000000000	0x0000000000000000	0x000000005C28F5A0
30260160	0x00000006BFFFFD78	0x0000000000000000	0x0000000000000000	0x000000004CCCCCCB
30260161	0x000000074F5C2638	0x0000000000000000	0x0000000000000000	0x0000000051EB8500
30260162	0x00000007B5C28C78	0x0000000000000000	0x0000000000000000	0x00000000570A3D50
30260163	0x00000008028F5928	0x0000000000000000	0x0000000000000000	0x000000005C28F5A0
30260164	0x000000083FFFFCE8	0x0000000000000000	0x0000000000000000	0x000000005EB851C8
30310010	0x000000033D70A2A0	0x0000000000000000	0x0000000000000000	0x0000000023D70A30
30320010	0x000000035EB850A8	0x0000000000000000	0x0000000000000000	0x0000000026666658
30330010	0x00000003B5C28DF8	0x0000000000000000	0x0000000000000000	0x0000000028F5C280
30330011	0x000000042147AC88	0x0000000000000000	0x0000000000000000	0x000000002E147AD0
30330012	0x0000000463D70898	0x0000000000000000	0x0000000000000000	0x0000000030A3D6F8
30330020	0x00000003A3D708E0	0x0000000000000000	0x0000000000000000	0x0000000028F5C280
30330021	0x000000040CCCCB48	0x0000000000000000	0x0000000000000000	0x000000002E147AD0
30330022	0x000000044CCCCCB3	0x0000000000000000	0x0000000000000000	0x0000000030A3D6F8
30340010	0x00000004C28F5A60	0x0000000000000000	0x0000000000000000	0x000000003851EB70
30340011	0x000000057FFFFFDF	0x0000000000000000	0x0000000000000000	0x00000000428F5C10
30340012	0x0000000600000000	0x0000000000000000	0x0000000000000000	0x0000000047AE1460
30340013	0x0000000659999738	0x0000000000000000	0x0000000000000000	0x000000004CCCCCCB
30340020	0x00000004C28F5A60	0x0000000000000000	0x0000000000000000	0x000000003851EB70
30340021	0x000000057FFFFFDF	0x0000000000000000	0x0000000000000000	0x000000003FFFFFE8
30340022	0x0000000600000000	0x0000000000000000	0x0000000000000000	0x00000000451EB838
30340023	0x0000000659999738	0x0000000000000000	0x0000000000000000	0x000000004A3D7088
30340030	0x00000004DC28F3F0	0x0000000000000000	0x0000000000000000	0x000000003851EB70
30340031	0x000000059C28F3A8	0x0000000000000000	0x0000000000000000	0x000000003FFFFFE8
30340032	0x000000061EB84FA0	0x0000000000000000	0x0000000000000000	0x00000000451EB838
30340033	0x000000067AE14540	0x0000000000000000	0x0000000000000000	0x000000004A3D7088
30340040	0x00000004F5C28D80	0x0000000000000000	0x0000000000000000	0x000000003851EB70
30340041	0x00000005B851E960	0x0000000000000000	0x0000000000000000	0x000000003FFFFFE8
30340042	0x000000063D70A180	0x0000000000000000	0x0000000000000000	0x00000000428F5C10
30340043	0x000000069C28F348	0x0000000000000000	0x0000000000000000	0x0000000047AE1460
30340060	0x00000004DC28F3F0	0x0000000000000000	0x0000000000000000	0x000000003851EB70
30340061	0x000000059C28F3A8	0x0000000000000000	0x0000000000000000	0x000000003FFFFFE8
30340062	0x000000061EB84FA0	0x0000000000000000	0x0000000000000000	0x00000000451EB838
30340063	0x000000067AE14540	0x0000000000000000	0x0000000000000000	0x000000004A3D7088
30350010	0x000000054A3D6EA8	0x0000000000000000	0x0000000000000000	0x000000003D70A3C0
30350011	0x00000005BAE14588	0x0000000000000000	0x0000000000000000	0x00000000451EB838
30350012	0x000000060CCCCA88	0x0000000000000000	0x0000000000000000	0x0000000047AE1460
30350013	0x0000000647AE1220	0x0000000000000000	0x0000000000000000	0x000000004A3D7088
30350014	0x000000067851E918	0x0000000000000000	0x0000000000000000	0x000000004CCCCCCB
30350020	0x000000054A3D6EA8	0x0000000000000000	0x0000000000000000	0x000000003D70A3C0
30350021	0x00000005BAE14588	0x0000000000000000	0x0000000000000000	0x00000000428F5C10
30350022	0x000000060CCCCA88	0x0000000000000000	0x0000000000000000	0x00000000451EB838
30350023	0x0000000647AE1220	0x0000000000000000	0x0000000000000000	0x0000000047AE1460
30350024	0x000000067851E918	0x0000000000000000	0x0000000000000000	0x000000004A3D7088
30350030	0x0000000566666646	0x0000000000000000	0x0000000000000000	0x000000003D70A3C0
30350031	0x00000005D9999768	0x0000000000000000	0x0000000000000000	0x000000003FFFFFE8
30350032	0x000000062B851C68	0x0000000000000000	0x0000000000000000	0x00000000428F5C10
30350033	0x0000000668F5C028	0x0000000000000000	0x0000000000000000	0x00000000451EB838
30350034	0x0000000699999972	0x0000000000000000	0x0000000000000000	0x0000000047AE1460
30350040	0x00000005828F5A18	0x0000000000000000	0x0000000000000000	0x000000003D70A3C0
30350041	0x00000005F851E948	0x0000000000000000	0x0000000000000000	0x000000003FFFFFE8
30350042	0x000000064A3D6E48	0x0000000000000000	0x0000000000000000	0x00000000428F5C10
30350043	0x000000068A3D6E30	0x0000000000000000	0x0000000000000000	0x00000000451EB838
30350044	0x00000006BAE14528	0x0000000000000000	0x0000000000000000	0x0000000047AE1460
30350050	0x00000005828F5A18	0x0000000000000000	0x0000000000000000	0x000000003D70A3C0
30350051	0x00000005F851E948	0x0000000000000000	0x0000000000000000	0x00000000428F5C10
30350052	0x000000064A3D6E48	0x0000000000000000	0x0000000000000000	0x00000000451EB838
30350053	0x000000068A3D6E30	0x0000000000000000	0x0000000000000000	0x0000000047AE1460
30350054	0x00000006BAE14528	0x0000000000000000	0x0000000000000000	0x000000004A3D7088
30350060	0x0000000566666646	0x0000000000000000	0x0000000000000000	0x000000003D70A3C0
30350061	0x00000005D9999768	0x0000000000000000	0x0000000000000000	0x00000000428F5C10
30350062	0x000000062B851C68	0x0000000000000000	0x0000000000000000	0x00000000451EB838
30350063	0x0000000668F5C028	0x0000000000000000	0x0000000000000000	0x0000000047AE1460
30350064	0x0000000699999972	0x0000000000000000	0x0000000000000000	0x000000004A3D7088
30350070	0x0000000566666646	0x0000000000000000	0x0000000000000000	0x000000003D70A3C0
30350071	0x00000005D9999768	0x0000000000000000	0x0000000000000000	0x000000003FFFFFE8
30350072	0x000000062B851C68	0x0000000000000000	0x0000000000000000	0x00000000428F5C10
30350073	0x0000000668F5C028	0x0000000000000000	0x0000000000000000	0x00000000451EB838
30350074	0x0000000699999972	0x0000000000000000	0x0000000000000000	0x0000000047AE1460
30350080	0x0000000566666646	0x0000000000000000	0x0000000000000000	0x000000003D70A3C0
30350081	0x00000005D9999768	0x0000000000000000	0x0000000000000000	0x00000000428F5C10
30350082	0x000000062B851C68	0x0000000000000000	0x0000000000000000	0x00000000451EB838
30350083	0x0000000668F5C028	0x0000000000000000	0x0000000000000000	0x0000000047AE1460
30350084	0x0000000699999972	0x0000000000000000	0x0000000000000000	0x000000004A3D7088
30350090	0x0000000566666646	0x0000000000000000	0x0000000000000000	0x000000003D70A3C0
30350091	0x00000005D9999768	0x0000000000000000	0x0000000000000000	0x00000000428F5C10
30350092	0x000000062B851C68	0x0000000000000000	0x0000000000000000	0x00000000451EB838
30350093	0x0000000668F5C028	0x0000000000000000	0x0000000000000000	0x0000000047AE1460
30350094	0x0000000699999972	0x0000000000000000	0x0000000000000000	0x000000004A3D7088
30350500	0x0000000566666646	0x0000000000000000	0x0000000000000000	0x000000003D70A3C0
30350501	0x00000005D9999768	0x0000000000000000	0x0000000000000000	0x00000000428F5C10
30350502	0x000000062B851C68	0x0000000000000000	0x0000000000000000	0x00000000451EB838
30350503	0x0000000668F5C028	0x0000000000000000	0x0000000000000000	0x0000000047AE1460
30350504	0x0000000699999972	0x0000000000000000	0x0000000000000000	0x000000004A3D7088
30350550	0x0000000566666646	0x0000000000000000	0x0000000000000000	0x000000003D70A3C0
30350551	0x00000005D9999768	0x0000000000000000	0x0000000000000000	0x00000000428F5C10
30350552	0x000000062B851C68	0x0000000000000000	0x0000000000000000	0x00000000451EB838
30350553	0x0000000668F5C028	0x0000000000000000	0x0000000000000000	0x0000000047AE1460
30350554	0x0000000699999972	0x0000000000000000	0x0000000000000000	0x000000004A3D7088
30350560	0x0000000566666646	0x0000000000000000	0x0000000000000000	0x000000003D70A3C0
30350561	0x00000005D9999768	0x0000000000000000	0x0000000000000000	0x00000000428F5C10
30350562	0x000000062B851C68	0x0000000000000000	0x0000000000000000	0x00000000451EB838
30350563	0x0000000668F5C028	0x0000000000000000	0x0000000000000000	0x0000000047AE1460
30350564	0x0000000699999972	0x0000000000000000	0x0000000000000000	0x000000004A3D7088
30360010	0x000000069EB84F70	0x0000000000000000	0x0000000000000000	0x000000004A3D7088
30360011	0x0000000728F5BFE0	0x0000000000000000	0x0000000000000000	0x00000000547AE128
30360012	0x000000078F5C2620	0x0000000000000000	0x0000000000000000	0x0000000059999978
30360013	0x00000007D99996A8	0x0000000000000000	0x0000000000000000	0x000000005EB851C8
30360014	0x00000008170A3A68	0x0000000000000000	0x0000000000000000	0x000000006147ADF0
30360020	0x00000006BFFFFD78	0x0000000000000000	0x0000000000000000	0x000000004CCCCCCB
30360021	0x000000074F5C2638	0x0000000000000000	0x0000000000000000	0x000000004F5C28D8
30360022	0x00000007B5C28C78	0x0000000000000000	0x0000000000000000	0x00000000547AE128
30360023	0x00000008028F5928	0x0000000000000000	0x0000000000000000	0x0000000059999978
30360024	0x000000083FFFFCE8	0x0000000000000000	0x0000000000000000	0x000000005C28F5A0
30360030	0x00000006BFFFFD78	0x0000000000000000	0x0000000000000000	0x000000004CCCCCCB
30360031	0x000000074F5C2638	0x0000000000000000	0x0000000000000000	0x0000000051EB8500
30360032	0x00000007B5C28C78	0x0000000000000000	0x0000000000000000	0x00000000570A3D50
30360033	0x00000008028F5928	0x0000000000000000	0x0000000000000000	0x000000005C28F5A0
30360034	0x000000083FFFFCE8	0x0000000000000000	0x0000000000000000	0x000000005EB851C8
30360040	0x00000006BFFFFD78	0x0000000000000000	0x0000000000000000	0x000000004CCCCCCB
30360041	0x000000074F5C2638	0x0000000000000000	0x0000000000000000	0x00000000547AE128
30360042	0x00000007B5C28C78	0x0000000000000000	0x0000000000000000	0x0000000059999978
30360043	0x00000008028F5928	0x0000000000000000	0x0000000000000000	0x000000005EB851C8
30360044	0x000000083FFFFCE8	0x0000000000000000	0x0000000000000000	0x000000006147ADF0
30360050	0x00000006947ADED0	0x0000000000000000	0x0000000000000000	0x000000004A3D7088
30360051	0x000000072147AB68	0x0000000000000000	0x0000000000000000	0x00000000547AE128
30360052	0x00000007851EB580	0x0000000000000000	0x0000000000000000	0x0000000059999978
30360053	0x00000007CF5C2608	0x0000000000000000	0x0000000000000000	0x000000005EB851C8
30360054	0x000000080A3D6DA0	0x0000000000000000	0x0000000000000000	0x000000006147ADF0
30360060	0x00000006947ADED0	0x0000000000000000	0x0000000000000000	0x000000004A3D7088
30360061	0x000000072147AB68	0x0000000000000000	0x0000000000000000	0x0000000051EB8500
30360062	0x00000007851EB580	0x0000000000000000	0x0000000000000000	0x00000000570A3D50
30360063	0x00000007CF5C2608	0x0000000000000000	0x0000000000000000	0x000000005C28F5A0
30360064	0x000000080A3D6DA0	0x0000000000000000	0x0000000000000000	0x000000005EB851C8
30360070	0x00000006BFFFFD78	0x0000000000000000	0x0000000000000000	0x000000004CCCCCCB
30360071	0x000000074F5C2638	0x0000000000000000	0x0000000000000000	0x0000000051EB8500
30360072	0x00000007B5C28C78	0x0000000000000000	0x0000000000000000	0x00000000570A3D50
30360073	0x00000008028F5928	0x0000000000000000	0x0000000000000000	0x000000005C28F5A0
30360074	0x000000083FFFFCE8	0x0000000000000000	0x0000000000000000	0x000000005EB851C8
30360080	0x00000006BFFFFD78	0x0000000000000000	0x0000000000000000	0x000000004CCCCCCB
30360081	0x000000074F5C2638	0x0000000000000000	0x0000000000000000	0x0000000051EB8500
30360082	0x00000007B5C28C78	0x0000000000000000	0x0000000000000000	0x00000000570A3D50
30360083	0x00000008028F5928	0x0000000000000000	0x0000000000000000	0x000000005C28F5A0
30360084	0x000000083FFFFCE8	0x0000000000000000	0x0000000000000000	0x000000005EB851C8
30360090	0x00000006E3D707A8	0x0000000000000000	0x0000000000000000	0x000000004F5C28D8
30360091	0x0000000775C28C90	0x0000000000000000	0x0000000000000000	0x0000000051EB8500
30360092	0x00000007DC28F2D0	0x0000000000000000	0x0000000000000000	0x00000000570A3D50
30360093	0x000000082B851BA8	0x0000000000000000	0x0000000000000000	0x000000005C28F5A0
30360094	0x000000086B851B90	0x0000000000000000	0x0000000000000000	0x000000005EB851C8
30360100	0x00000006BFFFFD78	0x0000000000000000	0x0000000000000000	0x000000004CCCCCCB
30360101	0x000000074F5C2638	0x0000000000000000	0x0000000000000000	0x0000000051EB8500
30360102	0x00000007B5C28C78	0x0000000000000000	0x0000000000000000	0x00000000570A3D50
30360103	0x00000008028F5928	0x0000000000000000	0x0000000000000000	0x000000005C28F5A0
30360104	0x000000083FFFFCE8	0x0000000000000000	0x0000000000000000	0x000000005EB851C8
30360110	0x00000006EB851C20	0x0000000000000000	0x0000000000000000	0x000000004F5C28D8
30360111	0x000000077D70A108	0x0000000000000000	0x0000000000000000	0x000000004F5C28D8
30360112	0x00000007E6666637	0x0000000000000000	0x0000000000000000	0x00000000547AE128
30360113	0x0000000835C28C48	0x0000000000000000	0x0000000000000000	0x0000000059999978
30360114	0x0000000875C28C30	0x0000000000000000	0x0000000000000000	0x000000005C28F5A0
30360120	0x000000068CCCCA58	0x0000000000000000	0x0000000000000000	0x000000004A3D7088
30360121	0x00000007170A3AC8	0x0000000000000000	0x0000000000000000	0x000000004F5C28D8
30360122	0x000000077AE144E0	0x0000000000000000	0x0000000000000000	0x00000000547AE128
30360123	0x00000007C51EB568	0x0000000000000000	0x0000000000000000	0x0000000059999978
30360124	0x0000000800000000	0x0000000000000000	0x0000000000000000	0x000000005C28F5A0
30360130	0x00000006947ADED0	0x0000000000000000	0x0000000000000000	0x000000004A3D7088
30360131	0x000000072147AB68	0x0000000000000000	0x0000000000000000	0x000000004F5C28D8
30360132	0x00000007851EB580	0x0000000000000000	0x0000000000000000	0x00000000547AE128
30360133	0x00000007CF5C2608	0x0000000000000000	0x0000000000000000	0x0000000059999978
30360134	0x000000080A3D6DA0	0x0000000000000000	0x0000000000000000	0x000000005C28F5A0
30360140	0x00000006947ADED0	0x0000000000000000	0x0000000000000000	0x000000004A3D7088
30360141	0x000000072147AB68	0x0000000000000000	0x0000000000000000	0x00000000547AE128
30360142	0x00000007851EB580	0x0000000000000000	0x0000000000000000	0x0000000059999978
30360143	0x00000007CF5C2608	0x0000000000000000	0x0000000000000000	0x000000005EB851C8
30360144	0x000000080A3D6DA0	0x0000000000000000	0x0000000000000000	0x000000006147ADF0
30360150	0x00000006BFFFFD78	0x0000000000000000	0x0000000000000000	0x000000004CCCCCCB
30360151	0x000000074F5C2638	0x0000000000000000	0x0000000000000000	0x000000004F5C28D8
30360152	0x00000007B5C28C78	0x0000000000000000	0x0000000000000000	0x00000000547AE128
30360153	0x00000008028F5928	0x0000000000000000	0x0000000000000000	0x0000000059999978
30360154	0x000000083FFFFCE8	0x0000000000000000	0x0000000000000000	0x000000005C28F5A0
30360160	0x00000006BFFFFD78	0x0000000000000000	0x0000000000000000	0x000000004CCCCCCB
30360161	0x000000074F5C2638	0x0000000000000000	0x0000000000000000	0x0000000051EB8500
30360162	0x00000007B5C28C78	0x0000000000000000	0x0000000000000000	0x00000000570A3D50
30360163	0x00000008028F5928	0x0000000000000000	0x0000000000000000	0x000000005C28F5A0
30360164	0x000000083FFFFCE8	0x0000000000000000	0x0000000000000000	0x000000005EB851C8
30410010	0x0000000000000000	0x000000004A3D7088	0x000000007D70A3A8	0x0000000000000000
30420010	0x0000000000000000	0x000000004CCCCCCB	0x00000000828F5BF8	0x0000000000000000
30430010	0x0000000000000000	0x000000004F5C28D8	0x000000008F5C28C0	0x0000000000000000
30430011	0x0000000000000000	0x0000000059999978	0x000000009EB851B0	0x0000000000000000
30430012	0x0000000000000000	0x000000005EB851C8	0x00000000A6666628	0x0000000000000000
30430020	0x0000000000000000	0x0000000051EB8500	0x000000008CCCCC98	0x0000000000000000
30430021	0x0000000000000000	0x000000005C28F5A0	0x000000009C28F588	0x0000000000000000
30430022	0x0000000000000000	0x000000006147ADF0	0x00000000A3D70A00	0x0000000000000000
30440010	0x0000000000000000	0x0000000070A3D6E0	0x00000000B851EB40	0x0000000000000000
30440011	0x0000000000000000	0x00000000828F5BF8	0x00000000D1EB84D0	0x0000000000000000
30440012	0x0000000000000000	0x000000008CCCCC98	0x00000000E6666661	0x0000000000000000
30440013	0x0000000000000000	0x00000000970A3D38	0x00000000F33332D8	0x0000000000000000
30440020	0x0000000000000000	0x0000000070A3D6E0	0x00000000B851EB40	0x0000000000000000
30440021	0x0000000000000000	0x00000000828F5BF8	0x00000000D70A3D20	0x0000000000000000
30440022	0x0000000000000000	0x000000008CCCCC98	0x00000000EB851E60	0x0000000000000000
30440023	0x0000000000000000	0x00000000970A3D38	0x00000000F851EB28	0x0000000000000000
30440030	0x0000000000000000	0x000000006E147AB8	0x00000000BAE14768	0x0000000000000000
30440031	0x0000000000000000	0x000000007FFFFFFD	0x00000000D70A3D20	0x0000000000000000
30440032	0x0000000000000000	0x000000008A3D7070	0x00000000EB851E60	0x0000000000000000
30440033	0x0000000000000000	0x00000000947AE110	0x00000000F851EB28	0x0000000000000000
30440040	0x0000000000000000	0x000000006B851E90	0x00000000BD70A390	0x0000000000000000
30440041	0x0000000000000000	0x000000007D70A3A8	0x00000000DC28F570	0x0000000000000000
30440042	0x0000000000000000	0x0000000087AE1448	0x00000000F0A3D6B0	0x0000000000000000
30440043	0x0000000000000000	0x0000000091EB84E8	0x00000000FD70A378	0x0000000000000000
30440050	0x0000000000000000	0x0000000070A3D6E0	0x00000000BAE14768	0x0000000000000000
30440051	0x0000000000000000	0x00000000828F5BF8	0x00000000D1EB84D0	0x0000000000000000
30440052	0x0000000000000000	0x000000008CCCCC98	0x00000000E6666661	0x0000000000000000
30440053	0x0000000000000000	0x00000000970A3D38	0x00000000F33332D8	0x0000000000000000
30440060	0x0000000000000000	0x0000000070A3D6E0	0x00000000BAE14768	0x0000000000000000
30440061	0x0000000000000000	0x00000000828F5BF8	0x00000000D1EB84D0	0x0000000000000000
30440062	0x0000000000000000	0x000000008CCCCC98	0x00000000E6666661	0x0000000000000000
30440063	0x0000000000000000	0x00000000970A3D38	0x00000000F33332D8	0x0000000000000000
30450010	0x0000000000000000	0x000000007AE14780	0x00000000CA3D7058	0x0000000000000000
30450011	0x0000000000000000	0x00000000851EB820	0x00000000E147ADC0	0x0000000000000000
30450012	0x0000000000000000	0x000000008CCCCC98	0x00000000EE147A88	0x0000000000000000
30450013	0x0000000000000000	0x0000000091EB84E8	0x00000000F5C28F00	0x0000000000000000
30450014	0x0000000000000000	0x00000000970A3D38	0x00000000FD70A378	0x0000000000000000
30450020	0x0000000000000000	0x000000007D70A3A8	0x00000000CA3D7058	0x0000000000000000
30450021	0x0000000000000000	0x0000000087AE1448	0x00000000E147ADC0	0x0000000000000000
30450022	0x0000000000000000	0x000000008F5C28C0	0x00000000EE147A88	0x0000000000000000
30450023	0x0000000000000000	0x00000000947AE110	0x00000000F5C28F00	0x0000000000000000
30450024	0x0000000000000000	0x0000000099999996	0x00000000FD70A378	0x0000000000000000
30450030	0x0000000000000000	0x000000007D70A3A8	0x00000000CF5C28A8	0x0000000000000000
30450031	0x0000000000000000	0x0000000087AE1448	0x00000000E147ADC0	0x0000000000000000
30450032	0x0000000000000000	0x000000008F5C28C0	0x00000000EE147A88	0x0000000000000000
30450033	0x0000000000000000	0x00000000947AE110	0x00000000F5C28F00	0x0000000000000000
30450034	0x0000000000000000	0x0000000099999996	0x00000000FD70A378	0x0000000000000000
30450040	0x0000000000000000	0x000000007AE14780	0x00000000D47AE0F8	0x0000000000000000
30450041	0x0000000000000000	0x00000000851EB820	0x00000000E147ADC0	0x0000000000000000
30450042	0x0000000000000000	0x000000008CCCCC98	0x00000000EE147A88	0x0000000000000000
30450043	0x0000000000000000	0x0000000091EB84E8	0x00000000F5C28F00	0x0000000000000000
30450044	0x0000000000000000	0x00000000970A3D38	0x00000000FD70A378	0x0000000000000000
30450050	0x0000000000000000	0x000000007AE14780	0x00000000D47AE0F8	0x0000000000000000
30450051	0x0000000000000000	0x00000000851EB820	0x00000000DC28F570	0x0000000000000000
30450052	0x0000000000000000	0x000000008CCCCC98	0x00000000E8F5C238	0x0000000000000000
30450053	0x0000000000000000	0x0000000091EB84E8	0x00000000F0A3D6B0	0x0000000000000000
30450054	0x0000000000000000	0x00000000970A3D38	0x00000000F851EB28	0x0000000000000000
30450060	0x0000000000000000	0x000000007AE14780	0x00000000CF5C28A8	0x0000000000000000
30450061	0x0000000000000000	0x00000000851EB820	0x00000000E147ADC0	0x0000000000000000
30450062	0x0000000000000000	0x000000008CCCCC98	0x00000000EE147A88	0x0000000000000000
30450063	0x0000000000000000	0x0000000091EB84E8	0x00000000F5C28F00	0x0000000000000000
30450064	0x0000000000000000	0x00000000970A3D38	0x00000000FD70A378	0x0000000000000000
30450070	0x0000000000000000	0x000000007AE14780	0x00000000CF5C28A8	0x0000000000000000
30450071	0x0000000000000000	0x00000000851EB820	0x00000000E6666661	0x0000000000000000
30450072	0x0000000000000000	0x000000008CCCCC98	0x00000000F33332D8	0x0000000000000000
30450073	0x0000000000000000	0x0000000091EB84E8	0x00000000FAE14750	0x0000000000000000
30450074	0x0000000000000000	0x00000000970A3D38	0x00000001028F5BC8	0x0000000000000000
30450080	0x0000000000000000	0x000000007D70A3A8	0x00000000CF5C28A8	0x0000000000000000
30450081	0x0000000000000000	0x0000000087AE1448	0x00000000DC28F570	0x0000000000000000
30450082	0x0000000000000000	0x000000008F5C28C0	0x00000000E8F5C238	0x0000000000000000
30450083	0x0000000000000000	0x00000000947AE110	0x00000000F0A3D6B0	0x0000000000000000
30450084	0x0000000000000000	0x0000000099999996	0x00000000F851EB28	0x0000000000000000
30450090	0x0000000000000000	0x000000007D70A3A8	0x00000000CF5C28A8	0x0000000000000000
30450091	0x0000000000000000	0x0000000087AE1448	0x00000000DC28F570	0x0000000000000000
30450092	0x0000000000000000	0x000000008F5C28C0	0x00000000E8F5C238	0x0000000000000000
30450093	0x0000000000000000	0x00000000947AE110	0x00000000F0A3D6B0	0x0000000000000000
30450094	0x0000000000000000	0x0000000099999996	0x00000000F851EB28	0x0000000000000000
30450500	0x0000000000000000	0x000000007D70A3A8	0x00000000CF5C28A8	0x0000000000000000
30450501	0x0000000000000000	0x0000000087AE1448	0x00000000DC28F570	0x0000000000000000
30450502	0x0000000000000000	0x000000008F5C28C0	0x00000000E8F5C238	0x0000000000000000
30450503	0x0000000000000000	0x00000000947AE110	0x00000000F0A3D6B0	0x0000000000000000
30450504	0x0000000000000000	0x0000000099999996	0x00000000F851EB28	0x0000000000000000
30450550	0x0000000000000000	0x000000007AE14780	0x00000000CF5C28A8	0x0000000000000000
30450551	0x0000000000000000	0x00000000851EB820	0x00000000E147ADC0	0x0000000000000000
30450552	0x0000000000000000	0x000000008CCCCC98	0x00000000EE147A88	0x0000000000000000
30450553	0x0000000000000000	0x0000000091EB84E8	0x00000000F5C28F00	0x0000000000000000
30450554	0x0000000000000000	0x00000000970A3D38	0x00000000FD70A378	0x0000000000000000
30450560	0x0000000000000000	0x000000007AE14780	0x00000000CF5C28A8	0x0000000000000000
30450561	0x0000000000000000	0x00000000851EB820	0x00000000E147ADC0	0x0000000000000000
30450562	0x0000000000000000	0x000000008CCCCC98	0x00000000EE147A88	0x0000000000000000
30450563	0x0000000000000000	0x0000000091EB84E8	0x00000000F5C28F00	0x0000000000000000
30450564	0x0000000000000000	0x00000000970A3D38	0x00000000FD70A378	0x0000000000000000
30460010	0x0000000000000000	0x0000000099999996	0x00000000FD70A378	0x0000000000000000
30460011	0x0000000000000000	0x00000000A6666628	0x0000000119999993	0x0000000000000000
30460012	0x0000000000000000	0x00000000B0A3D6C8	0x0000000128F5C220	0x0000000000000000
30460013	0x0000000000000000	0x00000000B5C28F18	0x000000013333332C	0x0000000000000000
30460014	0x0000000000000000	0x00000000BAE14768	0x000000013D70A360	0x0000000000000000
30460020	0x0000000000000000	0x000000009C28F588	0x00000001028F5BC8	0x0000000000000000
30460021	0x0000000000000000	0x00000000A8F5C250	0x0000000119999993	0x0000000000000000
30460022	0x0000000000000000	0x00000000B333332F	0x0000000128F5C220	0x0000000000000000
30460023	0x0000000000000000	0x00000000B851EB40	0x000000013333332C	0x0000000000000000
30460024	0x0000000000000000	0x00000000BD70A390	0x000000013D70A360	0x0000000000000000
30460030	0x0000000000000000	0x000000009C28F588	0x00000001028F5BC8	0x0000000000000000
30460031	0x0000000000000000	0x00000000A8F5C250	0x00000001147AE0E0	0x0000000000000000
30460032	0x0000000000000000	0x00000000B333332F	0x0000000123D709D0	0x0000000000000000
30460033	0x0000000000000000	0x00000000B851EB40	0x000000012E147A70	0x0000000000000000
30460034	0x0000000000000000	0x00000000BD70A390	0x000000013851EB10	0x0000000000000000
30460040	0x0000000000000000	0x00000000970A3D38	0x00000001028F5BC8	0x0000000000000000
30460041	0x0000000000000000	0x00000000A147ADD8	0x0000000111EB84B8	0x0000000000000000
30460042	0x0000000000000000	0x00000000AB851E78	0x000000012147ADA8	0x0000000000000000
30460043	0x0000000000000000	0x00000000B0A3D6C8	0x000000012B851E48	0x0000000000000000
30460044	0x0000000000000000	0x00000000B5C28F18	0x0000000135C28EE8	0x0000000000000000
30460050	0x0000000000000000	0x00000000970A3D38	0x00000000FAE14750	0x0000000000000000
30460051	0x0000000000000000	0x00000000A147ADD8	0x0000000119999993	0x0000000000000000
30460052	0x0000000000000000	0x00000000AB851E78	0x0000000128F5C220	0x0000000000000000
30460053	0x0000000000000000	0x00000000B0A3D6C8	0x000000013333332C	0x0000000000000000
30460054	0x0000000000000000	0x00000000B5C28F18	0x000000013D70A360	0x0000000000000000
30460060	0x0000000000000000	0x000000009EB851B0	0x00000000FAE14750	0x0000000000000000
30460061	0x0000000000000000	0x00000000AB851E78	0x0000000119999993	0x0000000000000000
30460062	0x0000000000000000	0x00000000B5C28F18	0x0000000128F5C220	0x0000000000000000
30460063	0x0000000000000000	0x00000000BAE14768	0x000000013333332C	0x0000000000000000
30460064	0x0000000000000000	0x00000000BFFFFFB8	0x000000013D70A360	0x0000000000000000
30460070	0x0000000000000000	0x000000009EB851B0	0x00000001028F5BC8	0x0000000000000000
30460071	0x0000000000000000	0x00000000AB851E78	0x0000000111EB84B8	0x0000000000000000
30460072	0x0000000000000000	0x00000000B5C28F18	0x000000012147ADA8	0x0000000000000000
30460073	0x0000000000000000	0x00000000BAE14768	0x000000012B851E48	0x0000000000000000
30460074	0x0000000000000000	0x00000000BFFFFFB8	0x0000000135C28EE8	0x0000000000000000
30460080	0x0000000000000000	0x000000009EB851B0	0x00000001028F5BC8	0x0000000000000000
30460081	0x0000000000000000	0x00000000AB851E78	0x000000011EB85180	0x0000000000000000
30460082	0x0000000000000000	0x00000000B5C28F18	0x000000012E147A70	0x0000000000000000
30460083	0x0000000000000000	0x00000000BAE14768	0x000000013851EB10	0x0000000000000000
30460084	0x0000000000000000	0x00000000BFFFFFB8	0x00000001428F5BB0	0x0000000000000000
30460090	0x0000000000000000	0x0000000099999996	0x0000000107AE1418	0x0000000000000000
30460091	0x0000000000000000	0x00000000A6666628	0x00000001147AE0E0	0x0000000000000000
30460092	0x0000000000000000	0x00000000B0A3D6C8	0x0000000123D709D0	0x0000000000000000
30460093	0x0000000000000000	0x00000000B5C28F18	0x000000012E147A70	0x0000000000000000
30460094	0x0000000000000000	0x00000000BAE14768	0x000000013851EB10	0x0000000000000000
30460100	0x0000000000000000	0x0000000099999996	0x00000001028F5BC8	0x0000000000000000
30460101	0x0000000000000000	0x00000000A6666628	0x0000000119999993	0x0000000000000000
30460102	0x0000000000000000	0x00000000B0A3D6C8	0x0000000128F5C220	0x0000000000000000
30460103	0x0000000000000000	0x00000000B5C28F18	0x000000013333332C	0x0000000000000000
30460104	0x0000000000000000	0x00000000BAE14768	0x000000013D70A360	0x0000000000000000
30460110	0x0000000000000000	0x0000000099999996	0x000000010A3D7040	0x0000000000000000
30460111	0x0000000000000000	0x00000000A6666628	0x0000000119999993	0x0000000000000000
30460112	0x0000000000000000	0x00000000B0A3D6C8	0x0000000128F5C220	0x0000000000000000
30460113	0x0000000000000000	0x00000000B5C28F18	0x000000013333332C	0x0000000000000000
30460114	0x0000000000000000	0x00000000BAE14768	0x000000013D70A360	0x0000000000000000
30460120	0x0000000000000000	0x000000009EB851B0	0x00000000FAE14750	0x0000000000000000
30460121	0x0000000000000000	0x00000000AB851E78	0x0000000119999993	0x0000000000000000
30460122	0x0000000000000000	0x00000000B5C28F18	0x0000000128F5C220	0x0000000000000000
30460123	0x0000000000000000	0x00000000BAE14768	0x000000013333332C	0x0000000000000000
30460124	0x0000000000000000	0x00000000BFFFFFB8	0x000000013D70A360	0x0000000000000000
30460130	0x0000000000000000	0x000000009C28F588	0x00000000FAE14750	0x0000000000000000
30460131	0x0000000000000000	0x00000000A8F5C250	0x0000000119999993	0x0000000000000000
30460132	0x0000000000000000	0x00000000B333332F	0x0000000128F5C220	0x0000000000000000
30460133	0x0000000000000000	0x00000000B851EB40	0x000000013333332C	0x0000000000000000
30460134	0x0000000000000000	0x00000000BD70A390	0x000000013D70A360	0x0000000000000000
30460140	0x0000000000000000	0x0000000099999996	0x00000000FAE14750	0x0000000000000000
30460141	0x0000000000000000	0x00000000A6666628	0x0000000119999993	0x0000000000000000
30460142	0x0000000000000000	0x00000000B0A3D6C8	0x0000000128F5C220	0x0000000000000000
30460143	0x0000000000000000	0x00000000B5C28F18	0x000000013333332C	0x0000000000000000
30460144	0x0000000000000000	0x00000000BAE14768	0x000000013D70A360	0x0000000000000000
30460150	0x0000000000000000	0x000000009C28F588	0x00000001028F5BC8	0x0000000000000000
30460151	0x0000000000000000	0x00000000A8F5C250	0x0000000119999993	0x0000000000000000
30460152	0x0000000000000000	0x00000000B333332F	0x0000000128F5C220	0x0000000000000000
30460153	0x0000000000000000	0x00000000B851EB40	0x000000013333332C	0x0000000000000000
30460154	0x0000000000000000	0x00000000BD70A390	0x000000013D70A360	0x0000000000000000
30460160	0x0000000000000000	0x000000009C28F588	0x00000001028F5BC8	0x0000000000000000
30460161	0x0000000000000000	0x00000000A8F5C250	0x0000000119999993	0x0000000000000000
30460162	0x0000000000000000	0x00000000B333332F	0x0000000128F5C220	0x0000000000000000
30460163	0x0000000000000000	0x00000000B851EB40	0x000000013333332C	0x0000000000000000
30460164	0x0000000000000000	0x00000000BD70A390	0x000000013D70A360	0x0000000000000000
30510010	0x0000000000000000	0x000000004A3D7088	0x000000007D70A3A8	0x0000000000000000
30520010	0x0000000000000000	0x000000004CCCCCCB	0x00000000828F5BF8	0x0000000000000000
30530010	0x0000000000000000	0x000000004F5C28D8	0x000000008F5C28C0	0x0000000000000000
30530011	0x0000000000000000	0x0000000059999978	0x000000009EB851B0	0x0000000000000000
30530012	0x0000000000000000	0x000000005EB851C8	0x00000000A6666628	0x0000000000000000
30530020	0x0000000000000000	0x0000000051EB8500	0x000000008CCCCC98	0x0000000000000000
30530021	0x0000000000000000	0x000000005C28F5A0	0x000000009C28F588	0x0000000000000000
30530022	0x0000000000000000	0x000000006147ADF0	0x00000000A3D70A00	0x0000000000000000
30540010	0x0000000000000000	0x0000000070A3D6E0	0x00000000B851EB40	0x0000000000000000
30540011	0x0000000000000000	0x00000000828F5BF8	0x00000000D1EB84D0	0x0000000000000000
30540012	0x0000000000000000	0x000000008CCCCC98	0x00000000E6666661	0x0000000000000000
30540013	0x0000000000000000	0x00000000970A3D38	0x00000000F33332D8	0x0000000000000000
30540020	0x0000000000000000	0x0000000070A3D6E0	0x00000000B851EB40	0x0000000000000000
30540021	0x0000000000000000	0x00000000828F5BF8	0x00000000D70A3D20	0x0000000000000000
30540022	0x0000000000000000	0x000000008CCCCC98	0x00000000EB851E60	0x0000000000000000
30540023	0x0000000000000000	0x00000000970A3D38	0x00000000F851EB28	0x0000000000000000
30540030	0x0000000000000000	0x000000006E147AB8	0x00000000BAE14768	0x0000000000000000
30540031	0x0000000000000000	0x000000007FFFFFFD	0x00000000D70A3D20	0x0000000000000000
30540032	0x0000000000000000	0x000000008A3D7070	0x00000000EB851E60	0x0000000000000000
30540033	0x0000000000000000	0x00000000947AE110	0x00000000F851EB28	0x0000000000000000
30540040	0x0000000000000000	0x000000006B851E90	0x00000000BD70A390	0x0000000000000000
30540041	0x0000000000000000	0x000000007D70A3A8	0x00000000DC28F570	0x0000000000000000
30540042	0x0000000000000000	0x0000000087AE1448	0x00000000F0A3D6B0	0x0000000000000000
30540043	0x0000000000000000	0x0000000091EB84E8	0x00000000FD70A378	0x0000000000000000
30540060	0x0000000000000000	0x0000000070A3D6E0	0x00000000BAE14768	0x0000000000000000
30540061	0x0000000000000000	0x00000000828F5BF8	0x00000000D1EB84D0	0x0000000000000000
30540062	0x0000000000000000	0x000000008CCCCC98	0x00000000E6666661	0x0000000000000000
30540063	0x0000000000000000	0x00000000970A3D38	0x00000000F33332D8	0x0000000000000000
30550010	0x0000000000000000	0x000000007AE14780	0x00000000CA3D7058	0x0000000000000000
30550011	0x0000000000000000	0x00000000851EB820	0x00000000E147ADC0	0x0000000000000000
30550012	0x0000000000000000	0x000000008CCCCC98	0x00000000EE147A88	0x0000000000000000
30550013	0x0000000000000000	0x0000000091EB84E8	0x00000000F5C28F00	0x0000000000000000
30550014	0x0000000000000000	0x00000000970A3D38	0x00000000FD70A378	0x0000000000000000
30550020	0x0000000000000000	0x000000007D70A3A8	0x00000000CA3D7058	0x0000000000000000
30550021	0x0000000000000000	0x0000000087AE1448	0x00000000E147ADC0	0x0000000000000000
30550022	0x0000000000000000	0x000000008F5C28C0	0x00000000EE147A88	0x0000000000000000
30550023	0x0000000000000000	0x00000000947AE110	0x00000000F5C28F00	0x0000000000000000
30550024	0x0000000000000000	0x0000000099999996	0x00000000FD70A378	0x0000000000000000
30550030	0x0000000000000000	0x000000007D70A3A8	0x00000000CF5C28A8	0x0000000000000000
30550031	0x0000000000000000	0x0000000087AE1448	0x00000000E147ADC0	0x0000000000000000
30550032	0x0000000000000000	0x000000008F5C28C0	0x00000000EE147A88	0x0000000000000000
30550033	0x0000000000000000	0x00000000947AE110	0x00000000F5C28F00	0x0000000000000000
30550034	0x0000000000000000	0x0000000099999996	0x00000000FD70A378	0x0000000000000000
30550040	0x0000000000000000	0x000000007AE14780	0x00000000D47AE0F8	0x0000000000000000
30550041	0x0000000000000000	0x00000000851EB820	0x00000000E147ADC0	0x0000000000000000
30550042	0x0000000000000000	0x000000008CCCCC98	0x00000000EE147A88	0x0000000000000000
30550043	0x0000000000000000	0x0000000091EB84E8	0x00000000F5C28F00	0x0000000000000000
30550044	0x0000000000000000	0x00000000970A3D38	0x00000000FD70A378	0x0000000000000000
30550050	0x0000000000000000	0x000000007AE14780	0x00000000D47AE0F8	0x0000000000000000
30550051	0x0000000000000000	0x00000000851EB820	0x00000000DC28F570	0x0000000000000000
30550052	0x0000000000000000	0x000000008CCCCC98	0x00000000E8F5C238	0x0000000000000000
30550053	0x0000000000000000	0x0000000091EB84E8	0x00000000F0A3D6B0	0x0000000000000000
30550054	0x0000000000000000	0x00000000970A3D38	0x00000000F851EB28	0x0000000000000000
30550060	0x0000000000000000	0x000000007AE14780	0x00000000CF5C28A8	0x0000000000000000
30550061	0x0000000000000000	0x00000000851EB820	0x00000000E147ADC0	0x0000000000000000
30550062	0x0000000000000000	0x000000008CCCCC98	0x00000000EE147A88	0x0000000000000000
30550063	0x0000000000000000	0x0000000091EB84E8	0x00000000F5C28F00	0x0000000000000000
30550064	0x0000000000000000	0x00000000970A3D38	0x00000000FD70A378	0x0000000000000000
30550070	0x0000000000000000	0x000000007AE14780	0x00000000CF5C28A8	0x0000000000000000
30550071	0x0000000000000000	0x00000000851EB820	0x00000000E6666661	0x0000000000000000
30550072	0x0000000000000000	0x000000008CCCCC98	0x00000000F33332D8	0x0000000000000000
30550073	0x0000000000000000	0x0000000091EB84E8	0x00000000FAE14750	0x0000000000000000
30550074	0x0000000000000000	0x00000000970A3D38	0x00000001028F5BC8	0x0000000000000000
30550080	0x0000000000000000	0x000000007D70A3A8	0x00000000CF5C28A8	0x0000000000000000
30550081	0x0000000000000000	0x0000000087AE1448	0x00000000DC28F570	0x0000000000000000
30550082	0x0000000000000000	0x000000008F5C28C0	0x00000000E8F5C238	0x0000000000000000
30550083	0x0000000000000000	0x00000000947AE110	0x00000000F0A3D6B0	0x0000000000000000
30550084	0x0000000000000000	0x0000000099999996	0x00000000F851EB28	0x0000000000000000
30550090	0x0000000000000000	0x000000007D70A3A8	0x00000000CF5C28A8	0x0000000000000000
30550091	0x0000000000000000	0x0000000087AE1448	0x00000000DC28F570	0x0000000000000000
30550092	0x0000000000000000	0x000000008F5C28C0	0x00000000E8F5C238	0x0000000000000000
30550093	0x0000000000000000	0x00000000947AE110	0x00000000F0A3D6B0	0x0000000000000000
30550094	0x0000000000000000	0x0000000099999996	0x00000000F851EB28	0x0000000000000000
30550500	0x0000000000000000	0x000000007D70A3A8	0x00000000CF5C28A8	0x0000000000000000
30550501	0x0000000000000000	0x0000000087AE1448	0x00000000DC28F570	0x0000000000000000
30550502	0x0000000000000000	0x000000008F5C28C0	0x00000000E8F5C238	0x0000000000000000
30550503	0x0000000000000000	0x00000000947AE110	0x00000000F0A3D6B0	0x0000000000000000
30550504	0x0000000000000000	0x0000000099999996	0x00000000F851EB28	0x0000000000000000
30550550	0x0000000000000000	0x000000007AE14780	0x00000000CF5C28A8	0x0000000000000000
30550551	0x0000000000000000	0x00000000851EB820	0x00000000E147ADC0	0x0000000000000000
30550552	0x0000000000000000	0x000000008CCCCC98	0x00000000EE147A88	0x0000000000000000
30550553	0x0000000000000000	0x0000000091EB84E8	0x00000000F5C28F00	0x0000000000000000
30550554	0x0000000000000000	0x00000000970A3D38	0x00000000FD70A378	0x0000000000000000
30550560	0x0000000000000000	0x000000007AE14780	0x00000000CF5C28A8	0x0000000000000000
30550561	0x0000000000000000	0x00000000851EB820	0x00000000E147ADC0	0x0000000000000000
30550562	0x0000000000000000	0x000000008CCCCC98	0x00000000EE147A88	0x0000000000000000
30550563	0x0000000000000000	0x0000000091EB84E8	0x00000000F5C28F00	0x0000000000000000
30550564	0x0000000000000000	0x00000000970A3D38	0x00000000FD70A378	0x0000000000000000
30560010	0x0000000000000000	0x0000000099999996	0x00000000FD70A378	0x0000000000000000
30560011	0x0000000000000000	0x00000000A6666628	0x0000000119999993	0x0000000000000000
30560012	0x0000000000000000	0x00000000B0A3D6C8	0x0000000128F5C220	0x0000000000000000
30560013	0x0000000000000000	0x00000000B5C28F18	0x000000013333332C	0x0000000000000000
30560014	0x0000000000000000	0x00000000BAE14768	0x000000013D70A360	0x0000000000000000
30560020	0x0000000000000000	0x000000009C28F588	0x00000001028F5BC8	0x0000000000000000
30560021	0x0000000000000000	0x00000000A8F5C250	0x0000000119999993	0x0000000000000000
30560022	0x0000000000000000	0x00000000B333332F	0x0000000128F5C220	0x0000000000000000
30560023	0x0000000000000000	0x00000000B851EB40	0x000000013333332C	0x0000000000000000
30560024	0x0000000000000000	0x00000000BD70A390	0x000000013D70A360	0x0000000000000000
30560030	0x0000000000000000	0x000000009C28F588	0x00000001028F5BC8	0x0000000000000000
30560031	0x0000000000000000	0x00000000A8F5C250	0x00000001147AE0E0	0x0000000000000000
30560032	0x0000000000000000	0x00000000B333332F	0x0000000123D709D0	0x0000000000000000
30560033	0x0000000000000000	0x00000000B851EB40	0x000000012E147A70	0x0000000000000000
30560034	0x0000000000000000	0x00000000BD70A390	0x000000013851EB10	0x0000000000000000
30560040	0x0000000000000000	0x00000000970A3D38	0x00000001028F5BC8	0x0000000000000000
30560041	0x0000000000000000	0x00000000A147ADD8	0x0000000111EB84B8	0x0000000000000000
30560042	0x0000000000000000	0x00000000AB851E78	0x000000012147ADA8	0x0000000000000000
30560043	0x0000000000000000	0x00000000B0A3D6C8	0x000000012B851E48	0x0000000000000000
30560044	0x0000000000000000	0x00000000B5C28F18	0x0000000135C28EE8	0x0000000000000000
30560050	0x0000000000000000	0x00000000970A3D38	0x00000000FAE14750	0x0000000000000000
30560051	0x0000000000000000	0x00000000A147ADD8	0x0000000119999993	0x0000000000000000
30560052	0x0000000000000000	0x00000000AB851E78	0x0000000128F5C220	0x0000000000000000
30560053	0x0000000000000000	0x00000000B0A3D6C8	0x000000013333332C	0x0000000000000000
30560054	0x0000000000000000	0x00000000B5C28F18	0x000000013D70A360	0x0000000000000000
30560060	0x0000000000000000	0x000000009EB851B0	0x00000000FAE14750	0x0000000000000000
30560061	0x0000000000000000	0x00000000AB851E78	0x0000000119999993	0x0000000000000000
30560062	0x0000000000000000	0x00000000B5C28F18	0x0000000128F5C220	0x0000000000000000
30560063	0x0000000000000000	0x00000000BAE14768	0x000000013333332C	0x0000000000000000
30560064	0x0000000000000000	0x00000000BFFFFFB8	0x000000013D70A360	0x0000000000000000
30560070	0x0000000000000000	0x000000009EB851B0	0x00000001028F5BC8	0x0000000000000000
30560071	0x0000000000000000	0x00000000AB851E78	0x0000000111EB84B8	0x0000000000000000
30560072	0x0000000000000000	0x00000000B5C28F18	0x000000012147ADA8	0x0000000000000000
30560073	0x0000000000000000	0x00000000BAE14768	0x000000012B851E48	0x0000000000000000
30560074	0x0000000000000000	0x00000000BFFFFFB8	0x0000000135C28EE8	0x0000000000000000
30560080	0x0000000000000000	0x000000009EB851B0	0x00000001028F5BC8	0x0000000000000000
30560081	0x0000000000000000	0x00000000AB851E78	0x000000011EB85180	0x0000000000000000
30560082	0x0000000000000000	0x00000000B5C28F18	0x000000012E147A70	0x0000000000000000
30560083	0x0000000000000000	0x00000000BAE14768	0x000000013851EB10	0x0000000000000000
30560084	0x0000000000000000	0x00000000BFFFFFB8	0x00000001428F5BB0	0x0000000000000000
30560090	0x0000000000000000	0x0000000099999996	0x0000000107AE1418	0x0000000000000000
30560091	0x0000000000000000	0x00000000A6666628	0x00000001147AE0E0	0x0000000000000000
30560092	0x0000000000000000	0x00000000B0A3D6C8	0x0000000123D709D0	0x0000000000000000
30560093	0x0000000000000000	0x00000000B5C28F18	0x000000012E147A70	0x0000000000000000
30560094	0x0000000000000000	0x00000000BAE14768	0x000000013851EB10	0x0000000000000000
30560100	0x0000000000000000	0x0000000099999996	0x00000001028F5BC8	0x0000000000000000
30560101	0x0000000000000000	0x00000000A6666628	0x0000000119999993	0x0000000000000000
30560102	0x0000000000000000	0x00000000B0A3D6C8	0x0000000128F5C220	0x0000000000000000
30560103	0x0000000000000000	0x00000000B5C28F18	0x000000013333332C	0x0000000000000000
30560104	0x0000000000000000	0x00000000BAE14768	0x000000013D70A360	0x0000000000000000
30560110	0x0000000000000000	0x0000000099999996	0x000000010A3D7040	0x0000000000000000
30560111	0x0000000000000000	0x00000000A6666628	0x0000000119999993	0x0000000000000000
30560112	0x0000000000000000	0x00000000B0A3D6C8	0x0000000128F5C220	0x0000000000000000
30560113	0x0000000000000000	0x00000000B5C28F18	0x000000013333332C	0x0000000000000000
30560114	0x0000000000000000	0x00000000BAE14768	0x000000013D70A360	0x0000000000000000
30560120	0x0000000000000000	0x000000009EB851B0	0x00000000FAE14750	0x0000000000000000
30560121	0x0000000000000000	0x00000000AB851E78	0x0000000119999993	0x0000000000000000
30560122	0x0000000000000000	0x00000000B5C28F18	0x0000000128F5C220	0x0000000000000000
30560123	0x0000000000000000	0x00000000BAE14768	0x000000013333332C	0x0000000000000000
30560124	0x0000000000000000	0x00000000BFFFFFB8	0x000000013D70A360	0x0000000000000000
30560130	0x0000000000000000	0x000000009C28F588	0x00000000FAE14750	0x0000000000000000
30560131	0x0000000000000000	0x00000000A8F5C250	0x0000000119999993	0x0000000000000000
30560132	0x0000000000000000	0x00000000B333332F	0x0000000128F5C220	0x0000000000000000
30560133	0x0000000000000000	0x00000000B851EB40	0x000000013333332C	0x0000000000000000
30560134	0x0000000000000000	0x00000000BD70A390	0x000000013D70A360	0x0000000000000000
30560140	0x0000000000000000	0x0000000099999996	0x00000000FAE14750	0x0000000000000000
30560141	0x0000000000000000	0x00000000A6666628	0x0000000119999993	0x0000000000000000
30560142	0x0000000000000000	0x00000000B0A3D6C8	0x0000000128F5C220	0x0000000000000000
30560143	0x0000000000000000	0x00000000B5C28F18	0x000000013333332C	0x0000000000000000
30560144	0x0000000000000000	0x00000000BAE14768	0x000000013D70A360	0x0000000000000000
30560150	0x0000000000000000	0x000000009C28F588	0x00000001028F5BC8	0x0000000000000000
30560151	0x0000000000000000	0x00000000A8F5C250	0x0000000119999993	0x0000000000000000
30560152	0x0000000000000000	0x00000000B333332F	0x0000000128F5C220	0x0000000000000000
30560153	0x0000000000000000	0x00000000B851EB40	0x000000013333332C	0x0000000000000000
30560154	0x0000000000000000	0x00000000BD70A390	0x000000013D70A360	0x0000000000000000
30560160	0x0000000000000000	0x000000009C28F588	0x00000001028F5BC8	0x0000000000000000
30560161	0x0000000000000000	0x00000000A8F5C250	0x0000000119999993	0x0000000000000000
30560162	0x0000000000000000	0x00000000B333332F	0x0000000128F5C220	0x0000000000000000
30560163	0x0000000000000000	0x00000000B851EB40	0x000000013333332C	0x0000000000000000
30560164	0x0000000000000000	0x00000000BD70A390	0x000000013D70A360	0x0000000000000000
30610010	0x0000000000000000	0x000000004A3D7088	0x000000007D70A3A8	0x0000000000000000
30620010	0x0000000000000000	0x000000004CCCCCCB	0x00000000828F5BF8	0x0000000000000000
30630010	0x0000000000000000	0x000000004F5C28D8	0x000000008F5C28C0	0x0000000000000000
30630011	0x0000000000000000	0x0000000059999978	0x000000009EB851B0	0x0000000000000000
30630012	0x0000000000000000	0x000000005EB851C8	0x00000000A6666628	0x0000000000000000
30630020	0x0000000000000000	0x0000000051EB8500	0x000000008CCCCC98	0x0000000000000000
30630021	0x0000000000000000	0x000000005C28F5A0	0x000000009C28F588	0x0000000000000000
30630022	0x0000000000000000	0x000000006147ADF0	0x00000000A3D70A00	0x0000000000000000
30640010	0x0000000000000000	0x0000000070A3D6E0	0x00000000B851EB40	0x0000000000000000
30640011	0x0000000000000000	0x00000000828F5BF8	0x00000000D1EB84D0	0x0000000000000000
30640012	0x0000000000000000	0x000000008CCCCC98	0x00000000E6666661	0x0000000000000000
30640013	0x0000000000000000	0x00000000970A3D38	0x00000000F33332D8	0x0000000000000000
30640020	0x0000000000000000	0x0000000070A3D6E0	0x00000000B851EB40	0x0000000000000000
30640021	0x0000000000000000	0x00000000828F5BF8	0x00000000D70A3D20	0x0000000000000000
30640022	0x0000000000000000	0x000000008CCCCC98	0x00000000EB851E60	0x0000000000000000
30640023	0x0000000000000000	0x00000000970A3D38	0x00000000F851EB28	0x0000000000000000
30640030	0x0000000000000000	0x000000006E147AB8	0x00000000BAE14768	0x0000000000000000
30640031	0x0000000000000000	0x000000007FFFFFFD	0x00000000D70A3D20	0x0000000000000000
30640032	0x0000000000000000	0x000000008A3D7070	0x00000000EB851E60	0x0000000000000000
30640033	0x0000000000000000	0x00000000947AE110	0x00000000F851EB28	0x0000000000000000
30640040	0x0000000000000000	0x000000006B851E90	0x00000000BD70A390	0x0000000000000000
30640041	0x0000000000000000	0x000000007D70A3A8	0x00000000DC28F570	0x0000000000000000
30640042	0x0000000000000000	0x0000000087AE1448	0x00000000F0A3D6B0	0x0000000000000000
30640043	0x0000000000000000	0x0000000091EB84E8	0x00000000FD70A378	0x0000000000000000
30640060	0x0000000000000000	0x0000000070A3D6E0	0x00000000BAE14768	0x0000000000000000
30640061	0x0000000000000000	0x00000000828F5BF8	0x00000000D1EB84D0	0x0000000000000000
30640062	0x0000000000000000	0x000000008CCCCC98	0x00000000E6666661	0x0000000000000000
30640063	0x0000000000000000	0x00000000970A3D38	0x00000000F33332D8	0x0000000000000000
30650010	0x0000000000000000	0x000000007AE14780	0x00000000CA3D7058	0x0000000000000000
30650011	0x0000000000000000	0x00000000851EB820	0x00000000E147ADC0	0x0000000000000000
30650012	0x0000000000000000	0x000000008CCCCC98	0x00000000EE147A88	0x0000000000000000
30650013	0x0000000000000000	0x0000000091EB84E8	0x00000000F5C28F00	0x0000000000000000
30650014	0x0000000000000000	0x00000000970A3D38	0x00000000FD70A378	0x0000000000000000
30650020	0x0000000000000000	0x000000007D70A3A8	0x00000000CA3D7058	0x0000000000000000
30650021	0x0000000000000000	0x0000000087AE1448	0x00000000E147ADC0	0x0000000000000000
30650022	0x0000000000000000	0x000000008F5C28C0	0x00000000EE147A88	0x0000000000000000
30650023	0x0000000000000000	0x00000000947AE110	0x00000000F5C28F00	0x0000000000000000
30650024	0x0000000000000000	0x0000000099999996	0x00000000FD70A378	0x0000000000000000
30650030	0x0000000000000000	0x000000007D70A3A8	0x00000000CF5C28A8	0x0000000000000000
30650031	0x0000000000000000	0x0000000087AE1448	0x00000000E147ADC0	0x0000000000000000
30650032	0x0000000000000000	0x000000008F5C28C0	0x00000000EE147A88	0x0000000000000000
30650033	0x0000000000000000	0x00000000947AE110	0x00000000F5C28F00	0x0000000000000000
30650034	0x0000000000000000	0x0000000099999996	0x00000000FD70A378	0x0000000000000000
30650040	0x0000000000000000	0x000000007AE14780	0x00000000D47AE0F8	0x0000000000000000
30650041	0x0000000000000000	0x00000000851EB820	0x00000000E147ADC0	0x0000000000000000
30650042	0x0000000000000000	0x000000008CCCCC98	0x00000000EE147A88	0x0000000000000000
30650043	0x0000000000000000	0x0000000091EB84E8	0x00000000F5C28F00	0x0000000000000000
30650044	0x0000000000000000	0x00000000970A3D38	0x00000000FD70A378	0x0000000000000000
30650050	0x0000000000000000	0x000000007AE14780	0x00000000D47AE0F8	0x0000000000000000
30650051	0x0000000000000000	0x00000000851EB820	0x00000000DC28F570	0x0000000000000000
30650052	0x0000000000000000	0x000000008CCCCC98	0x00000000E8F5C238	0x0000000000000000
30650053	0x0000000000000000	0x0000000091EB84E8	0x00000000F0A3D6B0	0x0000000000000000
30650054	0x0000000000000000	0x00000000970A3D38	0x00000000F851EB28	0x0000000000000000
30650060	0x0000000000000000	0x000000007AE14780	0x00000000CF5C28A8	0x0000000000000000
30650061	0x0000000000000000	0x00000000851EB820	0x00000000E147ADC0	0x0000000000000000
30650062	0x0000000000000000	0x000000008CCCCC98	0x00000000EE147A88	0x0000000000000000
30650063	0x0000000000000000	0x0000000091EB84E8	0x00000000F5C28F00	0x0000000000000000
30650064	0x0000000000000000	0x00000000970A3D38	0x00000000FD70A378	0x0000000000000000
30650070	0x0000000000000000	0x000000007AE14780	0x00000000CF5C28A8	0x0000000000000000
30650071	0x0000000000000000	0x00000000851EB820	0x00000000E6666661	0x0000000000000000
30650072	0x0000000000000000	0x000000008CCCCC98	0x00000000F33332D8	0x0000000000000000
30650073	0x0000000000000000	0x0000000091EB84E8	0x00000000FAE14750	0x0000000000000000
30650074	0x0000000000000000	0x00000000970A3D38	0x00000001028F5BC8	0x0000000000000000
30650080	0x0000000000000000	0x000000007D70A3A8	0x00000000CF5C28A8	0x0000000000000000
30650081	0x0000000000000000	0x0000000087AE1448	0x00000000DC28F570	0x0000000000000000
30650082	0x0000000000000000	0x000000008F5C28C0	0x00000000E8F5C238	0x0000000000000000
30650083	0x0000000000000000	0x00000000947AE110	0x00000000F0A3D6B0	0x0000000000000000
30650084	0x0000000000000000	0x0000000099999996	0x00000000F851EB28	0x0000000000000000
30650090	0x0000000000000000	0x000000007D70A3A8	0x00000000CF5C28A8	0x0000000000000000
30650091	0x0000000000000000	0x0000000087AE1448	0x00000000DC28F570	0x0000000000000000
30650092	0x0000000000000000	0x000000008F5C28C0	0x00000000E8F5C238	0x0000000000000000
30650093	0x0000000000000000	0x00000000947AE110	0x00000000F0A3D6B0	0x0000000000000000
30650094	0x0000000000000000	0x0000000099999996	0x00000000F851EB28	0x0000000000000000
30650500	0x0000000000000000	0x000000007D70A3A8	0x00000000CF5C28A8	0x0000000000000000
30650501	0x0000000000000000	0x0000000087AE1448	0x00000000DC28F570	0x0000000000000000
30650502	0x0000000000000000	0x000000008F5C28C0	0x00000000E8F5C238	0x0000000000000000
30650503	0x0000000000000000	0x00000000947AE110	0x00000000F0A3D6B0	0x0000000000000000
30650504	0x0000000000000000	0x0000000099999996	0x00000000F851EB28	0x0000000000000000
30650550	0x0000000000000000	0x000000007AE14780	0x00000000CF5C28A8	0x0000000000000000
30650551	0x0000000000000000	0x00000000851EB820	0x00000000E147ADC0	0x0000000000000000
30650552	0x0000000000000000	0x000000008CCCCC98	0x00000000EE147A88	0x0000000000000000
30650553	0x0000000000000000	0x0000000091EB84E8	0x00000000F5C28F00	0x0000000000000000
30650554	0x0000000000000000	0x00000000970A3D38	0x00000000FD70A378	0x0000000000000000
30650560	0x0000000000000000	0x000000007AE14780	0x00000000CF5C28A8	0x0000000000000000
30650561	0x0000000000000000	0x00000000851EB820	0x00000000E147ADC0	0x0000000000000000
30650562	0x0000000000000000	0x000000008CCCCC98	0x00000000EE147A88	0x0000000000000000
30650563	0x0000000000000000	0x0000000091EB84E8	0x00000000F5C28F00	0x0000000000000000
30650564	0x0000000000000000	0x00000000970A3D38	0x00000000FD70A378	0x0000000000000000
30660010	0x0000000000000000	0x0000000099999996	0x00000000FD70A378	0x0000000000000000
30660011	0x0000000000000000	0x00000000A6666628	0x0000000119999993	0x0000000000000000
30660012	0x0000000000000000	0x00000000B0A3D6C8	0x0000000128F5C220	0x0000000000000000
30660013	0x0000000000000000	0x00000000B5C28F18	0x000000013333332C	0x0000000000000000
30660014	0x0000000000000000	0x00000000BAE14768	0x000000013D70A360	0x0000000000000000
30660020	0x0000000000000000	0x000000009C28F588	0x00000001028F5BC8	0x0000000000000000
30660021	0x0000000000000000	0x00000000A8F5C250	0x0000000119999993	0x0000000000000000
30660022	0x0000000000000000	0x00000000B333332F	0x0000000128F5C220	0x0000000000000000
30660023	0x0000000000000000	0x00000000B851EB40	0x000000013333332C	0x0000000000000000
30660024	0x0000000000000000	0x00000000BD70A390	0x000000013D70A360	0x0000000000000000
30660030	0x0000000000000000	0x000000009C28F588	0x00000001028F5BC8	0x0000000000000000
30660031	0x0000000000000000	0x00000000A8F5C250	0x00000001147AE0E0	0x0000000000000000
30660032	0x0000000000000000	0x00000000B333332F	0x0000000123D709D0	0x0000000000000000
30660033	0x0000000000000000	0x00000000B851EB40	0x000000012E147A70	0x0000000000000000
30660034	0x0000000000000000	0x00000000BD70A390	0x000000013851EB10	0x0000000000000000
30660040	0x0000000000000000	0x00000000970A3D38	0x00000001028F5BC8	0x0000000000000000
30660041	0x0000000000000000	0x00000000A147ADD8	0x0000000111EB84B8	0x0000000000000000
30660042	0x0000000000000000	0x00000000AB851E78	0x000000012147ADA8	0x0000000000000000
30660043	0x0000000000000000	0x00000000B0A3D6C8	0x000000012B851E48	0x0000000000000000
30660044	0x0000000000000000	0x00000000B5C28F18	0x0000000135C28EE8	0x0000000000000000
30660050	0x0000000000000000	0x00000000970A3D38	0x00000000FAE14750	0x0000000000000000
30660051	0x0000000000000000	0x00000000A147ADD8	0x0000000119999993	0x0000000000000000
30660052	0x0000000000000000	0x00000000AB851E78	0x0000000128F5C220	0x0000000000000000
30660053	0x0000000000000000	0x00000000B0A3D6C8	0x000000013333332C	0x0000000000000000
30660054	0x0000000000000000	0x00000000B5C28F18	0x000000013D70A360	0x0000000000000000
30660060	0x0000000000000000	0x000000009EB851B0	0x00000000FAE14750	0x0000000000000000
30660061	0x0000000000000000	0x00000000AB851E78	0x0000000119999993	0x0000000000000000
30660062	0x0000000000000000	0x00000000B5C28F18	0x0000000128F5C220	0x0000000000000000
30660063	0x0000000000000000	0x00000000BAE14768	0x000000013333332C	0x0000000000000000
30660064	0x0000000000000000	0x00000000BFFFFFB8	0x000000013D70A360	0x0000000000000000
30660070	0x0000000000000000	0x000000009EB851B0	0x00000001028F5BC8	0x0000000000000000
30660071	0x0000000000000000	0x00000000AB851E78	0x0000000111EB84B8	0x0000000000000000
30660072	0x0000000000000000	0x00000000B5C28F18	0x000000012147ADA8	0x0000000000000000
30660073	0x0000000000000000	0x00000000BAE14768	0x000000012B851E48	0x0000000000000000
30660074	0x0000000000000000	0x00000000BFFFFFB8	0x0000000135C28EE8	0x0000000000000000
30660080	0x0000000000000000	0x000000009EB851B0	0x0000000107AE1418	0x0000000000000000
30660081	0x0000000000000000	0x00000000AB851E78	0x000000011EB85180	0x0000000000000000
30660082	0x0000000000000000	0x00000000B5C28F18	0x000000012E147A70	0x0000000000000000
30660083	0x0000000000000000	0x00000000BAE14768	0x000000013851EB10	0x0000000000000000
30660084	0x0000000000000000	0x00000000BFFFFFB8	0x00000001428F5BB0	0x0000000000000000
30660090	0x0000000000000000	0x0000000099999996	0x0000000107AE1418	0x0000000000000000
30660091	0x0000000000000000	0x00000000A6666628	0x00000001147AE0E0	0x0000000000000000
30660092	0x0000000000000000	0x00000000B0A3D6C8	0x0000000123D709D0	0x0000000000000000
30660093	0x0000000000000000	0x00000000B5C28F18	0x000000012E147A70	0x0000000000000000
30660094	0x0000000000000000	0x00000000BAE14768	0x000000013851EB10	0x0000000000000000
30660100	0x0000000000000000	0x0000000099999996	0x00000001028F5BC8	0x0000000000000000
30660101	0x0000000000000000	0x00000000A6666628	0x0000000119999993	0x0000000000000000
30660102	0x0000000000000000	0x00000000B0A3D6C8	0x0000000128F5C220	0x0000000000000000
30660103	0x0000000000000000	0x00000000B5C28F18	0x000000013333332C	0x0000000000000000
30660104	0x0000000000000000	0x00000000BAE14768	0x000000013D70A360	0x0000000000000000
30660110	0x0000000000000000	0x0000000099999996	0x000000010A3D7040	0x0000000000000000
30660111	0x0000000000000000	0x00000000A6666628	0x0000000119999993	0x0000000000000000
30660112	0x0000000000000000	0x00000000B0A3D6C8	0x0000000128F5C220	0x0000000000000000
30660113	0x0000000000000000	0x00000000B5C28F18	0x000000013333332C	0x0000000000000000
30660114	0x0000000000000000	0x00000000BAE14768	0x000000013D70A360	0x0000000000000000
30660120	0x0000000000000000	0x000000009EB851B0	0x00000000FAE14750	0x0000000000000000
30660121	0x0000000000000000	0x00000000AB851E78	0x0000000119999993	0x0000000000000000
30660122	0x0000000000000000	0x00000000B5C28F18	0x0000000128F5C220	0x0000000000000000
30660123	0x0000000000000000	0x00000000BAE14768	0x000000013333332C	0x0000000000000000
30660124	0x0000000000000000	0x00000000BFFFFFB8	0x000000013D70A360	0x0000000000000000
30660130	0x0000000000000000	0x000000009C28F588	0x00000000FAE14750	0x0000000000000000
30660131	0x0000000000000000	0x00000000A8F5C250	0x0000000119999993	0x0000000000000000
30660132	0x0000000000000000	0x00000000B333332F	0x0000000128F5C220	0x0000000000000000
30660133	0x0000000000000000	0x00000000B851EB40	0x000000013333332C	0x0000000000000000
30660134	0x0000000000000000	0x00000000BD70A390	0x000000013D70A360	0x0000000000000000
30660140	0x0000000000000000	0x0000000099999996	0x00000000FAE14750	0x0000000000000000
30660141	0x0000000000000000	0x00000000A6666628	0x0000000119999993	0x0000000000000000
30660142	0x0000000000000000	0x00000000B0A3D6C8	0x0000000128F5C220	0x0000000000000000
30660143	0x0000000000000000	0x00000000B5C28F18	0x000000013333332C	0x0000000000000000
30660144	0x0000000000000000	0x00000000BAE14768	0x000000013D70A360	0x0000000000000000
30660150	0x0000000000000000	0x000000009C28F588	0x00000001028F5BC8	0x0000000000000000
30660151	0x0000000000000000	0x00000000A8F5C250	0x0000000119999993	0x0000000000000000
30660152	0x0000000000000000	0x00000000B333332F	0x0000000128F5C220	0x0000000000000000
30660153	0x0000000000000000	0x00000000B851EB40	0x000000013333332C	0x0000000000000000
30660154	0x0000000000000000	0x00000000BD70A390	0x000000013D70A360	0x0000000000000000
30660160	0x0000000000000000	0x000000009C28F588	0x00000001028F5BC8	0x0000000000000000
30660161	0x0000000000000000	0x00000000A8F5C250	0x0000000119999993	0x0000000000000000
30660162	0x0000000000000000	0x00000000B333332F	0x0000000128F5C220	0x0000000000000000
30660163	0x0000000000000000	0x00000000B851EB40	0x000000013333332C	0x0000000000000000
30660164	0x0000000000000000	0x00000000BD70A390	0x000000013D70A360	0x0000000000000000
21140010	0x0000000000000000	0x00000000E1CABF7E	0x0000000000000000	0x00000000C189366C
21140011	0x0000000000000000	0x0000000104BC4D78	0x0000000000000000	0x00000000DF7CEC8F
21140012	0x0000000000000000	0x000000011CED901F	0x0000000000000000	0x00000000F43956F6
21140013	0x0000000000000000	0x000000012FBE54F8	0x0000000000000000	0x000000012147ADA8
21150010	0x0000000000000000	0x00000000F1EB8407	0x0000000000000000	0x00000000CF5C28A8
21150011	0x0000000000000000	0x00000001076C8A13	0x0000000000000000	0x00000000E1CABF7E
21150012	0x0000000000000000	0x0000000114DD1048	0x0000000000000000	0x00000000ED4FDE29
21150013	0x0000000000000000	0x000000011F9D9228	0x0000000000000000	0x0000000111EB84B8
21150014	0x0000000000000000	0x0000000127AE1325	0x0000000000000000	0x0000000119999993
21160010	0x0000000000000000	0x000000012FBE54F8	0x0000000000000000	0x00000001045A1B7F
21160011	0x0000000000000000	0x0000000147EF9C37	0x0000000000000000	0x00000001191685E6
21160012	0x0000000000000000	0x000000015AC05C78	0x0000000000000000	0x0000000129374A6F
21160013	0x0000000000000000	0x0000000168312549	0x0000000000000000	0x00000001570A3CF0
21160014	0x0000000000000000	0x0000000172F1A84F	0x0000000000000000	0x000000016147AD90
21340010	0x0000000000000000	0x00000000F9722B80	0x0000000000000000	0x00000000E1CABF7E
21340011	0x0000000000000000	0x00000001200CFB60	0x0000000000000000	0x0000000104BC4D78
21340012	0x0000000000000000	0x000000013AC6EDC0	0x0000000000000000	0x000000011CED901F
21340013	0x0000000000000000	0x000000014F907160	0x0000000000000000	0x000000012FBE54F8
21350010	0x0000000000000000	0x000000010B43944C	0x0000000000000000	0x00000000F1EB8407
21350011	0x0000000000000000	0x00000001230532C0	0x0000000000000000	0x00000001076C8A13
21350012	0x0000000000000000	0x0000000131DE47A0	0x0000000000000000	0x0000000114DD1048
21350013	0x0000000000000000	0x000000013DBF2520	0x0000000000000000	0x000000011F9D9228
21350014	0x0000000000000000	0x0000000146A7EE24	0x0000000000000000	0x0000000127AE1325
21360010	0x0000000000000000	0x000000014F907160	0x0000000000000000	0x000000012FBE54F8
21360011	0x0000000000000000	0x000000016A4A63C0	0x0000000000000000	0x0000000147EF9C37
21360012	0x0000000000000000	0x000000017F13E760	0x0000000000000000	0x000000015AC05C78
21360013	0x0000000000000000	0x000000018DECFC40	0x0000000000000000	0x0000000168312549
21360014	0x0000000000000000	0x0000000199CDD9C0	0x0000000000000000	0x0000000172F1A84F
30160170	0x00000006D1EB8290	0x0000000000000000	0x0000000000000000	0x000000004CCCCCCB
30160171	0x000000076147AB50	0x0000000000000000	0x0000000000000000	0x000000004F5C28D8
30160172	0x00000007CA3D6DB8	0x0000000000000000	0x0000000000000000	0x00000000547AE128
30160173	0x00000008170A3A68	0x0000000000000000	0x0000000000000000	0x0000000059999978
30160174	0x00000008547ADE28	0x0000000000000000	0x0000000000000000	0x000000005C28F5A0
30260170	0x00000006D1EB8290	0x0000000000000000	0x0000000000000000	0x000000004CCCCCCB
30260171	0x000000076147AB50	0x0000000000000000	0x0000000000000000	0x000000004F5C28D8
30260172	0x00000007CA3D6DB8	0x0000000000000000	0x0000000000000000	0x00000000547AE128
30260173	0x00000008170A3A68	0x0000000000000000	0x0000000000000000	0x0000000059999978
30260174	0x00000008547ADE28	0x0000000000000000	0x0000000000000000	0x000000005C28F5A0
30360170	0x00000006D1EB8290	0x0000000000000000	0x0000000000000000	0x000000004CCCCCCB
30360171	0x000000076147AB50	0x0000000000000000	0x0000000000000000	0x000000004F5C28D8
30360172	0x00000007CA3D6DB8	0x0000000000000000	0x0000000000000000	0x00000000547AE128
30360173	0x00000008170A3A68	0x0000000000000000	0x0000000000000000	0x0000000059999978
30360174	0x00000008547ADE28	0x0000000000000000	0x0000000000000000	0x000000005C28F5A0
30460170	0x0000000000000000	0x000000009C28F588	0x00000001051EB7F0	0x0000000000000000
30460171	0x0000000000000000	0x00000000A8F5C250	0x0000000119999993	0x0000000000000000
30460172	0x0000000000000000	0x00000000B333332F	0x0000000128F5C220	0x0000000000000000
30460173	0x0000000000000000	0x00000000B851EB40	0x000000013333332C	0x0000000000000000
30460174	0x0000000000000000	0x00000000BD70A390	0x000000013D70A360	0x0000000000000000
30560170	0x0000000000000000	0x000000009C28F588	0x00000001051EB7F0	0x0000000000000000
30560171	0x0000000000000000	0x00000000A8F5C250	0x0000000119999993	0x0000000000000000
30560172	0x0000000000000000	0x00000000B333332F	0x0000000128F5C220	0x0000000000000000
30560173	0x0000000000000000	0x00000000B851EB40	0x000000013333332C	0x0000000000000000
30560174	0x0000000000000000	0x00000000BD70A390	0x000000013D70A360	0x0000000000000000
30660170	0x0000000000000000	0x000000009C28F588	0x00000001051EB7F0	0x0000000000000000
30660171	0x0000000000000000	0x00000000A8F5C250	0x0000000119999993	0x0000000000000000
30660172	0x0000000000000000	0x00000000B333332F	0x0000000128F5C220	0x0000000000000000
30660173	0x0000000000000000	0x00000000B851EB40	0x000000013333332C	0x0000000000000000
30660174	0x0000000000000000	0x00000000BD70A390	0x000000013D70A360	0x0000000000000000
30160180	0x00000006AE147860	0x0000000000000000	0x0000000000000000	0x000000004CCCCCCB
30160181	0x000000073D70A120	0x0000000000000000	0x0000000000000000	0x0000000051EB8500
30160182	0x00000007A147AB38	0x0000000000000000	0x0000000000000000	0x00000000570A3D50
30160183	0x00000007EE1477E8	0x0000000000000000	0x0000000000000000	0x000000005C28F5A0
30160184	0x000000082B851BA8	0x0000000000000000	0x0000000000000000	0x000000005EB851C8
30260180	0x00000006AE147860	0x0000000000000000	0x0000000000000000	0x000000004CCCCCCB
30260181	0x000000073D70A120	0x0000000000000000	0x0000000000000000	0x0000000051EB8500
30260182	0x00000007A147AB38	0x0000000000000000	0x0000000000000000	0x00000000570A3D50
30260183	0x00000007EE1477E8	0x0000000000000000	0x0000000000000000	0x000000005C28F5A0
30260184	0x000000082B851BA8	0x0000000000000000	0x0000000000000000	0x000000005EB851C8
30360180	0x00000006AE147860	0x0000000000000000	0x0000000000000000	0x000000004CCCCCCB
30360181	0x000000073D70A120	0x0000000000000000	0x0000000000000000	0x0000000051EB8500
30360182	0x00000007A147AB38	0x0000000000000000	0x0000000000000000	0x00000000570A3D50
30360183	0x00000007EE1477E8	0x0000000000000000	0x0000000000000000	0x000000005C28F5A0
30360184	0x000000082B851BA8	0x0000000000000000	0x0000000000000000	0x000000005EB851C8
30460180	0x0000000000000000	0x000000009C28F588	0x0000000100000000	0x0000000000000000
30460181	0x0000000000000000	0x00000000A8F5C250	0x00000001147AE0E0	0x0000000000000000
30460182	0x0000000000000000	0x00000000B333332F	0x0000000123D709D0	0x0000000000000000
30460183	0x0000000000000000	0x00000000B851EB40	0x000000012E147A70	0x0000000000000000
30460184	0x0000000000000000	0x00000000BD70A390	0x000000013851EB10	0x0000000000000000
30560180	0x0000000000000000	0x000000009C28F588	0x0000000100000000	0x0000000000000000
30560181	0x0000000000000000	0x00000000A8F5C250	0x00000001147AE0E0	0x0000000000000000
30560182	0x0000000000000000	0x00000000B333332F	0x0000000123D709D0	0x0000000000000000
30560183	0x0000000000000000	0x00000000B851EB40	0x000000012E147A70	0x0000000000000000
30560184	0x0000000000000000	0x00000000BD70A390	0x000000013851EB10	0x0000000000000000
30660180	0x0000000000000000	0x000000009C28F588	0x0000000100000000	0x0000000000000000
30660181	0x0000000000000000	0x00000000A8F5C250	0x00000001147AE0E0	0x0000000000000000
30660182	0x0000000000000000	0x00000000B333332F	0x0000000123D709D0	0x0000000000000000
30660183	0x0000000000000000	0x00000000B851EB40	0x000000012E147A70	0x0000000000000000
30660184	0x0000000000000000	0x00000000BD70A390	0x000000013851EB10	0x0000000000000000
21440010	0x0000000000000000	0x00000000E617A820	0x0000000000000000	0x00000000CC49B972
21440011	0x0000000000000000	0x0000000109B3B2E8	0x0000000000000000	0x00000000EBE75248
21440012	0x0000000000000000	0x00000001225ACE10	0x0000000000000000	0x0000000101CABF59
21440013	0x0000000000000000	0x0000000135877168	0x0000000000000000	0x0000000112D0C6C8
21450010	0x0000000000000000	0x00000000F68729E5	0x0000000000000000	0x00000000DAE146B1
21450011	0x0000000000000000	0x000000010C70EED0	0x0000000000000000	0x00000000EE560305
21450012	0x0000000000000000	0x000000011A231A58	0x0000000000000000	0x00000000FA7EDDF8
21450013	0x0000000000000000	0x00000001251809F8	0x0000000000000000	0x0000000104393B18
21450014	0x0000000000000000	0x000000012D4FDDDF	0x0000000000000000	0x000000010B851D83
21460010	0x0000000000000000	0x0000000135877168	0x0000000000000000	0x0000000112D0C6C8
21460011	0x0000000000000000	0x000000014E2E8C90	0x0000000000000000	0x0000000128B43801
21460012	0x0000000000000000	0x00000001615B2FE8	0x0000000000000000	0x0000000139BA3B48
21460013	0x0000000000000000	0x000000016F0D5B70	0x0000000000000000	0x0000000145E3527F
21460014	0x0000000000000000	0x000000017A024B10	0x0000000000000000	0x000000014F9DB0A9
21740010	0x0000000000000000	0x00000000EC8B4284	0x0000000000000000	0x00000000E1CABF7E
21740011	0x0000000000000000	0x000000011126E83D	0x0000000000000000	0x0000000104BC4D78
21740012	0x0000000000000000	0x000000012A7EF882	0x0000000000000000	0x000000011CED901F
21740013	0x0000000000000000	0x000000013E353E0D	0x0000000000000000	0x000000012147ADA8
21750010	0x0000000000000000	0x00000000FD70A378	0x0000000000000000	0x00000000F1EB8407
21750011	0x0000000000000000	0x0000000113F7CD9A	0x0000000000000000	0x00000001076C8A13
21750012	0x0000000000000000	0x00000001220C486B	0x0000000000000000	0x0000000114DD1048
21750013	0x0000000000000000	0x000000012D4FDDDF	0x0000000000000000	0x000000011F9D9228
21750014	0x0000000000000000	0x0000000135C28EE8	0x0000000000000000	0x0000000127AE1325
21760010	0x0000000000000000	0x000000013E353E0D	0x0000000000000000	0x000000012FBE54F8
21760011	0x0000000000000000	0x00000001578D4E52	0x0000000000000000	0x0000000147EF9C37
21760012	0x0000000000000000	0x000000016B4393DD	0x0000000000000000	0x000000015AC05C78
21760013	0x0000000000000000	0x0000000179580EAE	0x0000000000000000	0x0000000168312549
21760014	0x0000000000000000	0x00000001849BA422	0x0000000000000000	0x0000000172F1A84F
21250010	0x0000000000000000	0x00000000F68729E5	0x0000000000000000	0x00000000F1EB8407
21250011	0x0000000000000000	0x000000010C70EED0	0x0000000000000000	0x00000001076C8A13
21250012	0x0000000000000000	0x000000011A231A58	0x0000000000000000	0x0000000114DD1048
21250013	0x0000000000000000	0x00000001251809F8	0x0000000000000000	0x000000011F9D9228
21250014	0x0000000000000000	0x000000012D4FDDDF	0x0000000000000000	0x0000000127AE1325
21260010	0x0000000000000000	0x0000000135877168	0x0000000000000000	0x000000012FBE54F8
21260011	0x0000000000000000	0x000000014E2E8C90	0x0000000000000000	0x0000000147EF9C37
21260012	0x0000000000000000	0x00000001615B2FE8	0x0000000000000000	0x000000015AC05C78
21260013	0x0000000000000000	0x000000016F0D5B70	0x0000000000000000	0x0000000168312549
21260014	0x0000000000000000	0x000000017A024B10	0x0000000000000000	0x0000000172F1A84F
21550010	0x0000000000000000	0x00000000F1EB8407	0x0000000000000000	0x00000000E6666661
21550011	0x0000000000000000	0x00000001076C8A13	0x0000000000000000	0x00000000FAE14750
21550012	0x0000000000000000	0x0000000114DD1048	0x0000000000000000	0x0000000107AE1418
21550013	0x0000000000000000	0x000000011F9D9228	0x0000000000000000	0x0000000111EB84B8
21550014	0x0000000000000000	0x0000000127AE1325	0x0000000000000000	0x0000000119999993
21560010	0x0000000000000000	0x000000012FBE54F8	0x0000000000000000	0x000000012147ADA8
21560011	0x0000000000000000	0x0000000147EF9C37	0x0000000000000000	0x000000013851EB10
21560012	0x0000000000000000	0x000000015AC05C78	0x0000000000000000	0x000000014A3D7028
21560013	0x0000000000000000	0x0000000168312549	0x0000000000000000	0x00000001570A3CF0
21560014	0x0000000000000000	0x0000000172F1A84F	0x0000000000000000	0x000000016147AD90
21650010	0x0000000000000000	0x00000000EB020B3A	0x0000000000000000	0x00000000EB020B3A
21650011	0x0000000000000000	0x00000000FFE5ACA0	0x0000000000000000	0x00000000FFE5ACA0
21650012	0x0000000000000000	0x000000010CF40130	0x0000000000000000	0x000000010CF40130
21650013	0x0000000000000000	0x000000011765DE70	0x0000000000000000	0x000000011765DE70
21650014	0x0000000000000000	0x000000011F3B630E	0x0000000000000000	0x000000011F3B630E
21660010	0x0000000000000000	0x000000012710AA50	0x0000000000000000	0x000000012710AA50
21660011	0x0000000000000000	0x000000013E90DC20	0x0000000000000000	0x000000013E90DC20
21660012	0x0000000000000000	0x0000000150D81F50	0x0000000000000000	0x0000000150D81F50
21660013	0x0000000000000000	0x000000015DE673E0	0x0000000000000000	0x000000015DE673E0
21660014	0x0000000000000000	0x0000000168585120	0x0000000000000000	0x0000000168585120
30150530	0x0000000566666646	0x0000000000000000	0x0000000000000000	0x000000003D70A3C0
30150531	0x00000005D9999768	0x0000000000000000	0x0000000000000000	0x00000000428F5C10
30150532	0x000000062B851C68	0x0000000000000000	0x0000000000000000	0x00000000451EB838
30150533	0x0000000668F5C028	0x0000000000000000	0x0000000000000000	0x0000000047AE1460
30150534	0x0000000699999972	0x0000000000000000	0x0000000000000000	0x000000004A3D7088
30250530	0x0000000566666646	0x0000000000000000	0x0000000000000000	0x000000003D70A3C0
30250531	0x00000005D9999768	0x0000000000000000	0x0000000000000000	0x00000000428F5C10
30250532	0x000000062B851C68	0x0000000000000000	0x0000000000000000	0x00000000451EB838
30250533	0x0000000668F5C028	0x0000000000000000	0x0000000000000000	0x0000000047AE1460
30250534	0x0000000699999972	0x0000000000000000	0x0000000000000000	0x000000004A3D7088
30350530	0x0000000566666646	0x0000000000000000	0x0000000000000000	0x000000003D70A3C0
30350531	0x00000005D9999768	0x0000000000000000	0x0000000000000000	0x00000000428F5C10
30350532	0x000000062B851C68	0x0000000000000000	0x0000000000000000	0x00000000451EB838
30350533	0x0000000668F5C028	0x0000000000000000	0x0000000000000000	0x0000000047AE1460
30350534	0x0000000699999972	0x0000000000000000	0x0000000000000000	0x000000004A3D7088
30450530	0x0000000000000000	0x000000007AE14780	0x00000000CF5C28A8	0x0000000000000000
30450531	0x0000000000000000	0x00000000851EB820	0x00000000E147ADC0	0x0000000000000000
30450532	0x0000000000000000	0x000000008CCCCC98	0x00000000EE147A88	0x0000000000000000
30450533	0x0000000000000000	0x0000000091EB84E8	0x00000000F5C28F00	0x0000000000000000
30450534	0x0000000000000000	0x00000000970A3D38	0x00000000FD70A378	0x0000000000000000
30550530	0x0000000000000000	0x000000007AE14780	0x00000000CF5C28A8	0x0000000000000000
30550531	0x0000000000000000	0x00000000851EB820	0x00000000E147ADC0	0x0000000000000000
30550532	0x0000000000000000	0x000000008CCCCC98	0x00000000EE147A88	0x0000000000000000
30550533	0x0000000000000000	0x0000000091EB84E8	0x00000000F5C28F00	0x0000000000000000
30550534	0x0000000000000000	0x00000000970A3D38	0x00000000FD70A378	0x0000000000000000
30650530	0x0000000000000000	0x000000007AE14780	0x00000000CF5C28A8	0x0000000000000000
30650531	0x0000000000000000	0x00000000851EB820	0x00000000E147ADC0	0x0000000000000000
30650532	0x0000000000000000	0x000000008CCCCC98	0x00000000EE147A88	0x0000000000000000
30650533	0x0000000000000000	0x0000000091EB84E8	0x00000000F5C28F00	0x0000000000000000
30650534	0x0000000000000000	0x00000000970A3D38	0x00000000FD70A378	0x0000000000000000
30160190	0x00000006F3333098	0x0000000000000000	0x0000000000000000	0x000000004F5C28D8
30160191	0x0000000787AE11A8	0x0000000000000000	0x0000000000000000	0x0000000051EB8500
30160192	0x00000007F0A3D410	0x0000000000000000	0x0000000000000000	0x00000000570A3D50
30160193	0x000000083FFFFCE8	0x0000000000000000	0x0000000000000000	0x000000005C28F5A0
30160194	0x000000087FFFFFCD	0x0000000000000000	0x0000000000000000	0x000000005EB851C8
30260190	0x00000006F3333098	0x0000000000000000	0x0000000000000000	0x000000004F5C28D8
30260191	0x0000000787AE11A8	0x0000000000000000	0x0000000000000000	0x0000000051EB8500
30260192	0x00000007F0A3D410	0x0000000000000000	0x0000000000000000	0x00000000570A3D50
30260193	0x000000083FFFFCE8	0x0000000000000000	0x0000000000000000	0x000000005C28F5A0
30260194	0x000000087FFFFFCD	0x0000000000000000	0x0000000000000000	0x000000005EB851C8
30360190	0x00000006F3333098	0x0000000000000000	0x0000000000000000	0x000000004F5C28D8
30360191	0x0000000787AE11A8	0x0000000000000000	0x0000000000000000	0x0000000051EB8500
30360192	0x00000007F0A3D410	0x0000000000000000	0x0000000000000000	0x00000000570A3D50
30360193	0x000000083FFFFCE8	0x0000000000000000	0x0000000000000000	0x000000005C28F5A0
30360194	0x000000087FFFFFCD	0x0000000000000000	0x0000000000000000	0x000000005EB851C8
30460190	0x0000000000000000	0x0000000099999996	0x000000010A3D7040	0x0000000000000000
30460191	0x0000000000000000	0x00000000A6666628	0x0000000119999993	0x0000000000000000
30460192	0x0000000000000000	0x00000000B0A3D6C8	0x0000000128F5C220	0x0000000000000000
30460193	0x0000000000000000	0x00000000B5C28F18	0x000000013333332C	0x0000000000000000
30460194	0x0000000000000000	0x00000000BAE14768	0x000000013D70A360	0x0000000000000000
30560190	0x0000000000000000	0x0000000099999996	0x000000010A3D7040	0x0000000000000000
30560191	0x0000000000000000	0x00000000A6666628	0x0000000119999993	0x0000000000000000
30560192	0x0000000000000000	0x00000000B0A3D6C8	0x0000000128F5C220	0x0000000000000000
30560193	0x0000000000000000	0x00000000B5C28F18	0x000000013333332C	0x0000000000000000
30560194	0x0000000000000000	0x00000000BAE14768	0x000000013D70A360	0x0000000000000000
30660190	0x0000000000000000	0x0000000099999996	0x000000010A3D7040	0x0000000000000000
30660191	0x0000000000000000	0x00000000A6666628	0x0000000119999993	0x0000000000000000
30660192	0x0000000000000000	0x00000000B0A3D6C8	0x0000000128F5C220	0x0000000000000000
30660193	0x0000000000000000	0x00000000B5C28F18	0x000000013333332C	0x0000000000000000
30660194	0x0000000000000000	0x00000000BAE14768	0x000000013D70A360	0x0000000000000000
21840010	0x0000000000000000	0x00000000DFA42700	0x0000000000000000	0x00000000D70A3D20
21840011	0x0000000000000000	0x0000000102409AC0	0x0000000000000000	0x00000000F851EB28
21840012	0x0000000000000000	0x000000011A36C380	0x0000000000000000	0x000000010F5C2890
21840013	0x0000000000000000	0x000000012CD9C6C0	0x0000000000000000	0x000000012147ADA8
21850010	0x0000000000000000	0x00000000EF9DB118	0x0000000000000000	0x00000000E6666661
21850011	0x0000000000000000	0x0000000104EA2D80	0x0000000000000000	0x00000000FAE14750
21850012	0x0000000000000000	0x00000001123A0B40	0x0000000000000000	0x0000000107AE1418
21850013	0x0000000000000000	0x000000011CE05640	0x0000000000000000	0x0000000111EB84B8
21850014	0x0000000000000000	0x0000000124DD2DC8	0x0000000000000000	0x0000000119999993
21860010	0x0000000000000000	0x000000012CD9C6C0	0x0000000000000000	0x000000012147ADA8
21860011	0x0000000000000000	0x0000000144CFEF80	0x0000000000000000	0x000000013851EB10
21860012	0x0000000000000000	0x000000015772F2C0	0x0000000000000000	0x000000014A3D7028
21860013	0x0000000000000000	0x0000000164C2D080	0x0000000000000000	0x00000001570A3CF0
21860014	0x0000000000000000	0x000000016F691B80	0x0000000000000000	0x000000016147AD90
21940010	0x0000000000000000	0x00000000E83E2880	0x0000000000000000	0x00000000E1CABF7E
21940011	0x0000000000000000	0x000000010C2F65A0	0x0000000000000000	0x0000000104BC4D78
21940012	0x0000000000000000	0x0000000125117C40	0x0000000000000000	0x000000011CED901F
21940013	0x0000000000000000	0x00000001386BFFA0	0x0000000000000000	0x000000012FBE54F8
21950010	0x0000000000000000	0x00000000F8D4FCD4	0x0000000000000000	0x00000000F1EB8407
21950011	0x0000000000000000	0x000000010EF32F40	0x0000000000000000	0x00000001076C8A13
21950012	0x0000000000000000	0x000000011CC61F60	0x0000000000000000	0x0000000114DD1048
21950013	0x0000000000000000	0x0000000127D545E0	0x0000000000000000	0x000000011F9D9228
21950014	0x0000000000000000	0x000000013020C33C	0x0000000000000000	0x0000000127AE1325
21960010	0x0000000000000000	0x00000001386BFFA0	0x0000000000000000	0x000000012FBE54F8
21960011	0x0000000000000000	0x00000001514E1640	0x0000000000000000	0x0000000147EF9C37
21960012	0x0000000000000000	0x0000000164A899A0	0x0000000000000000	0x000000015AC05C78
21960013	0x0000000000000000	0x00000001727B89C0	0x0000000000000000	0x0000000168312549
21960014	0x0000000000000000	0x000000017D8AB040	0x0000000000000000	0x0000000172F1A84F
22040010	0x0000000000000000	0x00000000DB572640	0x0000000000000000	0x00000000DB572640
22040011	0x0000000000000000	0x00000000FD493550	0x0000000000000000	0x00000000FD493550
22040012	0x0000000000000000	0x0000000114C96720	0x0000000000000000	0x0000000114C96720
22040013	0x0000000000000000	0x000000012710AA50	0x0000000000000000	0x000000012147ADA8
22050010	0x0000000000000000	0x00000000EB020B3A	0x0000000000000000	0x00000000EB020B3A
22050011	0x0000000000000000	0x00000000FFE5ACA0	0x0000000000000000	0x00000000FFE5ACA0
22050012	0x0000000000000000	0x000000010CF40130	0x0000000000000000	0x000000010CF40130
22050013	0x0000000000000000	0x000000011765DE70	0x0000000000000000	0x000000011765DE70
22050014	0x0000000000000000	0x000000011F3B630E	0x0000000000000000	0x000000011F3B630E
22060010	0x0000000000000000	0x000000012710AA50	0x0000000000000000	0x000000012710AA50
22060011	0x0000000000000000	0x000000013E90DC20	0x0000000000000000	0x000000013E90DC20
22060012	0x0000000000000000	0x0000000150D81F50	0x0000000000000000	0x0000000150D81F50
22060013	0x0000000000000000	0x000000015DE673E0	0x0000000000000000	0x000000015DE673E0
22060014	0x0000000000000000	0x0000000168585120	0x0000000000000000	0x0000000168585120
22140010	0x0000000000000000	0x00000000DFA42700	0x0000000000000000	0x00000000D930A5E0
22140011	0x0000000000000000	0x0000000102409AC0	0x0000000000000000	0x00000000FACD8298
22140012	0x0000000000000000	0x000000011A36C380	0x0000000000000000	0x000000011212B8F0
22140013	0x0000000000000000	0x000000012CD9C6C0	0x0000000000000000	0x000000012147ADA8
22150010	0x0000000000000000	0x00000000EF9DB118	0x0000000000000000	0x00000000E8B4384B
22150011	0x0000000000000000	0x0000000104EA2D80	0x0000000000000000	0x00000000FD636C30
22150012	0x0000000000000000	0x00000001123A0B40	0x0000000000000000	0x000000010A50FC28
22150013	0x0000000000000000	0x000000011CE05640	0x0000000000000000	0x0000000114A8A288
22150014	0x0000000000000000	0x0000000124DD2DC8	0x0000000000000000	0x000000011C6A7DB1
22160010	0x0000000000000000	0x000000012CD9C6C0	0x0000000000000000	0x00000001242C1C18
22160011	0x0000000000000000	0x0000000144CFEF80	0x0000000000000000	0x000000013B715270
22160012	0x0000000000000000	0x000000015772F2C0	0x0000000000000000	0x000000014D8AB598
22160013	0x0000000000000000	0x0000000164C2D080	0x0000000000000000	0x000000015A784590
22160014	0x0000000000000000	0x000000016F691B80	0x0000000000000000	0x0000000164CFEBF0
22340010	0x0000000000000000	0x00000000DD7DA6A0	0x0000000000000000	0x00000000DB572640
22340011	0x0000000000000000	0x00000000FFC4E808	0x0000000000000000	0x00000000FD493550
22340012	0x0000000000000000	0x0000000117801550	0x0000000000000000	0x0000000114C96720
22340013	0x0000000000000000	0x0000000129F53888	0x0000000000000000	0x000000012147ADA8
22350010	0x0000000000000000	0x00000000ED4FDE29	0x0000000000000000	0x00000000EB020B3A
22350011	0x0000000000000000	0x000000010267ED10	0x0000000000000000	0x00000000FFE5ACA0
22350012	0x0000000000000000	0x000000010F970638	0x0000000000000000	0x000000010CF40130
22350013	0x0000000000000000	0x000000011A231A58	0x0000000000000000	0x000000011765DE70
22350014	0x0000000000000000	0x00000001220C486B	0x0000000000000000	0x000000011F3B630E
22360010	0x0000000000000000	0x0000000129F53888	0x0000000000000000	0x000000012710AA50
22360011	0x0000000000000000	0x0000000141B065D0	0x0000000000000000	0x000000013E90DC20
22360012	0x0000000000000000	0x0000000154258908	0x0000000000000000	0x0000000150D81F50
22360013	0x0000000000000000	0x000000016154A230	0x0000000000000000	0x000000015DE673E0
22360014	0x0000000000000000	0x000000016BE0B650	0x0000000000000000	0x0000000168585120
30160200	0x00000006D1EB8290	0x0000000000000000	0x0000000000000000	0x000000004CCCCCCB
30160201	0x000000076147AB50	0x0000000000000000	0x0000000000000000	0x0000000051EB8500
30160202	0x00000007CA3D6DB8	0x0000000000000000	0x0000000000000000	0x00000000570A3D50
30160203	0x00000008170A3A68	0x0000000000000000	0x0000000000000000	0x000000005C28F5A0
30160204	0x00000008547ADE28	0x0000000000000000	0x0000000000000000	0x000000005EB851C8
30260200	0x00000006D1EB8290	0x0000000000000000	0x0000000000000000	0x000000004CCCCCCB
30260201	0x000000076147AB50	0x0000000000000000	0x0000000000000000	0x0000000051EB8500
30260202	0x00000007CA3D6DB8	0x0000000000000000	0x0000000000000000	0x00000000570A3D50
30260203	0x00000008170A3A68	0x0000000000000000	0x0000000000000000	0x000000005C28F5A0
30260204	0x00000008547ADE28	0x0000000000000000	0x0000000000000000	0x000000005EB851C8
30360200	0x00000006D1EB8290	0x0000000000000000	0x0000000000000000	0x000000004CCCCCCB
30360201	0x000000076147AB50	0x0000000000000000	0x0000000000000000	0x0000000051EB8500
30360202	0x00000007CA3D6DB8	0x0000000000000000	0x0000000000000000	0x00000000570A3D50
30360203	0x00000008170A3A68	0x0000000000000000	0x0000000000000000	0x000000005C28F5A0
30360204	0x00000008547ADE28	0x0000000000000000	0x0000000000000000	0x000000005EB851C8
30460200	0x0000000000000000	0x000000009C28F588	0x00000001051EB7F0	0x0000000000000000
30460201	0x0000000000000000	0x00000000A8F5C250	0x0000000111EB84B8	0x0000000000000000
30460202	0x0000000000000000	0x00000000B333332F	0x000000012147ADA8	0x0000000000000000
30460203	0x0000000000000000	0x00000000B851EB40	0x0000000128F5C220	0x0000000000000000
30460204	0x0000000000000000	0x00000000BD70A390	0x000000013333332C	0x0000000000000000
30560200	0x0000000000000000	0x000000009C28F588	0x00000001051EB7F0	0x0000000000000000
30560201	0x0000000000000000	0x00000000A8F5C250	0x0000000111EB84B8	0x0000000000000000
30560202	0x0000000000000000	0x00000000B333332F	0x000000012147ADA8	0x0000000000000000
30560203	0x0000000000000000	0x00000000B851EB40	0x0000000128F5C220	0x0000000000000000
30560204	0x0000000000000000	0x00000000BD70A390	0x000000013333332C	0x0000000000000000
30660200	0x0000000000000000	0x000000009C28F588	0x00000001051EB7F0	0x0000000000000000
30660201	0x0000000000000000	0x00000000A8F5C250	0x0000000111EB84B8	0x0000000000000000
30660202	0x0000000000000000	0x00000000B333332F	0x000000012147ADA8	0x0000000000000000
30660203	0x0000000000000000	0x00000000B851EB40	0x0000000128F5C220	0x0000000000000000
30660204	0x0000000000000000	0x00000000BD70A390	0x000000013333332C	0x0000000000000000
30160210	0x00000006E3D707A8	0x0000000000000000	0x0000000000000000	0x000000004F5C28D8
30160211	0x0000000775C28C90	0x0000000000000000	0x0000000000000000	0x0000000051EB8500
30160212	0x00000007DC28F2D0	0x0000000000000000	0x0000000000000000	0x00000000570A3D50
30160213	0x000000082B851BA8	0x0000000000000000	0x0000000000000000	0x000000005C28F5A0
30160214	0x000000086B851B90	0x0000000000000000	0x0000000000000000	0x000000005EB851C8
30260210	0x00000006E3D707A8	0x0000000000000000	0x0000000000000000	0x000000004F5C28D8
30260211	0x0000000775C28C90	0x0000000000000000	0x0000000000000000	0x0000000051EB8500
30260212	0x00000007DC28F2D0	0x0000000000000000	0x0000000000000000	0x00000000570A3D50
30260213	0x000000082B851BA8	0x0000000000000000	0x0000000000000000	0x000000005C28F5A0
30260214	0x000000086B851B90	0x0000000000000000	0x0000000000000000	0x000000005EB851C8
30360210	0x00000006E3D707A8	0x0000000000000000	0x0000000000000000	0x000000004F5C28D8
30360211	0x0000000775C28C90	0x0000000000000000	0x0000000000000000	0x0000000051EB8500
30360212	0x00000007DC28F2D0	0x0000000000000000	0x0000000000000000	0x00000000570A3D50
30360213	0x000000082B851BA8	0x0000000000000000	0x0000000000000000	0x000000005C28F5A0
30360214	0x000000086B851B90	0x0000000000000000	0x0000000000000000	0x000000005EB851C8
30460210	0x0000000000000000	0x000000009C28F588	0x0000000107AE1418	0x0000000000000000
30460211	0x0000000000000000	0x00000000A8F5C250	0x0000000119999993	0x0000000000000000
30460212	0x0000000000000000	0x00000000B333332F	0x0000000128F5C220	0x0000000000000000
30460213	0x0000000000000000	0x00000000B851EB40	0x000000013333332C	0x0000000000000000
30460214	0x0000000000000000	0x00000000BD70A390	0x000000013D70A360	0x0000000000000000
30560210	0x0000000000000000	0x000000009C28F588	0x0000000107AE1418	0x0000000000000000
30560211	0x0000000000000000	0x00000000A8F5C250	0x0000000119999993	0x0000000000000000
30560212	0x0000000000000000	0x00000000B333332F	0x0000000128F5C220	0x0000000000000000
30560213	0x0000000000000000	0x00000000B851EB40	0x000000013333332C	0x0000000000000000
30560214	0x0000000000000000	0x00000000BD70A390	0x000000013D70A360	0x0000000000000000
30660210	0x0000000000000000	0x000000009C28F588	0x0000000107AE1418	0x0000000000000000
30660211	0x0000000000000000	0x00000000A8F5C250	0x0000000119999993	0x0000000000000000
30660212	0x0000000000000000	0x00000000B333332F	0x0000000128F5C220	0x0000000000000000
30660213	0x0000000000000000	0x00000000B851EB40	0x000000013333332C	0x0000000000000000
30660214	0x0000000000000000	0x00000000BD70A390	0x000000013D70A360	0x0000000000000000
30160220	0x00000006D1EB8290	0x0000000000000000	0x0000000000000000	0x000000004CCCCCCB
30160221	0x000000076147AB50	0x0000000000000000	0x0000000000000000	0x0000000051EB8500
30160222	0x00000007CA3D6DB8	0x0000000000000000	0x0000000000000000	0x00000000570A3D50
30160223	0x00000008170A3A68	0x0000000000000000	0x0000000000000000	0x000000005C28F5A0
30160224	0x00000008547ADE28	0x0000000000000000	0x0000000000000000	0x000000005EB851C8
30260220	0x00000006D1EB8290	0x0000000000000000	0x0000000000000000	0x000000004CCCCCCB
30260221	0x000000076147AB50	0x0000000000000000	0x0000000000000000	0x0000000051EB8500
30260222	0x00000007CA3D6DB8	0x0000000000000000	0x0000000000000000	0x00000000570A3D50
30260223	0x00000008170A3A68	0x0000000000000000	0x0000000000000000	0x000000005C28F5A0
30260224	0x00000008547ADE28	0x0000000000000000	0x0000000000000000	0x000000005EB851C8
30360220	0x00000006D1EB8290	0x0000000000000000	0x0000000000000000	0x000000004CCCCCCB
30360221	0x000000076147AB50	0x0000000000000000	0x0000000000000000	0x0000000051EB8500
30360222	0x00000007CA3D6DB8	0x0000000000000000	0x0000000000000000	0x00000000570A3D50
30360223	0x00000008170A3A68	0x0000000000000000	0x0000000000000000	0x000000005C28F5A0
30360224	0x00000008547ADE28	0x0000000000000000	0x0000000000000000	0x000000005EB851C8
30460220	0x0000000000000000	0x000000009EB851B0	0x00000001051EB7F0	0x0000000000000000
30460221	0x0000000000000000	0x00000000AE147AA0	0x00000001170A3D08	0x0000000000000000
30460222	0x0000000000000000	0x00000000B851EB40	0x00000001266665F8	0x0000000000000000
30460223	0x0000000000000000	0x00000000BD70A390	0x0000000130A3D698	0x0000000000000000
30460224	0x0000000000000000	0x00000000C28F5BE0	0x000000013AE14738	0x0000000000000000
30560220	0x0000000000000000	0x000000009EB851B0	0x00000001051EB7F0	0x0000000000000000
30560221	0x0000000000000000	0x00000000AE147AA0	0x00000001170A3D08	0x0000000000000000
30560222	0x0000000000000000	0x00000000B851EB40	0x00000001266665F8	0x0000000000000000
30560223	0x0000000000000000	0x00000000BD70A390	0x0000000130A3D698	0x0000000000000000
30560224	0x0000000000000000	0x00000000C28F5BE0	0x000000013AE14738	0x0000000000000000
30660220	0x0000000000000000	0x000000009EB851B0	0x00000001051EB7F0	0x0000000000000000
30660221	0x0000000000000000	0x00000000AE147AA0	0x00000001170A3D08	0x0000000000000000
30660222	0x0000000000000000	0x00000000B851EB40	0x00000001266665F8	0x0000000000000000
30660223	0x0000000000000000	0x00000000BD70A390	0x0000000130A3D698	0x0000000000000000
30660224	0x0000000000000000	0x00000000C28F5BE0	0x000000013AE14738	0x0000000000000000
22240010	0x0000000000000000	0x00000000E617A820	0x0000000000000000	0x00000000D70A3D20
22240011	0x0000000000000000	0x0000000109B3B2E8	0x0000000000000000	0x00000000F851EB28
22240012	0x0000000000000000	0x00000001225ACE10	0x0000000000000000	0x000000010F5C2890
22240013	0x0000000000000000	0x0000000135877168	0x0000000000000000	0x000000012147ADA8
22250010	0x0000000000000000	0x00000000F68729E5	0x0000000000000000	0x00000000E6666661
22250011	0x0000000000000000	0x000000010C70EED0	0x0000000000000000	0x00000000FAE14750
22250012	0x0000000000000000	0x000000011A231A58	0x0000000000000000	0x0000000107AE1418
22250013	0x0000000000000000	0x00000001251809F8	0x0000000000000000	0x0000000111EB84B8
22250014	0x0000000000000000	0x000000012D4FDDDF	0x0000000000000000	0x0000000119999993
22260010	0x0000000000000000	0x0000000135877168	0x0000000000000000	0x000000012147ADA8
22260011	0x0000000000000000	0x000000014E2E8C90	0x0000000000000000	0x000000013851EB10
22260012	0x0000000000000000	0x00000001615B2FE8	0x0000000000000000	0x000000014A3D7028
22260013	0x0000000000000000	0x000000016F0D5B70	0x0000000000000000	0x00000001570A3CF0
22260014	0x0000000000000000	0x000000017A024B10	0x0000000000000000	0x000000016147AD90
30160230	0x00000006BFFFFD78	0x0000000000000000	0x0000000000000000	0x000000004CCCCCCB
30160231	0x000000074F5C2638	0x0000000000000000	0x0000000000000000	0x0000000051EB8500
30160232	0x00000007B5C28C78	0x0000000000000000	0x0000000000000000	0x00000000570A3D50
30160233	0x00000008028F5928	0x0000000000000000	0x0000000000000000	0x000000005C28F5A0
30160234	0x000000083FFFFCE8	0x0000000000000000	0x0000000000000000	0x000000005EB851C8
30260230	0x00000006BFFFFD78	0x0000000000000000	0x0000000000000000	0x000000004CCCCCCB
30260231	0x000000074F5C2638	0x0000000000000000	0x0000000000000000	0x0000000051EB8500
30260232	0x00000007B5C28C78	0x0000000000000000	0x0000000000000000	0x00000000570A3D50
30260233	0x00000008028F5928	0x0000000000000000	0x0000000000000000	0x000000005C28F5A0
30260234	0x000000083FFFFCE8	0x0000000000000000	0x0000000000000000	0x000000005EB851C8
30360230	0x00000006BFFFFD78	0x0000000000000000	0x0000000000000000	0x000000004CCCCCCB
30360231	0x000000074F5C2638	0x0000000000000000	0x0000000000000000	0x0000000051EB8500
30360232	0x00000007B5C28C78	0x0000000000000000	0x0000000000000000	0x00000000570A3D50
30360233	0x00000008028F5928	0x0000000000000000	0x0000000000000000	0x000000005C28F5A0
30360234	0x000000083FFFFCE8	0x0000000000000000	0x0000000000000000	0x000000005EB851C8
30460230	0x0000000000000000	0x0000000099999996	0x00000001028F5BC8	0x0000000000000000
30460231	0x0000000000000000	0x00000000A6666628	0x0000000119999993	0x0000000000000000
30460232	0x0000000000000000	0x00000000B0A3D6C8	0x0000000128F5C220	0x0000000000000000
30460233	0x0000000000000000	0x00000000B5C28F18	0x000000013333332C	0x0000000000000000
30460234	0x0000000000000000	0x00000000BAE14768	0x000000013D70A360	0x0000000000000000
30560230	0x0000000000000000	0x0000000099999996	0x00000001028F5BC8	0x0000000000000000
30560231	0x0000000000000000	0x00000000A6666628	0x0000000119999993	0x0000000000000000
30560232	0x0000000000000000	0x00000000B0A3D6C8	0x0000000128F5C220	0x0000000000000000
30560233	0x0000000000000000	0x00000000B5C28F18	0x000000013333332C	0x0000000000000000
30560234	0x0000000000000000	0x00000000BAE14768	0x000000013D70A360	0x0000000000000000
30660230	0x0000000000000000	0x0000000099999996	0x00000001028F5BC8	0x0000000000000000
30660231	0x0000000000000000	0x00000000A6666628	0x0000000119999993	0x0000000000000000
30660232	0x0000000000000000	0x00000000B0A3D6C8	0x0000000128F5C220	0x0000000000000000
30660233	0x0000000000000000	0x00000000B5C28F18	0x000000013333332C	0x0000000000000000
30660234	0x0000000000000000	0x00000000BAE14768	0x000000013D70A360	0x0000000000000000
30150570	0x0000000566666646	0x0000000000000000	0x0000000000000000	0x000000003D70A3C0
30150571	0x00000005D9999768	0x0000000000000000	0x0000000000000000	0x00000000428F5C10
30150572	0x000000062B851C68	0x0000000000000000	0x0000000000000000	0x00000000451EB838
30150573	0x0000000668F5C028	0x0000000000000000	0x0000000000000000	0x0000000047AE1460
30150574	0x0000000699999972	0x0000000000000000	0x0000000000000000	0x000000004A3D7088
30250570	0x0000000566666646	0x0000000000000000	0x0000000000000000	0x000000003D70A3C0
30250571	0x00000005D9999768	0x0000000000000000	0x0000000000000000	0x00000000428F5C10
30250572	0x000000062B851C68	0x0000000000000000	0x0000000000000000	0x00000000451EB838
30250573	0x0000000668F5C028	0x0000000000000000	0x0000000000000000	0x0000000047AE1460
30250574	0x0000000699999972	0x0000000000000000	0x0000000000000000	0x000000004A3D7088
30350570	0x0000000566666646	0x0000000000000000	0x0000000000000000	0x000000003D70A3C0
30350571	0x00000005D9999768	0x0000000000000000	0x0000000000000000	0x00000000428F5C10
30350572	0x000000062B851C68	0x0000000000000000	0x0000000000000000	0x00000000451EB838
30350573	0x0000000668F5C028	0x0000000000000000	0x0000000000000000	0x0000000047AE1460
30350574	0x0000000699999972	0x0000000000000000	0x0000000000000000	0x000000004A3D7088
30450570	0x0000000000000000	0x000000007AE14780	0x00000000CF5C28A8	0x0000000000000000
30450571	0x0000000000000000	0x00000000851EB820	0x00000000E147ADC0	0x0000000000000000
30450572	0x0000000000000000	0x000000008CCCCC98	0x00000000EE147A88	0x0000000000000000
30450573	0x0000000000000000	0x0000000091EB84E8	0x00000000F5C28F00	0x0000000000000000
30450574	0x0000000000000000	0x00000000970A3D38	0x00000000FD70A378	0x0000000000000000
30550570	0x0000000000000000	0x000000007AE14780	0x00000000CF5C28A8	0x0000000000000000
30550571	0x0000000000000000	0x00000000851EB820	0x00000000E147ADC0	0x0000000000000000
30550572	0x0000000000000000	0x000000008CCCCC98	0x00000000EE147A88	0x0000000000000000
30550573	0x0000000000000000	0x0000000091EB84E8	0x00000000F5C28F00	0x0000000000000000
30550574	0x0000000000000000	0x00000000970A3D38	0x00000000FD70A378	0x0000000000000000
30650570	0x0000000000000000	0x000000007AE14780	0x00000000CF5C28A8	0x0000000000000000
30650571	0x0000000000000000	0x00000000851EB820	0x00000000E147ADC0	0x0000000000000000
30650572	0x0000000000000000	0x000000008CCCCC98	0x00000000EE147A88	0x0000000000000000
30650573	0x0000000000000000	0x0000000091EB84E8	0x00000000F5C28F00	0x0000000000000000
30650574	0x0000000000000000	0x00000000970A3D38	0x00000000FD70A378	0x0000000000000000
22440010	0x0000000000000000	0x00000000EA64A8E0	0x0000000000000000	0x00000000D70A3D20
22440011	0x0000000000000000	0x000000010EAB1858	0x0000000000000000	0x00000000F851EB28
22440012	0x0000000000000000	0x0000000127C82A70	0x0000000000000000	0x000000010F5C2890
22440013	0x0000000000000000	0x000000013B508DD8	0x0000000000000000	0x000000012147ADA8
22450010	0x0000000000000000	0x00000000FB22CFC3	0x0000000000000000	0x00000000E6666661
22450011	0x0000000000000000	0x0000000111756FB0	0x0000000000000000	0x00000000FAE14750
22450012	0x0000000000000000	0x000000011F692468	0x0000000000000000	0x0000000107AE1418
22450013	0x0000000000000000	0x000000012A9281C8	0x0000000000000000	0x0000000111EB84B8
22450014	0x0000000000000000	0x0000000132F1A899	0x0000000000000000	0x0000000119999993
22460010	0x0000000000000000	0x000000013B508DD8	0x0000000000000000	0x000000012147ADA8
22460011	0x0000000000000000	0x00000001546D9FF0	0x0000000000000000	0x000000013851EB10
22460012	0x0000000000000000	0x0000000167F60358	0x0000000000000000	0x000000014A3D7028
22460013	0x0000000000000000	0x0000000175E9B810	0x0000000000000000	0x00000001570A3CF0
22460014	0x0000000000000000	0x0000000181131570	0x0000000000000000	0x000000016147AD90
30160240	0x00000006BFFFFD78	0x0000000000000000	0x0000000000000000	0x000000004CCCCCCB
30160241	0x000000074F5C2638	0x0000000000000000	0x0000000000000000	0x0000000051EB8500
30160242	0x00000007B5C28C78	0x0000000000000000	0x0000000000000000	0x00000000570A3D50
30160243	0x00000008028F5928	0x0000000000000000	0x0000000000000000	0x000000005C28F5A0
30160244	0x000000083FFFFCE8	0x0000000000000000	0x0000000000000000	0x000000005EB851C8
30260240	0x00000006BFFFFD78	0x0000000000000000	0x0000000000000000	0x000000004CCCCCCB
30260241	0x000000074F5C2638	0x0000000000000000	0x0000000000000000	0x0000000051EB8500
30260242	0x00000007B5C28C78	0x0000000000000000	0x0000000000000000	0x00000000570A3D50
30260243	0x00000008028F5928	0x0000000000000000	0x0000000000000000	0x000000005C28F5A0
30260244	0x000000083FFFFCE8	0x0000000000000000	0x0000000000000000	0x000000005EB851C8
30360240	0x00000006BFFFFD78	0x0000000000000000	0x0000000000000000	0x000000004CCCCCCB
30360241	0x000000074F5C2638	0x0000000000000000	0x0000000000000000	0x0000000051EB8500
30360242	0x00000007B5C28C78	0x0000000000000000	0x0000000000000000	0x00000000570A3D50
30360243	0x00000008028F5928	0x0000000000000000	0x0000000000000000	0x000000005C28F5A0
30360244	0x000000083FFFFCE8	0x0000000000000000	0x0000000000000000	0x000000005EB851C8
30460240	0x0000000000000000	0x0000000099999996	0x00000001028F5BC8	0x0000000000000000
30460241	0x0000000000000000	0x00000000A6666628	0x0000000119999993	0x0000000000000000
30460242	0x0000000000000000	0x00000000B0A3D6C8	0x0000000128F5C220	0x0000000000000000
30460243	0x0000000000000000	0x00000000B5C28F18	0x000000013333332C	0x0000000000000000
30460244	0x0000000000000000	0x00000000BAE14768	0x000000013D70A360	0x0000000000000000
30560240	0x0000000000000000	0x0000000099999996	0x00000001028F5BC8	0x0000000000000000
30560241	0x0000000000000000	0x00000000A6666628	0x0000000119999993	0x0000000000000000
30560242	0x0000000000000000	0x00000000B0A3D6C8	0x0000000128F5C220	0x0000000000000000
30560243	0x0000000000000000	0x00000000B5C28F18	0x000000013333332C	0x0000000000000000
30560244	0x0000000000000000	0x00000000BAE14768	0x000000013D70A360	0x0000000000000000
30660240	0x0000000000000000	0x0000000099999996	0x00000001028F5BC8	0x0000000000000000
30660241	0x0000000000000000	0x00000000A6666628	0x0000000119999993	0x0000000000000000
30660242	0x0000000000000000	0x00000000B0A3D6C8	0x0000000128F5C220	0x0000000000000000
30660243	0x0000000000000000	0x00000000B5C28F18	0x000000013333332C	0x0000000000000000
30660244	0x0000000000000000	0x00000000BAE14768	0x000000013D70A360	0x0000000000000000
22540010	0x0000000000000000	0x00000000E3F127C0	0x0000000000000000	0x00000000DB572640
22540011	0x0000000000000000	0x0000000107380030	0x0000000000000000	0x00000000FD493550
22540012	0x0000000000000000	0x000000011FA41FE0	0x0000000000000000	0x0000000114C96720
22540013	0x0000000000000000	0x0000000132A2E330	0x0000000000000000	0x000000012147ADA8
22550010	0x0000000000000000	0x00000000F43956F6	0x0000000000000000	0x00000000EB020B3A
22550011	0x0000000000000000	0x0000000109EEAE60	0x0000000000000000	0x00000000FFE5ACA0
22550012	0x0000000000000000	0x0000000117801550	0x0000000000000000	0x000000010CF40130
22550013	0x0000000000000000	0x00000001225ACE10	0x0000000000000000	0x000000011765DE70
22550014	0x0000000000000000	0x000000012A7EF882	0x0000000000000000	0x000000011F3B630E
22560010	0x0000000000000000	0x0000000132A2E330	0x0000000000000000	0x000000012710AA50
22560011	0x0000000000000000	0x000000014B0F02E0	0x0000000000000000	0x000000013E90DC20
22560012	0x0000000000000000	0x000000015E0DC630	0x0000000000000000	0x0000000150D81F50
22560013	0x0000000000000000	0x000000016B9F2D20	0x0000000000000000	0x000000015DE673E0
22560014	0x0000000000000000	0x000000017679E5E0	0x0000000000000000	0x0000000168585120
30160250	0x00000006E3D707A8	0x0000000000000000	0x0000000000000000	0x000000004F5C28D8
30160251	0x0000000775C28C90	0x0000000000000000	0x0000000000000000	0x0000000051EB8500
30160252	0x00000007DC28F2D0	0x0000000000000000	0x0000000000000000	0x00000000570A3D50
30160253	0x000000082B851BA8	0x0000000000000000	0x0000000000000000	0x000000005C28F5A0
30160254	0x000000086B851B90	0x0000000000000000	0x0000000000000000	0x000000005EB851C8
30260250	0x00000006E3D707A8	0x0000000000000000	0x0000000000000000	0x000000004F5C28D8
30260251	0x0000000775C28C90	0x0000000000000000	0x0000000000000000	0x0000000051EB8500
30260252	0x00000007DC28F2D0	0x0000000000000000	0x0000000000000000	0x00000000570A3D50
30260253	0x000000082B851BA8	0x0000000000000000	0x0000000000000000	0x000000005C28F5A0
30260254	0x000000086B851B90	0x0000000000000000	0x0000000000000000	0x000000005EB851C8
30360250	0x00000006E3D707A8	0x0000000000000000	0x0000000000000000	0x000000004F5C28D8
30360251	0x0000000775C28C90	0x0000000000000000	0x0000000000000000	0x0000000051EB8500
30360252	0x00000007DC28F2D0	0x0000000000000000	0x0000000000000000	0x00000000570A3D50
30360253	0x000000082B851BA8	0x0000000000000000	0x0000000000000000	0x000000005C28F5A0
30360254	0x000000086B851B90	0x0000000000000000	0x0000000000000000	0x000000005EB851C8
30460250	0x0000000000000000	0x000000009C28F588	0x0000000107AE1418	0x0000000000000000
30460251	0x0000000000000000	0x00000000A8F5C250	0x00000001170A3D08	0x0000000000000000
30460252	0x0000000000000000	0x00000000B333332F	0x00000001266665F8	0x0000000000000000
30460253	0x0000000000000000	0x00000000B851EB40	0x0000000130A3D698	0x0000000000000000
30460254	0x0000000000000000	0x00000000BD70A390	0x000000013AE14738	0x0000000000000000
30560250	0x0000000000000000	0x000000009C28F588	0x0000000107AE1418	0x0000000000000000
30560251	0x0000000000000000	0x00000000A8F5C250	0x00000001170A3D08	0x0000000000000000
30560252	0x0000000000000000	0x00000000B333332F	0x00000001266665F8	0x0000000000000000
30560253	0x0000000000000000	0x00000000B851EB40	0x0000000130A3D698	0x0000000000000000
30560254	0x0000000000000000	0x00000000BD70A390	0x000000013AE14738	0x0000000000000000
30660250	0x0000000000000000	0x000000009C28F588	0x0000000107AE1418	0x0000000000000000
30660251	0x0000000000000000	0x00000000A8F5C250	0x00000001170A3D08	0x0000000000000000
30660252	0x0000000000000000	0x00000000B333332F	0x00000001266665F8	0x0000000000000000
30660253	0x0000000000000000	0x00000000B851EB40	0x0000000130A3D698	0x0000000000000000
30660254	0x0000000000000000	0x00000000BD70A390	0x000000013AE14738	0x0000000000000000
30150580	0x0000000566666646	0x0000000000000000	0x0000000000000000	0x000000003D70A3C0
30150581	0x00000005D9999768	0x0000000000000000	0x0000000000000000	0x00000000428F5C10
30150582	0x000000062B851C68	0x0000000000000000	0x0000000000000000	0x00000000451EB838
30150583	0x0000000668F5C028	0x0000000000000000	0x0000000000000000	0x0000000047AE1460
30150584	0x0000000699999972	0x0000000000000000	0x0000000000000000	0x000000004A3D7088
30250580	0x0000000566666646	0x0000000000000000	0x0000000000000000	0x000000003D70A3C0
30250581	0x00000005D9999768	0x0000000000000000	0x0000000000000000	0x00000000428F5C10
30250582	0x000000062B851C68	0x0000000000000000	0x0000000000000000	0x00000000451EB838
30250583	0x0000000668F5C028	0x0000000000000000	0x0000000000000000	0x0000000047AE1460
30250584	0x0000000699999972	0x0000000000000000	0x0000000000000000	0x000000004A3D7088
30350580	0x0000000566666646	0x0000000000000000	0x0000000000000000	0x000000003D70A3C0
30350581	0x00000005D9999768	0x0000000000000000	0x0000000000000000	0x00000000428F5C10
30350582	0x000000062B851C68	0x0000000000000000	0x0000000000000000	0x00000000451EB838
30350583	0x0000000668F5C028	0x0000000000000000	0x0000000000000000	0x0000000047AE1460
30350584	0x0000000699999972	0x0000000000000000	0x0000000000000000	0x000000004A3D7088
30450580	0x0000000000000000	0x000000007AE14780	0x00000000CF5C28A8	0x0000000000000000
30450581	0x0000000000000000	0x00000000851EB820	0x00000000E147ADC0	0x0000000000000000
30450582	0x0000000000000000	0x000000008CCCCC98	0x00000000EE147A88	0x0000000000000000
30450583	0x0000000000000000	0x0000000091EB84E8	0x00000000F5C28F00	0x0000000000000000
30450584	0x0000000000000000	0x00000000970A3D38	0x00000000FD70A378	0x0000000000000000
30550580	0x0000000000000000	0x000000007AE14780	0x00000000CF5C28A8	0x0000000000000000
30550581	0x0000000000000000	0x00000000851EB820	0x00000000E147ADC0	0x0000000000000000
30550582	0x0000000000000000	0x000000008CCCCC98	0x00000000EE147A88	0x0000000000000000
30550583	0x0000000000000000	0x0000000091EB84E8	0x00000000F5C28F00	0x0000000000000000
30550584	0x0000000000000000	0x00000000970A3D38	0x00000000FD70A378	0x0000000000000000
30650580	0x0000000000000000	0x000000007AE14780	0x00000000CF5C28A8	0x0000000000000000
30650581	0x0000000000000000	0x00000000851EB820	0x00000000E147ADC0	0x0000000000000000
30650582	0x0000000000000000	0x000000008CCCCC98	0x00000000EE147A88	0x0000000000000000
30650583	0x0000000000000000	0x0000000091EB84E8	0x00000000F5C28F00	0x0000000000000000
30650584	0x0000000000000000	0x00000000970A3D38	0x00000000FD70A378	0x0000000000000000
22640010	0x0000000000000000	0x00000000E3F127C0	0x0000000000000000	0x00000000E83E2880
22640011	0x0000000000000000	0x0000000107380030	0x0000000000000000	0x000000010C2F65A0
22640012	0x0000000000000000	0x000000011FA41FE0	0x0000000000000000	0x0000000125117C40
22640013	0x0000000000000000	0x0000000132A2E330	0x0000000000000000	0x00000001386BFFA0
22650010	0x0000000000000000	0x00000000F43956F6	0x0000000000000000	0x00000000F8D4FCD4
22650011	0x0000000000000000	0x0000000109EEAE60	0x0000000000000000	0x000000010EF32F40
22650012	0x0000000000000000	0x0000000117801550	0x0000000000000000	0x000000011CC61F60
22650013	0x0000000000000000	0x00000001225ACE10	0x0000000000000000	0x0000000127D545E0
22650014	0x0000000000000000	0x000000012A7EF882	0x0000000000000000	0x000000013020C33C
22660010	0x0000000000000000	0x0000000132A2E330	0x0000000000000000	0x00000001386BFFA0
22660011	0x0000000000000000	0x000000014B0F02E0	0x0000000000000000	0x00000001514E1640
22660012	0x0000000000000000	0x000000015E0DC630	0x0000000000000000	0x0000000164A899A0
22660013	0x0000000000000000	0x000000016B9F2D20	0x0000000000000000	0x00000001727B89C0
22660014	0x0000000000000000	0x000000017679E5E0	0x0000000000000000	0x000000017D8AB040
30160260	0x00000006BFFFFD78	0x0000000000000000	0x0000000000000000	0x000000004CCCCCCB
30160261	0x000000074F5C2638	0x0000000000000000	0x0000000000000000	0x0000000051EB8500
30160262	0x00000007B5C28C78	0x0000000000000000	0x0000000000000000	0x00000000570A3D50
30160263	0x00000008028F5928	0x0000000000000000	0x0000000000000000	0x000000005C28F5A0
30160264	0x000000083FFFFCE8	0x0000000000000000	0x0000000000000000	0x000000005EB851C8
30260260	0x00000006BFFFFD78	0x0000000000000000	0x0000000000000000	0x000000004CCCCCCB
30260261	0x000000074F5C2638	0x0000000000000000	0x0000000000000000	0x0000000051EB8500
30260262	0x00000007B5C28C78	0x0000000000000000	0x0000000000000000	0x00000000570A3D50
30260263	0x00000008028F5928	0x0000000000000000	0x0000000000000000	0x000000005C28F5A0
30260264	0x000000083FFFFCE8	0x0000000000000000	0x0000000000000000	0x000000005EB851C8
30360260	0x00000006BFFFFD78	0x0000000000000000	0x0000000000000000	0x000000004CCCCCCB
30360261	0x000000074F5C2638	0x0000000000000000	0x0000000000000000	0x0000000051EB8500
30360262	0x00000007B5C28C78	0x0000000000000000	0x0000000000000000	0x00000000570A3D50
30360263	0x00000008028F5928	0x0000000000000000	0x0000000000000000	0x000000005C28F5A0
30360264	0x000000083FFFFCE8	0x0000000000000000	0x0000000000000000	0x000000005EB851C8
30460260	0x0000000000000000	0x0000000099999996	0x00000001028F5BC8	0x0000000000000000
30460261	0x0000000000000000	0x00000000A6666628	0x0000000119999993	0x0000000000000000
30460262	0x0000000000000000	0x00000000B0A3D6C8	0x0000000128F5C220	0x0000000000000000
30460263	0x0000000000000000	0x00000000B5C28F18	0x000000013333332C	0x0000000000000000
30460264	0x0000000000000000	0x00000000BAE14768	0x000000013D70A360	0x0000000000000000
30560260	0x0000000000000000	0x0000000099999996	0x00000001028F5BC8	0x0000000000000000
30560261	0x0000000000000000	0x00000000A6666628	0x0000000119999993	0x0000000000000000
30560262	0x0000000000000000	0x00000000B0A3D6C8	0x0000000128F5C220	0x0000000000000000
30560263	0x0000000000000000	0x00000000B5C28F18	0x000000013333332C	0x0000000000000000
30560264	0x0000000000000000	0x00000000BAE14768	0x000000013D70A360	0x0000000000000000
30660260	0x0000000000000000	0x0000000099999996	0x00000001028F5BC8	0x0000000000000000
30660261	0x0000000000000000	0x00000000A6666628	0x0000000119999993	0x0000000000000000
30660262	0x0000000000000000	0x00000000B0A3D6C8	0x0000000128F5C220	0x0000000000000000
30660263	0x0000000000000000	0x00000000B5C28F18	0x000000013333332C	0x0000000000000000
30660264	0x0000000000000000	0x00000000BAE14768	0x000000013D70A360	0x0000000000000000
22740010	0x0000000000000000	0x00000000E617A820	0x0000000000000000	0x00000000CC49B972
22740011	0x0000000000000000	0x0000000109B3B2E8	0x0000000000000000	0x00000000EBE75248
22740012	0x0000000000000000	0x00000001225ACE10	0x0000000000000000	0x0000000101CABF59
22740013	0x0000000000000000	0x0000000135877168	0x0000000000000000	0x000000012147ADA8
22750010	0x0000000000000000	0x00000000F68729E5	0x0000000000000000	0x00000000DAE146B1
22750011	0x0000000000000000	0x000000010C70EED0	0x0000000000000000	0x00000000EE560305
22750012	0x0000000000000000	0x000000011A231A58	0x0000000000000000	0x00000000FA7EDDF8
22750013	0x0000000000000000	0x00000001251809F8	0x0000000000000000	0x0000000104393B18
22750014	0x0000000000000000	0x000000012D4FDDDF	0x0000000000000000	0x000000010B851D83
22760010	0x0000000000000000	0x0000000135877168	0x0000000000000000	0x0000000112D0C6C8
22760011	0x0000000000000000	0x000000014E2E8C90	0x0000000000000000	0x0000000128B43801
22760012	0x0000000000000000	0x00000001615B2FE8	0x0000000000000000	0x0000000139BA3B48
22760013	0x0000000000000000	0x000000016F0D5B70	0x0000000000000000	0x0000000145E3527F
22760014	0x0000000000000000	0x000000017A024B10	0x0000000000000000	0x000000014F9DB0A9
30160270	0x00000006D1EB8290	0x0000000000000000	0x0000000000000000	0x000000004CCCCCCB
30160271	0x000000076147AB50	0x0000000000000000	0x0000000000000000	0x000000004F5C28D8
30160272	0x00000007CA3D6DB8	0x0000000000000000	0x0000000000000000	0x00000000547AE128
30160273	0x00000008170A3A68	0x0000000000000000	0x0000000000000000	0x0000000059999978
30160274	0x00000008547ADE28	0x0000000000000000	0x0000000000000000	0x000000005C28F5A0
30260270	0x00000006D1EB8290	0x0000000000000000	0x0000000000000000	0x000000004CCCCCCB
30260271	0x000000076147AB50	0x0000000000000000	0x0000000000000000	0x000000004F5C28D8
30260272	0x00000007CA3D6DB8	0x0000000000000000	0x0000000000000000	0x00000000547AE128
30260273	0x00000008170A3A68	0x0000000000000000	0x0000000000000000	0x0000000059999978
30260274	0x00000008547ADE28	0x0000000000000000	0x0000000000000000	0x000000005C28F5A0
30360270	0x00000006D1EB8290	0x0000000000000000	0x0000000000000000	0x000000004CCCCCCB
30360271	0x000000076147AB50	0x0000000000000000	0x0000000000000000	0x000000004F5C28D8
30360272	0x00000007CA3D6DB8	0x0000000000000000	0x0000000000000000	0x00000000547AE128
30360273	0x00000008170A3A68	0x0000000000000000	0x0000000000000000	0x0000000059999978
30360274	0x00000008547ADE28	0x0000000000000000	0x0000000000000000	0x000000005C28F5A0
30460270	0x0000000000000000	0x000000009C28F588	0x00000001051EB7F0	0x0000000000000000
30460271	0x0000000000000000	0x00000000A8F5C250	0x000000011C28F558	0x0000000000000000
30460272	0x0000000000000000	0x00000000B333332F	0x000000012B851E48	0x0000000000000000
30460273	0x0000000000000000	0x00000000B851EB40	0x0000000135C28EE8	0x0000000000000000
30460274	0x0000000000000000	0x00000000BD70A390	0x000000013FFFFF88	0x0000000000000000
30560270	0x0000000000000000	0x000000009C28F588	0x00000001051EB7F0	0x0000000000000000
30560271	0x0000000000000000	0x00000000A8F5C250	0x000000011C28F558	0x0000000000000000
30560272	0x0000000000000000	0x00000000B333332F	0x000000012B851E48	0x0000000000000000
30560273	0x0000000000000000	0x00000000B851EB40	0x0000000135C28EE8	0x0000000000000000
30560274	0x0000000000000000	0x00000000BD70A390	0x000000013FFFFF88	0x0000000000000000
30660270	0x0000000000000000	0x000000009C28F588	0x00000001051EB7F0	0x0000000000000000
30660271	0x0000000000000000	0x00000000A8F5C250	0x000000011C28F558	0x0000000000000000
30660272	0x0000000000000000	0x00000000B333332F	0x000000012B851E48	0x0000000000000000
30660273	0x0000000000000000	0x00000000B851EB40	0x0000000135C28EE8	0x0000000000000000
30660274	0x0000000000000000	0x00000000BD70A390	0x000000013FFFFF88	0x0000000000000000
20960030	0x0000000000000000	0x000000013E353E0D	0x0000000000000000	0x0000000112D0C6C8
20960031	0x0000000000000000	0x00000001578D4E52	0x0000000000000000	0x0000000128B43801
20960032	0x0000000000000000	0x000000016B4393DD	0x0000000000000000	0x0000000139BA3B48
20960033	0x0000000000000000	0x0000000179580EAE	0x0000000000000000	0x0000000145E3527F
20960034	0x0000000000000000	0x00000001849BA422	0x0000000000000000	0x000000014F9DB0A9
30160280	0x00000006E3D707A8	0x0000000000000000	0x0000000000000000	0x000000004CCCCCCB
30160281	0x0000000775C28C90	0x0000000000000000	0x0000000000000000	0x000000004F5C28D8
30160282	0x00000007DC28F2D0	0x0000000000000000	0x0000000000000000	0x0000000051EB8500
30160283	0x000000082B851BA8	0x0000000000000000	0x0000000000000000	0x00000000570A3D50
30160284	0x000000086B851B90	0x0000000000000000	0x0000000000000000	0x0000000059999978
30260280	0x00000006E3D707A8	0x0000000000000000	0x0000000000000000	0x000000004CCCCCCB
30260281	0x0000000775C28C90	0x0000000000000000	0x0000000000000000	0x000000004F5C28D8
30260282	0x00000007DC28F2D0	0x0000000000000000	0x0000000000000000	0x0000000051EB8500
30260283	0x000000082B851BA8	0x0000000000000000	0x0000000000000000	0x00000000570A3D50
30260284	0x000000086B851B90	0x0000000000000000	0x0000000000000000	0x0000000059999978
30360280	0x00000006E3D707A8	0x0000000000000000	0x0000000000000000	0x000000004CCCCCCB
30360281	0x0000000775C28C90	0x0000000000000000	0x0000000000000000	0x000000004F5C28D8
30360282	0x00000007DC28F2D0	0x0000000000000000	0x0000000000000000	0x0000000051EB8500
30360283	0x000000082B851BA8	0x0000000000000000	0x0000000000000000	0x00000000570A3D50
30360284	0x000000086B851B90	0x0000000000000000	0x0000000000000000	0x0000000059999978
30460280	0x0000000000000000	0x000000009EB851B0	0x0000000107AE1418	0x0000000000000000
30460281	0x0000000000000000	0x00000000AB851E78	0x0000000119999993	0x0000000000000000
30460282	0x0000000000000000	0x00000000B5C28F18	0x0000000128F5C220	0x0000000000000000
30460283	0x0000000000000000	0x00000000BAE14768	0x000000013333332C	0x0000000000000000
30460284	0x0000000000000000	0x00000000BFFFFFB8	0x000000013D70A360	0x0000000000000000
30560280	0x0000000000000000	0x000000009EB851B0	0x0000000107AE1418	0x0000000000000000
30560281	0x0000000000000000	0x00000000AB851E78	0x0000000119999993	0x0000000000000000
30560282	0x0000000000000000	0x00000000B5C28F18	0x0000000128F5C220	0x0000000000000000
30560283	0x0000000000000000	0x00000000BAE14768	0x000000013333332C	0x0000000000000000
30560284	0x0000000000000000	0x00000000BFFFFFB8	0x000000013D70A360	0x0000000000000000
30660280	0x0000000000000000	0x000000009EB851B0	0x0000000107AE1418	0x0000000000000000
30660281	0x0000000000000000	0x00000000AB851E78	0x0000000119999993	0x0000000000000000
30660282	0x0000000000000000	0x00000000B5C28F18	0x0000000128F5C220	0x0000000000000000
30660283	0x0000000000000000	0x00000000BAE14768	0x000000013333332C	0x0000000000000000
30660284	0x0000000000000000	0x00000000BFFFFFB8	0x000000013D70A360	0x0000000000000000
22840010	0x0000000000000000	0x00000000E1CABF7E	0x0000000000000000	0x00000000D70A3D20
22840011	0x0000000000000000	0x0000000104BC4D78	0x0000000000000000	0x00000000F851EB28
22840012	0x0000000000000000	0x000000011CED901F	0x0000000000000000	0x000000010F5C2890
22840013	0x0000000000000000	0x000000012FBE54F8	0x0000000000000000	0x000000012147ADA8
22850010	0x0000000000000000	0x00000000F1EB8407	0x0000000000000000	0x00000000E6666661
22850011	0x0000000000000000	0x00000001076C8A13	0x0000000000000000	0x00000000FAE14750
22850012	0x0000000000000000	0x0000000114DD1048	0x0000000000000000	0x0000000107AE1418
22850013	0x0000000000000000	0x000000011F9D9228	0x0000000000000000	0x0000000111EB84B8
22850014	0x0000000000000000	0x0000000127AE1325	0x0000000000000000	0x0000000119999993
22860010	0x0000000000000000	0x000000012FBE54F8	0x0000000000000000	0x000000012147ADA8
22860011	0x0000000000000000	0x0000000147EF9C37	0x0000000000000000	0x000000013851EB10
22860012	0x0000000000000000	0x000000015AC05C78	0x0000000000000000	0x000000014A3D7028
22860013	0x0000000000000000	0x0000000168312549	0x0000000000000000	0x00000001570A3CF0
22860014	0x0000000000000000	0x0000000172F1A84F	0x0000000000000000	0x000000016147AD90
30160290	0x00000006D1EB8290	0x0000000000000000	0x0000000000000000	0x000000004CCCCCCB
30160291	0x000000076147AB50	0x0000000000000000	0x0000000000000000	0x000000004F5C28D8
30160292	0x00000007CA3D6DB8	0x0000000000000000	0x0000000000000000	0x0000000051EB8500
30160293	0x00000008170A3A68	0x0000000000000000	0x0000000000000000	0x00000000570A3D50
30160294	0x00000008547ADE28	0x0000000000000000	0x0000000000000000	0x0000000059999978
30260290	0x00000006D1EB8290	0x0000000000000000	0x0000000000000000	0x000000004CCCCCCB
30260291	0x000000076147AB50	0x0000000000000000	0x0000000000000000	0x000000004F5C28D8
30260292	0x00000007CA3D6DB8	0x0000000000000000	0x0000000000000000	0x0000000051EB8500
30260293	0x00000008170A3A68	0x0000000000000000	0x0000000000000000	0x00000000570A3D50
30260294	0x00000008547ADE28	0x0000000000000000	0x0000000000000000	0x0000000059999978
30360290	0x00000006D1EB8290	0x0000000000000000	0x0000000000000000	0x000000004CCCCCCB
30360291	0x000000076147AB50	0x0000000000000000	0x0000000000000000	0x000000004F5C28D8
30360292	0x00000007CA3D6DB8	0x0000000000000000	0x0000000000000000	0x0000000051EB8500
30360293	0x00000008170A3A68	0x0000000000000000	0x0000000000000000	0x00000000570A3D50
30360294	0x00000008547ADE28	0x0000000000000000	0x0000000000000000	0x0000000059999978
30460290	0x0000000000000000	0x000000009C28F588	0x00000001051EB7F0	0x0000000000000000
30460291	0x0000000000000000	0x00000000A8F5C250	0x000000011EB85180	0x0000000000000000
30460292	0x0000000000000000	0x00000000B333332F	0x000000012E147A70	0x0000000000000000
30460293	0x0000000000000000	0x00000000B851EB40	0x000000013851EB10	0x0000000000000000
30460294	0x0000000000000000	0x00000000BD70A390	0x00000001428F5BB0	0x0000000000000000
30560290	0x0000000000000000	0x000000009C28F588	0x00000001051EB7F0	0x0000000000000000
30560291	0x0000000000000000	0x00000000A8F5C250	0x000000011EB85180	0x0000000000000000
30560292	0x0000000000000000	0x00000000B333332F	0x000000012E147A70	0x0000000000000000
30560293	0x0000000000000000	0x00000000B851EB40	0x000000013851EB10	0x0000000000000000
30560294	0x0000000000000000	0x00000000BD70A390	0x00000001428F5BB0	0x0000000000000000
30660290	0x0000000000000000	0x000000009C28F588	0x00000001051EB7F0	0x0000000000000000
30660291	0x0000000000000000	0x00000000A8F5C250	0x000000011EB85180	0x0000000000000000
30660292	0x0000000000000000	0x00000000B333332F	0x000000012E147A70	0x0000000000000000
30660293	0x0000000000000000	0x00000000B851EB40	0x000000013851EB10	0x0000000000000000
30660294	0x0000000000000000	0x00000000BD70A390	0x00000001428F5BB0	0x0000000000000000
30180530	0x0000000566666646	0x0000000000000000	0x0000000000000000	0x000000003D70A3C0
30180531	0x00000005D9999768	0x0000000000000000	0x0000000000000000	0x00000000428F5C10
30180532	0x000000062B851C68	0x0000000000000000	0x0000000000000000	0x00000000451EB838
30180533	0x0000000668F5C028	0x0000000000000000	0x0000000000000000	0x0000000047AE1460
30180534	0x0000000699999972	0x0000000000000000	0x0000000000000000	0x000000004A3D7088
30280530	0x0000000566666646	0x0000000000000000	0x0000000000000000	0x000000003D70A3C0
30280531	0x00000005D9999768	0x0000000000000000	0x0000000000000000	0x00000000428F5C10
30280532	0x000000062B851C68	0x0000000000000000	0x0000000000000000	0x00000000451EB838
30280533	0x0000000668F5C028	0x0000000000000000	0x0000000000000000	0x0000000047AE1460
30280534	0x0000000699999972	0x0000000000000000	0x0000000000000000	0x000000004A3D7088
30380530	0x0000000566666646	0x0000000000000000	0x0000000000000000	0x000000003D70A3C0
30380531	0x00000005D9999768	0x0000000000000000	0x0000000000000000	0x00000000428F5C10
30380532	0x000000062B851C68	0x0000000000000000	0x0000000000000000	0x00000000451EB838
30380533	0x0000000668F5C028	0x0000000000000000	0x0000000000000000	0x0000000047AE1460
30380534	0x0000000699999972	0x0000000000000000	0x0000000000000000	0x000000004A3D7088
30480530	0x0000000000000000	0x000000007AE14780	0x00000000CF5C28A8	0x0000000000000000
30480531	0x0000000000000000	0x00000000851EB820	0x00000000E147ADC0	0x0000000000000000
30480532	0x0000000000000000	0x000000008CCCCC98	0x00000000EE147A88	0x0000000000000000
30480533	0x0000000000000000	0x0000000091EB84E8	0x00000000F5C28F00	0x0000000000000000
30480534	0x0000000000000000	0x00000000970A3D38	0x00000000FD70A378	0x0000000000000000
30580530	0x0000000000000000	0x000000007AE14780	0x00000000CF5C28A8	0x0000000000000000
30580531	0x0000000000000000	0x00000000851EB820	0x00000000E147ADC0	0x0000000000000000
30580532	0x0000000000000000	0x000000008CCCCC98	0x00000000EE147A88	0x0000000000000000
30580533	0x0000000000000000	0x0000000091EB84E8	0x00000000F5C28F00	0x0000000000000000
30580534	0x0000000000000000	0x00000000970A3D38	0x00000000FD70A378	0x0000000000000000
30680530	0x0000000000000000	0x000000007AE14780	0x00000000CF5C28A8	0x0000000000000000
30680531	0x0000000000000000	0x00000000851EB820	0x00000000E147ADC0	0x0000000000000000
30680532	0x0000000000000000	0x000000008CCCCC98	0x00000000EE147A88	0x0000000000000000
30680533	0x0000000000000000	0x0000000091EB84E8	0x00000000F5C28F00	0x0000000000000000
30680534	0x0000000000000000	0x00000000970A3D38	0x00000000FD70A378	0x0000000000000000
22940010	0x0000000000000000	0x00000000EC8B4284	0x0000000000000000	0x00000000CC49B972
22940011	0x0000000000000000	0x000000011126E83D	0x0000000000000000	0x00000000EBE75248
22940012	0x0000000000000000	0x000000012A7EF882	0x0000000000000000	0x0000000101CABF59
22940013	0x0000000000000000	0x000000013E353E0D	0x0000000000000000	0x000000012147ADA8
22950010	0x0000000000000000	0x00000000FD70A378	0x0000000000000000	0x00000000DAE146B1
22950011	0x0000000000000000	0x0000000113F7CD9A	0x0000000000000000	0x00000000EE560305
22950012	0x0000000000000000	0x00000001220C486B	0x0000000000000000	0x00000000FA7EDDF8
22950013	0x0000000000000000	0x000000012D4FDDDF	0x0000000000000000	0x0000000104393B18
22950014	0x0000000000000000	0x0000000135C28EE8	0x0000000000000000	0x000000010B851D83
22960010	0x0000000000000000	0x000000013E353E0D	0x0000000000000000	0x0000000112D0C6C8
22960011	0x0000000000000000	0x00000001578D4E52	0x0000000000000000	0x0000000128B43801
22960012	0x0000000000000000	0x000000016B4393DD	0x0000000000000000	0x0000000139BA3B48
22960013	0x0000000000000000	0x0000000179580EAE	0x0000000000000000	0x0000000145E3527F
22960014	0x0000000000000000	0x00000001849BA422	0x0000000000000000	0x000000014F9DB0A9
30160300	0x00000006BFFFFD78	0x0000000000000000	0x0000000000000000	0x000000004CCCCCCB
30160301	0x000000074F5C2638	0x0000000000000000	0x0000000000000000	0x0000000051EB8500
30160302	0x00000007B5C28C78	0x0000000000000000	0x0000000000000000	0x00000000570A3D50
30160303	0x00000008028F5928	0x0000000000000000	0x0000000000000000	0x000000005C28F5A0
30160304	0x000000083FFFFCE8	0x0000000000000000	0x0000000000000000	0x000000005EB851C8
30260300	0x00000006BFFFFD78	0x0000000000000000	0x0000000000000000	0x000000004CCCCCCB
30260301	0x000000074F5C2638	0x0000000000000000	0x0000000000000000	0x0000000051EB8500
30260302	0x00000007B5C28C78	0x0000000000000000	0x0000000000000000	0x00000000570A3D50
30260303	0x00000008028F5928	0x0000000000000000	0x0000000000000000	0x000000005C28F5A0
30260304	0x000000083FFFFCE8	0x0000000000000000	0x0000000000000000	0x000000005EB851C8
30360300	0x00000006BFFFFD78	0x0000000000000000	0x0000000000000000	0x000000004CCCCCCB
30360301	0x000000074F5C2638	0x0000000000000000	0x0000000000000000	0x0000000051EB8500
30360302	0x00000007B5C28C78	0x0000000000000000	0x0000000000000000	0x00000000570A3D50
30360303	0x00000008028F5928	0x0000000000000000	0x0000000000000000	0x000000005C28F5A0
30360304	0x000000083FFFFCE8	0x0000000000000000	0x0000000000000000	0x000000005EB851C8
30460300	0x0000000000000000	0x0000000099999996	0x00000001028F5BC8	0x0000000000000000
30460301	0x0000000000000000	0x00000000A6666628	0x0000000119999993	0x0000000000000000
30460302	0x0000000000000000	0x00000000B0A3D6C8	0x0000000128F5C220	0x0000000000000000
30460303	0x0000000000000000	0x00000000B5C28F18	0x000000013333332C	0x0000000000000000
30460304	0x0000000000000000	0x00000000BAE14768	0x000000013D70A360	0x0000000000000000
30560300	0x0000000000000000	0x0000000099999996	0x00000001028F5BC8	0x0000000000000000
30560301	0x0000000000000000	0x00000000A6666628	0x0000000119999993	0x0000000000000000
30560302	0x0000000000000000	0x00000000B0A3D6C8	0x0000000128F5C220	0x0000000000000000
30560303	0x0000000000000000	0x00000000B5C28F18	0x000000013333332C	0x0000000000000000
30560304	0x0000000000000000	0x00000000BAE14768	0x000000013D70A360	0x0000000000000000
30660300	0x0000000000000000	0x0000000099999996	0x00000001028F5BC8	0x0000000000000000
30660301	0x0000000000000000	0x00000000A6666628	0x0000000119999993	0x0000000000000000
30660302	0x0000000000000000	0x00000000B0A3D6C8	0x0000000128F5C220	0x0000000000000000
30660303	0x0000000000000000	0x00000000B5C28F18	0x000000013333332C	0x0000000000000000
30660304	0x0000000000000000	0x00000000BAE14768	0x000000013D70A360	0x0000000000000000
30190500	0x0000000566666646	0x0000000000000000	0x0000000000000000	0x000000003D70A3C0
30190501	0x00000005D9999768	0x0000000000000000	0x0000000000000000	0x00000000428F5C10
30190502	0x000000062B851C68	0x0000000000000000	0x0000000000000000	0x00000000451EB838
30190503	0x0000000668F5C028	0x0000000000000000	0x0000000000000000	0x0000000047AE1460
30190504	0x0000000699999972	0x0000000000000000	0x0000000000000000	0x000000004A3D7088
30290500	0x0000000566666646	0x0000000000000000	0x0000000000000000	0x000000003D70A3C0
30290501	0x00000005D9999768	0x0000000000000000	0x0000000000000000	0x00000000428F5C10
30290502	0x000000062B851C68	0x0000000000000000	0x0000000000000000	0x00000000451EB838
30290503	0x0000000668F5C028	0x0000000000000000	0x0000000000000000	0x0000000047AE1460
30290504	0x0000000699999972	0x0000000000000000	0x0000000000000000	0x000000004A3D7088
30390500	0x0000000566666646	0x0000000000000000	0x0000000000000000	0x000000003D70A3C0
30390501	0x00000005D9999768	0x0000000000000000	0x0000000000000000	0x00000000428F5C10
30390502	0x000000062B851C68	0x0000000000000000	0x0000000000000000	0x00000000451EB838
30390503	0x0000000668F5C028	0x0000000000000000	0x0000000000000000	0x0000000047AE1460
30390504	0x0000000699999972	0x0000000000000000	0x0000000000000000	0x000000004A3D7088
30490500	0x0000000000000000	0x000000007D70A3A8	0x00000000CF5C28A8	0x0000000000000000
30490501	0x0000000000000000	0x0000000087AE1448	0x00000000DC28F570	0x0000000000000000
30490502	0x0000000000000000	0x000000008F5C28C0	0x00000000E8F5C238	0x0000000000000000
30490503	0x0000000000000000	0x00000000947AE110	0x00000000F0A3D6B0	0x0000000000000000
30490504	0x0000000000000000	0x0000000099999996	0x00000000F851EB28	0x0000000000000000
30590500	0x0000000000000000	0x000000007D70A3A8	0x00000000CF5C28A8	0x0000000000000000
30590501	0x0000000000000000	0x0000000087AE1448	0x00000000DC28F570	0x0000000000000000
30590502	0x0000000000000000	0x000000008F5C28C0	0x00000000E8F5C238	0x0000000000000000
30590503	0x0000000000000000	0x00000000947AE110	0x00000000F0A3D6B0	0x0000000000000000
30590504	0x0000000000000000	0x0000000099999996	0x00000000F851EB28	0x0000000000000000
30690500	0x0000000000000000	0x000000007D70A3A8	0x00000000CF5C28A8	0x0000000000000000
30690501	0x0000000000000000	0x0000000087AE1448	0x00000000DC28F570	0x0000000000000000
30690502	0x0000000000000000	0x000000008F5C28C0	0x00000000E8F5C238	0x0000000000000000
30690503	0x0000000000000000	0x00000000947AE110	0x00000000F0A3D6B0	0x0000000000000000
30690504	0x0000000000000000	0x0000000099999996	0x00000000F851EB28	0x0000000000000000
23040010	0x0000000000000000	0x00000000E83E2880	0x0000000000000000	0x00000000D70A3D20
23040011	0x0000000000000000	0x000000010C2F65A0	0x0000000000000000	0x00000000F851EB28
23040012	0x0000000000000000	0x0000000125117C40	0x0000000000000000	0x000000010F5C2890
23040013	0x0000000000000000	0x00000001386BFFA0	0x0000000000000000	0x000000012147ADA8
23050010	0x0000000000000000	0x00000000F8D4FCD4	0x0000000000000000	0x00000000E6666661
23050011	0x0000000000000000	0x000000010EF32F40	0x0000000000000000	0x00000000FAE14750
23050012	0x0000000000000000	0x000000011CC61F60	0x0000000000000000	0x0000000107AE1418
23050013	0x0000000000000000	0x0000000127D545E0	0x0000000000000000	0x0000000111EB84B8
23050014	0x0000000000000000	0x000000013020C33C	0x0000000000000000	0x0000000119999993
23060010	0x0000000000000000	0x00000001386BFFA0	0x0000000000000000	0x000000012147ADA8
23060011	0x0000000000000000	0x00000001514E1640	0x0000000000000000	0x000000013851EB10
23060012	0x0000000000000000	0x0000000164A899A0	0x0000000000000000	0x000000014A3D7028
23060013	0x0000000000000000	0x00000001727B89C0	0x0000000000000000	0x00000001570A3CF0
23060014	0x0000000000000000	0x000000017D8AB040	0x0000000000000000	0x000000016147AD90
30160310	0x00000006BFFFFD78	0x0000000000000000	0x0000000000000000	0x000000004CCCCCCB
30160311	0x000000074F5C2638	0x0000000000000000	0x0000000000000000	0x0000000051EB8500
30160312	0x00000007B5C28C78	0x0000000000000000	0x0000000000000000	0x00000000570A3D50
30160313	0x00000008028F5928	0x0000000000000000	0x0000000000000000	0x000000005C28F5A0
30160314	0x000000083FFFFCE8	0x0000000000000000	0x0000000000000000	0x000000005EB851C8
30260310	0x00000006BFFFFD78	0x0000000000000000	0x0000000000000000	0x000000004CCCCCCB
30260311	0x000000074F5C2638	0x0000000000000000	0x0000000000000000	0x0000000051EB8500
30260312	0x00000007B5C28C78	0x0000000000000000	0x0000000000000000	0x00000000570A3D50
30260313	0x00000008028F5928	0x0000000000000000	0x0000000000000000	0x000000005C28F5A0
30260314	0x000000083FFFFCE8	0x0000000000000000	0x0000000000000000	0x000000005EB851C8
30360310	0x00000006BFFFFD78	0x0000000000000000	0x0000000000000000	0x000000004CCCCCCB
30360311	0x000000074F5C2638	0x0000000000000000	0x0000000000000000	0x0000000051EB8500
30360312	0x00000007B5C28C78	0x0000000000000000	0x0000000000000000	0x00000000570A3D50
30360313	0x00000008028F5928	0x0000000000000000	0x0000000000000000	0x000000005C28F5A0
30360314	0x000000083FFFFCE8	0x0000000000000000	0x0000000000000000	0x000000005EB851C8
30460310	0x0000000000000000	0x0000000099999996	0x00000001028F5BC8	0x0000000000000000
30460311	0x0000000000000000	0x00000000A6666628	0x0000000119999993	0x0000000000000000
30460312	0x0000000000000000	0x00000000B0A3D6C8	0x0000000128F5C220	0x0000000000000000
30460313	0x0000000000000000	0x00000000B5C28F18	0x000000013333332C	0x0000000000000000
30460314	0x0000000000000000	0x00000000BAE14768	0x000000013D70A360	0x0000000000000000
30560310	0x0000000000000000	0x0000000099999996	0x00000001028F5BC8	0x0000000000000000
30560311	0x0000000000000000	0x00000000A6666628	0x0000000119999993	0x0000000000000000
30560312	0x0000000000000000	0x00000000B0A3D6C8	0x0000000128F5C220	0x0000000000000000
30560313	0x0000000000000000	0x00000000B5C28F18	0x000000013333332C	0x0000000000000000
30560314	0x0000000000000000	0x00000000BAE14768	0x000000013D70A360	0x0000000000000000
30660310	0x0000000000000000	0x0000000099999996	0x00000001028F5BC8	0x0000000000000000
30660311	0x0000000000000000	0x00000000A6666628	0x0000000119999993	0x0000000000000000
30660312	0x0000000000000000	0x00000000B0A3D6C8	0x0000000128F5C220	0x0000000000000000
30660313	0x0000000000000000	0x00000000B5C28F18	0x000000013333332C	0x0000000000000000
30660314	0x0000000000000000	0x00000000BAE14768	0x000000013D70A360	0x0000000000000000
23140010	0x0000000000000000	0x00000000DFA42700	0x0000000000000000	0x00000000D70A3D20
23140011	0x0000000000000000	0x0000000102409AC0	0x0000000000000000	0x00000000F851EB28
23140012	0x0000000000000000	0x000000011A36C380	0x0000000000000000	0x000000010F5C2890
23140013	0x0000000000000000	0x000000012CD9C6C0	0x0000000000000000	0x000000012147ADA8
23150010	0x0000000000000000	0x00000000EF9DB118	0x0000000000000000	0x00000000E6666661
23150011	0x0000000000000000	0x0000000104EA2D80	0x0000000000000000	0x00000000FAE14750
23150012	0x0000000000000000	0x00000001123A0B40	0x0000000000000000	0x0000000107AE1418
23150013	0x0000000000000000	0x000000011CE05640	0x0000000000000000	0x0000000111EB84B8
23150014	0x0000000000000000	0x0000000124DD2DC8	0x0000000000000000	0x0000000119999993
23160010	0x0000000000000000	0x000000012CD9C6C0	0x0000000000000000	0x000000012147ADA8
23160011	0x0000000000000000	0x0000000144CFEF80	0x0000000000000000	0x000000013851EB10
23160012	0x0000000000000000	0x000000015772F2C0	0x0000000000000000	0x000000014A3D7028
23160013	0x0000000000000000	0x0000000164C2D080	0x0000000000000000	0x00000001570A3CF0
23160014	0x0000000000000000	0x000000016F691B80	0x0000000000000000	0x000000016147AD90
23240010	0x0000000000000000	0x00000000EEB1A9A0	0x0000000000000000	0x00000000D096A460
23240011	0x0000000000000000	0x0000000113A27DC8	0x0000000000000000	0x00000000F0DEB7B8
23240012	0x0000000000000000	0x000000012D3586D0	0x0000000000000000	0x0000000107380030
23240013	0x0000000000000000	0x000000014119AA48	0x0000000000000000	0x000000012147ADA8
23250010	0x0000000000000000	0x00000000FFBE75A1	0x0000000000000000	0x00000000DF7CEC8F
23250011	0x0000000000000000	0x000000011679F090	0x0000000000000000	0x00000000F35A6A70
23250012	0x0000000000000000	0x0000000124AF2E78	0x0000000000000000	0x00000000FFC4E808
23250013	0x0000000000000000	0x00000001300CF998	0x0000000000000000	0x0000000109B3B2E8
23250014	0x0000000000000000	0x0000000138937353	0x0000000000000000	0x000000011126E83D
23260010	0x0000000000000000	0x000000014119AA48	0x0000000000000000	0x000000011899E338
23260011	0x0000000000000000	0x000000015AACB350	0x0000000000000000	0x000000012EF32BB0
23260012	0x0000000000000000	0x000000016E90D6C8	0x0000000000000000	0x0000000140550EB8
23260013	0x0000000000000000	0x000000017CC614B0	0x0000000000000000	0x000000014CBF8C50
23260014	0x0000000000000000	0x000000018823DFD0	0x0000000000000000	0x0000000156AE5730
30160320	0x00000006BFFFFD78	0x0000000000000000	0x0000000000000000	0x000000004CCCCCCB
30160321	0x000000074F5C2638	0x0000000000000000	0x0000000000000000	0x0000000051EB8500
30160322	0x00000007B5C28C78	0x0000000000000000	0x0000000000000000	0x00000000570A3D50
30160323	0x00000008028F5928	0x0000000000000000	0x0000000000000000	0x000000005C28F5A0
30160324	0x000000083FFFFCE8	0x0000000000000000	0x0000000000000000	0x000000005EB851C8
30260320	0x00000006BFFFFD78	0x0000000000000000	0x0000000000000000	0x000000004CCCCCCB
30260321	0x000000074F5C2638	0x0000000000000000	0x0000000000000000	0x0000000051EB8500
30260322	0x00000007B5C28C78	0x0000000000000000	0x0000000000000000	0x00000000570A3D50
30260323	0x00000008028F5928	0x0000000000000000	0x0000000000000000	0x000000005C28F5A0
30260324	0x000000083FFFFCE8	0x0000000000000000	0x0000000000000000	0x000000005EB851C8
30360320	0x00000006BFFFFD78	0x0000000000000000	0x0000000000000000	0x000000004CCCCCCB
30360321	0x000000074F5C2638	0x0000000000000000	0x0000000000000000	0x0000000051EB8500
30360322	0x00000007B5C28C78	0x0000000000000000	0x0000000000000000	0x00000000570A3D50
30360323	0x00000008028F5928	0x0000000000000000	0x0000000000000000	0x000000005C28F5A0
30360324	0x000000083FFFFCE8	0x0000000000000000	0x0000000000000000	0x000000005EB851C8
30460320	0x0000000000000000	0x0000000099999996	0x00000001028F5BC8	0x0000000000000000
30460321	0x0000000000000000	0x00000000A6666628	0x0000000119999993	0x0000000000000000
30460322	0x0000000000000000	0x00000000B0A3D6C8	0x0000000128F5C220	0x0000000000000000
30460323	0x0000000000000000	0x00000000B5C28F18	0x000000013333332C	0x0000000000000000
30460324	0x0000000000000000	0x00000000BAE14768	0x000000013D70A360	0x0000000000000000
30560320	0x0000000000000000	0x0000000099999996	0x00000001028F5BC8	0x0000000000000000
30560321	0x0000000000000000	0x00000000A6666628	0x0000000119999993	0x0000000000000000
30560322	0x0000000000000000	0x00000000B0A3D6C8	0x0000000128F5C220	0x0000000000000000
30560323	0x0000000000000000	0x00000000B5C28F18	0x000000013333332C	0x0000000000000000
30560324	0x0000000000000000	0x00000000BAE14768	0x000000013D70A360	0x0000000000000000
30660320	0x0000000000000000	0x0000000099999996	0x00000001028F5BC8	0x0000000000000000
30660321	0x0000000000000000	0x00000000A6666628	0x0000000119999993	0x0000000000000000
30660322	0x0000000000000000	0x00000000B0A3D6C8	0x0000000128F5C220	0x0000000000000000
30660323	0x0000000000000000	0x00000000B5C28F18	0x000000013333332C	0x0000000000000000
30660324	0x0000000000000000	0x00000000BAE14768	0x000000013D70A360	0x0000000000000000
23340010	0x0000000000000000	0x00000000EC8B4284	0x0000000000000000	0x00000000D70A3D20
23340011	0x0000000000000000	0x000000011126E83D	0x0000000000000000	0x00000000F851EB28
23340012	0x0000000000000000	0x000000012A7EF882	0x0000000000000000	0x000000010F5C2890
23340013	0x0000000000000000	0x000000013E353E0D	0x0000000000000000	0x000000012147ADA8
23350010	0x0000000000000000	0x00000000FD70A378	0x0000000000000000	0x00000000E6666661
23350011	0x0000000000000000	0x0000000113F7CD9A	0x0000000000000000	0x00000000FAE14750
23350012	0x0000000000000000	0x00000001220C486B	0x0000000000000000	0x0000000107AE1418
23350013	0x0000000000000000	0x000000012D4FDDDF	0x0000000000000000	0x0000000111EB84B8
23350014	0x0000000000000000	0x0000000135C28EE8	0x0000000000000000	0x0000000119999993
23360010	0x0000000000000000	0x000000013E353E0D	0x0000000000000000	0x000000012147ADA8
23360011	0x0000000000000000	0x00000001578D4E52	0x0000000000000000	0x000000013851EB10
23360012	0x0000000000000000	0x000000016B4393DD	0x0000000000000000	0x000000014A3D7028
23360013	0x0000000000000000	0x0000000179580EAE	0x0000000000000000	0x00000001570A3CF0
23360014	0x0000000000000000	0x00000001849BA422	0x0000000000000000	0x000000016147AD90
30160330	0x00000006BFFFFD78	0x0000000000000000	0x0000000000000000	0x000000004CCCCCCB
30160331	0x000000074F5C2638	0x0000000000000000	0x0000000000000000	0x0000000051EB8500
30160332	0x00000007B5C28C78	0x0000000000000000	0x0000000000000000	0x00000000570A3D50
30160333	0x00000008028F5928	0x0000000000000000	0x0000000000000000	0x000000005C28F5A0
30160334	0x000000083FFFFCE8	0x0000000000000000	0x0000000000000000	0x000000005EB851C8
30260330	0x00000006BFFFFD78	0x0000000000000000	0x0000000000000000	0x000000004CCCCCCB
30260331	0x000000074F5C2638	0x0000000000000000	0x0000000000000000	0x0000000051EB8500
30260332	0x00000007B5C28C78	0x0000000000000000	0x0000000000000000	0x00000000570A3D50
30260333	0x00000008028F5928	0x0000000000000000	0x0000000000000000	0x000000005C28F5A0
30260334	0x000000083FFFFCE8	0x0000000000000000	0x0000000000000000	0x000000005EB851C8
30360330	0x00000006BFFFFD78	0x0000000000000000	0x0000000000000000	0x000000004CCCCCCB
30360331	0x000000074F5C2638	0x0000000000000000	0x0000000000000000	0x0000000051EB8500
30360332	0x00000007B5C28C78	0x0000000000000000	0x0000000000000000	0x00000000570A3D50
30360333	0x00000008028F5928	0x0000000000000000	0x0000000000000000	0x000000005C28F5A0
30360334	0x000000083FFFFCE8	0x0000000000000000	0x0000000000000000	0x000000005EB851C8
30460330	0x0000000000000000	0x0000000099999996	0x00000001028F5BC8	0x0000000000000000
30460331	0x0000000000000000	0x00000000A6666628	0x0000000119999993	0x0000000000000000
30460332	0x0000000000000000	0x00000000B0A3D6C8	0x0000000128F5C220	0x0000000000000000
30460333	0x0000000000000000	0x00000000B5C28F18	0x000000013333332C	0x0000000000000000
30460334	0x0000000000000000	0x00000000BAE14768	0x000000013D70A360	0x0000000000000000
30560330	0x0000000000000000	0x0000000099999996	0x00000001028F5BC8	0x0000000000000000
30560331	0x0000000000000000	0x00000000A6666628	0x0000000119999993	0x0000000000000000
30560332	0x0000000000000000	0x00000000B0A3D6C8	0x0000000128F5C220	0x0000000000000000
30560333	0x0000000000000000	0x00000000B5C28F18	0x000000013333332C	0x0000000000000000
30560334	0x0000000000000000	0x00000000BAE14768	0x000000013D70A360	0x0000000000000000
30660330	0x0000000000000000	0x0000000099999996	0x00000001028F5BC8	0x0000000000000000
30660331	0x0000000000000000	0x00000000A6666628	0x0000000119999993	0x0000000000000000
30660332	0x0000000000000000	0x00000000B0A3D6C8	0x0000000128F5C220	0x0000000000000000
30660333	0x0000000000000000	0x00000000B5C28F18	0x000000013333332C	0x0000000000000000
30660334	0x0000000000000000	0x00000000BAE14768	0x000000013D70A360	0x0000000000000000
30150590	0x0000000566666646	0x0000000000000000	0x0000000000000000	0x000000003D70A3C0
30150591	0x00000005D9999768	0x0000000000000000	0x0000000000000000	0x00000000428F5C10
30150592	0x000000062B851C68	0x0000000000000000	0x0000000000000000	0x00000000451EB838
30150593	0x0000000668F5C028	0x0000000000000000	0x0000000000000000	0x0000000047AE1460
30150594	0x0000000699999972	0x0000000000000000	0x0000000000000000	0x000000004A3D7088
30250590	0x0000000566666646	0x0000000000000000	0x0000000000000000	0x000000003D70A3C0
30250591	0x00000005D9999768	0x0000000000000000	0x0000000000000000	0x00000000428F5C10
30250592	0x000000062B851C68	0x0000000000000000	0x0000000000000000	0x00000000451EB838
30250593	0x0000000668F5C028	0x0000000000000000	0x0000000000000000	0x0000000047AE1460
30250594	0x0000000699999972	0x0000000000000000	0x0000000000000000	0x000000004A3D7088
30350590	0x0000000566666646	0x0000000000000000	0x0000000000000000	0x000000003D70A3C0
30350591	0x00000005D9999768	0x0000000000000000	0x0000000000000000	0x00000000428F5C10
30350592	0x000000062B851C68	0x0000000000000000	0x0000000000000000	0x00000000451EB838
30350593	0x0000000668F5C028	0x0000000000000000	0x0000000000000000	0x0000000047AE1460
30350594	0x0000000699999972	0x0000000000000000	0x0000000000000000	0x000000004A3D7088
30450590	0x0000000000000000	0x000000007AE14780	0x00000000CF5C28A8	0x0000000000000000
30450591	0x0000000000000000	0x00000000851EB820	0x00000000E147ADC0	0x0000000000000000
30450592	0x0000000000000000	0x000000008CCCCC98	0x00000000EE147A88	0x0000000000000000
30450593	0x0000000000000000	0x0000000091EB84E8	0x00000000F5C28F00	0x0000000000000000
30450594	0x0000000000000000	0x00000000970A3D38	0x00000000FD70A378	0x0000000000000000
30550590	0x0000000000000000	0x000000007AE14780	0x00000000CF5C28A8	0x0000000000000000
30550591	0x0000000000000000	0x00000000851EB820	0x00000000E147ADC0	0x0000000000000000
30550592	0x0000000000000000	0x000000008CCCCC98	0x00000000EE147A88	0x0000000000000000
30550593	0x0000000000000000	0x0000000091EB84E8	0x00000000F5C28F00	0x0000000000000000
30550594	0x0000000000000000	0x00000000970A3D38	0x00000000FD70A378	0x0000000000000000
30650590	0x0000000000000000	0x000000007AE14780	0x00000000CF5C28A8	0x0000000000000000
30650591	0x0000000000000000	0x00000000851EB820	0x00000000E147ADC0	0x0000000000000000
30650592	0x0000000000000000	0x000000008CCCCC98	0x00000000EE147A88	0x0000000000000000
30650593	0x0000000000000000	0x0000000091EB84E8	0x00000000F5C28F00	0x0000000000000000
30650594	0x0000000000000000	0x00000000970A3D38	0x00000000FD70A378	0x0000000000000000
30150600	0x0000000566666646	0x0000000000000000	0x0000000000000000	0x000000003D70A3C0
30150601	0x00000005D9999768	0x0000000000000000	0x0000000000000000	0x00000000428F5C10
30150602	0x000000062B851C68	0x0000000000000000	0x0000000000000000	0x00000000451EB838
30150603	0x0000000668F5C028	0x0000000000000000	0x0000000000000000	0x0000000047AE1460
30150604	0x0000000699999972	0x0000000000000000	0x0000000000000000	0x000000004A3D7088
30250600	0x0000000566666646	0x0000000000000000	0x0000000000000000	0x000000003D70A3C0
30250601	0x00000005D9999768	0x0000000000000000	0x0000000000000000	0x00000000428F5C10
30250602	0x000000062B851C68	0x0000000000000000	0x0000000000000000	0x00000000451EB838
30250603	0x0000000668F5C028	0x0000000000000000	0x0000000000000000	0x0000000047AE1460
30250604	0x0000000699999972	0x0000000000000000	0x0000000000000000	0x000000004A3D7088
30350600	0x0000000566666646	0x0000000000000000	0x0000000000000000	0x000000003D70A3C0
30350601	0x00000005D9999768	0x0000000000000000	0x0000000000000000	0x00000000428F5C10
30350602	0x000000062B851C68	0x0000000000000000	0x0000000000000000	0x00000000451EB838
30350603	0x0000000668F5C028	0x0000000000000000	0x0000000000000000	0x0000000047AE1460
30350604	0x0000000699999972	0x0000000000000000	0x0000000000000000	0x000000004A3D7088
30450600	0x0000000000000000	0x000000007AE14780	0x00000000CF5C28A8	0x0000000000000000
30450601	0x0000000000000000	0x00000000851EB820	0x00000000E147ADC0	0x0000000000000000
30450602	0x0000000000000000	0x000000008CCCCC98	0x00000000EE147A88	0x0000000000000000
30450603	0x0000000000000000	0x0000000091EB84E8	0x00000000F5C28F00	0x0000000000000000
30450604	0x0000000000000000	0x00000000970A3D38	0x00000000FD70A378	0x0000000000000000
30550600	0x0000000000000000	0x000000007AE14780	0x00000000CF5C28A8	0x0000000000000000
30550601	0x0000000000000000	0x00000000851EB820	0x00000000E147ADC0	0x0000000000000000
30550602	0x0000000000000000	0x000000008CCCCC98	0x00000000EE147A88	0x0000000000000000
30550603	0x0000000000000000	0x0000000091EB84E8	0x00000000F5C28F00	0x0000000000000000
30550604	0x0000000000000000	0x00000000970A3D38	0x00000000FD70A378	0x0000000000000000
30650600	0x0000000000000000	0x000000007AE14780	0x00000000CF5C28A8	0x0000000000000000
30650601	0x0000000000000000	0x00000000851EB820	0x00000000E147ADC0	0x0000000000000000
30650602	0x0000000000000000	0x000000008CCCCC98	0x00000000EE147A88	0x0000000000000000
30650603	0x0000000000000000	0x0000000091EB84E8	0x00000000F5C28F00	0x0000000000000000
30650604	0x0000000000000000	0x00000000970A3D38	0x00000000FD70A378	0x0000000000000000
23440010	0x0000000000000000	0x00000000EEB1A9A0	0x0000000000000000	0x00000000D096A460
23440011	0x0000000000000000	0x0000000113A27DC8	0x0000000000000000	0x00000000F0DEB7B8
23440012	0x0000000000000000	0x000000012D3586D0	0x0000000000000000	0x0000000107380030
23440013	0x0000000000000000	0x000000014119AA48	0x0000000000000000	0x000000012147ADA8
23450010	0x0000000000000000	0x00000000FFBE75A1	0x0000000000000000	0x00000000DF7CEC8F
23450011	0x0000000000000000	0x000000011679F090	0x0000000000000000	0x00000000F35A6A70
23450012	0x0000000000000000	0x0000000124AF2E78	0x0000000000000000	0x00000000FFC4E808
23450013	0x0000000000000000	0x00000001300CF998	0x0000000000000000	0x0000000109B3B2E8
23450014	0x0000000000000000	0x0000000138937353	0x0000000000000000	0x000000011126E83D
23460010	0x0000000000000000	0x000000014119AA48	0x0000000000000000	0x000000011899E338
23460011	0x0000000000000000	0x000000015AACB350	0x0000000000000000	0x000000012EF32BB0
23460012	0x0000000000000000	0x000000016E90D6C8	0x0000000000000000	0x0000000140550EB8
23460013	0x0000000000000000	0x000000017CC614B0	0x0000000000000000	0x000000014CBF8C50
23460014	0x0000000000000000	0x000000018823DFD0	0x0000000000000000	0x0000000156AE5730
30160340	0x00000006BFFFFD78	0x0000000000000000	0x0000000000000000	0x000000004CCCCCCB
30160341	0x000000074F5C2638	0x0000000000000000	0x0000000000000000	0x0000000051EB8500
30160342	0x00000007B5C28C78	0x0000000000000000	0x0000000000000000	0x00000000570A3D50
30160343	0x00000008028F5928	0x0000000000000000	0x0000000000000000	0x000000005C28F5A0
30160344	0x000000083FFFFCE8	0x0000000000000000	0x0000000000000000	0x000000005EB851C8
30260340	0x00000006BFFFFD78	0x0000000000000000	0x0000000000000000	0x000000004CCCCCCB
30260341	0x000000074F5C2638	0x0000000000000000	0x0000000000000000	0x0000000051EB8500
30260342	0x00000007B5C28C78	0x0000000000000000	0x0000000000000000	0x00000000570A3D50
30260343	0x00000008028F5928	0x0000000000000000	0x0000000000000000	0x000000005C28F5A0
30260344	0x000000083FFFFCE8	0x0000000000000000	0x0000000000000000	0x000000005EB851C8
30360340	0x00000006BFFFFD78	0x0000000000000000	0x0000000000000000	0x000000004CCCCCCB
30360341	0x000000074F5C2638	0x0000000000000000	0x0000000000000000	0x0000000051EB8500
30360342	0x00000007B5C28C78	0x0000000000000000	0x0000000000000000	0x00000000570A3D50
30360343	0x00000008028F5928	0x0000000000000000	0x0000000000000000	0x000000005C28F5A0
30360344	0x000000083FFFFCE8	0x0000000000000000	0x0000000000000000	0x000000005EB851C8
30460340	0x0000000000000000	0x0000000099999996	0x00000001028F5BC8	0x0000000000000000
30460341	0x0000000000000000	0x00000000A6666628	0x0000000119999993	0x0000000000000000
30460342	0x0000000000000000	0x00000000B0A3D6C8	0x0000000128F5C220	0x0000000000000000
30460343	0x0000000000000000	0x00000000B5C28F18	0x000000013333332C	0x0000000000000000
30460344	0x0000000000000000	0x00000000BAE14768	0x000000013D70A360	0x0000000000000000
30560340	0x0000000000000000	0x0000000099999996	0x00000001028F5BC8	0x0000000000000000
30560341	0x0000000000000000	0x00000000A6666628	0x0000000119999993	0x0000000000000000
30560342	0x0000000000000000	0x00000000B0A3D6C8	0x0000000128F5C220	0x0000000000000000
30560343	0x0000000000000000	0x00000000B5C28F18	0x000000013333332C	0x0000000000000000
30560344	0x0000000000000000	0x00000000BAE14768	0x000000013D70A360	0x0000000000000000
30660340	0x0000000000000000	0x0000000099999996	0x00000001028F5BC8	0x0000000000000000
30660341	0x0000000000000000	0x00000000A6666628	0x0000000119999993	0x0000000000000000
30660342	0x0000000000000000	0x00000000B0A3D6C8	0x0000000128F5C220	0x0000000000000000
30660343	0x0000000000000000	0x00000000B5C28F18	0x000000013333332C	0x0000000000000000
30660344	0x0000000000000000	0x00000000BAE14768	0x000000013D70A360	0x0000000000000000
23540010	0x0000000000000000	0x00000000CC49B972	0x0000000000000000	0x00000000D70A3D20
23540011	0x0000000000000000	0x00000000EBE75248	0x0000000000000000	0x00000000F851EB28
23540012	0x0000000000000000	0x0000000101CABF59	0x0000000000000000	0x000000010F5C2890
23540013	0x0000000000000000	0x0000000112D0C6C8	0x0000000000000000	0x000000012147ADA8
23550010	0x0000000000000000	0x00000000DAE146B1	0x0000000000000000	0x00000000E6666661
23550011	0x0000000000000000	0x00000000EE560305	0x0000000000000000	0x00000000FAE14750
23550012	0x0000000000000000	0x00000000FA7EDDF8	0x0000000000000000	0x0000000107AE1418
23550013	0x0000000000000000	0x0000000104393B18	0x0000000000000000	0x0000000111EB84B8
23550014	0x0000000000000000	0x000000010B851D83	0x0000000000000000	0x0000000119999993
23560010	0x0000000000000000	0x0000000112D0C6C8	0x0000000000000000	0x000000012147ADA8
23560011	0x0000000000000000	0x0000000128B43801	0x0000000000000000	0x000000013851EB10
23560012	0x0000000000000000	0x0000000139BA3B48	0x0000000000000000	0x000000014A3D7028
23560013	0x0000000000000000	0x0000000145E3527F	0x0000000000000000	0x00000001570A3CF0
23560014	0x0000000000000000	0x000000014F9DB0A9	0x0000000000000000	0x000000016147AD90
23640010	0x0000000000000000	0x00000000E1CABF7E	0x0000000000000000	0x00000000D70A3D20
23640011	0x0000000000000000	0x0000000104BC4D78	0x0000000000000000	0x00000000F851EB28
23640012	0x0000000000000000	0x000000011CED901F	0x0000000000000000	0x000000010F5C2890
23640013	0x0000000000000000	0x000000012FBE54F8	0x0000000000000000	0x000000012147ADA8
23650010	0x0000000000000000	0x00000000F1EB8407	0x0000000000000000	0x00000000E6666661
23650011	0x0000000000000000	0x00000001076C8A13	0x0000000000000000	0x00000000FAE14750
23650012	0x0000000000000000	0x0000000114DD1048	0x0000000000000000	0x0000000107AE1418
23650013	0x0000000000000000	0x000000011F9D9228	0x0000000000000000	0x0000000111EB84B8
23650014	0x0000000000000000	0x0000000127AE1325	0x0000000000000000	0x0000000119999993
23660010	0x0000000000000000	0x000000012FBE54F8	0x0000000000000000	0x000000012147ADA8
23660011	0x0000000000000000	0x0000000147EF9C37	0x0000000000000000	0x000000013851EB10
23660012	0x0000000000000000	0x000000015AC05C78	0x0000000000000000	0x000000014A3D7028
23660013	0x0000000000000000	0x0000000168312549	0x0000000000000000	0x00000001570A3CF0
23660014	0x0000000000000000	0x0000000172F1A84F	0x0000000000000000	0x000000016147AD90
30160350	0x00000006BFFFFD78	0x0000000000000000	0x0000000000000000	0x000000004CCCCCCB
30160351	0x000000074F5C2638	0x0000000000000000	0x0000000000000000	0x0000000051EB8500
30160352	0x00000007B5C28C78	0x0000000000000000	0x0000000000000000	0x00000000570A3D50
30160353	0x00000008028F5928	0x0000000000000000	0x0000000000000000	0x000000005C28F5A0
30160354	0x000000083FFFFCE8	0x0000000000000000	0x0000000000000000	0x000000005EB851C8
30260350	0x00000006BFFFFD78	0x0000000000000000	0x0000000000000000	0x000000004CCCCCCB
30260351	0x000000074F5C2638	0x0000000000000000	0x0000000000000000	0x0000000051EB8500
30260352	0x00000007B5C28C78	0x0000000000000000	0x0000000000000000	0x00000000570A3D50
30260353	0x00000008028F5928	0x0000000000000000	0x0000000000000000	0x000000005C28F5A0
30260354	0x000000083FFFFCE8	0x0000000000000000	0x0000000000000000	0x000000005EB851C8
30360350	0x00000006BFFFFD78	0x0000000000000000	0x0000000000000000	0x000000004CCCCCCB
30360351	0x000000074F5C2638	0x0000000000000000	0x0000000000000000	0x0000000051EB8500
30360352	0x00000007B5C28C78	0x0000000000000000	0x0000000000000000	0x00000000570A3D50
30360353	0x00000008028F5928	0x0000000000000000	0x0000000000000000	0x000000005C28F5A0
30360354	0x000000083FFFFCE8	0x0000000000000000	0x0000000000000000	0x000000005EB851C8
30460350	0x0000000000000000	0x0000000099999996	0x00000001028F5BC8	0x0000000000000000
30460351	0x0000000000000000	0x00000000A6666628	0x0000000119999993	0x0000000000000000
30460352	0x0000000000000000	0x00000000B0A3D6C8	0x0000000128F5C220	0x0000000000000000
30460353	0x0000000000000000	0x00000000B5C28F18	0x000000013333332C	0x0000000000000000
30460354	0x0000000000000000	0x00000000BAE14768	0x000000013D70A360	0x0000000000000000
30560350	0x0000000000000000	0x0000000099999996	0x00000001028F5BC8	0x0000000000000000
30560351	0x0000000000000000	0x00000000A6666628	0x0000000119999993	0x0000000000000000
30560352	0x0000000000000000	0x00000000B0A3D6C8	0x0000000128F5C220	0x0000000000000000
30560353	0x0000000000000000	0x00000000B5C28F18	0x000000013333332C	0x0000000000000000
30560354	0x0000000000000000	0x00000000BAE14768	0x000000013D70A360	0x0000000000000000
30660350	0x0000000000000000	0x0000000099999996	0x00000001028F5BC8	0x0000000000000000
30660351	0x0000000000000000	0x00000000A6666628	0x0000000119999993	0x0000000000000000
30660352	0x0000000000000000	0x00000000B0A3D6C8	0x0000000128F5C220	0x0000000000000000
30660353	0x0000000000000000	0x00000000B5C28F18	0x000000013333332C	0x0000000000000000
30660354	0x0000000000000000	0x00000000BAE14768	0x000000013D70A360	0x0000000000000000
23740010	0x0000000000000000	0x00000000D70A3D20	0x0000000000000000	0x00000000D70A3D20
23740011	0x0000000000000000	0x00000000F851EB28	0x0000000000000000	0x00000000F851EB28
23740012	0x0000000000000000	0x000000010F5C2890	0x0000000000000000	0x000000010F5C2890
23740013	0x0000000000000000	0x000000012147ADA8	0x0000000000000000	0x000000012147ADA8
23750010	0x0000000000000000	0x00000000E6666661	0x0000000000000000	0x00000000E6666661
23750011	0x0000000000000000	0x00000000FAE14750	0x0000000000000000	0x00000000FAE14750
23750012	0x0000000000000000	0x0000000107AE1418	0x0000000000000000	0x0000000107AE1418
23750013	0x0000000000000000	0x0000000111EB84B8	0x0000000000000000	0x0000000111EB84B8
23750014	0x0000000000000000	0x0000000119999993	0x0000000000000000	0x0000000119999993
23760010	0x0000000000000000	0x000000012147ADA8	0x0000000000000000	0x000000012147ADA8
23760011	0x0000000000000000	0x000000013851EB10	0x0000000000000000	0x000000013851EB10
23760012	0x0000000000000000	0x000000014A3D7028	0x0000000000000000	0x000000014A3D7028
23760013	0x0000000000000000	0x00000001570A3CF0	0x0000000000000000	0x00000001570A3CF0
23760014	0x0000000000000000	0x000000016147AD90	0x0000000000000000	0x000000016147AD90
30160360	0x00000006BFFFFD78	0x0000000000000000	0x0000000000000000	0x000000004CCCCCCB
30160361	0x000000074F5C2638	0x0000000000000000	0x0000000000000000	0x0000000051EB8500
30160362	0x00000007B5C28C78	0x0000000000000000	0x0000000000000000	0x00000000570A3D50
30160363	0x00000008028F5928	0x0000000000000000	0x0000000000000000	0x000000005C28F5A0
30160364	0x000000083FFFFCE8	0x0000000000000000	0x0000000000000000	0x000000005EB851C8
30260360	0x00000006BFFFFD78	0x0000000000000000	0x0000000000000000	0x000000004CCCCCCB
30260361	0x000000074F5C2638	0x0000000000000000	0x0000000000000000	0x0000000051EB8500
30260362	0x00000007B5C28C78	0x0000000000000000	0x0000000000000000	0x00000000570A3D50
30260363	0x00000008028F5928	0x0000000000000000	0x0000000000000000	0x000000005C28F5A0
30260364	0x000000083FFFFCE8	0x0000000000000000	0x0000000000000000	0x000000005EB851C8
30360360	0x00000006BFFFFD78	0x0000000000000000	0x0000000000000000	0x000000004CCCCCCB
30360361	0x000000074F5C2638	0x0000000000000000	0x0000000000000000	0x0000000051EB8500
30360362	0x00000007B5C28C78	0x0000000000000000	0x0000000000000000	0x00000000570A3D50
30360363	0x00000008028F5928	0x0000000000000000	0x0000000000000000	0x000000005C28F5A0
30360364	0x000000083FFFFCE8	0x0000000000000000	0x0000000000000000	0x000000005EB851C8
30460360	0x0000000000000000	0x0000000099999996	0x00000001028F5BC8	0x0000000000000000
30460361	0x0000000000000000	0x00000000A6666628	0x0000000119999993	0x0000000000000000
30460362	0x0000000000000000	0x00000000B0A3D6C8	0x0000000128F5C220	0x0000000000000000
30460363	0x0000000000000000	0x00000000B5C28F18	0x000000013333332C	0x0000000000000000
30460364	0x0000000000000000	0x00000000BAE14768	0x000000013D70A360	0x0000000000000000
30560360	0x0000000000000000	0x0000000099999996	0x00000001028F5BC8	0x0000000000000000
30560361	0x0000000000000000	0x00000000A6666628	0x0000000119999993	0x0000000000000000
30560362	0x0000000000000000	0x00000000B0A3D6C8	0x0000000128F5C220	0x0000000000000000
30560363	0x0000000000000000	0x00000000B5C28F18	0x000000013333332C	0x0000000000000000
30560364	0x0000000000000000	0x00000000BAE14768	0x000000013D70A360	0x0000000000000000
30660360	0x0000000000000000	0x0000000099999996	0x00000001028F5BC8	0x0000000000000000
30660361	0x0000000000000000	0x00000000A6666628	0x0000000119999993	0x0000000000000000
30660362	0x0000000000000000	0x00000000B0A3D6C8	0x0000000128F5C220	0x0000000000000000
30660363	0x0000000000000000	0x00000000B5C28F18	0x000000013333332C	0x0000000000000000
30660364	0x0000000000000000	0x00000000BAE14768	0x000000013D70A360	0x0000000000000000
23840010	0x0000000000000000	0x00000000E1CABF7E	0x0000000000000000	0x00000000D70A3D20
23840011	0x0000000000000000	0x0000000104BC4D78	0x0000000000000000	0x00000000F851EB28
23840012	0x0000000000000000	0x000000011CED901F	0x0000000000000000	0x000000010F5C2890
23840013	0x0000000000000000	0x000000012FBE54F8	0x0000000000000000	0x000000012147ADA8
23850010	0x0000000000000000	0x00000000F1EB8407	0x0000000000000000	0x00000000E6666661
23850011	0x0000000000000000	0x00000001076C8A13	0x0000000000000000	0x00000000FAE14750
23850012	0x0000000000000000	0x0000000114DD1048	0x0000000000000000	0x0000000107AE1418
23850013	0x0000000000000000	0x000000011F9D9228	0x0000000000000000	0x0000000111EB84B8
23850014	0x0000000000000000	0x0000000127AE1325	0x0000000000000000	0x0000000119999993
23860010	0x0000000000000000	0x000000012FBE54F8	0x0000000000000000	0x000000012147ADA8
23860011	0x0000000000000000	0x0000000147EF9C37	0x0000000000000000	0x000000013851EB10
23860012	0x0000000000000000	0x000000015AC05C78	0x0000000000000000	0x000000014A3D7028
23860013	0x0000000000000000	0x0000000168312549	0x0000000000000000	0x00000001570A3CF0
23860014	0x0000000000000000	0x0000000172F1A84F	0x0000000000000000	0x000000016147AD90
30160370	0x00000006BFFFFD78	0x0000000000000000	0x0000000000000000	0x000000004CCCCCCB
30160371	0x000000074F5C2638	0x0000000000000000	0x0000000000000000	0x0000000051EB8500
30160372	0x00000007B5C28C78	0x0000000000000000	0x0000000000000000	0x00000000570A3D50
30160373	0x00000008028F5928	0x0000000000000000	0x0000000000000000	0x000000005C28F5A0
30160374	0x000000083FFFFCE8	0x0000000000000000	0x0000000000000000	0x000000005EB851C8
30260370	0x00000006BFFFFD78	0x0000000000000000	0x0000000000000000	0x000000004CCCCCCB
30260371	0x000000074F5C2638	0x0000000000000000	0x0000000000000000	0x0000000051EB8500
30260372	0x00000007B5C28C78	0x0000000000000000	0x0000000000000000	0x00000000570A3D50
30260373	0x00000008028F5928	0x0000000000000000	0x0000000000000000	0x000000005C28F5A0
30260374	0x000000083FFFFCE8	0x0000000000000000	0x0000000000000000	0x000000005EB851C8
30360370	0x00000006BFFFFD78	0x0000000000000000	0x0000000000000000	0x000000004CCCCCCB
30360371	0x000000074F5C2638	0x0000000000000000	0x0000000000000000	0x0000000051EB8500
30360372	0x00000007B5C28C78	0x0000000000000000	0x0000000000000000	0x00000000570A3D50
30360373	0x00000008028F5928	0x0000000000000000	0x0000000000000000	0x000000005C28F5A0
30360374	0x000000083FFFFCE8	0x0000000000000000	0x0000000000000000	0x000000005EB851C8
30460370	0x0000000000000000	0x0000000099999996	0x00000001028F5BC8	0x0000000000000000
30460371	0x0000000000000000	0x00000000A6666628	0x0000000119999993	0x0000000000000000
30460372	0x0000000000000000	0x00000000B0A3D6C8	0x0000000128F5C220	0x0000000000000000
30460373	0x0000000000000000	0x00000000B5C28F18	0x000000013333332C	0x0000000000000000
30460374	0x0000000000000000	0x00000000BAE14768	0x000000013D70A360	0x0000000000000000
30560370	0x0000000000000000	0x0000000099999996	0x00000001028F5BC8	0x0000000000000000
30560371	0x0000000000000000	0x00000000A6666628	0x0000000119999993	0x0000000000000000
30560372	0x0000000000000000	0x00000000B0A3D6C8	0x0000000128F5C220	0x0000000000000000
30560373	0x0000000000000000	0x00000000B5C28F18	0x000000013333332C	0x0000000000000000
30560374	0x0000000000000000	0x00000000BAE14768	0x000000013D70A360	0x0000000000000000
30660370	0x0000000000000000	0x0000000099999996	0x00000001028F5BC8	0x0000000000000000
30660371	0x0000000000000000	0x00000000A6666628	0x0000000119999993	0x0000000000000000
30660372	0x0000000000000000	0x00000000B0A3D6C8	0x0000000128F5C220	0x0000000000000000
30660373	0x0000000000000000	0x00000000B5C28F18	0x000000013333332C	0x0000000000000000
30660374	0x0000000000000000	0x00000000BAE14768	0x000000013D70A360	0x0000000000000000
23950010	0x0000000000000000	0x00000000ED4FDE29	0x0000000000000000	0x00000000E8B4384B
23950011	0x0000000000000000	0x000000010267ED10	0x0000000000000000	0x00000000FD636C30
23950012	0x0000000000000000	0x000000010F970638	0x0000000000000000	0x000000010A50FC28
23950013	0x0000000000000000	0x000000011A231A58	0x0000000000000000	0x0000000114A8A288
23950014	0x0000000000000000	0x00000001220C486B	0x0000000000000000	0x000000011C6A7DB1
23960010	0x0000000000000000	0x0000000129F53888	0x0000000000000000	0x00000001242C1C18
23960011	0x0000000000000000	0x0000000141B065D0	0x0000000000000000	0x000000013B715270
23960012	0x0000000000000000	0x0000000154258908	0x0000000000000000	0x000000014D8AB598
23960013	0x0000000000000000	0x000000016154A230	0x0000000000000000	0x000000015A784590
23960014	0x0000000000000000	0x000000016BE0B650	0x0000000000000000	0x0000000164CFEBF0
24040010	0x0000000000000000	0x00000000D70A3D20	0x0000000000000000	0x00000000D70A3D20
24040011	0x0000000000000000	0x00000000F851EB28	0x0000000000000000	0x00000000F851EB28
24040012	0x0000000000000000	0x000000010F5C2890	0x0000000000000000	0x000000010F5C2890
24040013	0x0000000000000000	0x000000012147ADA8	0x0000000000000000	0x000000012147ADA8
24050010	0x0000000000000000	0x00000000E6666661	0x0000000000000000	0x00000000E6666661
24050011	0x0000000000000000	0x00000000FAE14750	0x0000000000000000	0x00000000FAE14750
24050012	0x0000000000000000	0x0000000107AE1418	0x0000000000000000	0x0000000107AE1418
24050013	0x0000000000000000	0x0000000111EB84B8	0x0000000000000000	0x0000000111EB84B8
24050014	0x0000000000000000	0x0000000119999993	0x0000000000000000	0x0000000119999993
24060010	0x0000000000000000	0x000000012147ADA8	0x0000000000000000	0x000000012147ADA8
24060011	0x0000000000000000	0x000000013851EB10	0x0000000000000000	0x000000013851EB10
24060012	0x0000000000000000	0x000000014A3D7028	0x0000000000000000	0x000000014A3D7028
24060013	0x0000000000000000	0x00000001570A3CF0	0x0000000000000000	0x00000001570A3CF0
24060014	0x0000000000000000	0x000000016147AD90	0x0000000000000000	0x000000016147AD90
30160380	0x00000006BFFFFD78	0x0000000000000000	0x0000000000000000	0x000000004CCCCCCB
30160381	0x000000074F5C2638	0x0000000000000000	0x0000000000000000	0x0000000051EB8500
30160382	0x00000007B5C28C78	0x0000000000000000	0x0000000000000000	0x00000000570A3D50
30160383	0x00000008028F5928	0x0000000000000000	0x0000000000000000	0x000000005C28F5A0
30160384	0x000000083FFFFCE8	0x0000000000000000	0x0000000000000000	0x000000005EB851C8
30260380	0x00000006BFFFFD78	0x0000000000000000	0x0000000000000000	0x000000004CCCCCCB
30260381	0x000000074F5C2638	0x0000000000000000	0x0000000000000000	0x0000000051EB8500
30260382	0x00000007B5C28C78	0x0000000000000000	0x0000000000000000	0x00000000570A3D50
30260383	0x00000008028F5928	0x0000000000000000	0x0000000000000000	0x000000005C28F5A0
30260384	0x000000083FFFFCE8	0x0000000000000000	0x0000000000000000	0x000000005EB851C8
30360380	0x00000006BFFFFD78	0x0000000000000000	0x0000000000000000	0x000000004CCCCCCB
30360381	0x000000074F5C2638	0x0000000000000000	0x0000000000000000	0x0000000051EB8500
30360382	0x00000007B5C28C78	0x0000000000000000	0x0000000000000000	0x00000000570A3D50
30360383	0x00000008028F5928	0x0000000000000000	0x0000000000000000	0x000000005C28F5A0
30360384	0x000000083FFFFCE8	0x0000000000000000	0x0000000000000000	0x000000005EB851C8
30460380	0x0000000000000000	0x0000000099999996	0x00000001028F5BC8	0x0000000000000000
30460381	0x0000000000000000	0x00000000A6666628	0x0000000119999993	0x0000000000000000
30460382	0x0000000000000000	0x00000000B0A3D6C8	0x0000000128F5C220	0x0000000000000000
30460383	0x0000000000000000	0x00000000B5C28F18	0x000000013333332C	0x0000000000000000
30460384	0x0000000000000000	0x00000000BAE14768	0x000000013D70A360	0x0000000000000000
30560380	0x0000000000000000	0x0000000099999996	0x00000001028F5BC8	0x0000000000000000
30560381	0x0000000000000000	0x00000000A6666628	0x0000000119999993	0x0000000000000000
30560382	0x0000000000000000	0x00000000B0A3D6C8	0x0000000128F5C220	0x0000000000000000
30560383	0x0000000000000000	0x00000000B5C28F18	0x000000013333332C	0x0000000000000000
30560384	0x0000000000000000	0x00000000BAE14768	0x000000013D70A360	0x0000000000000000
30660380	0x0000000000000000	0x0000000099999996	0x00000001028F5BC8	0x0000000000000000
30660381	0x0000000000000000	0x00000000A6666628	0x0000000119999993	0x0000000000000000
30660382	0x0000000000000000	0x00000000B0A3D6C8	0x0000000128F5C220	0x0000000000000000
30660383	0x0000000000000000	0x00000000B5C28F18	0x000000013333332C	0x0000000000000000
30660384	0x0000000000000000	0x00000000BAE14768	0x000000013D70A360	0x0000000000000000
30160390	0x00000006BFFFFD78	0x0000000000000000	0x0000000000000000	0x000000004CCCCCCB
30160391	0x000000074F5C2638	0x0000000000000000	0x0000000000000000	0x0000000051EB8500
30160392	0x00000007B5C28C78	0x0000000000000000	0x0000000000000000	0x00000000570A3D50
30160393	0x00000008028F5928	0x0000000000000000	0x0000000000000000	0x000000005C28F5A0
30160394	0x000000083FFFFCE8	0x0000000000000000	0x0000000000000000	0x000000005EB851C8
30260390	0x00000006BFFFFD78	0x0000000000000000	0x0000000000000000	0x000000004CCCCCCB
30260391	0x000000074F5C2638	0x0000000000000000	0x0000000000000000	0x0000000051EB8500
30260392	0x00000007B5C28C78	0x0000000000000000	0x0000000000000000	0x00000000570A3D50
30260393	0x00000008028F5928	0x0000000000000000	0x0000000000000000	0x000000005C28F5A0
30260394	0x000000083FFFFCE8	0x0000000000000000	0x0000000000000000	0x000000005EB851C8
30360390	0x00000006BFFFFD78	0x0000000000000000	0x0000000000000000	0x000000004CCCCCCB
30360391	0x000000074F5C2638	0x0000000000000000	0x0000000000000000	0x0000000051EB8500
30360392	0x00000007B5C28C78	0x0000000000000000	0x0000000000000000	0x00000000570A3D50
30360393	0x00000008028F5928	0x0000000000000000	0x0000000000000000	0x000000005C28F5A0
30360394	0x000000083FFFFCE8	0x0000000000000000	0x0000000000000000	0x000000005EB851C8
30460390	0x0000000000000000	0x0000000099999996	0x00000001028F5BC8	0x0000000000000000
30460391	0x0000000000000000	0x00000000A6666628	0x0000000119999993	0x0000000000000000
30460392	0x0000000000000000	0x00000000B0A3D6C8	0x0000000128F5C220	0x0000000000000000
30460393	0x0000000000000000	0x00000000B5C28F18	0x000000013333332C	0x0000000000000000
30460394	0x0000000000000000	0x00000000BAE14768	0x000000013D70A360	0x0000000000000000
30560390	0x0000000000000000	0x0000000099999996	0x00000001028F5BC8	0x0000000000000000
30560391	0x0000000000000000	0x00000000A6666628	0x0000000119999993	0x0000000000000000
30560392	0x0000000000000000	0x00000000B0A3D6C8	0x0000000128F5C220	0x0000000000000000
30560393	0x0000000000000000	0x00000000B5C28F18	0x000000013333332C	0x0000000000000000
30560394	0x0000000000000000	0x00000000BAE14768	0x000000013D70A360	0x0000000000000000
30660390	0x0000000000000000	0x0000000099999996	0x00000001028F5BC8	0x0000000000000000
30660391	0x0000000000000000	0x00000000A6666628	0x0000000119999993	0x0000000000000000
30660392	0x0000000000000000	0x00000000B0A3D6C8	0x0000000128F5C220	0x0000000000000000
30660393	0x0000000000000000	0x00000000B5C28F18	0x000000013333332C	0x0000000000000000
30660394	0x0000000000000000	0x00000000BAE14768	0x000000013D70A360	0x0000000000000000
24140010	0x0000000000000000	0x00000000E617A820	0x0000000000000000	0x00000000D096A460
24140011	0x0000000000000000	0x0000000109B3B2E8	0x0000000000000000	0x00000000F0DEB7B8
24140012	0x0000000000000000	0x00000001225ACE10	0x0000000000000000	0x0000000107380030
24140013	0x0000000000000000	0x0000000135877168	0x0000000000000000	0x000000012147ADA8
24150010	0x0000000000000000	0x00000000F68729E5	0x0000000000000000	0x00000000DF7CEC8F
24150011	0x0000000000000000	0x000000010C70EED0	0x0000000000000000	0x00000000F35A6A70
24150012	0x0000000000000000	0x000000011A231A58	0x0000000000000000	0x00000000FFC4E808
24150013	0x0000000000000000	0x00000001251809F8	0x0000000000000000	0x0000000109B3B2E8
24150014	0x0000000000000000	0x000000012D4FDDDF	0x0000000000000000	0x000000011126E83D
24160010	0x0000000000000000	0x0000000135877168	0x0000000000000000	0x000000011899E338
24160011	0x0000000000000000	0x000000014E2E8C90	0x0000000000000000	0x000000012EF32BB0
24160012	0x0000000000000000	0x00000001615B2FE8	0x0000000000000000	0x0000000140550EB8
24160013	0x0000000000000000	0x000000016F0D5B70	0x0000000000000000	0x000000014CBF8C50
24160014	0x0000000000000000	0x000000017A024B10	0x0000000000000000	0x0000000156AE5730
30160400	0x00000006BFFFFD78	0x0000000000000000	0x0000000000000000	0x000000004CCCCCCB
30160401	0x000000074F5C2638	0x0000000000000000	0x0000000000000000	0x0000000051EB8500
30160402	0x00000007B5C28C78	0x0000000000000000	0x0000000000000000	0x00000000570A3D50
30160403	0x00000008028F5928	0x0000000000000000	0x0000000000000000	0x000000005C28F5A0
30160404	0x000000083FFFFCE8	0x0000000000000000	0x0000000000000000	0x000000005EB851C8
30260400	0x00000006BFFFFD78	0x0000000000000000	0x0000000000000000	0x000000004CCCCCCB
30260401	0x000000074F5C2638	0x0000000000000000	0x0000000000000000	0x0000000051EB8500
30260402	0x00000007B5C28C78	0x0000000000000000	0x0000000000000000	0x00000000570A3D50
30260403	0x00000008028F5928	0x0000000000000000	0x0000000000000000	0x000000005C28F5A0
30260404	0x000000083FFFFCE8	0x0000000000000000	0x0000000000000000	0x000000005EB851C8
30360400	0x00000006BFFFFD78	0x0000000000000000	0x0000000000000000	0x000000004CCCCCCB
30360401	0x000000074F5C2638	0x0000000000000000	0x0000000000000000	0x0000000051EB8500
30360402	0x00000007B5C28C78	0x0000000000000000	0x0000000000000000	0x00000000570A3D50
30360403	0x00000008028F5928	0x0000000000000000	0x0000000000000000	0x000000005C28F5A0
30360404	0x000000083FFFFCE8	0x0000000000000000	0x0000000000000000	0x000000005EB851C8
30460400	0x0000000000000000	0x0000000099999996	0x00000001028F5BC8	0x0000000000000000
30460401	0x0000000000000000	0x00000000A6666628	0x0000000119999993	0x0000000000000000
30460402	0x0000000000000000	0x00000000B0A3D6C8	0x0000000128F5C220	0x0000000000000000
30460403	0x0000000000000000	0x00000000B5C28F18	0x000000013333332C	0x0000000000000000
30460404	0x0000000000000000	0x00000000BAE14768	0x000000013D70A360	0x0000000000000000
30560400	0x0000000000000000	0x0000000099999996	0x00000001028F5BC8	0x0000000000000000
30560401	0x0000000000000000	0x00000000A6666628	0x0000000119999993	0x0000000000000000
30560402	0x0000000000000000	0x00000000B0A3D6C8	0x0000000128F5C220	0x0000000000000000
30560403	0x0000000000000000	0x00000000B5C28F18	0x000000013333332C	0x0000000000000000
30560404	0x0000000000000000	0x00000000BAE14768	0x000000013D70A360	0x0000000000000000
30660400	0x0000000000000000	0x0000000099999996	0x00000001028F5BC8	0x0000000000000000
30660401	0x0000000000000000	0x00000000A6666628	0x0000000119999993	0x0000000000000000
30660402	0x0000000000000000	0x00000000B0A3D6C8	0x0000000128F5C220	0x0000000000000000
30660403	0x0000000000000000	0x00000000B5C28F18	0x000000013333332C	0x0000000000000000
30660404	0x0000000000000000	0x00000000BAE14768	0x000000013D70A360	0x0000000000000000
30150620	0x0000000566666646	0x0000000000000000	0x0000000000000000	0x000000003D70A3C0
30150621	0x00000005D9999768	0x0000000000000000	0x0000000000000000	0x00000000428F5C10
30150622	0x000000062B851C68	0x0000000000000000	0x0000000000000000	0x00000000451EB838
30150623	0x0000000668F5C028	0x0000000000000000	0x0000000000000000	0x0000000047AE1460
30150624	0x0000000699999972	0x0000000000000000	0x0000000000000000	0x000000004A3D7088
30250620	0x0000000566666646	0x0000000000000000	0x0000000000000000	0x000000003D70A3C0
30250621	0x00000005D9999768	0x0000000000000000	0x0000000000000000	0x00000000428F5C10
30250622	0x000000062B851C68	0x0000000000000000	0x0000000000000000	0x00000000451EB838
30250623	0x0000000668F5C028	0x0000000000000000	0x0000000000000000	0x0000000047AE1460
30250624	0x0000000699999972	0x0000000000000000	0x0000000000000000	0x000000004A3D7088
30350620	0x0000000566666646	0x0000000000000000	0x0000000000000000	0x000000003D70A3C0
30350621	0x00000005D9999768	0x0000000000000000	0x0000000000000000	0x00000000428F5C10
30350622	0x000000062B851C68	0x0000000000000000	0x0000000000000000	0x00000000451EB838
30350623	0x0000000668F5C028	0x0000000000000000	0x0000000000000000	0x0000000047AE1460
30350624	0x0000000699999972	0x0000000000000000	0x0000000000000000	0x000000004A3D7088
30450620	0x0000000000000000	0x000000007AE14780	0x00000000CF5C28A8	0x0000000000000000
30450621	0x0000000000000000	0x00000000851EB820	0x00000000E147ADC0	0x0000000000000000
30450622	0x0000000000000000	0x000000008CCCCC98	0x00000000EE147A88	0x0000000000000000
30450623	0x0000000000000000	0x0000000091EB84E8	0x00000000F5C28F00	0x0000000000000000
30450624	0x0000000000000000	0x00000000970A3D38	0x00000000FD70A378	0x0000000000000000
30550620	0x0000000000000000	0x000000007AE14780	0x00000000CF5C28A8	0x0000000000000000
30550621	0x0000000000000000	0x00000000851EB820	0x00000000E147ADC0	0x0000000000000000
30550622	0x0000000000000000	0x000000008CCCCC98	0x00000000EE147A88	0x0000000000000000
30550623	0x0000000000000000	0x0000000091EB84E8	0x00000000F5C28F00	0x0000000000000000
30550624	0x0000000000000000	0x00000000970A3D38	0x00000000FD70A378	0x0000000000000000
30650620	0x0000000000000000	0x000000007AE14780	0x00000000CF5C28A8	0x0000000000000000
30650621	0x0000000000000000	0x00000000851EB820	0x00000000E147ADC0	0x0000000000000000
30650622	0x0000000000000000	0x000000008CCCCC98	0x00000000EE147A88	0x0000000000000000
30650623	0x0000000000000000	0x0000000091EB84E8	0x00000000F5C28F00	0x0000000000000000
30650624	0x0000000000000000	0x00000000970A3D38	0x00000000FD70A378	0x0000000000000000
30150630	0x0000000566666646	0x0000000000000000	0x0000000000000000	0x000000003D70A3C0
30150631	0x00000005D9999768	0x0000000000000000	0x0000000000000000	0x00000000428F5C10
30150632	0x000000062B851C68	0x0000000000000000	0x0000000000000000	0x00000000451EB838
30150633	0x0000000668F5C028	0x0000000000000000	0x0000000000000000	0x0000000047AE1460
30150634	0x0000000699999972	0x0000000000000000	0x0000000000000000	0x000000004A3D7088
30250630	0x0000000566666646	0x0000000000000000	0x0000000000000000	0x000000003D70A3C0
30250631	0x00000005D9999768	0x0000000000000000	0x0000000000000000	0x00000000428F5C10
30250632	0x000000062B851C68	0x0000000000000000	0x0000000000000000	0x00000000451EB838
30250633	0x0000000668F5C028	0x0000000000000000	0x0000000000000000	0x0000000047AE1460
30250634	0x0000000699999972	0x0000000000000000	0x0000000000000000	0x000000004A3D7088
30350630	0x0000000566666646	0x0000000000000000	0x0000000000000000	0x000000003D70A3C0
30350631	0x00000005D9999768	0x0000000000000000	0x0000000000000000	0x00000000428F5C10
30350632	0x000000062B851C68	0x0000000000000000	0x0000000000000000	0x00000000451EB838
30350633	0x0000000668F5C028	0x0000000000000000	0x0000000000000000	0x0000000047AE1460
30350634	0x0000000699999972	0x0000000000000000	0x0000000000000000	0x000000004A3D7088
30450630	0x0000000000000000	0x000000007AE14780	0x00000000CF5C28A8	0x0000000000000000
30450631	0x0000000000000000	0x00000000851EB820	0x00000000E147ADC0	0x0000000000000000
30450632	0x0000000000000000	0x000000008CCCCC98	0x00000000EE147A88	0x0000000000000000
30450633	0x0000000000000000	0x0000000091EB84E8	0x00000000F5C28F00	0x0000000000000000
30450634	0x0000000000000000	0x00000000970A3D38	0x00000000FD70A378	0x0000000000000000
30550630	0x0000000000000000	0x000000007AE14780	0x00000000CF5C28A8	0x0000000000000000
30550631	0x0000000000000000	0x00000000851EB820	0x00000000E147ADC0	0x0000000000000000
30550632	0x0000000000000000	0x000000008CCCCC98	0x00000000EE147A88	0x0000000000000000
30550633	0x0000000000000000	0x0000000091EB84E8	0x00000000F5C28F00	0x0000000000000000
30550634	0x0000000000000000	0x00000000970A3D38	0x00000000FD70A378	0x0000000000000000
30650630	0x0000000000000000	0x000000007AE14780	0x00000000CF5C28A8	0x0000000000000000
30650631	0x0000000000000000	0x00000000851EB820	0x00000000E147ADC0	0x0000000000000000
30650632	0x0000000000000000	0x000000008CCCCC98	0x00000000EE147A88	0x0000000000000000
30650633	0x0000000000000000	0x0000000091EB84E8	0x00000000F5C28F00	0x0000000000000000
30650634	0x0000000000000000	0x00000000970A3D38	0x00000000FD70A378	0x0000000000000000
30150640	0x0000000566666646	0x0000000000000000	0x0000000000000000	0x000000003D70A3C0
30150641	0x00000005D9999768	0x0000000000000000	0x0000000000000000	0x00000000428F5C10
30150642	0x000000062B851C68	0x0000000000000000	0x0000000000000000	0x00000000451EB838
30150643	0x0000000668F5C028	0x0000000000000000	0x0000000000000000	0x0000000047AE1460
30150644	0x0000000699999972	0x0000000000000000	0x0000000000000000	0x000000004A3D7088
30250640	0x0000000566666646	0x0000000000000000	0x0000000000000000	0x000000003D70A3C0
30250641	0x00000005D9999768	0x0000000000000000	0x0000000000000000	0x00000000428F5C10
30250642	0x000000062B851C68	0x0000000000000000	0x0000000000000000	0x00000000451EB838
30250643	0x0000000668F5C028	0x0000000000000000	0x0000000000000000	0x0000000047AE1460
30250644	0x0000000699999972	0x0000000000000000	0x0000000000000000	0x000000004A3D7088
30350640	0x0000000566666646	0x0000000000000000	0x0000000000000000	0x000000003D70A3C0
30350641	0x00000005D9999768	0x0000000000000000	0x0000000000000000	0x00000000428F5C10
30350642	0x000000062B851C68	0x0000000000000000	0x0000000000000000	0x00000000451EB838
30350643	0x0000000668F5C028	0x0000000000000000	0x0000000000000000	0x0000000047AE1460
30350644	0x0000000699999972	0x0000000000000000	0x0000000000000000	0x000000004A3D7088
30450640	0x0000000000000000	0x000000007AE14780	0x00000000CF5C28A8	0x0000000000000000
30450641	0x0000000000000000	0x00000000851EB820	0x00000000E147ADC0	0x0000000000000000
30450642	0x0000000000000000	0x000000008CCCCC98	0x00000000EE147A88	0x0000000000000000
30450643	0x0000000000000000	0x0000000091EB84E8	0x00000000F5C28F00	0x0000000000000000
30450644	0x0000000000000000	0x00000000970A3D38	0x00000000FD70A378	0x0000000000000000
30550640	0x0000000000000000	0x000000007AE14780	0x00000000CF5C28A8	0x0000000000000000
30550641	0x0000000000000000	0x00000000851EB820	0x00000000E147ADC0	0x0000000000000000
30550642	0x0000000000000000	0x000000008CCCCC98	0x00000000EE147A88	0x0000000000000000
30550643	0x0000000000000000	0x0000000091EB84E8	0x00000000F5C28F00	0x0000000000000000
30550644	0x0000000000000000	0x00000000970A3D38	0x00000000FD70A378	0x0000000000000000
30650640	0x0000000000000000	0x000000007AE14780	0x00000000CF5C28A8	0x0000000000000000
30650641	0x0000000000000000	0x00000000851EB820	0x00000000E147ADC0	0x0000000000000000
30650642	0x0000000000000000	0x000000008CCCCC98	0x00000000EE147A88	0x0000000000000000
30650643	0x0000000000000000	0x0000000091EB84E8	0x00000000F5C28F00	0x0000000000000000
30650644	0x0000000000000000	0x00000000970A3D38	0x00000000FD70A378	0x0000000000000000
30150650	0x0000000566666646	0x0000000000000000	0x0000000000000000	0x000000003D70A3C0
30150651	0x00000005D9999768	0x0000000000000000	0x0000000000000000	0x00000000428F5C10
30150652	0x000000062B851C68	0x0000000000000000	0x0000000000000000	0x00000000451EB838
30150653	0x0000000668F5C028	0x0000000000000000	0x0000000000000000	0x0000000047AE1460
30150654	0x0000000699999972	0x0000000000000000	0x0000000000000000	0x000000004A3D7088
30250650	0x0000000566666646	0x0000000000000000	0x0000000000000000	0x000000003D70A3C0
30250651	0x00000005D9999768	0x0000000000000000	0x0000000000000000	0x00000000428F5C10
30250652	0x000000062B851C68	0x0000000000000000	0x0000000000000000	0x00000000451EB838
30250653	0x0000000668F5C028	0x0000000000000000	0x0000000000000000	0x0000000047AE1460
30250654	0x0000000699999972	0x0000000000000000	0x0000000000000000	0x000000004A3D7088
30350650	0x0000000566666646	0x0000000000000000	0x0000000000000000	0x000000003D70A3C0
30350651	0x00000005D9999768	0x0000000000000000	0x0000000000000000	0x00000000428F5C10
30350652	0x000000062B851C68	0x0000000000000000	0x0000000000000000	0x00000000451EB838
30350653	0x0000000668F5C028	0x0000000000000000	0x0000000000000000	0x0000000047AE1460
30350654	0x0000000699999972	0x0000000000000000	0x0000000000000000	0x000000004A3D7088
30450650	0x0000000000000000	0x000000007AE14780	0x00000000CF5C28A8	0x0000000000000000
30450651	0x0000000000000000	0x00000000851EB820	0x00000000E147ADC0	0x0000000000000000
30450652	0x0000000000000000	0x000000008CCCCC98	0x00000000EE147A88	0x0000000000000000
30450653	0x0000000000000000	0x0000000091EB84E8	0x00000000F5C28F00	0x0000000000000000
30450654	0x0000000000000000	0x00000000970A3D38	0x00000000FD70A378	0x0000000000000000
30550650	0x0000000000000000	0x000000007AE14780	0x00000000CF5C28A8	0x0000000000000000
30550651	0x0000000000000000	0x00000000851EB820	0x00000000E147ADC0	0x0000000000000000
30550652	0x0000000000000000	0x000000008CCCCC98	0x00000000EE147A88	0x0000000000000000
30550653	0x0000000000000000	0x0000000091EB84E8	0x00000000F5C28F00	0x0000000000000000
30550654	0x0000000000000000	0x00000000970A3D38	0x00000000FD70A378	0x0000000000000000
30650650	0x0000000000000000	0x000000007AE14780	0x00000000CF5C28A8	0x0000000000000000
30650651	0x0000000000000000	0x00000000851EB820	0x00000000E147ADC0	0x0000000000000000
30650652	0x0000000000000000	0x000000008CCCCC98	0x00000000EE147A88	0x0000000000000000
30650653	0x0000000000000000	0x0000000091EB84E8	0x00000000F5C28F00	0x0000000000000000
30650654	0x0000000000000000	0x00000000970A3D38	0x00000000FD70A378	0x0000000000000000
30150660	0x0000000566666646	0x0000000000000000	0x0000000000000000	0x000000003D70A3C0
30150661	0x00000005D9999768	0x0000000000000000	0x0000000000000000	0x00000000428F5C10
30150662	0x000000062B851C68	0x0000000000000000	0x0000000000000000	0x00000000451EB838
30150663	0x0000000668F5C028	0x0000000000000000	0x0000000000000000	0x0000000047AE1460
30150664	0x0000000699999972	0x0000000000000000	0x0000000000000000	0x000000004A3D7088
30250660	0x0000000566666646	0x0000000000000000	0x0000000000000000	0x000000003D70A3C0
30250661	0x00000005D9999768	0x0000000000000000	0x0000000000000000	0x00000000428F5C10
30250662	0x000000062B851C68	0x0000000000000000	0x0000000000000000	0x00000000451EB838
30250663	0x0000000668F5C028	0x0000000000000000	0x0000000000000000	0x0000000047AE1460
30250664	0x0000000699999972	0x0000000000000000	0x0000000000000000	0x000000004A3D7088
30350660	0x0000000566666646	0x0000000000000000	0x0000000000000000	0x000000003D70A3C0
30350661	0x00000005D9999768	0x0000000000000000	0x0000000000000000	0x00000000428F5C10
30350662	0x000000062B851C68	0x0000000000000000	0x0000000000000000	0x00000000451EB838
30350663	0x0000000668F5C028	0x0000000000000000	0x0000000000000000	0x0000000047AE1460
30350664	0x0000000699999972	0x0000000000000000	0x0000000000000000	0x000000004A3D7088
30450660	0x0000000000000000	0x000000007AE14780	0x00000000CF5C28A8	0x0000000000000000
30450661	0x0000000000000000	0x00000000851EB820	0x00000000E147ADC0	0x0000000000000000
30450662	0x0000000000000000	0x000000008CCCCC98	0x00000000EE147A88	0x0000000000000000
30450663	0x0000000000000000	0x0000000091EB84E8	0x00000000F5C28F00	0x0000000000000000
30450664	0x0000000000000000	0x00000000970A3D38	0x00000000FD70A378	0x0000000000000000
30550660	0x0000000000000000	0x000000007AE14780	0x00000000CF5C28A8	0x0000000000000000
30550661	0x0000000000000000	0x00000000851EB820	0x00000000E147ADC0	0x0000000000000000
30550662	0x0000000000000000	0x000000008CCCCC98	0x00000000EE147A88	0x0000000000000000
30550663	0x0000000000000000	0x0000000091EB84E8	0x00000000F5C28F00	0x0000000000000000
30550664	0x0000000000000000	0x00000000970A3D38	0x00000000FD70A378	0x0000000000000000
30650660	0x0000000000000000	0x000000007AE14780	0x00000000CF5C28A8	0x0000000000000000
30650661	0x0000000000000000	0x00000000851EB820	0x00000000E147ADC0	0x0000000000000000
30650662	0x0000000000000000	0x000000008CCCCC98	0x00000000EE147A88	0x0000000000000000
30650663	0x0000000000000000	0x0000000091EB84E8	0x00000000F5C28F00	0x0000000000000000
30650664	0x0000000000000000	0x00000000970A3D38	0x00000000FD70A378	0x0000000000000000
30150670	0x0000000566666646	0x0000000000000000	0x0000000000000000	0x000000003D70A3C0
30150671	0x00000005D9999768	0x0000000000000000	0x0000000000000000	0x00000000428F5C10
30150672	0x000000062B851C68	0x0000000000000000	0x0000000000000000	0x00000000451EB838
30150673	0x0000000668F5C028	0x0000000000000000	0x0000000000000000	0x0000000047AE1460
30150674	0x0000000699999972	0x0000000000000000	0x0000000000000000	0x000000004A3D7088
30250670	0x0000000566666646	0x0000000000000000	0x0000000000000000	0x000000003D70A3C0
30250671	0x00000005D9999768	0x0000000000000000	0x0000000000000000	0x00000000428F5C10
30250672	0x000000062B851C68	0x0000000000000000	0x0000000000000000	0x00000000451EB838
30250673	0x0000000668F5C028	0x0000000000000000	0x0000000000000000	0x0000000047AE1460
30250674	0x0000000699999972	0x0000000000000000	0x0000000000000000	0x000000004A3D7088
30350670	0x0000000566666646	0x0000000000000000	0x0000000000000000	0x000000003D70A3C0
30350671	0x00000005D9999768	0x0000000000000000	0x0000000000000000	0x00000000428F5C10
30350672	0x000000062B851C68	0x0000000000000000	0x0000000000000000	0x00000000451EB838
30350673	0x0000000668F5C028	0x0000000000000000	0x0000000000000000	0x0000000047AE1460
30350674	0x0000000699999972	0x0000000000000000	0x0000000000000000	0x000000004A3D7088
30450670	0x0000000000000000	0x000000007AE14780	0x00000000CF5C28A8	0x0000000000000000
30450671	0x0000000000000000	0x00000000851EB820	0x00000000E147ADC0	0x0000000000000000
30450672	0x0000000000000000	0x000000008CCCCC98	0x00000000EE147A88	0x0000000000000000
30450673	0x0000000000000000	0x0000000091EB84E8	0x00000000F5C28F00	0x0000000000000000
30450674	0x0000000000000000	0x00000000970A3D38	0x00000000FD70A378	0x0000000000000000
30550670	0x0000000000000000	0x000000007AE14780	0x00000000CF5C28A8	0x0000000000000000
30550671	0x0000000000000000	0x00000000851EB820	0x00000000E147ADC0	0x0000000000000000
30550672	0x0000000000000000	0x000000008CCCCC98	0x00000000EE147A88	0x0000000000000000
30550673	0x0000000000000000	0x0000000091EB84E8	0x00000000F5C28F00	0x0000000000000000
30550674	0x0000000000000000	0x00000000970A3D38	0x00000000FD70A378	0x0000000000000000
30650670	0x0000000000000000	0x000000007AE14780	0x00000000CF5C28A8	0x0000000000000000
30650671	0x0000000000000000	0x00000000851EB820	0x00000000E147ADC0	0x0000000000000000
30650672	0x0000000000000000	0x000000008CCCCC98	0x00000000EE147A88	0x0000000000000000
30650673	0x0000000000000000	0x0000000091EB84E8	0x00000000F5C28F00	0x0000000000000000
30650674	0x0000000000000000	0x00000000970A3D38	0x00000000FD70A378	0x0000000000000000
30150680	0x0000000566666646	0x0000000000000000	0x0000000000000000	0x000000003D70A3C0
30150681	0x00000005D9999768	0x0000000000000000	0x0000000000000000	0x00000000428F5C10
30150682	0x000000062B851C68	0x0000000000000000	0x0000000000000000	0x00000000451EB838
30150683	0x0000000668F5C028	0x0000000000000000	0x0000000000000000	0x0000000047AE1460
30150684	0x0000000699999972	0x0000000000000000	0x0000000000000000	0x000000004A3D7088
30250680	0x0000000566666646	0x0000000000000000	0x0000000000000000	0x000000003D70A3C0
30250681	0x00000005D9999768	0x0000000000000000	0x0000000000000000	0x00000000428F5C10
30250682	0x000000062B851C68	0x0000000000000000	0x0000000000000000	0x00000000451EB838
30250683	0x0000000668F5C028	0x0000000000000000	0x0000000000000000	0x0000000047AE1460
30250684	0x0000000699999972	0x0000000000000000	0x0000000000000000	0x000000004A3D7088
30350680	0x0000000566666646	0x0000000000000000	0x0000000000000000	0x000000003D70A3C0
30350681	0x00000005D9999768	0x0000000000000000	0x0000000000000000	0x00000000428F5C10
30350682	0x000000062B851C68	0x0000000000000000	0x0000000000000000	0x00000000451EB838
30350683	0x0000000668F5C028	0x0000000000000000	0x0000000000000000	0x0000000047AE1460
30350684	0x0000000699999972	0x0000000000000000	0x0000000000000000	0x000000004A3D7088
30450680	0x0000000000000000	0x000000007AE14780	0x00000000CF5C28A8	0x0000000000000000
30450681	0x0000000000000000	0x00000000851EB820	0x00000000E147ADC0	0x0000000000000000
30450682	0x0000000000000000	0x000000008CCCCC98	0x00000000EE147A88	0x0000000000000000
30450683	0x0000000000000000	0x0000000091EB84E8	0x00000000F5C28F00	0x0000000000000000
30450684	0x0000000000000000	0x00000000970A3D38	0x00000000FD70A378	0x0000000000000000
30550680	0x0000000000000000	0x000000007AE14780	0x00000000CF5C28A8	0x0000000000000000
30550681	0x0000000000000000	0x00000000851EB820	0x00000000E147ADC0	0x0000000000000000
30550682	0x0000000000000000	0x000000008CCCCC98	0x00000000EE147A88	0x0000000000000000
30550683	0x0000000000000000	0x0000000091EB84E8	0x00000000F5C28F00	0x0000000000000000
30550684	0x0000000000000000	0x00000000970A3D38	0x00000000FD70A378	0x0000000000000000
30650680	0x0000000000000000	0x000000007AE14780	0x00000000CF5C28A8	0x0000000000000000
30650681	0x0000000000000000	0x00000000851EB820	0x00000000E147ADC0	0x0000000000000000
30650682	0x0000000000000000	0x000000008CCCCC98	0x00000000EE147A88	0x0000000000000000
30650683	0x0000000000000000	0x0000000091EB84E8	0x00000000F5C28F00	0x0000000000000000
30650684	0x0000000000000000	0x00000000970A3D38	0x00000000FD70A378	0x0000000000000000
30150690	0x0000000566666646	0x0000000000000000	0x0000000000000000	0x000000003D70A3C0
30150691	0x00000005D9999768	0x0000000000000000	0x0000000000000000	0x00000000428F5C10
30150692	0x000000062B851C68	0x0000000000000000	0x0000000000000000	0x00000000451EB838
30150693	0x0000000668F5C028	0x0000000000000000	0x0000000000000000	0x0000000047AE1460
30150694	0x0000000699999972	0x0000000000000000	0x0000000000000000	0x000000004A3D7088
30250690	0x0000000566666646	0x0000000000000000	0x0000000000000000	0x000000003D70A3C0
30250691	0x00000005D9999768	0x0000000000000000	0x0000000000000000	0x00000000428F5C10
30250692	0x000000062B851C68	0x0000000000000000	0x0000000000000000	0x00000000451EB838
30250693	0x0000000668F5C028	0x0000000000000000	0x0000000000000000	0x0000000047AE1460
30250694	0x0000000699999972	0x0000000000000000	0x0000000000000000	0x000000004A3D7088
30350690	0x0000000566666646	0x0000000000000000	0x0000000000000000	0x000000003D70A3C0
30350691	0x00000005D9999768	0x0000000000000000	0x0000000000000000	0x00000000428F5C10
30350692	0x000000062B851C68	0x0000000000000000	0x0000000000000000	0x00000000451EB838
30350693	0x0000000668F5C028	0x0000000000000000	0x0000000000000000	0x0000000047AE1460
30350694	0x0000000699999972	0x0000000000000000	0x0000000000000000	0x000000004A3D7088
30450690	0x0000000000000000	0x000000007AE14780	0x00000000CF5C28A8	0x0000000000000000
30450691	0x0000000000000000	0x00000000851EB820	0x00000000E147ADC0	0x0000000000000000
30450692	0x0000000000000000	0x000000008CCCCC98	0x00000000EE147A88	0x0000000000000000
30450693	0x0000000000000000	0x0000000091EB84E8	0x00000000F5C28F00	0x0000000000000000
30450694	0x0000000000000000	0x00000000970A3D38	0x00000000FD70A378	0x0000000000000000
30550690	0x0000000000000000	0x000000007AE14780	0x00000000CF5C28A8	0x0000000000000000
30550691	0x0000000000000000	0x00000000851EB820	0x00000000E147ADC0	0x0000000000000000
30550692	0x0000000000000000	0x000000008CCCCC98	0x00000000EE147A88	0x0000000000000000
30550693	0x0000000000000000	0x0000000091EB84E8	0x00000000F5C28F00	0x0000000000000000
30550694	0x0000000000000000	0x00000000970A3D38	0x00000000FD70A378	0x0000000000000000
30650690	0x0000000000000000	0x000000007AE14780	0x00000000CF5C28A8	0x0000000000000000
30650691	0x0000000000000000	0x00000000851EB820	0x00000000E147ADC0	0x0000000000000000
30650692	0x0000000000000000	0x000000008CCCCC98	0x00000000EE147A88	0x0000000000000000
30650693	0x0000000000000000	0x0000000091EB84E8	0x00000000F5C28F00	0x0000000000000000
30650694	0x0000000000000000	0x00000000970A3D38	0x00000000FD70A378	0x0000000000000000
30150610	0x0000000566666646	0x0000000000000000	0x0000000000000000	0x000000003D70A3C0
30150611	0x00000005D9999768	0x0000000000000000	0x0000000000000000	0x00000000428F5C10
30150612	0x000000062B851C68	0x0000000000000000	0x0000000000000000	0x00000000451EB838
30150613	0x0000000668F5C028	0x0000000000000000	0x0000000000000000	0x0000000047AE1460
30150614	0x0000000699999972	0x0000000000000000	0x0000000000000000	0x000000004A3D7088
30250610	0x0000000566666646	0x0000000000000000	0x0000000000000000	0x000000003D70A3C0
30250611	0x00000005D9999768	0x0000000000000000	0x0000000000000000	0x00000000428F5C10
30250612	0x000000062B851C68	0x0000000000000000	0x0000000000000000	0x00000000451EB838
30250613	0x0000000668F5C028	0x0000000000000000	0x0000000000000000	0x0000000047AE1460
30250614	0x0000000699999972	0x0000000000000000	0x0000000000000000	0x000000004A3D7088
30350610	0x0000000566666646	0x0000000000000000	0x0000000000000000	0x000000003D70A3C0
30350611	0x00000005D9999768	0x0000000000000000	0x0000000000000000	0x00000000428F5C10
30350612	0x000000062B851C68	0x0000000000000000	0x0000000000000000	0x00000000451EB838
30350613	0x0000000668F5C028	0x0000000000000000	0x0000000000000000	0x0000000047AE1460
30350614	0x0000000699999972	0x0000000000000000	0x0000000000000000	0x000000004A3D7088
30450610	0x0000000000000000	0x000000007AE14780	0x00000000CF5C28A8	0x0000000000000000
30450611	0x0000000000000000	0x00000000851EB820	0x00000000E147ADC0	0x0000000000000000
30450612	0x0000000000000000	0x000000008CCCCC98	0x00000000EE147A88	0x0000000000000000
30450613	0x0000000000000000	0x0000000091EB84E8	0x00000000F5C28F00	0x0000000000000000
30450614	0x0000000000000000	0x00000000970A3D38	0x00000000FD70A378	0x0000000000000000
30550610	0x0000000000000000	0x000000007AE14780	0x00000000CF5C28A8	0x0000000000000000
30550611	0x0000000000000000	0x00000000851EB820	0x00000000E147ADC0	0x0000000000000000
30550612	0x0000000000000000	0x000000008CCCCC98	0x00000000EE147A88	0x0000000000000000
30550613	0x0000000000000000	0x0000000091EB84E8	0x00000000F5C28F00	0x0000000000000000
30550614	0x0000000000000000	0x00000000970A3D38	0x00000000FD70A378	0x0000000000000000
30650610	0x0000000000000000	0x000000007AE14780	0x00000000CF5C28A8	0x0000000000000000
30650611	0x0000000000000000	0x00000000851EB820	0x00000000E147ADC0	0x0000000000000000
30650612	0x0000000000000000	0x000000008CCCCC98	0x00000000EE147A88	0x0000000000000000
30650613	0x0000000000000000	0x0000000091EB84E8	0x00000000F5C28F00	0x0000000000000000
30650614	0x0000000000000000	0x00000000970A3D38	0x00000000FD70A378	0x0000000000000000
24240010	0x0000000000000000	0x00000000D70A3D20	0x0000000000000000	0x00000000D096A460
24240011	0x0000000000000000	0x00000000F851EB28	0x0000000000000000	0x00000000F0DEB7B8
24240012	0x0000000000000000	0x000000010F5C2890	0x0000000000000000	0x0000000107380030
24240013	0x0000000000000000	0x000000012147ADA8	0x0000000000000000	0x000000012147ADA8
24250010	0x0000000000000000	0x00000000E6666661	0x0000000000000000	0x00000000DF7CEC8F
24250011	0x0000000000000000	0x00000000FAE14750	0x0000000000000000	0x00000000F35A6A70
24250012	0x0000000000000000	0x0000000107AE1418	0x0000000000000000	0x00000000FFC4E808
24250013	0x0000000000000000	0x0000000111EB84B8	0x0000000000000000	0x0000000109B3B2E8
24250014	0x0000000000000000	0x0000000119999993	0x0000000000000000	0x000000011126E83D
24260010	0x0000000000000000	0x000000012147ADA8	0x0000000000000000	0x000000011899E338
24260011	0x0000000000000000	0x000000013851EB10	0x0000000000000000	0x000000012EF32BB0
24260012	0x0000000000000000	0x000000014A3D7028	0x0000000000000000	0x0000000140550EB8
24260013	0x0000000000000000	0x00000001570A3CF0	0x0000000000000000	0x000000014CBF8C50
24260014	0x0000000000000000	0x000000016147AD90	0x0000000000000000	0x0000000156AE5730
24340010	0x0000000000000000	0x00000000D70A3D20	0x0000000000000000	0x00000000D70A3D20
24340011	0x0000000000000000	0x00000000F851EB28	0x0000000000000000	0x00000000F851EB28
24340012	0x0000000000000000	0x000000010F5C2890	0x0000000000000000	0x000000010F5C2890
24340013	0x0000000000000000	0x000000012147ADA8	0x0000000000000000	0x000000012147ADA8
24350010	0x0000000000000000	0x00000000E6666661	0x0000000000000000	0x00000000E6666661
24350011	0x0000000000000000	0x00000000FAE14750	0x0000000000000000	0x00000000FAE14750
24350012	0x0000000000000000	0x0000000107AE1418	0x0000000000000000	0x0000000107AE1418
24350013	0x0000000000000000	0x0000000111EB84B8	0x0000000000000000	0x0000000111EB84B8
24350014	0x0000000000000000	0x0000000119999993	0x0000000000000000	0x0000000119999993
24360010	0x0000000000000000	0x000000012147ADA8	0x0000000000000000	0x000000012147ADA8
24360011	0x0000000000000000	0x000000013851EB10	0x0000000000000000	0x000000013851EB10
24360012	0x0000000000000000	0x000000014A3D7028	0x0000000000000000	0x000000014A3D7028
24360013	0x0000000000000000	0x00000001570A3CF0	0x0000000000000000	0x00000001570A3CF0
24360014	0x0000000000000000	0x000000016147AD90	0x0000000000000000	0x000000016147AD90
30160410	0x00000006BFFFFD78	0x0000000000000000	0x0000000000000000	0x000000004CCCCCCB
30160411	0x000000074F5C2638	0x0000000000000000	0x0000000000000000	0x0000000051EB8500
30160412	0x00000007B5C28C78	0x0000000000000000	0x0000000000000000	0x00000000570A3D50
30160413	0x00000008028F5928	0x0000000000000000	0x0000000000000000	0x000000005C28F5A0
30160414	0x000000083FFFFCE8	0x0000000000000000	0x0000000000000000	0x000000005EB851C8
30260410	0x00000006BFFFFD78	0x0000000000000000	0x0000000000000000	0x000000004CCCCCCB
30260411	0x000000074F5C2638	0x0000000000000000	0x0000000000000000	0x0000000051EB8500
30260412	0x00000007B5C28C78	0x0000000000000000	0x0000000000000000	0x00000000570A3D50
30260413	0x00000008028F5928	0x0000000000000000	0x0000000000000000	0x000000005C28F5A0
30260414	0x000000083FFFFCE8	0x0000000000000000	0x0000000000000000	0x000000005EB851C8
30360410	0x00000006BFFFFD78	0x0000000000000000	0x0000000000000000	0x000000004CCCCCCB
30360411	0x000000074F5C2638	0x0000000000000000	0x0000000000000000	0x0000000051EB8500
30360412	0x00000007B5C28C78	0x0000000000000000	0x0000000000000000	0x00000000570A3D50
30360413	0x00000008028F5928	0x0000000000000000	0x0000000000000000	0x000000005C28F5A0
30360414	0x000000083FFFFCE8	0x0000000000000000	0x0000000000000000	0x000000005EB851C8
30460410	0x0000000000000000	0x0000000099999996	0x00000001028F5BC8	0x0000000000000000
30460411	0x0000000000000000	0x00000000A6666628	0x0000000119999993	0x0000000000000000
30460412	0x0000000000000000	0x00000000B0A3D6C8	0x0000000128F5C220	0x0000000000000000
30460413	0x0000000000000000	0x00000000B5C28F18	0x000000013333332C	0x0000000000000000
30460414	0x0000000000000000	0x00000000BAE14768	0x000000013D70A360	0x0000000000000000
30560410	0x0000000000000000	0x0000000099999996	0x00000001028F5BC8	0x0000000000000000
30560411	0x0000000000000000	0x00000000A6666628	0x0000000119999993	0x0000000000000000
30560412	0x0000000000000000	0x00000000B0A3D6C8	0x0000000128F5C220	0x0000000000000000
30560413	0x0000000000000000	0x00000000B5C28F18	0x000000013333332C	0x0000000000000000
30560414	0x0000000000000000	0x00000000BAE14768	0x000000013D70A360	0x0000000000000000
30660410	0x0000000000000000	0x0000000099999996	0x00000001028F5BC8	0x0000000000000000
30660411	0x0000000000000000	0x00000000A6666628	0x0000000119999993	0x0000000000000000
30660412	0x0000000000000000	0x00000000B0A3D6C8	0x0000000128F5C220	0x0000000000000000
30660413	0x0000000000000000	0x00000000B5C28F18	0x000000013333332C	0x0000000000000000
30660414	0x0000000000000000	0x00000000BAE14768	0x000000013D70A360	0x0000000000000000
24440010	0x0000000000000000	0x00000000D70A3D20	0x0000000000000000	0x00000000D2BD24C0
24440011	0x0000000000000000	0x00000000F851EB28	0x0000000000000000	0x00000000F35A6A70
24440012	0x0000000000000000	0x000000010F5C2890	0x0000000000000000	0x0000000109EEAE60
24440013	0x0000000000000000	0x000000012147ADA8	0x0000000000000000	0x000000012147ADA8
24450010	0x0000000000000000	0x00000000E6666661	0x0000000000000000	0x00000000E1CABF7E
24450011	0x0000000000000000	0x00000000FAE14750	0x0000000000000000	0x00000000F5DCAAE0
24450012	0x0000000000000000	0x0000000107AE1418	0x0000000000000000	0x000000010267ED10
24450013	0x0000000000000000	0x0000000111EB84B8	0x0000000000000000	0x000000010C70EED0
24450014	0x0000000000000000	0x0000000119999993	0x0000000000000000	0x0000000113F7CD9A
24460010	0x0000000000000000	0x000000012147ADA8	0x0000000000000000	0x000000011B7E7170
24460011	0x0000000000000000	0x000000013851EB10	0x0000000000000000	0x000000013212B560
24460012	0x0000000000000000	0x000000014A3D7028	0x0000000000000000	0x0000000143A27870
24460013	0x0000000000000000	0x00000001570A3CF0	0x0000000000000000	0x00000001502DBAA0
24460014	0x0000000000000000	0x000000016147AD90	0x0000000000000000	0x000000015A36BC60
24540010	0x0000000000000000	0x00000000D70A3D20	0x0000000000000000	0x00000000D70A3D20
24540011	0x0000000000000000	0x00000000F851EB28	0x0000000000000000	0x00000000F851EB28
24540012	0x0000000000000000	0x000000010F5C2890	0x0000000000000000	0x000000010F5C2890
24540013	0x0000000000000000	0x000000012147ADA8	0x0000000000000000	0x000000012147ADA8
24550010	0x0000000000000000	0x00000000E6666661	0x0000000000000000	0x00000000E6666661
24550011	0x0000000000000000	0x00000000FAE14750	0x0000000000000000	0x00000000FAE14750
24550012	0x0000000000000000	0x0000000107AE1418	0x0000000000000000	0x0000000107AE1418
24550013	0x0000000000000000	0x0000000111EB84B8	0x0000000000000000	0x0000000111EB84B8
24550014	0x0000000000000000	0x0000000119999993	0x0000000000000000	0x0000000119999993
24560010	0x0000000000000000	0x000000012147ADA8	0x0000000000000000	0x000000012147ADA8
24560011	0x0000000000000000	0x000000013851EB10	0x0000000000000000	0x000000013851EB10
24560012	0x0000000000000000	0x000000014A3D7028	0x0000000000000000	0x000000014A3D7028
24560013	0x0000000000000000	0x00000001570A3CF0	0x0000000000000000	0x00000001570A3CF0
24560014	0x0000000000000000	0x000000016147AD90	0x0000000000000000	0x000000016147AD90
30160420	0x00000006BFFFFD78	0x0000000000000000	0x0000000000000000	0x000000004CCCCCCB
30160421	0x000000074F5C2638	0x0000000000000000	0x0000000000000000	0x0000000051EB8500
30160422	0x00000007B5C28C78	0x0000000000000000	0x0000000000000000	0x00000000570A3D50
30160423	0x00000008028F5928	0x0000000000000000	0x0000000000000000	0x000000005C28F5A0
30160424	0x000000083FFFFCE8	0x0000000000000000	0x0000000000000000	0x000000005EB851C8
30260420	0x00000006BFFFFD78	0x0000000000000000	0x0000000000000000	0x000000004CCCCCCB
30260421	0x000000074F5C2638	0x0000000000000000	0x0000000000000000	0x0000000051EB8500
30260422	0x00000007B5C28C78	0x0000000000000000	0x0000000000000000	0x00000000570A3D50
30260423	0x00000008028F5928	0x0000000000000000	0x0000000000000000	0x000000005C28F5A0
30260424	0x000000083FFFFCE8	0x0000000000000000	0x0000000000000000	0x000000005EB851C8
30360420	0x00000006BFFFFD78	0x0000000000000000	0x0000000000000000	0x000000004CCCCCCB
30360421	0x000000074F5C2638	0x0000000000000000	0x0000000000000000	0x0000000051EB8500
30360422	0x00000007B5C28C78	0x0000000000000000	0x0000000000000000	0x00000000570A3D50
30360423	0x00000008028F5928	0x0000000000000000	0x0000000000000000	0x000000005C28F5A0
30360424	0x000000083FFFFCE8	0x0000000000000000	0x0000000000000000	0x000000005EB851C8
30460420	0x0000000000000000	0x0000000099999996	0x00000001028F5BC8	0x0000000000000000
30460421	0x0000000000000000	0x00000000A6666628	0x0000000119999993	0x0000000000000000
30460422	0x0000000000000000	0x00000000B0A3D6C8	0x0000000128F5C220	0x0000000000000000
30460423	0x0000000000000000	0x00000000B5C28F18	0x000000013333332C	0x0000000000000000
30460424	0x0000000000000000	0x00000000BAE14768	0x000000013D70A360	0x0000000000000000
30560420	0x0000000000000000	0x0000000099999996	0x00000001028F5BC8	0x0000000000000000
30560421	0x0000000000000000	0x00000000A6666628	0x0000000119999993	0x0000000000000000
30560422	0x0000000000000000	0x00000000B0A3D6C8	0x0000000128F5C220	0x0000000000000000
30560423	0x0000000000000000	0x00000000B5C28F18	0x000000013333332C	0x0000000000000000
30560424	0x0000000000000000	0x00000000BAE14768	0x000000013D70A360	0x0000000000000000
30660420	0x0000000000000000	0x0000000099999996	0x00000001028F5BC8	0x0000000000000000
30660421	0x0000000000000000	0x00000000A6666628	0x0000000119999993	0x0000000000000000
30660422	0x0000000000000000	0x00000000B0A3D6C8	0x0000000128F5C220	0x0000000000000000
30660423	0x0000000000000000	0x00000000B5C28F18	0x000000013333332C	0x0000000000000000
30660424	0x0000000000000000	0x00000000BAE14768	0x000000013D70A360	0x0000000000000000
24640010	0x0000000000000000	0x00000000D70A3D20	0x0000000000000000	0x00000000D70A3D20
24640011	0x0000000000000000	0x00000000F851EB28	0x0000000000000000	0x00000000F851EB28
24640012	0x0000000000000000	0x000000010F5C2890	0x0000000000000000	0x000000010F5C2890
24640013	0x0000000000000000	0x000000012147ADA8	0x0000000000000000	0x000000012147ADA8
24650010	0x0000000000000000	0x00000000E6666661	0x0000000000000000	0x00000000E6666661
24650011	0x0000000000000000	0x00000000FAE14750	0x0000000000000000	0x00000000FAE14750
24650012	0x0000000000000000	0x0000000107AE1418	0x0000000000000000	0x0000000107AE1418
24650013	0x0000000000000000	0x0000000111EB84B8	0x0000000000000000	0x0000000111EB84B8
24650014	0x0000000000000000	0x0000000119999993	0x0000000000000000	0x0000000119999993
24660010	0x0000000000000000	0x000000012147ADA8	0x0000000000000000	0x000000012147ADA8
24660011	0x0000000000000000	0x000000013851EB10	0x0000000000000000	0x000000013851EB10
24660012	0x0000000000000000	0x000000014A3D7028	0x0000000000000000	0x000000014A3D7028
24660013	0x0000000000000000	0x00000001570A3CF0	0x0000000000000000	0x00000001570A3CF0
24660014	0x0000000000000000	0x000000016147AD90	0x0000000000000000	0x000000016147AD90
30160430	0x00000006BFFFFD78	0x0000000000000000	0x0000000000000000	0x000000004CCCCCCB
30160431	0x000000074F5C2638	0x0000000000000000	0x0000000000000000	0x0000000051EB8500
30160432	0x00000007B5C28C78	0x0000000000000000	0x0000000000000000	0x00000000570A3D50
30160433	0x00000008028F5928	0x0000000000000000	0x0000000000000000	0x000000005C28F5A0
30160434	0x000000083FFFFCE8	0x0000000000000000	0x0000000000000000	0x000000005EB851C8
30260430	0x00000006BFFFFD78	0x0000000000000000	0x0000000000000000	0x000000004CCCCCCB
30260431	0x000000074F5C2638	0x0000000000000000	0x0000000000000000	0x0000000051EB8500
30260432	0x00000007B5C28C78	0x0000000000000000	0x0000000000000000	0x00000000570A3D50
30260433	0x00000008028F5928	0x0000000000000000	0x0000000000000000	0x000000005C28F5A0
30260434	0x000000083FFFFCE8	0x0000000000000000	0x0000000000000000	0x000000005EB851C8
30360430	0x00000006BFFFFD78	0x0000000000000000	0x0000000000000000	0x000000004CCCCCCB
30360431	0x000000074F5C2638	0x0000000000000000	0x0000000000000000	0x0000000051EB8500
30360432	0x00000007B5C28C78	0x0000000000000000	0x0000000000000000	0x00000000570A3D50
30360433	0x00000008028F5928	0x0000000000000000	0x0000000000000000	0x000000005C28F5A0
30360434	0x000000083FFFFCE8	0x0000000000000000	0x0000000000000000	0x000000005EB851C8
30460430	0x0000000000000000	0x0000000099999996	0x00000001028F5BC8	0x0000000000000000
30460431	0x0000000000000000	0x00000000A6666628	0x0000000119999993	0x0000000000000000
30460432	0x0000000000000000	0x00000000B0A3D6C8	0x0000000128F5C220	0x0000000000000000
30460433	0x0000000000000000	0x00000000B5C28F18	0x000000013333332C	0x0000000000000000
30460434	0x0000000000000000	0x00000000BAE14768	0x000000013D70A360	0x0000000000000000
30560430	0x0000000000000000	0x0000000099999996	0x00000001028F5BC8	0x0000000000000000
30560431	0x0000000000000000	0x00000000A6666628	0x0000000119999993	0x0000000000000000
30560432	0x0000000000000000	0x00000000B0A3D6C8	0x0000000128F5C220	0x0000000000000000
30560433	0x0000000000000000	0x00000000B5C28F18	0x000000013333332C	0x0000000000000000
30560434	0x0000000000000000	0x00000000BAE14768	0x000000013D70A360	0x0000000000000000
30660430	0x0000000000000000	0x0000000099999996	0x00000001028F5BC8	0x0000000000000000
30660431	0x0000000000000000	0x00000000A6666628	0x0000000119999993	0x0000000000000000
30660432	0x0000000000000000	0x00000000B0A3D6C8	0x0000000128F5C220	0x0000000000000000
30660433	0x0000000000000000	0x00000000B5C28F18	0x000000013333332C	0x0000000000000000
30660434	0x0000000000000000	0x00000000BAE14768	0x000000013D70A360	0x0000000000000000
24740010	0x0000000000000000	0x00000000D70A3D20	0x0000000000000000	0x00000000D70A3D20
24740011	0x0000000000000000	0x00000000F851EB28	0x0000000000000000	0x00000000F851EB28
24740012	0x0000000000000000	0x000000010F5C2890	0x0000000000000000	0x000000010F5C2890
24740013	0x0000000000000000	0x000000012147ADA8	0x0000000000000000	0x000000012147ADA8
24750010	0x0000000000000000	0x00000000E6666661	0x0000000000000000	0x00000000E6666661
24750011	0x0000000000000000	0x00000000FAE14750	0x0000000000000000	0x00000000FAE14750
24750012	0x0000000000000000	0x0000000107AE1418	0x0000000000000000	0x0000000107AE1418
24750013	0x0000000000000000	0x0000000111EB84B8	0x0000000000000000	0x0000000111EB84B8
24750014	0x0000000000000000	0x0000000119999993	0x0000000000000000	0x0000000119999993
24760010	0x0000000000000000	0x000000012147ADA8	0x0000000000000000	0x000000012147ADA8
24760011	0x0000000000000000	0x000000013851EB10	0x0000000000000000	0x000000013851EB10
24760012	0x0000000000000000	0x000000014A3D7028	0x0000000000000000	0x000000014A3D7028
24760013	0x0000000000000000	0x00000001570A3CF0	0x0000000000000000	0x00000001570A3CF0
24760014	0x0000000000000000	0x000000016147AD90	0x0000000000000000	0x000000016147AD90
30160440	0x00000006BFFFFD78	0x0000000000000000	0x0000000000000000	0x000000004CCCCCCB
30160441	0x000000074F5C2638	0x0000000000000000	0x0000000000000000	0x0000000051EB8500
30160442	0x00000007B5C28C78	0x0000000000000000	0x0000000000000000	0x00000000570A3D50
30160443	0x00000008028F5928	0x0000000000000000	0x0000000000000000	0x000000005C28F5A0
30160444	0x000000083FFFFCE8	0x0000000000000000	0x0000000000000000	0x000000005EB851C8
30260440	0x00000006BFFFFD78	0x0000000000000000	0x0000000000000000	0x000000004CCCCCCB
30260441	0x000000074F5C2638	0x0000000000000000	0x0000000000000000	0x0000000051EB8500
30260442	0x00000007B5C28C78	0x0000000000000000	0x0000000000000000	0x00000000570A3D50
30260443	0x00000008028F5928	0x0000000000000000	0x0000000000000000	0x000000005C28F5A0
30260444	0x000000083FFFFCE8	0x0000000000000000	0x0000000000000000	0x000000005EB851C8
30360440	0x00000006BFFFFD78	0x0000000000000000	0x0000000000000000	0x000000004CCCCCCB
30360441	0x000000074F5C2638	0x0000000000000000	0x0000000000000000	0x0000000051EB8500
30360442	0x00000007B5C28C78	0x0000000000000000	0x0000000000000000	0x00000000570A3D50
30360443	0x00000008028F5928	0x0000000000000000	0x0000000000000000	0x000000005C28F5A0
30360444	0x000000083FFFFCE8	0x0000000000000000	0x0000000000000000	0x000000005EB851C8
30460440	0x0000000000000000	0x0000000099999996	0x00000001028F5BC8	0x0000000000000000
30460441	0x0000000000000000	0x00000000A6666628	0x0000000119999993	0x0000000000000000
30460442	0x0000000000000000	0x00000000B0A3D6C8	0x0000000128F5C220	0x0000000000000000
30460443	0x0000000000000000	0x00000000B5C28F18	0x000000013333332C	0x0000000000000000
30460444	0x0000000000000000	0x00000000BAE14768	0x000000013D70A360	0x0000000000000000
30560440	0x0000000000000000	0x0000000099999996	0x00000001028F5BC8	0x0000000000000000
30560441	0x0000000000000000	0x00000000A6666628	0x0000000119999993	0x0000000000000000
30560442	0x0000000000000000	0x00000000B0A3D6C8	0x0000000128F5C220	0x0000000000000000
30560443	0x0000000000000000	0x00000000B5C28F18	0x000000013333332C	0x0000000000000000
30560444	0x0000000000000000	0x00000000BAE14768	0x000000013D70A360	0x0000000000000000
30660440	0x0000000000000000	0x0000000099999996	0x00000001028F5BC8	0x0000000000000000
30660441	0x0000000000000000	0x00000000A6666628	0x0000000119999993	0x0000000000000000
30660442	0x0000000000000000	0x00000000B0A3D6C8	0x0000000128F5C220	0x0000000000000000
30660443	0x0000000000000000	0x00000000B5C28F18	0x000000013333332C	0x0000000000000000
30660444	0x0000000000000000	0x00000000BAE14768	0x000000013D70A360	0x0000000000000000
30160450	0x00000006BFFFFD78	0x0000000000000000	0x0000000000000000	0x000000004CCCCCCB
30160451	0x000000074F5C2638	0x0000000000000000	0x0000000000000000	0x0000000051EB8500
30160452	0x00000007B5C28C78	0x0000000000000000	0x0000000000000000	0x00000000570A3D50
30160453	0x00000008028F5928	0x0000000000000000	0x0000000000000000	0x000000005C28F5A0
30160454	0x000000083FFFFCE8	0x0000000000000000	0x0000000000000000	0x000000005EB851C8
30260450	0x00000006BFFFFD78	0x0000000000000000	0x0000000000000000	0x000000004CCCCCCB
30260451	0x000000074F5C2638	0x0000000000000000	0x0000000000000000	0x0000000051EB8500
30260452	0x00000007B5C28C78	0x0000000000000000	0x0000000000000000	0x00000000570A3D50
30260453	0x00000008028F5928	0x0000000000000000	0x0000000000000000	0x000000005C28F5A0
30260454	0x000000083FFFFCE8	0x0000000000000000	0x0000000000000000	0x000000005EB851C8
30360450	0x00000006BFFFFD78	0x0000000000000000	0x0000000000000000	0x000000004CCCCCCB
30360451	0x000000074F5C2638	0x0000000000000000	0x0000000000000000	0x0000000051EB8500
30360452	0x00000007B5C28C78	0x0000000000000000	0x0000000000000000	0x00000000570A3D50
30360453	0x00000008028F5928	0x0000000000000000	0x0000000000000000	0x000000005C28F5A0
30360454	0x000000083FFFFCE8	0x0000000000000000	0x0000000000000000	0x000000005EB851C8
30460450	0x0000000000000000	0x0000000099999996	0x00000001028F5BC8	0x0000000000000000
30460451	0x0000000000000000	0x00000000A6666628	0x0000000119999993	0x0000000000000000
30460452	0x0000000000000000	0x00000000B0A3D6C8	0x0000000128F5C220	0x0000000000000000
30460453	0x0000000000000000	0x00000000B5C28F18	0x000000013333332C	0x0000000000000000
30460454	0x0000000000000000	0x00000000BAE14768	0x000000013D70A360	0x0000000000000000
30560450	0x0000000000000000	0x0000000099999996	0x00000001028F5BC8	0x0000000000000000
30560451	0x0000000000000000	0x00000000A6666628	0x0000000119999993	0x0000000000000000
30560452	0x0000000000000000	0x00000000B0A3D6C8	0x0000000128F5C220	0x0000000000000000
30560453	0x0000000000000000	0x00000000B5C28F18	0x000000013333332C	0x0000000000000000
30560454	0x0000000000000000	0x00000000BAE14768	0x000000013D70A360	0x0000000000000000
30660450	0x0000000000000000	0x0000000099999996	0x00000001028F5BC8	0x0000000000000000
30660451	0x0000000000000000	0x00000000A6666628	0x0000000119999993	0x0000000000000000
30660452	0x0000000000000000	0x00000000B0A3D6C8	0x0000000128F5C220	0x0000000000000000
30660453	0x0000000000000000	0x00000000B5C28F18	0x000000013333332C	0x0000000000000000
30660454	0x0000000000000000	0x00000000BAE14768	0x000000013D70A360	0x0000000000000000
24840010	0x0000000000000000	0x00000000D70A3D20	0x0000000000000000	0x00000000D2BD24C0
24840011	0x0000000000000000	0x00000000F851EB28	0x0000000000000000	0x00000000F35A6A70
24840012	0x0000000000000000	0x000000010F5C2890	0x0000000000000000	0x0000000109EEAE60
24840013	0x0000000000000000	0x000000012147ADA8	0x0000000000000000	0x000000012147ADA8
24850010	0x0000000000000000	0x00000000E6666661	0x0000000000000000	0x00000000E1CABF7E
24850011	0x0000000000000000	0x00000000FAE14750	0x0000000000000000	0x00000000F5DCAAE0
24850012	0x0000000000000000	0x0000000107AE1418	0x0000000000000000	0x000000010267ED10
24850013	0x0000000000000000	0x0000000111EB84B8	0x0000000000000000	0x000000010C70EED0
24850014	0x0000000000000000	0x0000000119999993	0x0000000000000000	0x0000000113F7CD9A
24860010	0x0000000000000000	0x000000012147ADA8	0x0000000000000000	0x000000011B7E7170
24860011	0x0000000000000000	0x000000013851EB10	0x0000000000000000	0x000000013212B560
24860012	0x0000000000000000	0x000000014A3D7028	0x0000000000000000	0x0000000143A27870
24860013	0x0000000000000000	0x00000001570A3CF0	0x0000000000000000	0x00000001502DBAA0
24860014	0x0000000000000000	0x000000016147AD90	0x0000000000000000	0x000000015A36BC60
24940010	0x0000000000000000	0x00000000D70A3D20	0x0000000000000000	0x00000000D70A3D20
24940011	0x0000000000000000	0x00000000F851EB28	0x0000000000000000	0x00000000F851EB28
24940012	0x0000000000000000	0x000000010F5C2890	0x0000000000000000	0x000000010F5C2890
24940013	0x0000000000000000	0x000000012147ADA8	0x0000000000000000	0x000000012147ADA8
24950010	0x0000000000000000	0x00000000E6666661	0x0000000000000000	0x00000000E6666661
24950011	0x0000000000000000	0x00000000FAE14750	0x0000000000000000	0x00000000FAE14750
24950012	0x0000000000000000	0x0000000107AE1418	0x0000000000000000	0x0000000107AE1418
24950013	0x0000000000000000	0x0000000111EB84B8	0x0000000000000000	0x0000000111EB84B8
24950014	0x0000000000000000	0x0000000119999993	0x0000000000000000	0x0000000119999993
24960010	0x0000000000000000	0x000000012147ADA8	0x0000000000000000	0x000000012147ADA8
24960011	0x0000000000000000	0x000000013851EB10	0x0000000000000000	0x000000013851EB10
24960012	0x0000000000000000	0x000000014A3D7028	0x0000000000000000	0x000000014A3D7028
24960013	0x0000000000000000	0x00000001570A3CF0	0x0000000000000000	0x00000001570A3CF0
24960014	0x0000000000000000	0x000000016147AD90	0x0000000000000000	0x000000016147AD90
30160460	0x00000006BFFFFD78	0x0000000000000000	0x0000000000000000	0x000000004CCCCCCB
30160461	0x000000074F5C2638	0x0000000000000000	0x0000000000000000	0x0000000051EB8500
30160462	0x00000007B5C28C78	0x0000000000000000	0x0000000000000000	0x00000000570A3D50
30160463	0x00000008028F5928	0x0000000000000000	0x0000000000000000	0x000000005C28F5A0
30160464	0x000000083FFFFCE8	0x0000000000000000	0x0000000000000000	0x000000005EB851C8
30260460	0x00000006BFFFFD78	0x0000000000000000	0x0000000000000000	0x000000004CCCCCCB
30260461	0x000000074F5C2638	0x0000000000000000	0x0000000000000000	0x0000000051EB8500
30260462	0x00000007B5C28C78	0x0000000000000000	0x0000000000000000	0x00000000570A3D50
30260463	0x00000008028F5928	0x0000000000000000	0x0000000000000000	0x000000005C28F5A0
30260464	0x000000083FFFFCE8	0x0000000000000000	0x0000000000000000	0x000000005EB851C8
30360460	0x00000006BFFFFD78	0x0000000000000000	0x0000000000000000	0x000000004CCCCCCB
30360461	0x000000074F5C2638	0x0000000000000000	0x0000000000000000	0x0000000051EB8500
30360462	0x00000007B5C28C78	0x0000000000000000	0x0000000000000000	0x00000000570A3D50
30360463	0x00000008028F5928	0x0000000000000000	0x0000000000000000	0x000000005C28F5A0
30360464	0x000000083FFFFCE8	0x0000000000000000	0x0000000000000000	0x000000005EB851C8
30460460	0x0000000000000000	0x0000000099999996	0x00000001028F5BC8	0x0000000000000000
30460461	0x0000000000000000	0x00000000A6666628	0x0000000119999993	0x0000000000000000
30460462	0x0000000000000000	0x00000000B0A3D6C8	0x0000000128F5C220	0x0000000000000000
30460463	0x0000000000000000	0x00000000B5C28F18	0x000000013333332C	0x0000000000000000
30460464	0x0000000000000000	0x00000000BAE14768	0x000000013D70A360	0x0000000000000000
30560460	0x0000000000000000	0x0000000099999996	0x00000001028F5BC8	0x0000000000000000
30560461	0x0000000000000000	0x00000000A6666628	0x0000000119999993	0x0000000000000000
30560462	0x0000000000000000	0x00000000B0A3D6C8	0x0000000128F5C220	0x0000000000000000
30560463	0x0000000000000000	0x00000000B5C28F18	0x000000013333332C	0x0000000000000000
30560464	0x0000000000000000	0x00000000BAE14768	0x000000013D70A360	0x0000000000000000
30660460	0x0000000000000000	0x0000000099999996	0x00000001028F5BC8	0x0000000000000000
30660461	0x0000000000000000	0x00000000A6666628	0x0000000119999993	0x0000000000000000
30660462	0x0000000000000000	0x00000000B0A3D6C8	0x0000000128F5C220	0x0000000000000000
30660463	0x0000000000000000	0x00000000B5C28F18	0x000000013333332C	0x0000000000000000
30660464	0x0000000000000000	0x00000000BAE14768	0x000000013D70A360	0x0000000000000000
25040010	0x0000000000000000	0x00000000D70A3D20	0x0000000000000000	0x00000000D70A3D20
25040011	0x0000000000000000	0x00000000F851EB28	0x0000000000000000	0x00000000F851EB28
25040012	0x0000000000000000	0x000000010F5C2890	0x0000000000000000	0x000000010F5C2890
25040013	0x0000000000000000	0x000000012147ADA8	0x0000000000000000	0x000000012147ADA8
25050010	0x0000000000000000	0x00000000E6666661	0x0000000000000000	0x00000000E6666661
25050011	0x0000000000000000	0x00000000FAE14750	0x0000000000000000	0x00000000FAE14750
25050012	0x0000000000000000	0x0000000107AE1418	0x0000000000000000	0x0000000107AE1418
25050013	0x0000000000000000	0x0000000111EB84B8	0x0000000000000000	0x0000000111EB84B8
25050014	0x0000000000000000	0x0000000119999993	0x0000000000000000	0x0000000119999993
25060010	0x0000000000000000	0x000000012147ADA8	0x0000000000000000	0x000000012147ADA8
25060011	0x0000000000000000	0x000000013851EB10	0x0000000000000000	0x000000013851EB10
25060012	0x0000000000000000	0x000000014A3D7028	0x0000000000000000	0x000000014A3D7028
25060013	0x0000000000000000	0x00000001570A3CF0	0x0000000000000000	0x00000001570A3CF0
25060014	0x0000000000000000	0x000000016147AD90	0x0000000000000000	0x000000016147AD90
30160470	0x00000006BFFFFD78	0x0000000000000000	0x0000000000000000	0x000000004CCCCCCB
30160471	0x000000074F5C2638	0x0000000000000000	0x0000000000000000	0x0000000051EB8500
30160472	0x00000007B5C28C78	0x0000000000000000	0x0000000000000000	0x00000000570A3D50
30160473	0x00000008028F5928	0x0000000000000000	0x0000000000000000	0x000000005C28F5A0
30160474	0x000000083FFFFCE8	0x0000000000000000	0x0000000000000000	0x000000005EB851C8
30260470	0x00000006BFFFFD78	0x0000000000000000	0x0000000000000000	0x000000004CCCCCCB
30260471	0x000000074F5C2638	0x0000000000000000	0x0000000000000000	0x0000000051EB8500
30260472	0x00000007B5C28C78	0x0000000000000000	0x0000000000000000	0x00000000570A3D50
30260473	0x00000008028F5928	0x0000000000000000	0x0000000000000000	0x000000005C28F5A0
30260474	0x000000083FFFFCE8	0x0000000000000000	0x0000000000000000	0x000000005EB851C8
30360470	0x00000006BFFFFD78	0x0000000000000000	0x0000000000000000	0x000000004CCCCCCB
30360471	0x000000074F5C2638	0x0000000000000000	0x0000000000000000	0x0000000051EB8500
30360472	0x00000007B5C28C78	0x0000000000000000	0x0000000000000000	0x00000000570A3D50
30360473	0x00000008028F5928	0x0000000000000000	0x0000000000000000	0x000000005C28F5A0
30360474	0x000000083FFFFCE8	0x0000000000000000	0x0000000000000000	0x000000005EB851C8
30460470	0x0000000000000000	0x0000000099999996	0x00000001028F5BC8	0x0000000000000000
30460471	0x0000000000000000	0x00000000A6666628	0x0000000119999993	0x0000000000000000
30460472	0x0000000000000000	0x00000000B0A3D6C8	0x0000000128F5C220	0x0000000000000000
30460473	0x0000000000000000	0x00000000B5C28F18	0x000000013333332C	0x0000000000000000
30460474	0x0000000000000000	0x00000000BAE14768	0x000000013D70A360	0x0000000000000000
30560470	0x0000000000000000	0x0000000099999996	0x00000001028F5BC8	0x0000000000000000
30560471	0x0000000000000000	0x00000000A6666628	0x0000000119999993	0x0000000000000000
30560472	0x0000000000000000	0x00000000B0A3D6C8	0x0000000128F5C220	0x0000000000000000
30560473	0x0000000000000000	0x00000000B5C28F18	0x000000013333332C	0x0000000000000000
30560474	0x0000000000000000	0x00000000BAE14768	0x000000013D70A360	0x0000000000000000
30660470	0x0000000000000000	0x0000000099999996	0x00000001028F5BC8	0x0000000000000000
30660471	0x0000000000000000	0x00000000A6666628	0x0000000119999993	0x0000000000000000
30660472	0x0000000000000000	0x00000000B0A3D6C8	0x0000000128F5C220	0x0000000000000000
30660473	0x0000000000000000	0x00000000B5C28F18	0x000000013333332C	0x0000000000000000
30660474	0x0000000000000000	0x00000000BAE14768	0x000000013D70A360	0x0000000000000000
25140010	0x0000000000000000	0x00000000D70A3D20	0x0000000000000000	0x00000000D70A3D20
25140011	0x0000000000000000	0x00000000F851EB28	0x0000000000000000	0x00000000F851EB28
25140012	0x0000000000000000	0x000000010F5C2890	0x0000000000000000	0x000000010F5C2890
25140013	0x0000000000000000	0x000000012147ADA8	0x0000000000000000	0x000000012147ADA8
25150010	0x0000000000000000	0x00000000E6666661	0x0000000000000000	0x00000000E6666661
25150011	0x0000000000000000	0x00000000FAE14750	0x0000000000000000	0x00000000FAE14750
25150012	0x0000000000000000	0x0000000107AE1418	0x0000000000000000	0x0000000107AE1418
25150013	0x0000000000000000	0x0000000111EB84B8	0x0000000000000000	0x0000000111EB84B8
25150014	0x0000000000000000	0x0000000119999993	0x0000000000000000	0x0000000119999993
25160010	0x0000000000000000	0x000000012147ADA8	0x0000000000000000	0x000000012147ADA8
25160011	0x0000000000000000	0x000000013851EB10	0x0000000000000000	0x000000013851EB10
25160012	0x0000000000000000	0x000000014A3D7028	0x0000000000000000	0x000000014A3D7028
25160013	0x0000000000000000	0x00000001570A3CF0	0x0000000000000000	0x00000001570A3CF0
25160014	0x0000000000000000	0x000000016147AD90	0x0000000000000000	0x000000016147AD90
30160480	0x00000006BFFFFD78	0x0000000000000000	0x0000000000000000	0x000000004CCCCCCB
30160481	0x000000074F5C2638	0x0000000000000000	0x0000000000000000	0x0000000051EB8500
30160482	0x00000007B5C28C78	0x0000000000000000	0x0000000000000000	0x00000000570A3D50
30160483	0x00000008028F5928	0x0000000000000000	0x0000000000000000	0x000000005C28F5A0
30160484	0x000000083FFFFCE8	0x0000000000000000	0x0000000000000000	0x000000005EB851C8
30260480	0x00000006BFFFFD78	0x0000000000000000	0x0000000000000000	0x000000004CCCCCCB
30260481	0x000000074F5C2638	0x0000000000000000	0x0000000000000000	0x0000000051EB8500
30260482	0x00000007B5C28C78	0x0000000000000000	0x0000000000000000	0x00000000570A3D50
30260483	0x00000008028F5928	0x0000000000000000	0x0000000000000000	0x000000005C28F5A0
30260484	0x000000083FFFFCE8	0x0000000000000000	0x0000000000000000	0x000000005EB851C8
30360480	0x00000006BFFFFD78	0x0000000000000000	0x0000000000000000	0x000000004CCCCCCB
30360481	0x000000074F5C2638	0x0000000000000000	0x0000000000000000	0x0000000051EB8500
30360482	0x00000007B5C28C78	0x0000000000000000	0x0000000000000000	0x00000000570A3D50
30360483	0x00000008028F5928	0x0000000000000000	0x0000000000000000	0x000000005C28F5A0
30360484	0x000000083FFFFCE8	0x0000000000000000	0x0000000000000000	0x000000005EB851C8
30460480	0x0000000000000000	0x0000000099999996	0x00000001028F5BC8	0x0000000000000000
30460481	0x0000000000000000	0x00000000A6666628	0x0000000119999993	0x0000000000000000
30460482	0x0000000000000000	0x00000000B0A3D6C8	0x0000000128F5C220	0x0000000000000000
30460483	0x0000000000000000	0x00000000B5C28F18	0x000000013333332C	0x0000000000000000
30460484	0x0000000000000000	0x00000000BAE14768	0x000000013D70A360	0x0000000000000000
30560480	0x0000000000000000	0x0000000099999996	0x00000001028F5BC8	0x0000000000000000
30560481	0x0000000000000000	0x00000000A6666628	0x0000000119999993	0x0000000000000000
30560482	0x0000000000000000	0x00000000B0A3D6C8	0x0000000128F5C220	0x0000000000000000
30560483	0x0000000000000000	0x00000000B5C28F18	0x000000013333332C	0x0000000000000000
30560484	0x0000000000000000	0x00000000BAE14768	0x000000013D70A360	0x0000000000000000
30660480	0x0000000000000000	0x0000000099999996	0x00000001028F5BC8	0x0000000000000000
30660481	0x0000000000000000	0x00000000A6666628	0x0000000119999993	0x0000000000000000
30660482	0x0000000000000000	0x00000000B0A3D6C8	0x0000000128F5C220	0x0000000000000000
30660483	0x0000000000000000	0x00000000B5C28F18	0x000000013333332C	0x0000000000000000
30660484	0x0000000000000000	0x00000000BAE14768	0x000000013D70A360	0x0000000000000000
25240010	0x0000000000000000	0x00000000D70A3D20	0x0000000000000000	0x00000000D70A3D20
25240011	0x0000000000000000	0x00000000F851EB28	0x0000000000000000	0x00000000F851EB28
25240012	0x0000000000000000	0x000000010F5C2890	0x0000000000000000	0x000000010F5C2890
25240013	0x0000000000000000	0x000000012147ADA8	0x0000000000000000	0x000000012147ADA8
25250010	0x0000000000000000	0x00000000E6666661	0x0000000000000000	0x00000000E6666661
25250011	0x0000000000000000	0x00000000FAE14750	0x0000000000000000	0x00000000FAE14750
25250012	0x0000000000000000	0x0000000107AE1418	0x0000000000000000	0x0000000107AE1418
25250013	0x0000000000000000	0x0000000111EB84B8	0x0000000000000000	0x0000000111EB84B8
25250014	0x0000000000000000	0x0000000119999993	0x0000000000000000	0x0000000119999993
25260010	0x0000000000000000	0x000000012147ADA8	0x0000000000000000	0x000000012147ADA8
25260011	0x0000000000000000	0x000000013851EB10	0x0000000000000000	0x000000013851EB10
25260012	0x0000000000000000	0x000000014A3D7028	0x0000000000000000	0x000000014A3D7028
25260013	0x0000000000000000	0x00000001570A3CF0	0x0000000000000000	0x00000001570A3CF0
25260014	0x0000000000000000	0x000000016147AD90	0x0000000000000000	0x000000016147AD90
30160490	0x00000006BFFFFD78	0x0000000000000000	0x0000000000000000	0x000000004CCCCCCB
30160491	0x000000074F5C2638	0x0000000000000000	0x0000000000000000	0x0000000051EB8500
30160492	0x00000007B5C28C78	0x0000000000000000	0x0000000000000000	0x00000000570A3D50
30160493	0x00000008028F5928	0x0000000000000000	0x0000000000000000	0x000000005C28F5A0
30160494	0x000000083FFFFCE8	0x0000000000000000	0x0000000000000000	0x000000005EB851C8
30260490	0x00000006BFFFFD78	0x0000000000000000	0x0000000000000000	0x000000004CCCCCCB
30260491	0x000000074F5C2638	0x0000000000000000	0x0000000000000000	0x0000000051EB8500
30260492	0x00000007B5C28C78	0x0000000000000000	0x0000000000000000	0x00000000570A3D50
30260493	0x00000008028F5928	0x0000000000000000	0x0000000000000000	0x000000005C28F5A0
30260494	0x000000083FFFFCE8	0x0000000000000000	0x0000000000000000	0x000000005EB851C8
30360490	0x00000006BFFFFD78	0x0000000000000000	0x0000000000000000	0x000000004CCCCCCB
30360491	0x000000074F5C2638	0x0000000000000000	0x0000000000000000	0x0000000051EB8500
30360492	0x00000007B5C28C78	0x0000000000000000	0x0000000000000000	0x00000000570A3D50
30360493	0x00000008028F5928	0x0000000000000000	0x0000000000000000	0x000000005C28F5A0
30360494	0x000000083FFFFCE8	0x0000000000000000	0x0000000000000000	0x000000005EB851C8
30460490	0x0000000000000000	0x0000000099999996	0x00000001028F5BC8	0x0000000000000000
30460491	0x0000000000000000	0x00000000A6666628	0x0000000119999993	0x0000000000000000
30460492	0x0000000000000000	0x00000000B0A3D6C8	0x0000000128F5C220	0x0000000000000000
30460493	0x0000000000000000	0x00000000B5C28F18	0x000000013333332C	0x0000000000000000
30460494	0x0000000000000000	0x00000000BAE14768	0x000000013D70A360	0x0000000000000000
30560490	0x0000000000000000	0x0000000099999996	0x00000001028F5BC8	0x0000000000000000
30560491	0x0000000000000000	0x00000000A6666628	0x0000000119999993	0x0000000000000000
30560492	0x0000000000000000	0x00000000B0A3D6C8	0x0000000128F5C220	0x0000000000000000
30560493	0x0000000000000000	0x00000000B5C28F18	0x000000013333332C	0x0000000000000000
30560494	0x0000000000000000	0x00000000BAE14768	0x000000013D70A360	0x0000000000000000
30660490	0x0000000000000000	0x0000000099999996	0x00000001028F5BC8	0x0000000000000000
30660491	0x0000000000000000	0x00000000A6666628	0x0000000119999993	0x0000000000000000
30660492	0x0000000000000000	0x00000000B0A3D6C8	0x0000000128F5C220	0x0000000000000000
30660493	0x0000000000000000	0x00000000B5C28F18	0x000000013333332C	0x0000000000000000
30660494	0x0000000000000000	0x00000000BAE14768	0x000000013D70A360	0x0000000000000000
30160500	0x00000006BFFFFD78	0x0000000000000000	0x0000000000000000	0x000000004CCCCCCB
30160501	0x000000074F5C2638	0x0000000000000000	0x0000000000000000	0x0000000051EB8500
30160502	0x00000007B5C28C78	0x0000000000000000	0x0000000000000000	0x00000000570A3D50
30160503	0x00000008028F5928	0x0000000000000000	0x0000000000000000	0x000000005C28F5A0
30160504	0x000000083FFFFCE8	0x0000000000000000	0x0000000000000000	0x000000005EB851C8
30260500	0x00000006BFFFFD78	0x0000000000000000	0x0000000000000000	0x000000004CCCCCCB
30260501	0x000000074F5C2638	0x0000000000000000	0x0000000000000000	0x0000000051EB8500
30260502	0x00000007B5C28C78	0x0000000000000000	0x0000000000000000	0x00000000570A3D50
30260503	0x00000008028F5928	0x0000000000000000	0x0000000000000000	0x000000005C28F5A0
30260504	0x000000083FFFFCE8	0x0000000000000000	0x0000000000000000	0x000000005EB851C8
30360500	0x00000006BFFFFD78	0x0000000000000000	0x0000000000000000	0x000000004CCCCCCB
30360501	0x000000074F5C2638	0x0000000000000000	0x0000000000000000	0x0000000051EB8500
30360502	0x00000007B5C28C78	0x0000000000000000	0x0000000000000000	0x00000000570A3D50
30360503	0x00000008028F5928	0x0000000000000000	0x0000000000000000	0x000000005C28F5A0
30360504	0x000000083FFFFCE8	0x0000000000000000	0x0000000000000000	0x000000005EB851C8
30460500	0x0000000000000000	0x0000000099999996	0x00000001028F5BC8	0x0000000000000000
30460501	0x0000000000000000	0x00000000A6666628	0x0000000119999993	0x0000000000000000
30460502	0x0000000000000000	0x00000000B0A3D6C8	0x0000000128F5C220	0x0000000000000000
30460503	0x0000000000000000	0x00000000B5C28F18	0x000000013333332C	0x0000000000000000
30460504	0x0000000000000000	0x00000000BAE14768	0x000000013D70A360	0x0000000000000000
30560500	0x0000000000000000	0x0000000099999996	0x00000001028F5BC8	0x0000000000000000
30560501	0x0000000000000000	0x00000000A6666628	0x0000000119999993	0x0000000000000000
30560502	0x0000000000000000	0x00000000B0A3D6C8	0x0000000128F5C220	0x0000000000000000
30560503	0x0000000000000000	0x00000000B5C28F18	0x000000013333332C	0x0000000000000000
30560504	0x0000000000000000	0x00000000BAE14768	0x000000013D70A360	0x0000000000000000
30660500	0x0000000000000000	0x0000000099999996	0x00000001028F5BC8	0x0000000000000000
30660501	0x0000000000000000	0x00000000A6666628	0x0000000119999993	0x0000000000000000
30660502	0x0000000000000000	0x00000000B0A3D6C8	0x0000000128F5C220	0x0000000000000000
30660503	0x0000000000000000	0x00000000B5C28F18	0x000000013333332C	0x0000000000000000
30660504	0x0000000000000000	0x00000000BAE14768	0x000000013D70A360	0x0000000000000000
25340010	0x0000000000000000	0x00000000D70A3D20	0x0000000000000000	0x00000000D2BD24C0
25340011	0x0000000000000000	0x00000000F851EB28	0x0000000000000000	0x00000000F35A6A70
25340012	0x0000000000000000	0x000000010F5C2890	0x0000000000000000	0x0000000109EEAE60
25340013	0x0000000000000000	0x000000012147ADA8	0x0000000000000000	0x000000012147ADA8
25350010	0x0000000000000000	0x00000000E6666661	0x0000000000000000	0x00000000E1CABF7E
25350011	0x0000000000000000	0x00000000FAE14750	0x0000000000000000	0x00000000F5DCAAE0
25350012	0x0000000000000000	0x0000000107AE1418	0x0000000000000000	0x000000010267ED10
25350013	0x0000000000000000	0x0000000111EB84B8	0x0000000000000000	0x000000010C70EED0
25350014	0x0000000000000000	0x0000000119999993	0x0000000000000000	0x0000000113F7CD9A
25360010	0x0000000000000000	0x000000012147ADA8	0x0000000000000000	0x000000011B7E7170
25360011	0x0000000000000000	0x000000013851EB10	0x0000000000000000	0x000000013212B560
25360012	0x0000000000000000	0x000000014A3D7028	0x0000000000000000	0x0000000143A27870
25360013	0x0000000000000000	0x00000001570A3CF0	0x0000000000000000	0x00000001502DBAA0
25360014	0x0000000000000000	0x000000016147AD90	0x0000000000000000	0x000000015A36BC60
25440010	0x0000000000000000	0x00000000D70A3D20	0x0000000000000000	0x00000000D70A3D20
25440011	0x0000000000000000	0x00000000F851EB28	0x0000000000000000	0x00000000F851EB28
25440012	0x0000000000000000	0x000000010F5C2890	0x0000000000000000	0x000000010F5C2890
25440013	0x0000000000000000	0x000000012147ADA8	0x0000000000000000	0x000000012147ADA8
25450010	0x0000000000000000	0x00000000E6666661	0x0000000000000000	0x00000000E6666661
25450011	0x0000000000000000	0x00000000FAE14750	0x0000000000000000	0x00000000FAE14750
25450012	0x0000000000000000	0x0000000107AE1418	0x0000000000000000	0x0000000107AE1418
25450013	0x0000000000000000	0x0000000111EB84B8	0x0000000000000000	0x0000000111EB84B8
25450014	0x0000000000000000	0x0000000119999993	0x0000000000000000	0x0000000119999993
25460010	0x0000000000000000	0x000000012147ADA8	0x0000000000000000	0x000000012147ADA8
25460011	0x0000000000000000	0x000000013851EB10	0x0000000000000000	0x000000013851EB10
25460012	0x0000000000000000	0x000000014A3D7028	0x0000000000000000	0x000000014A3D7028
25460013	0x0000000000000000	0x00000001570A3CF0	0x0000000000000000	0x00000001570A3CF0
25460014	0x0000000000000000	0x000000016147AD90	0x0000000000000000	0x000000016147AD90
30160510	0x00000006BFFFFD78	0x0000000000000000	0x0000000000000000	0x000000004CCCCCCB
30160511	0x000000074F5C2638	0x0000000000000000	0x0000000000000000	0x0000000051EB8500
30160512	0x00000007B5C28C78	0x0000000000000000	0x0000000000000000	0x00000000570A3D50
30160513	0x00000008028F5928	0x0000000000000000	0x0000000000000000	0x000000005C28F5A0
30160514	0x000000083FFFFCE8	0x0000000000000000	0x0000000000000000	0x000000005EB851C8
30260510	0x00000006BFFFFD78	0x0000000000000000	0x0000000000000000	0x000000004CCCCCCB
30260511	0x000000074F5C2638	0x0000000000000000	0x0000000000000000	0x0000000051EB8500
30260512	0x00000007B5C28C78	0x0000000000000000	0x0000000000000000	0x00000000570A3D50
30260513	0x00000008028F5928	0x0000000000000000	0x0000000000000000	0x000000005C28F5A0
30260514	0x000000083FFFFCE8	0x0000000000000000	0x0000000000000000	0x000000005EB851C8
30360510	0x00000006BFFFFD78	0x0000000000000000	0x0000000000000000	0x000000004CCCCCCB
30360511	0x000000074F5C2638	0x0000000000000000	0x0000000000000000	0x0000000051EB8500
30360512	0x00000007B5C28C78	0x0000000000000000	0x0000000000000000	0x00000000570A3D50
30360513	0x00000008028F5928	0x0000000000000000	0x0000000000000000	0x000000005C28F5A0
30360514	0x000000083FFFFCE8	0x0000000000000000	0x0000000000000000	0x000000005EB851C8
30460510	0x0000000000000000	0x0000000099999996	0x00000001028F5BC8	0x0000000000000000
30460511	0x0000000000000000	0x00000000A6666628	0x0000000119999993	0x0000000000000000
30460512	0x0000000000000000	0x00000000B0A3D6C8	0x0000000128F5C220	0x0000000000000000
30460513	0x0000000000000000	0x00000000B5C28F18	0x000000013333332C	0x0000000000000000
30460514	0x0000000000000000	0x00000000BAE14768	0x000000013D70A360	0x0000000000000000
30560510	0x0000000000000000	0x0000000099999996	0x00000001028F5BC8	0x0000000000000000
30560511	0x0000000000000000	0x00000000A6666628	0x0000000119999993	0x0000000000000000
30560512	0x0000000000000000	0x00000000B0A3D6C8	0x0000000128F5C220	0x0000000000000000
30560513	0x0000000000000000	0x00000000B5C28F18	0x000000013333332C	0x0000000000000000
30560514	0x0000000000000000	0x00000000BAE14768	0x000000013D70A360	0x0000000000000000
30660510	0x0000000000000000	0x0000000099999996	0x00000001028F5BC8	0x0000000000000000
30660511	0x0000000000000000	0x00000000A6666628	0x0000000119999993	0x0000000000000000
30660512	0x0000000000000000	0x00000000B0A3D6C8	0x0000000128F5C220	0x0000000000000000
30660513	0x0000000000000000	0x00000000B5C28F18	0x000000013333332C	0x0000000000000000
30660514	0x0000000000000000	0x00000000BAE14768	0x000000013D70A360	0x0000000000000000
25550010	0x0000000000000000	0x00000000E6666661	0x0000000000000000	0x00000000E6666661
25550011	0x0000000000000000	0x00000000FAE14750	0x0000000000000000	0x00000000FAE14750
25550012	0x0000000000000000	0x0000000107AE1418	0x0000000000000000	0x0000000107AE1418
25550013	0x0000000000000000	0x0000000111EB84B8	0x0000000000000000	0x0000000111EB84B8
25550014	0x0000000000000000	0x0000000119999993	0x0000000000000000	0x0000000119999993
25560010	0x0000000000000000	0x000000012147ADA8	0x0000000000000000	0x000000012147ADA8
25560011	0x0000000000000000	0x000000013851EB10	0x0000000000000000	0x000000013851EB10
25560012	0x0000000000000000	0x000000014A3D7028	0x0000000000000000	0x000000014A3D7028
25560013	0x0000000000000000	0x00000001570A3CF0	0x0000000000000000	0x00000001570A3CF0
25560014	0x0000000000000000	0x000000016147AD90	0x0000000000000000	0x000000016147AD90
25650010	0x0000000000000000	0x00000000E6666661	0x0000000000000000	0x00000000E6666661
25650011	0x0000000000000000	0x00000000FAE14750	0x0000000000000000	0x00000000FAE14750
25650012	0x0000000000000000	0x0000000107AE1418	0x0000000000000000	0x0000000107AE1418
25650013	0x0000000000000000	0x0000000111EB84B8	0x0000000000000000	0x0000000111EB84B8
25650014	0x0000000000000000	0x0000000119999993	0x0000000000000000	0x0000000119999993
25660010	0x0000000000000000	0x000000012147ADA8	0x0000000000000000	0x000000012147ADA8
25660011	0x0000000000000000	0x000000013851EB10	0x0000000000000000	0x000000013851EB10
25660012	0x0000000000000000	0x000000014A3D7028	0x0000000000000000	0x000000014A3D7028
25660013	0x0000000000000000	0x00000001570A3CF0	0x0000000000000000	0x00000001570A3CF0
25660014	0x0000000000000000	0x000000016147AD90	0x0000000000000000	0x000000016147AD90
25740010	0x0000000000000000	0x00000000D70A3D20	0x0000000000000000	0x00000000D70A3D20
25740011	0x0000000000000000	0x00000000F851EB28	0x0000000000000000	0x00000000F851EB28
25740012	0x0000000000000000	0x000000010F5C2890	0x0000000000000000	0x000000010F5C2890
25740013	0x0000000000000000	0x000000012147ADA8	0x0000000000000000	0x000000012147ADA8
25750010	0x0000000000000000	0x00000000E6666661	0x0000000000000000	0x00000000E6666661
25750011	0x0000000000000000	0x00000000FAE14750	0x0000000000000000	0x00000000FAE14750
25750012	0x0000000000000000	0x0000000107AE1418	0x0000000000000000	0x0000000107AE1418
25750013	0x0000000000000000	0x0000000111EB84B8	0x0000000000000000	0x0000000111EB84B8
25750014	0x0000000000000000	0x0000000119999993	0x0000000000000000	0x0000000119999993
25760010	0x0000000000000000	0x000000012147ADA8	0x0000000000000000	0x000000012147ADA8
25760011	0x0000000000000000	0x000000013851EB10	0x0000000000000000	0x000000013851EB10
25760012	0x0000000000000000	0x000000014A3D7028	0x0000000000000000	0x000000014A3D7028
25760013	0x0000000000000000	0x00000001570A3CF0	0x0000000000000000	0x00000001570A3CF0
25760014	0x0000000000000000	0x000000016147AD90	0x0000000000000000	0x000000016147AD90
25840010	0x0000000000000000	0x00000000D70A3D20	0x0000000000000000	0x00000000D70A3D20
25840011	0x0000000000000000	0x00000000F851EB28	0x0000000000000000	0x00000000F851EB28
25840012	0x0000000000000000	0x000000010F5C2890	0x0000000000000000	0x000000010F5C2890
25840013	0x0000000000000000	0x000000012147ADA8	0x0000000000000000	0x000000012147ADA8
25850010	0x0000000000000000	0x00000000E6666661	0x0000000000000000	0x00000000E6666661
25850011	0x0000000000000000	0x00000000FAE14750	0x0000000000000000	0x00000000FAE14750
25850012	0x0000000000000000	0x0000000107AE1418	0x0000000000000000	0x0000000107AE1418
25850013	0x0000000000000000	0x0000000111EB84B8	0x0000000000000000	0x0000000111EB84B8
25850014	0x0000000000000000	0x0000000119999993	0x0000000000000000	0x0000000119999993
25860010	0x0000000000000000	0x000000012147ADA8	0x0000000000000000	0x000000012147ADA8
25860011	0x0000000000000000	0x000000013851EB10	0x0000000000000000	0x000000013851EB10
25860012	0x0000000000000000	0x000000014A3D7028	0x0000000000000000	0x000000014A3D7028
25860013	0x0000000000000000	0x00000001570A3CF0	0x0000000000000000	0x00000001570A3CF0
25860014	0x0000000000000000	0x000000016147AD90	0x0000000000000000	0x000000016147AD90
30160520	0x00000006BFFFFD78	0x0000000000000000	0x0000000000000000	0x000000004CCCCCCB
30160521	0x000000074F5C2638	0x0000000000000000	0x0000000000000000	0x0000000051EB8500
30160522	0x00000007B5C28C78	0x0000000000000000	0x0000000000000000	0x00000000570A3D50
30160523	0x00000008028F5928	0x0000000000000000	0x0000000000000000	0x000000005C28F5A0
30160524	0x000000083FFFFCE8	0x0000000000000000	0x0000000000000000	0x000000005EB851C8
30260520	0x00000006BFFFFD78	0x0000000000000000	0x0000000000000000	0x000000004CCCCCCB
30260521	0x000000074F5C2638	0x0000000000000000	0x0000000000000000	0x0000000051EB8500
30260522	0x00000007B5C28C78	0x0000000000000000	0x0000000000000000	0x00000000570A3D50
30260523	0x00000008028F5928	0x0000000000000000	0x0000000000000000	0x000000005C28F5A0
30260524	0x000000083FFFFCE8	0x0000000000000000	0x0000000000000000	0x000000005EB851C8
30360520	0x00000006BFFFFD78	0x0000000000000000	0x0000000000000000	0x000000004CCCCCCB
30360521	0x000000074F5C2638	0x0000000000000000	0x0000000000000000	0x0000000051EB8500
30360522	0x00000007B5C28C78	0x0000000000000000	0x0000000000000000	0x00000000570A3D50
30360523	0x00000008028F5928	0x0000000000000000	0x0000000000000000	0x000000005C28F5A0
30360524	0x000000083FFFFCE8	0x0000000000000000	0x0000000000000000	0x000000005EB851C8
30460520	0x0000000000000000	0x0000000099999996	0x00000001028F5BC8	0x0000000000000000
30460521	0x0000000000000000	0x00000000A6666628	0x0000000119999993	0x0000000000000000
30460522	0x0000000000000000	0x00000000B0A3D6C8	0x0000000128F5C220	0x0000000000000000
30460523	0x0000000000000000	0x00000000B5C28F18	0x000000013333332C	0x0000000000000000
30460524	0x0000000000000000	0x00000000BAE14768	0x000000013D70A360	0x0000000000000000
30560520	0x0000000000000000	0x0000000099999996	0x00000001028F5BC8	0x0000000000000000
30560521	0x0000000000000000	0x00000000A6666628	0x0000000119999993	0x0000000000000000
30560522	0x0000000000000000	0x00000000B0A3D6C8	0x0000000128F5C220	0x0000000000000000
30560523	0x0000000000000000	0x00000000B5C28F18	0x000000013333332C	0x0000000000000000
30560524	0x0000000000000000	0x00000000BAE14768	0x000000013D70A360	0x0000000000000000
30660520	0x0000000000000000	0x0000000099999996	0x00000001028F5BC8	0x0000000000000000
30660521	0x0000000000000000	0x00000000A6666628	0x0000000119999993	0x0000000000000000
30660522	0x0000000000000000	0x00000000B0A3D6C8	0x0000000128F5C220	0x0000000000000000
30660523	0x0000000000000000	0x00000000B5C28F18	0x000000013333332C	0x0000000000000000
30660524	0x0000000000000000	0x00000000BAE14768	0x000000013D70A360	0x0000000000000000
30150700	0x0000000566666646	0x0000000000000000	0x0000000000000000	0x000000003D70A3C0
30150701	0x00000005D9999768	0x0000000000000000	0x0000000000000000	0x00000000428F5C10
30150702	0x000000062B851C68	0x0000000000000000	0x0000000000000000	0x00000000451EB838
30150703	0x0000000668F5C028	0x0000000000000000	0x0000000000000000	0x0000000047AE1460
30150704	0x0000000699999972	0x0000000000000000	0x0000000000000000	0x000000004A3D7088
30250700	0x0000000566666646	0x0000000000000000	0x0000000000000000	0x000000003D70A3C0
30250701	0x00000005D9999768	0x0000000000000000	0x0000000000000000	0x00000000428F5C10
30250702	0x000000062B851C68	0x0000000000000000	0x0000000000000000	0x00000000451EB838
30250703	0x0000000668F5C028	0x0000000000000000	0x0000000000000000	0x0000000047AE1460
30250704	0x0000000699999972	0x0000000000000000	0x0000000000000000	0x000000004A3D7088
30350700	0x0000000566666646	0x0000000000000000	0x0000000000000000	0x000000003D70A3C0
30350701	0x00000005D9999768	0x0000000000000000	0x0000000000000000	0x00000000428F5C10
30350702	0x000000062B851C68	0x0000000000000000	0x0000000000000000	0x00000000451EB838
30350703	0x0000000668F5C028	0x0000000000000000	0x0000000000000000	0x0000000047AE1460
30350704	0x0000000699999972	0x0000000000000000	0x0000000000000000	0x000000004A3D7088
30450700	0x0000000000000000	0x000000007AE14780	0x00000000CF5C28A8	0x0000000000000000
30450701	0x0000000000000000	0x00000000851EB820	0x00000000E147ADC0	0x0000000000000000
30450702	0x0000000000000000	0x000000008CCCCC98	0x00000000EE147A88	0x0000000000000000
30450703	0x0000000000000000	0x0000000091EB84E8	0x00000000F5C28F00	0x0000000000000000
30450704	0x0000000000000000	0x00000000970A3D38	0x00000000FD70A378	0x0000000000000000
30550700	0x0000000000000000	0x000000007AE14780	0x00000000CF5C28A8	0x0000000000000000
30550701	0x0000000000000000	0x00000000851EB820	0x00000000E147ADC0	0x0000000000000000
30550702	0x0000000000000000	0x000000008CCCCC98	0x00000000EE147A88	0x0000000000000000
30550703	0x0000000000000000	0x0000000091EB84E8	0x00000000F5C28F00	0x0000000000000000
30550704	0x0000000000000000	0x00000000970A3D38	0x00000000FD70A378	0x0000000000000000
30650700	0x0000000000000000	0x000000007AE14780	0x00000000CF5C28A8	0x0000000000000000
30650701	0x0000000000000000	0x00000000851EB820	0x00000000E147ADC0	0x0000000000000000
30650702	0x0000000000000000	0x000000008CCCCC98	0x00000000EE147A88	0x0000000000000000
30650703	0x0000000000000000	0x0000000091EB84E8	0x00000000F5C28F00	0x0000000000000000
30650704	0x0000000000000000	0x00000000970A3D38	0x00000000FD70A378	0x0000000000000000
30150710	0x0000000566666646	0x0000000000000000	0x0000000000000000	0x000000003D70A3C0
30150711	0x00000005D9999768	0x0000000000000000	0x0000000000000000	0x00000000428F5C10
30150712	0x000000062B851C68	0x0000000000000000	0x0000000000000000	0x00000000451EB838
30150713	0x0000000668F5C028	0x0000000000000000	0x0000000000000000	0x0000000047AE1460
30150714	0x0000000699999972	0x0000000000000000	0x0000000000000000	0x000000004A3D7088
30250710	0x0000000566666646	0x0000000000000000	0x0000000000000000	0x000000003D70A3C0
30250711	0x00000005D9999768	0x0000000000000000	0x0000000000000000	0x00000000428F5C10
30250712	0x000000062B851C68	0x0000000000000000	0x0000000000000000	0x00000000451EB838
30250713	0x0000000668F5C028	0x0000000000000000	0x0000000000000000	0x0000000047AE1460
30250714	0x0000000699999972	0x0000000000000000	0x0000000000000000	0x000000004A3D7088
30350710	0x0000000566666646	0x0000000000000000	0x0000000000000000	0x000000003D70A3C0
30350711	0x00000005D9999768	0x0000000000000000	0x0000000000000000	0x00000000428F5C10
30350712	0x000000062B851C68	0x0000000000000000	0x0000000000000000	0x00000000451EB838
30350713	0x0000000668F5C028	0x0000000000000000	0x0000000000000000	0x0000000047AE1460
30350714	0x0000000699999972	0x0000000000000000	0x0000000000000000	0x000000004A3D7088
30450710	0x0000000000000000	0x000000007AE14780	0x00000000CF5C28A8	0x0000000000000000
30450711	0x0000000000000000	0x00000000851EB820	0x00000000E147ADC0	0x0000000000000000
30450712	0x0000000000000000	0x000000008CCCCC98	0x00000000EE147A88	0x0000000000000000
30450713	0x0000000000000000	0x0000000091EB84E8	0x00000000F5C28F00	0x0000000000000000
30450714	0x0000000000000000	0x00000000970A3D38	0x00000000FD70A378	0x0000000000000000
30550710	0x0000000000000000	0x000000007AE14780	0x00000000CF5C28A8	0x0000000000000000
30550711	0x0000000000000000	0x00000000851EB820	0x00000000E147ADC0	0x0000000000000000
30550712	0x0000000000000000	0x000000008CCCCC98	0x00000000EE147A88	0x0000000000000000
30550713	0x0000000000000000	0x0000000091EB84E8	0x00000000F5C28F00	0x0000000000000000
30550714	0x0000000000000000	0x00000000970A3D38	0x00000000FD70A378	0x0000000000000000
30650710	0x0000000000000000	0x000000007AE14780	0x00000000CF5C28A8	0x0000000000000000
30650711	0x0000000000000000	0x00000000851EB820	0x00000000E147ADC0	0x0000000000000000
30650712	0x0000000000000000	0x000000008CCCCC98	0x00000000EE147A88	0x0000000000000000
30650713	0x0000000000000000	0x0000000091EB84E8	0x00000000F5C28F00	0x0000000000000000
30650714	0x0000000000000000	0x00000000970A3D38	0x00000000FD70A378	0x0000000000000000
30155010	0x0000000566666646	0x0000000000000000	0x0000000000000000	0x000000003D70A3C0
30155011	0x00000005D9999768	0x0000000000000000	0x0000000000000000	0x00000000428F5C10
30155012	0x000000062B851C68	0x0000000000000000	0x0000000000000000	0x00000000451EB838
30155013	0x0000000668F5C028	0x0000000000000000	0x0000000000000000	0x0000000047AE1460
30155014	0x0000000699999972	0x0000000000000000	0x0000000000000000	0x000000004A3D7088
30255010	0x0000000566666646	0x0000000000000000	0x0000000000000000	0x000000003D70A3C0
30255011	0x00000005D9999768	0x0000000000000000	0x0000000000000000	0x00000000428F5C10
30255012	0x000000062B851C68	0x0000000000000000	0x0000000000000000	0x00000000451EB838
30255013	0x0000000668F5C028	0x0000000000000000	0x0000000000000000	0x0000000047AE1460
30255014	0x0000000699999972	0x0000000000000000	0x0000000000000000	0x000000004A3D7088
30355010	0x0000000566666646	0x0000000000000000	0x0000000000000000	0x000000003D70A3C0
30355011	0x00000005D9999768	0x0000000000000000	0x0000000000000000	0x00000000428F5C10
30355012	0x000000062B851C68	0x0000000000000000	0x0000000000000000	0x00000000451EB838
30355013	0x0000000668F5C028	0x0000000000000000	0x0000000000000000	0x0000000047AE1460
30355014	0x0000000699999972	0x0000000000000000	0x0000000000000000	0x000000004A3D7088
30455010	0x0000000000000000	0x000000007AE14780	0x00000000CF5C28A8	0x0000000000000000
30455011	0x0000000000000000	0x00000000851EB820	0x00000000E147ADC0	0x0000000000000000
30455012	0x0000000000000000	0x000000008CCCCC98	0x00000000EE147A88	0x0000000000000000
30455013	0x0000000000000000	0x0000000091EB84E8	0x00000000F5C28F00	0x0000000000000000
30455014	0x0000000000000000	0x00000000970A3D38	0x00000000FD70A378	0x0000000000000000
25940010	0x0000000000000000	0x00000000D70A3D20	0x0000000000000000	0x00000000D70A3D20
25940011	0x0000000000000000	0x00000000F851EB28	0x0000000000000000	0x00000000F851EB28
25940012	0x0000000000000000	0x000000010F5C2890	0x0000000000000000	0x000000010F5C2890
25940013	0x0000000000000000	0x000000012147ADA8	0x0000000000000000	0x000000012147ADA8
25950010	0x0000000000000000	0x00000000E6666661	0x0000000000000000	0x00000000E6666661
25950011	0x0000000000000000	0x00000000FAE14750	0x0000000000000000	0x00000000FAE14750
25950012	0x0000000000000000	0x0000000107AE1418	0x0000000000000000	0x0000000107AE1418
25950013	0x0000000000000000	0x0000000111EB84B8	0x0000000000000000	0x0000000111EB84B8
25950014	0x0000000000000000	0x0000000119999993	0x0000000000000000	0x0000000119999993
25960010	0x0000000000000000	0x000000012147ADA8	0x0000000000000000	0x000000012147ADA8
25960011	0x0000000000000000	0x000000013851EB10	0x0000000000000000	0x000000013851EB10
25960012	0x0000000000000000	0x000000014A3D7028	0x0000000000000000	0x000000014A3D7028
25960013	0x0000000000000000	0x00000001570A3CF0	0x0000000000000000	0x00000001570A3CF0
25960014	0x0000000000000000	0x000000016147AD90	0x0000000000000000	0x000000016147AD90
30160530	0x00000006BFFFFD78	0x0000000000000000	0x0000000000000000	0x000000004CCCCCCB
30160531	0x000000074F5C2638	0x0000000000000000	0x0000000000000000	0x0000000051EB8500
30160532	0x00000007B5C28C78	0x0000000000000000	0x0000000000000000	0x00000000570A3D50
30160533	0x00000008028F5928	0x0000000000000000	0x0000000000000000	0x000000005C28F5A0
30160534	0x000000083FFFFCE8	0x0000000000000000	0x0000000000000000	0x000000005EB851C8
30260530	0x00000006BFFFFD78	0x0000000000000000	0x0000000000000000	0x000000004CCCCCCB
30260531	0x000000074F5C2638	0x0000000000000000	0x0000000000000000	0x0000000051EB8500
30260532	0x00000007B5C28C78	0x0000000000000000	0x0000000000000000	0x00000000570A3D50
30260533	0x00000008028F5928	0x0000000000000000	0x0000000000000000	0x000000005C28F5A0
30260534	0x000000083FFFFCE8	0x0000000000000000	0x0000000000000000	0x000000005EB851C8
30360530	0x00000006BFFFFD78	0x0000000000000000	0x0000000000000000	0x000000004CCCCCCB
30360531	0x000000074F5C2638	0x0000000000000000	0x0000000000000000	0x0000000051EB8500
30360532	0x00000007B5C28C78	0x0000000000000000	0x0000000000000000	0x00000000570A3D50
30360533	0x00000008028F5928	0x0000000000000000	0x0000000000000000	0x000000005C28F5A0
30360534	0x000000083FFFFCE8	0x0000000000000000	0x0000000000000000	0x000000005EB851C8
30460530	0x0000000000000000	0x0000000099999996	0x00000001028F5BC8	0x0000000000000000
30460531	0x0000000000000000	0x00000000A6666628	0x0000000119999993	0x0000000000000000
30460532	0x0000000000000000	0x00000000B0A3D6C8	0x0000000128F5C220	0x0000000000000000
30460533	0x0000000000000000	0x00000000B5C28F18	0x000000013333332C	0x0000000000000000
30460534	0x0000000000000000	0x00000000BAE14768	0x000000013D70A360	0x0000000000000000
30560530	0x0000000000000000	0x0000000099999996	0x00000001028F5BC8	0x0000000000000000
30560531	0x0000000000000000	0x00000000A6666628	0x0000000119999993	0x0000000000000000
30560532	0x0000000000000000	0x00000000B0A3D6C8	0x0000000128F5C220	0x0000000000000000
30560533	0x0000000000000000	0x00000000B5C28F18	0x000000013333332C	0x0000000000000000
30560534	0x0000000000000000	0x00000000BAE14768	0x000000013D70A360	0x0000000000000000
30660530	0x0000000000000000	0x0000000099999996	0x00000001028F5BC8	0x0000000000000000
30660531	0x0000000000000000	0x00000000A6666628	0x0000000119999993	0x0000000000000000
30660532	0x0000000000000000	0x00000000B0A3D6C8	0x0000000128F5C220	0x0000000000000000
30660533	0x0000000000000000	0x00000000B5C28F18	0x000000013333332C	0x0000000000000000
30660534	0x0000000000000000	0x00000000BAE14768	0x000000013D70A360	0x0000000000000000
30156500	0x0000000566666646	0x0000000000000000	0x0000000000000000	0x000000003D70A3C0
30156501	0x00000005D9999768	0x0000000000000000	0x0000000000000000	0x00000000428F5C10
30156502	0x000000062B851C68	0x0000000000000000	0x0000000000000000	0x00000000451EB838
30156503	0x0000000668F5C028	0x0000000000000000	0x0000000000000000	0x0000000047AE1460
30156504	0x0000000699999972	0x0000000000000000	0x0000000000000000	0x000000004A3D7088
30256500	0x0000000566666646	0x0000000000000000	0x0000000000000000	0x000000003D70A3C0
30256501	0x00000005D9999768	0x0000000000000000	0x0000000000000000	0x00000000428F5C10
30256502	0x000000062B851C68	0x0000000000000000	0x0000000000000000	0x00000000451EB838
30256503	0x0000000668F5C028	0x0000000000000000	0x0000000000000000	0x0000000047AE1460
30256504	0x0000000699999972	0x0000000000000000	0x0000000000000000	0x000000004A3D7088
30356500	0x0000000566666646	0x0000000000000000	0x0000000000000000	0x000000003D70A3C0
30356501	0x00000005D9999768	0x0000000000000000	0x0000000000000000	0x00000000428F5C10
30356502	0x000000062B851C68	0x0000000000000000	0x0000000000000000	0x00000000451EB838
30356503	0x0000000668F5C028	0x0000000000000000	0x0000000000000000	0x0000000047AE1460
30356504	0x0000000699999972	0x0000000000000000	0x0000000000000000	0x000000004A3D7088
30456500	0x0000000000000000	0x000000007D70A3A8	0x00000000CF5C28A8	0x0000000000000000
30456501	0x0000000000000000	0x0000000087AE1448	0x00000000DC28F570	0x0000000000000000
30456502	0x0000000000000000	0x000000008F5C28C0	0x00000000E8F5C238	0x0000000000000000
30456503	0x0000000000000000	0x00000000947AE110	0x00000000F0A3D6B0	0x0000000000000000
30456504	0x0000000000000000	0x0000000099999996	0x00000000F851EB28	0x0000000000000000
30556500	0x0000000000000000	0x000000007D70A3A8	0x00000000CF5C28A8	0x0000000000000000
30556501	0x0000000000000000	0x0000000087AE1448	0x00000000DC28F570	0x0000000000000000
30556502	0x0000000000000000	0x000000008F5C28C0	0x00000000E8F5C238	0x0000000000000000
30556503	0x0000000000000000	0x00000000947AE110	0x00000000F0A3D6B0	0x0000000000000000
30556504	0x0000000000000000	0x0000000099999996	0x00000000F851EB28	0x0000000000000000
30656500	0x0000000000000000	0x000000007D70A3A8	0x00000000CF5C28A8	0x0000000000000000
30656501	0x0000000000000000	0x0000000087AE1448	0x00000000DC28F570	0x0000000000000000
30656502	0x0000000000000000	0x000000008F5C28C0	0x00000000E8F5C238	0x0000000000000000
30656503	0x0000000000000000	0x00000000947AE110	0x00000000F0A3D6B0	0x0000000000000000
30656504	0x0000000000000000	0x0000000099999996	0x00000000F851EB28	0x0000000000000000
26040010	0x0000000000000000	0x00000000D70A3D20	0x0000000000000000	0x00000000D70A3D20
26040011	0x0000000000000000	0x00000000F851EB28	0x0000000000000000	0x00000000F851EB28
26040012	0x0000000000000000	0x000000010F5C2890	0x0000000000000000	0x000000010F5C2890
26040013	0x0000000000000000	0x000000012147ADA8	0x0000000000000000	0x000000012147ADA8
26050010	0x0000000000000000	0x00000000E6666661	0x0000000000000000	0x00000000E6666661
26050011	0x0000000000000000	0x00000000FAE14750	0x0000000000000000	0x00000000FAE14750
26050012	0x0000000000000000	0x0000000107AE1418	0x0000000000000000	0x0000000107AE1418
26050013	0x0000000000000000	0x0000000111EB84B8	0x0000000000000000	0x0000000111EB84B8
26050014	0x0000000000000000	0x0000000119999993	0x0000000000000000	0x0000000119999993
26060010	0x0000000000000000	0x000000012147ADA8	0x0000000000000000	0x000000012147ADA8
26060011	0x0000000000000000	0x000000013851EB10	0x0000000000000000	0x000000013851EB10
26060012	0x0000000000000000	0x000000014A3D7028	0x0000000000000000	0x000000014A3D7028
26060013	0x0000000000000000	0x00000001570A3CF0	0x0000000000000000	0x00000001570A3CF0
26060014	0x0000000000000000	0x000000016147AD90	0x0000000000000000	0x000000016147AD90
30160540	0x00000006BFFFFD78	0x0000000000000000	0x0000000000000000	0x000000004CCCCCCB
30160541	0x000000074F5C2638	0x0000000000000000	0x0000000000000000	0x0000000051EB8500
30160542	0x00000007B5C28C78	0x0000000000000000	0x0000000000000000	0x00000000570A3D50
30160543	0x00000008028F5928	0x0000000000000000	0x0000000000000000	0x000000005C28F5A0
30160544	0x000000083FFFFCE8	0x0000000000000000	0x0000000000000000	0x000000005EB851C8
30260540	0x00000006BFFFFD78	0x0000000000000000	0x0000000000000000	0x000000004CCCCCCB
30260541	0x000000074F5C2638	0x0000000000000000	0x0000000000000000	0x0000000051EB8500
30260542	0x00000007B5C28C78	0x0000000000000000	0x0000000000000000	0x00000000570A3D50
30260543	0x00000008028F5928	0x0000000000000000	0x0000000000000000	0x000000005C28F5A0
30260544	0x000000083FFFFCE8	0x0000000000000000	0x0000000000000000	0x000000005EB851C8
30360540	0x00000006BFFFFD78	0x0000000000000000	0x0000000000000000	0x000000004CCCCCCB
30360541	0x000000074F5C2638	0x0000000000000000	0x0000000000000000	0x0000000051EB8500
30360542	0x00000007B5C28C78	0x0000000000000000	0x0000000000000000	0x00000000570A3D50
30360543	0x00000008028F5928	0x0000000000000000	0x0000000000000000	0x000000005C28F5A0
30360544	0x000000083FFFFCE8	0x0000000000000000	0x0000000000000000	0x000000005EB851C8
30460540	0x0000000000000000	0x0000000099999996	0x00000001028F5BC8	0x0000000000000000
30460541	0x0000000000000000	0x00000000A6666628	0x0000000119999993	0x0000000000000000
30460542	0x0000000000000000	0x00000000B0A3D6C8	0x0000000128F5C220	0x0000000000000000
30460543	0x0000000000000000	0x00000000B5C28F18	0x000000013333332C	0x0000000000000000
30460544	0x0000000000000000	0x00000000BAE14768	0x000000013D70A360	0x0000000000000000
30560540	0x0000000000000000	0x0000000099999996	0x00000001028F5BC8	0x0000000000000000
30560541	0x0000000000000000	0x00000000A6666628	0x0000000119999993	0x0000000000000000
30560542	0x0000000000000000	0x00000000B0A3D6C8	0x0000000128F5C220	0x0000000000000000
30560543	0x0000000000000000	0x00000000B5C28F18	0x000000013333332C	0x0000000000000000
30560544	0x0000000000000000	0x00000000BAE14768	0x000000013D70A360	0x0000000000000000
30660540	0x0000000000000000	0x0000000099999996	0x00000001028F5BC8	0x0000000000000000
30660541	0x0000000000000000	0x00000000A6666628	0x0000000119999993	0x0000000000000000
30660542	0x0000000000000000	0x00000000B0A3D6C8	0x0000000128F5C220	0x0000000000000000
30660543	0x0000000000000000	0x00000000B5C28F18	0x000000013333332C	0x0000000000000000
30660544	0x0000000000000000	0x00000000BAE14768	0x000000013D70A360	0x0000000000000000
30160550	0x00000006BFFFFD78	0x0000000000000000	0x0000000000000000	0x000000004CCCCCCB
30160551	0x000000074F5C2638	0x0000000000000000	0x0000000000000000	0x0000000051EB8500
30160552	0x00000007B5C28C78	0x0000000000000000	0x0000000000000000	0x00000000570A3D50
30160553	0x00000008028F5928	0x0000000000000000	0x0000000000000000	0x000000005C28F5A0
30160554	0x000000083FFFFCE8	0x0000000000000000	0x0000000000000000	0x000000005EB851C8
30260550	0x00000006BFFFFD78	0x0000000000000000	0x0000000000000000	0x000000004CCCCCCB
30260551	0x000000074F5C2638	0x0000000000000000	0x0000000000000000	0x0000000051EB8500
30260552	0x00000007B5C28C78	0x0000000000000000	0x0000000000000000	0x00000000570A3D50
30260553	0x00000008028F5928	0x0000000000000000	0x0000000000000000	0x000000005C28F5A0
30260554	0x000000083FFFFCE8	0x0000000000000000	0x0000000000000000	0x000000005EB851C8
30360550	0x00000006BFFFFD78	0x0000000000000000	0x0000000000000000	0x000000004CCCCCCB
30360551	0x000000074F5C2638	0x0000000000000000	0x0000000000000000	0x0000000051EB8500
30360552	0x00000007B5C28C78	0x0000000000000000	0x0000000000000000	0x00000000570A3D50
30360553	0x00000008028F5928	0x0000000000000000	0x0000000000000000	0x000000005C28F5A0
30360554	0x000000083FFFFCE8	0x0000000000000000	0x0000000000000000	0x000000005EB851C8
30460550	0x0000000000000000	0x0000000099999996	0x00000001028F5BC8	0x0000000000000000
30460551	0x0000000000000000	0x00000000A6666628	0x0000000119999993	0x0000000000000000
30460552	0x0000000000000000	0x00000000B0A3D6C8	0x0000000128F5C220	0x0000000000000000
30460553	0x0000000000000000	0x00000000B5C28F18	0x000000013333332C	0x0000000000000000
30460554	0x0000000000000000	0x00000000BAE14768	0x000000013D70A360	0x0000000000000000
30560550	0x0000000000000000	0x0000000099999996	0x00000001028F5BC8	0x0000000000000000
30560551	0x0000000000000000	0x00000000A6666628	0x0000000119999993	0x0000000000000000
30560552	0x0000000000000000	0x00000000B0A3D6C8	0x0000000128F5C220	0x0000000000000000
30560553	0x0000000000000000	0x00000000B5C28F18	0x000000013333332C	0x0000000000000000
30560554	0x0000000000000000	0x00000000BAE14768	0x000000013D70A360	0x0000000000000000
30660550	0x0000000000000000	0x0000000099999996	0x00000001028F5BC8	0x0000000000000000
30660551	0x0000000000000000	0x00000000A6666628	0x0000000119999993	0x0000000000000000
30660552	0x0000000000000000	0x00000000B0A3D6C8	0x0000000128F5C220	0x0000000000000000
30660553	0x0000000000000000	0x00000000B5C28F18	0x000000013333332C	0x0000000000000000
30660554	0x0000000000000000	0x00000000BAE14768	0x000000013D70A360	0x0000000000000000
30150720	0x0000000566666646	0x0000000000000000	0x0000000000000000	0x000000003D70A3C0
30150721	0x00000005D9999768	0x0000000000000000	0x0000000000000000	0x00000000428F5C10
30150722	0x000000062B851C68	0x0000000000000000	0x0000000000000000	0x00000000451EB838
30150723	0x0000000668F5C028	0x0000000000000000	0x0000000000000000	0x0000000047AE1460
30150724	0x0000000699999972	0x0000000000000000	0x0000000000000000	0x000000004A3D7088
30250720	0x0000000566666646	0x0000000000000000	0x0000000000000000	0x000000003D70A3C0
30250721	0x00000005D9999768	0x0000000000000000	0x0000000000000000	0x00000000428F5C10
30250722	0x000000062B851C68	0x0000000000000000	0x0000000000000000	0x00000000451EB838
30250723	0x0000000668F5C028	0x0000000000000000	0x0000000000000000	0x0000000047AE1460
30250724	0x0000000699999972	0x0000000000000000	0x0000000000000000	0x000000004A3D7088
30350720	0x0000000566666646	0x0000000000000000	0x0000000000000000	0x000000003D70A3C0
30350721	0x00000005D9999768	0x0000000000000000	0x0000000000000000	0x00000000428F5C10
30350722	0x000000062B851C68	0x0000000000000000	0x0000000000000000	0x00000000451EB838
30350723	0x0000000668F5C028	0x0000000000000000	0x0000000000000000	0x0000000047AE1460
30350724	0x0000000699999972	0x0000000000000000	0x0000000000000000	0x000000004A3D7088
30450720	0x0000000000000000	0x000000007AE14780	0x00000000CF5C28A8	0x0000000000000000
30450721	0x0000000000000000	0x00000000851EB820	0x00000000E147ADC0	0x0000000000000000
30450722	0x0000000000000000	0x000000008CCCCC98	0x00000000EE147A88	0x0000000000000000
30450723	0x0000000000000000	0x0000000091EB84E8	0x00000000F5C28F00	0x0000000000000000
30450724	0x0000000000000000	0x00000000970A3D38	0x00000000FD70A378	0x0000000000000000
30550720	0x0000000000000000	0x000000007AE14780	0x00000000CF5C28A8	0x0000000000000000
30550721	0x0000000000000000	0x00000000851EB820	0x00000000E147ADC0	0x0000000000000000
30550722	0x0000000000000000	0x000000008CCCCC98	0x00000000EE147A88	0x0000000000000000
30550723	0x0000000000000000	0x0000000091EB84E8	0x00000000F5C28F00	0x0000000000000000
30550724	0x0000000000000000	0x00000000970A3D38	0x00000000FD70A378	0x0000000000000000
30650720	0x0000000000000000	0x000000007AE14780	0x00000000CF5C28A8	0x0000000000000000
30650721	0x0000000000000000	0x00000000851EB820	0x00000000E147ADC0	0x0000000000000000
30650722	0x0000000000000000	0x000000008CCCCC98	0x00000000EE147A88	0x0000000000000000
30650723	0x0000000000000000	0x0000000091EB84E8	0x00000000F5C28F00	0x0000000000000000
30650724	0x0000000000000000	0x00000000970A3D38	0x00000000FD70A378	0x0000000000000000
30160560	0x00000006BFFFFD78	0x0000000000000000	0x0000000000000000	0x000000004CCCCCCB
30160561	0x000000074F5C2638	0x0000000000000000	0x0000000000000000	0x0000000051EB8500
30160562	0x00000007B5C28C78	0x0000000000000000	0x0000000000000000	0x00000000570A3D50
30160563	0x00000008028F5928	0x0000000000000000	0x0000000000000000	0x000000005C28F5A0
30160564	0x000000083FFFFCE8	0x0000000000000000	0x0000000000000000	0x000000005EB851C8
30260560	0x00000006BFFFFD78	0x0000000000000000	0x0000000000000000	0x000000004CCCCCCB
30260561	0x000000074F5C2638	0x0000000000000000	0x0000000000000000	0x0000000051EB8500
30260562	0x00000007B5C28C78	0x0000000000000000	0x0000000000000000	0x00000000570A3D50
30260563	0x00000008028F5928	0x0000000000000000	0x0000000000000000	0x000000005C28F5A0
30260564	0x000000083FFFFCE8	0x0000000000000000	0x0000000000000000	0x000000005EB851C8
30360560	0x00000006BFFFFD78	0x0000000000000000	0x0000000000000000	0x000000004CCCCCCB
30360561	0x000000074F5C2638	0x0000000000000000	0x0000000000000000	0x0000000051EB8500
30360562	0x00000007B5C28C78	0x0000000000000000	0x0000000000000000	0x00000000570A3D50
30360563	0x00000008028F5928	0x0000000000000000	0x0000000000000000	0x000000005C28F5A0
30360564	0x000000083FFFFCE8	0x0000000000000000	0x0000000000000000	0x000000005EB851C8
30460560	0x0000000000000000	0x0000000099999996	0x00000001028F5BC8	0x0000000000000000
30460561	0x0000000000000000	0x00000000A6666628	0x0000000119999993	0x0000000000000000
30460562	0x0000000000000000	0x00000000B0A3D6C8	0x0000000128F5C220	0x0000000000000000
30460563	0x0000000000000000	0x00000000B5C28F18	0x000000013333332C	0x0000000000000000
30460564	0x0000000000000000	0x00000000BAE14768	0x000000013D70A360	0x0000000000000000
30560560	0x0000000000000000	0x0000000099999996	0x00000001028F5BC8	0x0000000000000000
30560561	0x0000000000000000	0x00000000A6666628	0x0000000119999993	0x0000000000000000
30560562	0x0000000000000000	0x00000000B0A3D6C8	0x0000000128F5C220	0x0000000000000000
30560563	0x0000000000000000	0x00000000B5C28F18	0x000000013333332C	0x0000000000000000
30560564	0x0000000000000000	0x00000000BAE14768	0x000000013D70A360	0x0000000000000000
30660560	0x0000000000000000	0x0000000099999996	0x00000001028F5BC8	0x0000000000000000
30660561	0x0000000000000000	0x00000000A6666628	0x0000000119999993	0x0000000000000000
30660562	0x0000000000000000	0x00000000B0A3D6C8	0x0000000128F5C220	0x0000000000000000
30660563	0x0000000000000000	0x00000000B5C28F18	0x000000013333332C	0x0000000000000000
30660564	0x0000000000000000	0x00000000BAE14768	0x000000013D70A360	0x0000000000000000
26140010	0x0000000000000000	0x00000000D70A3D20	0x0000000000000000	0x00000000D70A3D20
26140011	0x0000000000000000	0x00000000F851EB28	0x0000000000000000	0x00000000F851EB28
26140012	0x0000000000000000	0x000000010F5C2890	0x0000000000000000	0x000000010F5C2890
26140013	0x0000000000000000	0x000000012147ADA8	0x0000000000000000	0x000000012147ADA8
26150010	0x0000000000000000	0x00000000E6666661	0x0000000000000000	0x00000000E6666661
26150011	0x0000000000000000	0x00000000FAE14750	0x0000000000000000	0x00000000FAE14750
26150012	0x0000000000000000	0x0000000107AE1418	0x0000000000000000	0x0000000107AE1418
26150013	0x0000000000000000	0x0000000111EB84B8	0x0000000000000000	0x0000000111EB84B8
26150014	0x0000000000000000	0x0000000119999993	0x0000000000000000	0x0000000119999993
26160010	0x0000000000000000	0x000000012147ADA8	0x0000000000000000	0x000000012147ADA8
26160011	0x0000000000000000	0x000000013851EB10	0x0000000000000000	0x000000013851EB10
26160012	0x0000000000000000	0x000000014A3D7028	0x0000000000000000	0x000000014A3D7028
26160013	0x0000000000000000	0x00000001570A3CF0	0x0000000000000000	0x00000001570A3CF0
26160014	0x0000000000000000	0x000000016147AD90	0x0000000000000000	0x000000016147AD90
26240010	0x0000000000000000	0x00000000D70A3D20	0x0000000000000000	0x00000000D70A3D20
26240011	0x0000000000000000	0x00000000F851EB28	0x0000000000000000	0x00000000F851EB28
26240012	0x0000000000000000	0x000000010F5C2890	0x0000000000000000	0x000000010F5C2890
26240013	0x0000000000000000	0x000000012147ADA8	0x0000000000000000	0x000000012147ADA8
26250010	0x0000000000000000	0x00000000E6666661	0x0000000000000000	0x00000000E6666661
26250011	0x0000000000000000	0x00000000FAE14750	0x0000000000000000	0x00000000FAE14750
26250012	0x0000000000000000	0x0000000107AE1418	0x0000000000000000	0x0000000107AE1418
26250013	0x0000000000000000	0x0000000111EB84B8	0x0000000000000000	0x0000000111EB84B8
26250014	0x0000000000000000	0x0000000119999993	0x0000000000000000	0x0000000119999993
26260010	0x0000000000000000	0x000000012147ADA8	0x0000000000000000	0x000000012147ADA8
26260011	0x0000000000000000	0x000000013851EB10	0x0000000000000000	0x000000013851EB10
26260012	0x0000000000000000	0x000000014A3D7028	0x0000000000000000	0x000000014A3D7028
26260013	0x0000000000000000	0x00000001570A3CF0	0x0000000000000000	0x00000001570A3CF0
26260014	0x0000000000000000	0x000000016147AD90	0x0000000000000000	0x000000016147AD90
30160570	0x00000006BFFFFD78	0x0000000000000000	0x0000000000000000	0x000000004CCCCCCB
30160571	0x000000074F5C2638	0x0000000000000000	0x0000000000000000	0x0000000051EB8500
30160572	0x00000007B5C28C78	0x0000000000000000	0x0000000000000000	0x00000000570A3D50
30160573	0x00000008028F5928	0x0000000000000000	0x0000000000000000	0x000000005C28F5A0
30160574	0x000000083FFFFCE8	0x0000000000000000	0x0000000000000000	0x000000005EB851C8
30260570	0x00000006BFFFFD78	0x0000000000000000	0x0000000000000000	0x000000004CCCCCCB
30260571	0x000000074F5C2638	0x0000000000000000	0x0000000000000000	0x0000000051EB8500
30260572	0x00000007B5C28C78	0x0000000000000000	0x0000000000000000	0x00000000570A3D50
30260573	0x00000008028F5928	0x0000000000000000	0x0000000000000000	0x000000005C28F5A0
30260574	0x000000083FFFFCE8	0x0000000000000000	0x0000000000000000	0x000000005EB851C8
30360570	0x00000006BFFFFD78	0x0000000000000000	0x0000000000000000	0x000000004CCCCCCB
30360571	0x000000074F5C2638	0x0000000000000000	0x0000000000000000	0x0000000051EB8500
30360572	0x00000007B5C28C78	0x0000000000000000	0x0000000000000000	0x00000000570A3D50
30360573	0x00000008028F5928	0x0000000000000000	0x0000000000000000	0x000000005C28F5A0
30360574	0x000000083FFFFCE8	0x0000000000000000	0x0000000000000000	0x000000005EB851C8
30460570	0x0000000000000000	0x0000000099999996	0x00000001028F5BC8	0x0000000000000000
30460571	0x0000000000000000	0x00000000A6666628	0x0000000119999993	0x0000000000000000
30460572	0x0000000000000000	0x00000000B0A3D6C8	0x0000000128F5C220	0x0000000000000000
30460573	0x0000000000000000	0x00000000B5C28F18	0x000000013333332C	0x0000000000000000
30460574	0x0000000000000000	0x00000000BAE14768	0x000000013D70A360	0x0000000000000000
30560570	0x0000000000000000	0x0000000099999996	0x00000001028F5BC8	0x0000000000000000
30560571	0x0000000000000000	0x00000000A6666628	0x0000000119999993	0x0000000000000000
30560572	0x0000000000000000	0x00000000B0A3D6C8	0x0000000128F5C220	0x0000000000000000
30560573	0x0000000000000000	0x00000000B5C28F18	0x000000013333332C	0x0000000000000000
30560574	0x0000000000000000	0x00000000BAE14768	0x000000013D70A360	0x0000000000000000
30660570	0x0000000000000000	0x0000000099999996	0x00000001028F5BC8	0x0000000000000000
30660571	0x0000000000000000	0x00000000A6666628	0x0000000119999993	0x0000000000000000
30660572	0x0000000000000000	0x00000000B0A3D6C8	0x0000000128F5C220	0x0000000000000000
30660573	0x0000000000000000	0x00000000B5C28F18	0x000000013333332C	0x0000000000000000
30660574	0x0000000000000000	0x00000000BAE14768	0x000000013D70A360	0x0000000000000000
30160580	0x00000006BFFFFD78	0x0000000000000000	0x0000000000000000	0x000000004CCCCCCB
30160581	0x000000074F5C2638	0x0000000000000000	0x0000000000000000	0x0000000051EB8500
30160582	0x00000007B5C28C78	0x0000000000000000	0x0000000000000000	0x00000000570A3D50
30160583	0x00000008028F5928	0x0000000000000000	0x0000000000000000	0x000000005C28F5A0
30160584	0x000000083FFFFCE8	0x0000000000000000	0x0000000000000000	0x000000005EB851C8
30260580	0x00000006BFFFFD78	0x0000000000000000	0x0000000000000000	0x000000004CCCCCCB
30260581	0x000000074F5C2638	0x0000000000000000	0x0000000000000000	0x0000000051EB8500
30260582	0x00000007B5C28C78	0x0000000000000000	0x0000000000000000	0x00000000570A3D50
30260583	0x00000008028F5928	0x0000000000000000	0x0000000000000000	0x000000005C28F5A0
30260584	0x000000083FFFFCE8	0x0000000000000000	0x0000000000000000	0x000000005EB851C8
30360580	0x00000006BFFFFD78	0x0000000000000000	0x0000000000000000	0x000000004CCCCCCB
30360581	0x000000074F5C2638	0x0000000000000000	0x0000000000000000	0x0000000051EB8500
30360582	0x00000007B5C28C78	0x0000000000000000	0x0000000000000000	0x00000000570A3D50
30360583	0x00000008028F5928	0x0000000000000000	0x0000000000000000	0x000000005C28F5A0
30360584	0x000000083FFFFCE8	0x0000000000000000	0x0000000000000000	0x000000005EB851C8
30460580	0x0000000000000000	0x0000000099999996	0x00000001028F5BC8	0x0000000000000000
30460581	0x0000000000000000	0x00000000A6666628	0x0000000119999993	0x0000000000000000
30460582	0x0000000000000000	0x00000000B0A3D6C8	0x0000000128F5C220	0x0000000000000000
30460583	0x0000000000000000	0x00000000B5C28F18	0x000000013333332C	0x0000000000000000
30460584	0x0000000000000000	0x00000000BAE14768	0x000000013D70A360	0x0000000000000000
30560580	0x0000000000000000	0x0000000099999996	0x00000001028F5BC8	0x0000000000000000
30560581	0x0000000000000000	0x00000000A6666628	0x0000000119999993	0x0000000000000000
30560582	0x0000000000000000	0x00000000B0A3D6C8	0x0000000128F5C220	0x0000000000000000
30560583	0x0000000000000000	0x00000000B5C28F18	0x000000013333332C	0x0000000000000000
30560584	0x0000000000000000	0x00000000BAE14768	0x000000013D70A360	0x0000000000000000
30660580	0x0000000000000000	0x0000000099999996	0x00000001028F5BC8	0x0000000000000000
30660581	0x0000000000000000	0x00000000A6666628	0x0000000119999993	0x0000000000000000
30660582	0x0000000000000000	0x00000000B0A3D6C8	0x0000000128F5C220	0x0000000000000000
30660583	0x0000000000000000	0x00000000B5C28F18	0x000000013333332C	0x0000000000000000
30660584	0x0000000000000000	0x00000000BAE14768	0x000000013D70A360	0x0000000000000000
26340010	0x0000000000000000	0x00000000D70A3D20	0x0000000000000000	0x00000000D70A3D20
26340011	0x0000000000000000	0x00000000F851EB28	0x0000000000000000	0x00000000F851EB28
26340012	0x0000000000000000	0x000000010F5C2890	0x0000000000000000	0x000000010F5C2890
26340013	0x0000000000000000	0x000000012147ADA8	0x0000000000000000	0x000000012147ADA8
26350010	0x0000000000000000	0x00000000E6666661	0x0000000000000000	0x00000000E6666661
26350011	0x0000000000000000	0x00000000FAE14750	0x0000000000000000	0x00000000FAE14750
26350012	0x0000000000000000	0x0000000107AE1418	0x0000000000000000	0x0000000107AE1418
26350013	0x0000000000000000	0x0000000111EB84B8	0x0000000000000000	0x0000000111EB84B8
26350014	0x0000000000000000	0x0000000119999993	0x0000000000000000	0x0000000119999993
26360010	0x0000000000000000	0x000000012147ADA8	0x0000000000000000	0x000000012147ADA8
26360011	0x0000000000000000	0x000000013851EB10	0x0000000000000000	0x000000013851EB10
26360012	0x0000000000000000	0x000000014A3D7028	0x0000000000000000	0x000000014A3D7028
26360013	0x0000000000000000	0x00000001570A3CF0	0x0000000000000000	0x00000001570A3CF0
26360014	0x0000000000000000	0x000000016147AD90	0x0000000000000000	0x000000016147AD90
30160590	0x00000006BFFFFD78	0x0000000000000000	0x0000000000000000	0x000000004CCCCCCB
30160591	0x000000074F5C2638	0x0000000000000000	0x0000000000000000	0x0000000051EB8500
30160592	0x00000007B5C28C78	0x0000000000000000	0x0000000000000000	0x00000000570A3D50
30160593	0x00000008028F5928	0x0000000000000000	0x0000000000000000	0x000000005C28F5A0
30160594	0x000000083FFFFCE8	0x0000000000000000	0x0000000000000000	0x000000005EB851C8
30460590	0x0000000000000000	0x0000000099999996	0x00000001028F5BC8	0x0000000000000000
30460591	0x0000000000000000	0x00000000A6666628	0x0000000119999993	0x0000000000000000
30460592	0x0000000000000000	0x00000000B0A3D6C8	0x0000000128F5C220	0x0000000000000000
30460593	0x0000000000000000	0x00000000B5C28F18	0x000000013333332C	0x0000000000000000
30460594	0x0000000000000000	0x00000000BAE14768	0x000000013D70A360	0x0000000000000000
30260590	0x00000006BFFFFD78	0x0000000000000000	0x0000000000000000	0x000000004CCCCCCB
30260591	0x000000074F5C2638	0x0000000000000000	0x0000000000000000	0x0000000051EB8500
30260592	0x00000007B5C28C78	0x0000000000000000	0x0000000000000000	0x00000000570A3D50
30260593	0x00000008028F5928	0x0000000000000000	0x0000000000000000	0x000000005C28F5A0
30260594	0x000000083FFFFCE8	0x0000000000000000	0x0000000000000000	0x000000005EB851C8
30560590	0x0000000000000000	0x0000000099999996	0x00000001028F5BC8	0x0000000000000000
30560591	0x0000000000000000	0x00000000A6666628	0x0000000119999993	0x0000000000000000
30560592	0x0000000000000000	0x00000000B0A3D6C8	0x0000000128F5C220	0x0000000000000000
30560593	0x0000000000000000	0x00000000B5C28F18	0x000000013333332C	0x0000000000000000
30560594	0x0000000000000000	0x00000000BAE14768	0x000000013D70A360	0x0000000000000000
30360590	0x00000006BFFFFD78	0x0000000000000000	0x0000000000000000	0x000000004CCCCCCB
30360591	0x000000074F5C2638	0x0000000000000000	0x0000000000000000	0x0000000051EB8500
30360592	0x00000007B5C28C78	0x0000000000000000	0x0000000000000000	0x00000000570A3D50
30360593	0x00000008028F5928	0x0000000000000000	0x0000000000000000	0x000000005C28F5A0
30360594	0x000000083FFFFCE8	0x0000000000000000	0x0000000000000000	0x000000005EB851C8
30660590	0x0000000000000000	0x0000000099999996	0x00000001028F5BC8	0x0000000000000000
30660591	0x0000000000000000	0x00000000A6666628	0x0000000119999993	0x0000000000000000
30660592	0x0000000000000000	0x00000000B0A3D6C8	0x0000000128F5C220	0x0000000000000000
30660593	0x0000000000000000	0x00000000B5C28F18	0x000000013333332C	0x0000000000000000
30660594	0x0000000000000000	0x00000000BAE14768	0x000000013D70A360	0x0000000000000000
26440010	0x0000000000000000	0x00000000D70A3D20	0x0000000000000000	0x00000000D70A3D20
26440011	0x0000000000000000	0x00000000F851EB28	0x0000000000000000	0x00000000F851EB28
26440012	0x0000000000000000	0x000000010F5C2890	0x0000000000000000	0x000000010F5C2890
26440013	0x0000000000000000	0x000000012147ADA8	0x0000000000000000	0x000000012147ADA8
26450010	0x0000000000000000	0x00000000E6666661	0x0000000000000000	0x00000000E6666661
26450011	0x0000000000000000	0x00000000FAE14750	0x0000000000000000	0x00000000FAE14750
26450012	0x0000000000000000	0x0000000107AE1418	0x0000000000000000	0x0000000107AE1418
26450013	0x0000000000000000	0x0000000111EB84B8	0x0000000000000000	0x0000000111EB84B8
26450014	0x0000000000000000	0x0000000119999993	0x0000000000000000	0x0000000119999993
26460010	0x0000000000000000	0x000000012147ADA8	0x0000000000000000	0x000000012147ADA8
26460011	0x0000000000000000	0x000000013851EB10	0x0000000000000000	0x000000013851EB10
26460012	0x0000000000000000	0x000000014A3D7028	0x0000000000000000	0x000000014A3D7028
26460013	0x0000000000000000	0x00000001570A3CF0	0x0000000000000000	0x00000001570A3CF0
26460014	0x0000000000000000	0x000000016147AD90	0x0000000000000000	0x000000016147AD90
30160600	0x00000006BFFFFD78	0x0000000000000000	0x0000000000000000	0x000000004CCCCCCB
30160601	0x000000074F5C2638	0x0000000000000000	0x0000000000000000	0x0000000051EB8500
30160602	0x00000007B5C28C78	0x0000000000000000	0x0000000000000000	0x00000000570A3D50
30160603	0x00000008028F5928	0x0000000000000000	0x0000000000000000	0x000000005C28F5A0
30160604	0x000000083FFFFCE8	0x0000000000000000	0x0000000000000000	0x000000005EB851C8
30460600	0x0000000000000000	0x0000000099999996	0x00000001028F5BC8	0x0000000000000000
30460601	0x0000000000000000	0x00000000A6666628	0x0000000119999993	0x0000000000000000
30460602	0x0000000000000000	0x00000000B0A3D6C8	0x0000000128F5C220	0x0000000000000000
30460603	0x0000000000000000	0x00000000B5C28F18	0x000000013333332C	0x0000000000000000
30460604	0x0000000000000000	0x00000000BAE14768	0x000000013D70A360	0x0000000000000000
30260600	0x00000006BFFFFD78	0x0000000000000000	0x0000000000000000	0x000000004CCCCCCB
30260601	0x000000074F5C2638	0x0000000000000000	0x0000000000000000	0x0000000051EB8500
30260602	0x00000007B5C28C78	0x0000000000000000	0x0000000000000000	0x00000000570A3D50
30260603	0x00000008028F5928	0x0000000000000000	0x0000000000000000	0x000000005C28F5A0
30260604	0x000000083FFFFCE8	0x0000000000000000	0x0000000000000000	0x000000005EB851C8
30560600	0x0000000000000000	0x0000000099999996	0x00000001028F5BC8	0x0000000000000000
30560601	0x0000000000000000	0x00000000A6666628	0x0000000119999993	0x0000000000000000
30560602	0x0000000000000000	0x00000000B0A3D6C8	0x0000000128F5C220	0x0000000000000000
30560603	0x0000000000000000	0x00000000B5C28F18	0x000000013333332C	0x0000000000000000
30560604	0x0000000000000000	0x00000000BAE14768	0x000000013D70A360	0x0000000000000000
30360600	0x00000006BFFFFD78	0x0000000000000000	0x0000000000000000	0x000000004CCCCCCB
30360601	0x000000074F5C2638	0x0000000000000000	0x0000000000000000	0x0000000051EB8500
30360602	0x00000007B5C28C78	0x0000000000000000	0x0000000000000000	0x00000000570A3D50
30360603	0x00000008028F5928	0x0000000000000000	0x0000000000000000	0x000000005C28F5A0
30360604	0x000000083FFFFCE8	0x0000000000000000	0x0000000000000000	0x000000005EB851C8
30660600	0x0000000000000000	0x0000000099999996	0x00000001028F5BC8	0x0000000000000000
30660601	0x0000000000000000	0x00000000A6666628	0x0000000119999993	0x0000000000000000
30660602	0x0000000000000000	0x00000000B0A3D6C8	0x0000000128F5C220	0x0000000000000000
30660603	0x0000000000000000	0x00000000B5C28F18	0x000000013333332C	0x0000000000000000
30660604	0x0000000000000000	0x00000000BAE14768	0x000000013D70A360	0x0000000000000000
102076	0x0000001E3AE13C58	0x00000006F5C28CC0	0x000000048A3D6EF0	0x00000002DEB850D8
140036	0x0000002059998D78	0x000000063AE14558	0x00000004C51EB688	0x00000002DEB850D8
107056	0x0000001F23D6FE90	0x000000067851E918	0x000000048A3D6EF0	0x00000003051EB730
26560014	0x0000000000000000	0x000000016147AD90	0x0000000000000000	0x000000016147AD90
26660014	0x0000000000000000	0x000000016147AD90	0x0000000000000000	0x000000016147AD90
26760014	0x0000000000000000	0x000000016147AD90	0x0000000000000000	0x000000016147AD90
30160614	0x000000083FFFFCE8	0x0000000000000000	0x0000000000000000	0x000000005EB851C8
30160644	0x000000083FFFFCE8	0x0000000000000000	0x0000000000000000	0x000000005EB851C8
30260614	0x000000083FFFFCE8	0x0000000000000000	0x0000000000000000	0x000000005EB851C8
30260644	0x000000083FFFFCE8	0x0000000000000000	0x0000000000000000	0x000000005EB851C8
30360614	0x000000083FFFFCE8	0x0000000000000000	0x0000000000000000	0x000000005EB851C8
30360644	0x000000083FFFFCE8	0x0000000000000000	0x0000000000000000	0x000000005EB851C8
30560614	0x0000000000000000	0x00000000BAE14768	0x000000013D70A360	0x0000000000000000
30560644	0x0000000000000000	0x00000000BAE14768	0x000000013D70A360	0x0000000000000000
