Id	EventId	StepId	Type	OptionDesc[1]	OptionDesc[2]	OptionDesc[3]	OptionDesc[4]	OptionDownDesc[1]	OptionDownDesc[2]	OptionDownDesc[3]	OptionDownDesc[4]	OptionType[1]	OptionType[2]	OptionType[3]	OptionType[4]	OptionItemType[1]	OptionItemType[2]	OptionItemType[3]	OptionItemType[4]	OptionItemId[1]	OptionItemId[2]	OptionItemId[3]	OptionItemId[4]	OptionItemCount[1]	OptionItemCount[2]	OptionItemCount[3]	OptionItemCount[4]	OptionNextStepGroupId[1]	OptionNextStepGroupId[2]	OptionNextStepGroupId[3]	OptionNextStepGroupId[4]	Title	TitleContent	RoleName	RoleContent	EventDesc	ConfirmContent	BgAsset	StepRewardItemType	StepRewardItemId[1]	StepRewardItemId[2]	StepRewardItemId[3]	StepRewardItemCount[1]	StepRewardItemCount[2]	StepRewardItemCount[3]	RoleIcon	OptionCondition[1]	OptionCondition[2]	OptionCondition[3]	OptionCondition[4]	FightNodeId	EffectGroupId	NextStepId
1	101	1011	2	Explore Bedroom	Explore Storage			Go Deeper	Go Deeper			3	3			0	0			0	0			0	0			10111	10112			Abandoned Yard	You entered the abandoned yard.	Abandoned Yard	It's been deserted for a long time, but you may still find something useful.	You are back at the manor where you woke up. The inside reeks of rot and mildew. You itch to leave but a voice in your head urges you to explore this foreboding manor.	Made up your mind	Assets/Product/Texture/Image/BgStory/Bgstory388.png															
2	101	1012	3																													Abandoned Yard	You enter the manor's bedroom.	Abandoned Yard	Manor's Bedroom	You enter the bedroom of the manor and notice that someone has left an Artifact box for you on the table beside the bed where you woke up.	Open the box	Assets/Product/Texture/Image/BgStory/Bgstory372.png	3	1			1										
3	101	1013	3																													Abandoned Yard	You enter the manor's storage.	Abandoned Yard	Manor's Storage	You are in the manor's storage. After waving away the dust in your face, you find some Tinbread Cookies in a box.	Keep them	Assets/Product/Texture/Image/BgStory/Bgstory387.png	1	96119			8										
4	102	1021	2	Take the gift				Take the gift				3				0				0				0				10211				Cradle's gift	You met Cradle.	Cradle	Here's a small gift for you... Please take it...	For you, who follow the sound of the tide down the Path of the Curse Quellers, the girl has prepared a tiny gift that may help you on your journey.	Made up your mind	Assets/Product/Texture/Image/BgStory/Bgstory373.png								Assets/Product/Texture/Image/RoleStory/V130mlnNormal05.png							
5	102	1022	3																													Cradle's gift	You accept the gift.	Cradle	Hopefully, it'll be helpful on your journey.	A tiny gift may not be enough to clear all that stand in your way, but it carries the thoughts of Cradle.	Accept the gift	Assets/Product/Texture/Image/BgStory/Bgstory373.png	3	1			1			Assets/Product/Texture/Image/RoleStory/V130mlnNormal04.png							
6	103	1031	2	Why not	Rest up			Why not	Rest up			3	3			0	0			0	0			0	0			10311	10312			Everlasting Song	A ballad echoes here.	Bard	Oh, honored companion, would you care to lend your ear for a piece?	After setting up camp somewhere remote, a bard with ragged clothes sits next to the fire you just started and asks to play you a song about heroes.	Made up your mind	Assets/Product/Texture/Image/BgStory/Bgstory359.png								Assets/Product/Texture/Image/RoleStory/ZhongguochuanshangrenNormal02.png							
7	103	1032	3																													Everlasting Song	You listen carefully.	Bard	It's based on an ancient legend...	In the era of the blood-red moon, Crimson devoured the land, forcing heroes to leave their homeland for the sky before waging war against those that took their home—that is the ancient legend, but the bard seems to be hinting that you'll find like-minded companions at locations mentioned in the song.	Recruit companion	Assets/Product/Texture/Image/BgStory/Bgstory359.png	4	9001			1			Assets/Product/Texture/Image/RoleStory/ZhongguochuanshangrenNormal01.png							
8	103	1033	3																													Everlasting Song	You take a break.	Without a soul	Something is flickering	You filter out the bard's mumbling as you drift into sleep from fatigue. By the time you wake up, there is no trace of the bard except the few coins he left as gratitude for sharing your shelter.	Keep the money	Assets/Product/Texture/Image/BgStory/Bgstory359.png	1	96119			9			Assets/Product/Texture/Image/RoleStory/ZhongguochuanshangrenNormal02.png							
9	104	1041	2	Drink like there's no tomorrow	Get a few drinks			Drink like there's no tomorrow	Get a few drinks			3	3			0	0			0	0			0	0			10411	10412			Happy times	You walked into Bar Small Town	Bar Small Town	...Very lively with shouts and music...	Bar Small Town is having an exuberant celebration tonight. The Normans, a family of brewers for generations, are providing their townsfolks with this feast. This joyous occasion might be a rare opportunity on this journey for you to find some comfort.	Made up your mind	Assets/Product/Texture/Image/BgStory/Bgstory423.jpg															
10	104	1042	3																													Happy times	You down a few pints in a heartbeat.	Bar Small Town	...Shouts of excitement resonate through the crowd...	Your feat has caught the attention of the crowd. A few guests revere your spirit and invite you to join them on their journey.	Recruit companion	Assets/Product/Texture/Image/BgStory/Bgstory423.jpg	4	9001			1										
11	104	1043	3																													Happy times	Take a few sips	Bar Small Town	...Lively as always...	You only drink occasionally for a little uplift and you must keep your head straight at all times for the long journey ahead.	Obtained supplies	Assets/Product/Texture/Image/BgStory/Bgstory423.jpg	1	96120			3										
12	105	1051	2	Choose Biomimetic Blood	Claim the Tinbread Cookies	Refuse the nun's help (requires activation of Insight)		Choose Biomimetic Blood	Claim the Tinbread Cookies	Refuse the nun's help		3	3	3		0	0	0		0	0	0		0	0	0		10511	10512	10513		Missionary	A nun walks toward you.	Nun	Are you a Curse Queller? Please take our...	When the kingdom, once so glorious, fell to calamity, doors to understanding ancient wisdom closed upon the world once more. Seekers of knowledge assemble from far and wide in an attempt to unearth the truth buried under the sands of time. After patiently listening to the history of the church, you sense there is something to be gained even for a non-believer like yourself as the nuns hand out supplies to passersby.	Made up your mind	Assets/Product/Texture/Image/BgStory/Bgstory364.png								Assets/Product/Texture/Image/RoleStory/CibeizheNormal03.png			1005046				
13	105	1052	3																													Missionary	You collect supplies given by the church.	Nun	Thank you for supporting our church. Please take this as a token of our gratitude.	You accept the nun's kind gesture. They make a prayer for your journey ahead.	Accept supplies	Assets/Product/Texture/Image/BgStory/Bgstory364.png	1	96120			3			Assets/Product/Texture/Image/RoleStory/CibeizheNormal03.png							
14	105	1053	3																													Missionary	You collect supplies given by the church.	Nun	Thank you for supporting our church. Please take this as a token of our gratitude.	You accept the nun's kind gesture. They make a prayer for your journey ahead.	Accept supplies	Assets/Product/Texture/Image/BgStory/Bgstory364.png	1	96119			10			Assets/Product/Texture/Image/RoleStory/CibeizheNormal03.png							
15	105	1054	3																													Missionary	Exit	Nun	Oh... Are you leaving already?	You find it difficult to forget the prayer you heard even though you did not accept the supplies given by the church...	Continue Journey	Assets/Product/Texture/Image/BgStory/Bgstory364.png	7	6			1			Assets/Product/Texture/Image/RoleStory/CibeizheNormal03.png							
16	106	1061	2	Try pouring in 3 bottles of Biomimetic Blood	Drop 8 Tinbread Cookies	Like anyone is going to believe this		Biomimetic Blood x3	Tinbread Cookie x8	Leave		1	1	3		1	1	0		96120	96119	0		3	8	0		10611	10612	10613		Wishing Well	You stroll among the woods.	A deserted well	Bottomless	A rotten old well out of nowhere attracts your attention. It reminds you of a myth that doesn't hurt to try—dropping coins into dried-up wells for good luck, that is.	Made up your mind	Assets/Product/Texture/Image/BgStory/Bgstory374.png															
17	106	1062	3																													Wishing Well	The storm is howling...	A deserted well	The howling winds	The idea of dropping a few drops of Biomimetic Blood into the well suddenly comes to you. Before you know it, winds pick up dust and swerve around you. When you open your eyes again, a crumpled letter lands at your feet. It contains the location of the outliers yearning for companions.	Open the letter	Assets/Product/Texture/Image/BgStory/Bgstory374.png	4	9002			1										
18	106	1063	3																													Wishing Well	Nothing's happening?	A deserted well	Not a single sound.	You throw a few Tinbread Cookies into the well in anticipation, but nothing happens. Just as you're about to leave, you notice a supply crate behind the rundown well.	Open the box	Assets/Product/Texture/Image/BgStory/Bgstory374.png	3	2			1										
19	106	1064	1																													Wishing Well	Better not waste it	A deserted well	Bottomless	You realize that these myths have no basis so it's better not to waste your money on them.	Continue Journey	Assets/Product/Texture/Image/BgStory/Bgstory377.png															
20	107	1071	2	Offer 6 Tinbread Cookies for the deal	Bid him farewell			6 Tinbread Cookies	Bid him farewell			1	3			1	0			96119	0			6	0			10711	10712			Homebound Traveler	A chance meeting on the journey	An exhausted man	Greetings... Mind if I borrow you for a minute?	You cross paths with a tattered man, an archaeologist who made his way here looking for what rumors say are traces of the crimson creatures. Yet years of pursuit have led to nothing, and the yearning in his heart urges him to sell all that he has so he can finally go home.	Made up your mind	Assets/Product/Texture/Image/BgStory/Bgstory377.png								Assets/Product/Texture/Image/RoleStory/LuolanNormal12.png							
21	107	1072	3																													Homebound Traveler	You trade supplies.	An exhausted man	Thank you so much for your help. May God be with you on your journey.	You trade some Tinbread Cookies for a few of his items. Hopefully, that will keep him alive on his way to the next village.	Accept supplies	Assets/Product/Texture/Image/BgStory/Bgstory377.png	1	96120			6			Assets/Product/Texture/Image/RoleStory/LuolanNormal12.png							
22	107	1073	1																													Homebound Traveler	Bid him farewell	An exhausted man	Stay safe.	You bid farewell to the man you probably will never cross paths with again and wish that he will soon find a way back to his beloved homeland.	Continue Journey	Assets/Product/Texture/Image/BgStory/Bgstory377.png								Assets/Product/Texture/Image/RoleStory/LuolanNormal12.png							
23	108	1081	2	Buy information with 12 Tinbread Cookies	Buy supplies with 6 Tinbread Cookies	Buy antiques with 6 Tinbread Cookies	Leave and continue your journey	12 Tinbread Cookies	6 Tinbread Cookies	6 Tinbread Cookies		1	1	1	3	1	1	1	0	96119	96119	96119	0	12	6	6	0	10811	10812	10813	10814	Market	You arrive at a busy market.	Rowdy crowd	...Busy with the sounds of hawkers and shoppers...	There is a busy market in town. After the demise of civilization, these large markets were the key to the economic recovery. This is where you can get items that will be useful during your journey.	Made up your mind	Assets/Product/Texture/Image/BgStory/BgStory554.jpg															
24	108	1082	3																													Market	You meet an informant.	Informant	This is all I have. Follow the lead and see what you'll find.	You manage to reel some information out of the informant. There are a few interesting characters in this little town with the potential to become your travel companion.	Go to recruitment	Assets/Product/Texture/Image/BgStory/BgStory554.jpg	4	9002			1										
25	108	1083	3																													Market	You meet a merchant.	Merchant	Thank you for your business. Best of luck on your journey.	You manage to get your hands on a good amount of supplies. They will certainly be useful on your journey.	Accept supplies	Assets/Product/Texture/Image/BgStory/BgStory554.jpg	1	96120			6										
26	108	1084	3																													Market	You meet an antique dealer.	Antique Dealer	Mark my word. There are treasures in here!	You found a battered chest at an antique stall. The owner claims that the contents are worth a fortune.	Open the box	Assets/Product/Texture/Image/BgStory/BgStory554.jpg	3	2			1										
27	108	1085	1																													Market	I should focus.	Rowdy crowd	...Quiets down...	You think there are better uses for your funds and leave without purchasing anything.	Continue Journey	Assets/Product/Texture/Image/BgStory/BgStory554.jpg															
28	109	1091	2	Watch using 8 Tinbread Cookies	Not interested in the plays at all			Use 8 Tinbread Cookies	Leave			1	3			1	0			96119	0			8	0			10911	10912			Traveling Troupe	You meet a traveling troupe.	Traveling Troupe	...Busy with the sounds of hawkers and shoppers...	A traveling troupe is setting up a stage in this little town to put on their most famous show, The Horizon Blue Sun and the Red Moon. This play is an interpretation of a famous battle in the Mythical Age, where believers holding scepters light themselves up in flames to cleanse the world of disease and death. An admission fee is of course required.	Made up your mind	Assets/Product/Texture/Image/BgStory/Bgstory368.png															
29	109	1092	3																													Traveling Troupe	You watch the show.	Traveling Troupe	Actress: She's holding a scepter, even though the scepter is...	The play was a big success. After the curtain closes, you sit for a minute to take it all in, while recalling the faces of the actors with adventure gleaming in their eyes.	Recruit companion	Assets/Product/Texture/Image/BgStory/Bgstory368.png	4	9002			1										
30	109	1093	1																													Traveling Troupe	Exit	Traveling Troupe	...Quiets down...	You're not interested in the play and leave the enthusiastic crowd behind.	Continue Journey	Assets/Product/Texture/Image/BgStory/Bgstory368.png															
31	110	1101	2	Fulfill his requirements (Enter a difficult battle)	Keep your distance and leave quickly.				Leave			3	3			0	0			0	0			0	0			11011	11012			The last warrior	Hatred fills the air	Warrior	Come, come and join me in the craziest dance you can ever imagine!	A once-famous swordsman is blinded by resentment and asks for nothing but a final dual.	Made up your mind	Assets/Product/Texture/Image/BgStory/Bgstory360.png								Assets/Product/Texture/Image/RoleStory/BalaswordNomal.png							
32	110	1102	5																													The last warrior	You step into the deep bog of hate.	Warrior	Hahahahahahahahahahahahahaha... Hahahahahahaha!	You decide to end his hatred once in for all and walk straight into him... and into an inevitable and arduous battle.	Prepare for battle!	Assets/Product/Texture/Image/BgStory/Bgstory360.png								Assets/Product/Texture/Image/RoleStory/BalaswordNomal.png					70011		
33	110	1103	1																													The last warrior	You free yourself from the hate.	Warrior	No! Don't go, please...	You decide to quickly get yourself out of here. One filled with hatred only spells trouble.	Leave quickly	Assets/Product/Texture/Image/BgStory/Bgstory360.png								Assets/Product/Texture/Image/RoleStory/BalaswordNomal.png							
34	111	1111	2	A Gospel to End All Evil (Enter an arduous battle)	Keep your distance from her and leave swiftly				Leave			3	3			0	0			0	0			0	0			11111	11112			Gospel of Death	You hear about the legend of this land.	The Nun of Death	...Stay silent...	In the abandoned church on the fringe of town, a nun who embraced the forbidden faith lingers eternally. She seeks to bring to all living souls in this world the final gospel—death.	Made up your mind	Assets/Product/Texture/Image/BgStory/Bgstory358.png								Assets/Product/Texture/Image/RoleStory/XiunvNomal04.png							
35	111	1112	5																													Gospel of Death	Sever the unknown	The Nun of Death	As punishment for your blasphemy, turn to dust!	It is time to end such a malicious gospel.	Prepare for battle!	Assets/Product/Texture/Image/BgStory/Bgstory358.png								Assets/Product/Texture/Image/RoleStory/XiunvNomal04.png					70021		
36	111	1113	1																													Gospel of Death	Leave	The Nun of Death	...Stay silent...	Shouldn't have come this close to someone so foreboding. Let's leave at once!	Leave quickly	Assets/Product/Texture/Image/BgStory/Bgstory358.png								Assets/Product/Texture/Image/RoleStory/XiunvNomal04.png							
37	112	1121	2	Enter to search in the dense forest (Consume 2 Biomimetic Blood)	Dismiss and leave			Consume 2 Biomimetic Blood	Leave quickly			1	3			1	0			96120	0			2	0			11211	11212			Lost Child	You meet a blind old woman.	Blind Old Woman	My child... where are you...	You were wandering the outskirts of town when you met a blind old woman by the roadside. She lost her direction while looking for her son Grey and is offering all of her possessions in exchange for your help, but the forest she points to seems to be crawling with beasts and bandits.	Made up your mind	Assets/Product/Texture/Image/BgStory/Bgstory373.png								Assets/Product/Texture/Image/RoleStory/TongyongFunvNormal01.png							
38	112	1122	2	Tell the truth	Tell her that you've found traces of her son			Tell the truth	Lie to her			3	3			0	0			0	0			0	0			11221	11222			Lost Child	You did not find Grey.	Blind Old Woman	You're back... Anything...?	After a long search, you find no trace of Grey in the forest. What do you tell the old lady when you see her?	Made up your mind	Assets/Product/Texture/Image/BgStory/Bgstory373.png								Assets/Product/Texture/Image/RoleStory/TongyongFunvNormal01.png							
39	112	1123	1																													Lost Child	The forest is too dangerous.	Blind Old Woman	My child... Help! Somebody, please help...	You sense a malicious aura coming from the forest and finally made the difficult decision to leave without answering the old lady's plea for help.	Continue Journey	Assets/Product/Texture/Image/BgStory/Bgstory373.png								Assets/Product/Texture/Image/RoleStory/TongyongFunvNormal01.png							
40	112	1124	3																													Lost Child	You inform her.	Blind Old Woman	Thank you... gracious stranger... Seems like I'll have to look elsewhere...	After hearing your explanation, the heartbroken old lady thanks you for your kindness, gifts you the ring she kept for her beloved son, and heads back into town.	Accept the gift	Assets/Product/Texture/Image/BgStory/Bgstory373.png	2	96			1			Assets/Product/Texture/Image/RoleStory/TongyongFunvNormal01.png						150002	
41	112	1125	3																													Lost Child	You lied to her.	Blind Old Woman	God bless... I'm coming... I'm coming, my child...	The old lady believes your words and hands over everything she has before hurrying into the forest alone.	Continue Journey	Assets/Product/Texture/Image/BgStory/Bgstory373.png	1	96119	96120		6	3		Assets/Product/Texture/Image/RoleStory/TongyongFunvNormal01.png							
42	113	1131	2	Treat him to a meal with 6 Tinbread Cookies.	Give him 2 bottles of Biomimetic Blood	Dismiss and leave		Consume Tinbread Cookies x6	2 bottles of Biomimetic Blood	Leave		1	1	3		1	1	0		96119	96120	0		6	2	0		11311	11312	11313		A curse called "knowledge"	You meet a young academic.	Young Academic	What should I do... I've been lost here for far too long...	A starving young lad sits on the side of the road with a troubled expression, which makes him seem out of place in this lively little town.	Made up your mind	Assets/Product/Texture/Image/BgStory/Bgstory381.png								Assets/Product/Texture/Image/RoleStory/PinminNormal01.png							
43	113	1132	2	Share your experiences of feeling lost with him	Encourage him to do more research			Interact	Encourage him			3	3			0	0			0	0			0	0			11321	11322			A curse called "knowledge"	You helped the young academic.	Young Academic	Thank you, kind-hearted stranger. Thank you so much.	Inspired by your passion, the young academic enjoys a pleasant time with you. He reveals that looking for the lost knowledge was an ambition he inherited from his mentor, but he has never felt qualified for this endeavor and is looking for guidance.	Made up your mind	Assets/Product/Texture/Image/BgStory/Bgstory381.png								Assets/Product/Texture/Image/RoleStory/PinminNormal01.png							
44	113	1133	1																													A curse called "knowledge"	You ignore the young academic.	Young Academic	...I guess I have no choice... but to go home now...	It's too much work to deal with people like this so you choose to ignore him.	Continue Journey	Assets/Product/Texture/Image/BgStory/Bgstory381.png								Assets/Product/Texture/Image/RoleStory/PinminNormal01.png							
45	113	1134	3																													A curse called "knowledge"	You accept the young lad's gift.	Young Academic	Please accept this. I am certain you are the only one who can grasp the wisdom contained in this antique book.	The academic is shocked at the extent of your knowledge. After a moment of thought, he hands you an antique book. It contains ancient wisdom from his school of thought that's been passed down for generations. He laments that someone as dull as he himself will never be able to comprehend the text's wisdom and wishes to pass it on to someone who can.	Accept the Antique Book	Assets/Product/Texture/Image/BgStory/Bgstory381.png	2	104			1			Assets/Product/Texture/Image/RoleStory/PinminNormal01.png						150003	
46	113	1135	3																													A curse called "knowledge"	You accept the young lad's gift.	Young Academic	Thank you so much for your encouragement. Please take these. I am certain that these notes will be of use to you.	You encourage the scholar to continue his own journey. He bids you a sorrowful farewell and gives you his notebook with records of his journey, hoping it'll be helpful to you.	Accept the Notebook	Assets/Product/Texture/Image/BgStory/Bgstory381.png	2	105			1			Assets/Product/Texture/Image/RoleStory/PinminNormal01.png							
47	114	1141	2	Support his pursuit of dreams with 3 bottles of Biomimetic Blood	Give him 6 Tinbread Cookies to move on	Dismiss and leave			6 Tinbread Cookies	Exit		1	1	3		1	1	0		96120	96119	0		3	6	0		11411	11412	11413		Full of "potential"!	You spot an artisan.	Robotics Artisan	Hello there, Traveler! Care to learn about some long-lost ancient robotics technology? All you have to do...	An artisan is tirelessly selling his dreams to you on the street of a tiny village. Incomplete knowledge of ancient technology has stalled the advancement of robotics, but this man believes that he has found the key to restoring its past glory. All he needs is some funds to help him build his "groundbreaking invention," or you can choose to pay him to stock up your armory.	Made up your mind	Assets/Product/Texture/Image/BgStory/Bgstory383.png								Assets/Product/Texture/Image/RoleStory/TongyongShihuangzheNormal01.png							
48	114	1142	3																													Full of "potential"!	The artisan "rebuilt" the robot fighter for you.	Robotics Artisan	I did it! It's not perfect, but that's OK!	With every ounce of his being, the artisan came up with what he thinks is the work of a lifetime. It looks like a fighter robot of the ancient world.	Accept the item	Assets/Product/Texture/Image/BgStory/Bgstory383.png	2	109			1			Assets/Product/Texture/Image/RoleStory/TongyongShihuangzheNormal01.png						150004	
49	114	1143	3																													Full of "potential"!	The engineer builds you something confusing.	Robotics Artisan	Fine, fine. I'll make you something because you seem sincere enough.	The engineer is disappointed but still makes an effort to build you an automatic cannon for fire support.	Accept the item	Assets/Product/Texture/Image/BgStory/Bgstory383.png	2	110			1			Assets/Product/Texture/Image/RoleStory/TongyongShihuangzheNormal01.png							
50	114	1144	1																													Full of "potential"!	The engineer leaves in disappointment.	Robotics Artisan	No...? OK...	You believe in your skills and don't think you need the help of robots.	Continue Journey	Assets/Product/Texture/Image/BgStory/Bgstory383.png								Assets/Product/Texture/Image/RoleStory/TongyongShihuangzheNormal01.png							
51	115	1151	2	Trade 2 bottles of Biomimetic Blood for useful Artifacts	Buy some Biomimetic Blood using 6 Tinbread Cookies	Actually, never mind		2 bottles of Biomimetic Blood	Tinbread Cookies x6	Leave		1	1	3		1	1	0		96120	96119	0		2	6	0		11511	11512	11513		Scavengers Party	You meet a group of Scavengers.	Group of Scavengers	Hey buddy, I've got loads of treasures here. Wanna take a look?	In a tiny room inside the fortress, a group of trespassing Scavengers is going through what they've collected after a day of scavenging. A myriad of ancient mechanical parts and supplies of all shapes and sizes scatter across the floor. They offer to sell you some of the items at prices much lower than the market prices.	Made up your mind	Assets/Product/Texture/Image/BgStory/Bgstory419.jpg								Assets/Product/Texture/Image/RoleStory/TongyongNanminxiaohai.png							
52	115	1152	3																													Scavengers Party	You reach a deal with them.	Group of Scavengers	You've got a sharp eye. We haven't even had a chance to open this one yet.	You trade for some useful "stuff" with the Scavengers. They swear that these will be of great use in the fortress.	Open the box	Assets/Product/Texture/Image/BgStory/Bgstory419.jpg	3	2			1			Assets/Product/Texture/Image/RoleStory/TongyongNanminxiaohai.png							
53	115	1153	3																													Scavengers Party	You reach a deal with them.	Group of Scavengers	This stuff saves lives. You certainly are a sharp one.	You trade for some extra reserves of Biomimetic Blood with the Scavengers. These may be useful in the adventure ahead.	Collect supplies	Assets/Product/Texture/Image/BgStory/Bgstory419.jpg	1	96120			3			Assets/Product/Texture/Image/RoleStory/TongyongNanminxiaohai.png							
54	115	1154	1																													Scavengers Party	Ignore them	Group of Scavengers	Then get lost...	You can't trust these money-thirsty Scavengers. Ignoring their invitation, you carry on into the fortress.	Continue Journey	Assets/Product/Texture/Image/BgStory/Bgstory419.jpg								Assets/Product/Texture/Image/RoleStory/TongyongNanminxiaohai.png							
55	116	1161	2	Take the Scepter	Take the Banner Spear			Scepter	Banner Spear			3	3			0	0			0	0			0	0			11611	11612			Solved Puzzle	You enter... a strange room...	Strange room	Filled with a solemn atmosphere	This is a room that resembles a chessboard with all sorts of sculptures. It seems to be reenacting a battle while being part of a complex puzzle. One legendary hero stands on either end of the room—one a divine messenger holding a purifying flame, the other a female warrior holding a banner spear. Which would you choose?	Made up your mind	Assets/Product/Texture/Image/BgStory/Bgstory416.jpg															
56	116	1162	3																													Solved Puzzle	Take down the scepter	Strange room	You feel your resolve strengthened	You give it a moment's thought before taking the prize, a scepter. You don't know who solved the puzzle, but you thank them in your heart.	Take the relic	Assets/Product/Texture/Image/BgStory/Bgstory416.jpg	2	111			1										
57	116	1163	3																													Solved Puzzle	Taken down the banner spear	Strange room	You feel more agile now	You give it a moment's thought before taking the prize, a banner spear. You don't know who solved the puzzle, but you thank them in your heart.	Take the relic	Assets/Product/Texture/Image/BgStory/Bgstory416.jpg	2	112			1										
58	117	1171	2	Accept his chattels				Accept the chattels				3				0				0				0				11711				Failure	An adventurer who has passed	Deep in the Fortress	Even the air has grown heavy	An adventurer from long ago lies dead in the depths of the fortress. He leaves one last line of warning in blood as it runs dry—at the deepest end of the fortress, a Guardian stands watch by the entrance to the sea since the beginning of time. His final wish is for a successor to take his place and seek the truth that lies buried at the bottom of this world.	Inherited will	Assets/Product/Texture/Image/BgStory/Bgstory408.jpg															
59	117	1172	3																													Failure	Inherit his will	Deep in the Fortress	Keep moving	You give the adventurer a proper burial, etch his resolution to your heart, carefully pack his belongings and continue your journey with new motivation.	Continue Journey	Assets/Product/Texture/Image/BgStory/Bgstory408.jpg	3	1			1										
60	118	1181	2	Choose to plunder Artifacts	Choose to plunder Biomimetic Blood	Choose to plunder Tinbread Cookies		Plunder the Artifacts	Plunder Biomimetic Blood	Plunder Tinbread Cookies		3	3	3		0	0	0		0	0	0		0	0	0		11811	11812	11813		Armory	You enter an unguarded armory.	Armory	An armory sealed long ago.	You barge into one of the armories in the fortress and try to figure out an illegible symbol on a sealed supply crate. It seems to be a coat of arms designed around the runic letter "G". Fortunately, the guards are nowhere to be seen for now. Hurry and look for the supplies you need.	Made up your mind	Assets/Product/Texture/Image/BgStory/Bgstory411.jpg															
61	118	1182	3																													Armory	You decide to...	Armory	An armory sealed long ago.	You decide to open this Artifact box. It might help you on the battlefield.	Open the box	Assets/Product/Texture/Image/BgStory/Bgstory411.jpg	3	1			1										
62	118	1183	3																													Armory	You decide to...	Armory	An armory sealed long ago.	You decide to rummage the place for leftover Biomimetic Blood in case of emergency.	Collect Biomimetic Blood	Assets/Product/Texture/Image/BgStory/Bgstory411.jpg	1	96120			3										
63	118	1184	3																													Armory	You decide to...	Armory	An armory sealed long ago.	One can never have too much money. Gathering Tinbread Cookies seems like an intelligent choice.	Collect Tinbread Cookies	Assets/Product/Texture/Image/BgStory/Bgstory411.jpg	1	96119			8										
64	119	1191	1																													Heed the advice	You meet a survivor.	Deep in the Fortress	Danger inches closer.	Deep inside the fortress, in a safe house without patrolling robots, someone is here before you. A man with ragged clothes slumps by the wall with an empty and hopeless expression, as if he has lost his purpose.	Continue	Assets/Product/Texture/Image/BgStory/Bgstory409.jpg															1192
65	119	1192	1																													Heed the advice	You meet a survivor.	Deep in the Fortress	Danger inches closer.	When he realizes that you're a newcomer, he begins to recount to you the history of this fortress. It is part of the remains of a major battle in the Mythical Age and carries traces of advanced ancient technology. Countless secrets are hidden behind secure mechanisms while lost intelligent machines wander the empty halls.	Continue	Assets/Product/Texture/Image/BgStory/Bgstory409.jpg															1193
66	119	1193	2	Obtain more Tinbread Cookies	Recruit more companions			5 Tinbread Cookies	Recruit companion			3	3			0	0			0	0			0	0			11931	11932			Heed the advice	You meet a survivor.	Deep in the Fortress	Danger inches closer.	He came here on the church's wishes to uncover secrets buried in this fortress, but the expedition was hit with many perils from which he is the lone survivor. He no longer has the strength to go further into the fortress but stays to provide relentless seekers after him with supplies to help them on their quest.	Made up your mind	Assets/Product/Texture/Image/BgStory/Bgstory409.jpg															
67	119	1194	3																													Heed the advice	Accept his help	Deep in the Fortress	Danger inches closer.	You accept a few Tinbread Cookies the man took from his stash and head toward the depths of the fortress.	Collect supplies	Assets/Product/Texture/Image/BgStory/Bgstory409.jpg	1	96119			9										
68	119	1195	3																													Heed the advice	Accept his help	Deep in the Fortress	Danger inches closer.	The man gives you information on the other adventurers in the fortress that will help you expand your team.	Recruit companion	Assets/Product/Texture/Image/BgStory/Bgstory409.jpg	4	9001			1										
69	120	1201	2	Purchase the "Red Teardrop Pendant" using 10 Tinbread Cookies.	Purchase the "Blue Teardrop Pendant" using 10 Tinbread Cookies.	State that you have "Merlin's Jewel"	State that you don't have the gem	10 Tinbread Cookies	10 Tinbread Cookies	Merlin's Jewel	Leave	1	1	2	3	1	1	2	0	96119	96119	96	0	10	10	1	0	12011	12012	12013	12014	Jewel Hunter	You meet a jewel hunter.	Jewel Hunter	Hey there, I happen to have some precious treasures. Want to have a look?	Inside the fort, you meet a man covered from head to toe in black. He claims to be a passionate jewel collector on his way to the ocean floor to look for rare treasures and would be happy to exchange information with you.	Made up your mind	Assets/Product/Texture/Image/BgStory/Bgstory405.jpg								Assets/Product/Texture/Image/RoleStory/TongyonggongzuorenyuanNormal01.png							
70	120	1202	3																													Jewel Hunter	You reach a deal with the jewel hunter.	Jewel Hunter	Thank you. Thank you very much. It was a pleasure doing business with you.	You reach a good deal with the man in black and take the Red Teardrop Pendant.	Take the Pendant	Assets/Product/Texture/Image/BgStory/Bgstory405.jpg	2	101			1			Assets/Product/Texture/Image/RoleStory/TongyonggongzuorenyuanNormal01.png							
71	120	1203	3																													Jewel Hunter	You reach a deal with the jewel hunter.	Jewel Hunter	Thank you. Thank you very much. It was a pleasure doing business with you.	You reach a good deal with the man in black and take the Blue Teardrop Pendant.	Take the Pendant	Assets/Product/Texture/Image/BgStory/Bgstory405.jpg	2	102			1			Assets/Product/Texture/Image/RoleStory/TongyonggongzuorenyuanNormal01.png							
72	120	1204	3																													Jewel Hunter	You reach a deal with the jewel hunter.	Jewel Hunter	Thank you. Thank you very much. It was a pleasure doing business with you.	You reach a good deal with the man in black and take the Red and the Blue Teardrop Pendant.	Take the Pendant	Assets/Product/Texture/Image/BgStory/Bgstory405.jpg	2	101	102		1	1		Assets/Product/Texture/Image/RoleStory/TongyonggongzuorenyuanNormal01.png							
73	120	1205	1																													Jewel Hunter	You don't have anything to offer.	Jewel Hunter	Nothing...? That's unfortunate... Well, I'll be on my way, then...	You state that you don't have any treasure to offer for this deal and the jewel hunter leaves in disappointment.	Continue Journey	Assets/Product/Texture/Image/BgStory/Bgstory405.jpg								Assets/Product/Texture/Image/RoleStory/TongyonggongzuorenyuanNormal01.png						150005	
74	120	1206	2	Agree to the trade	Decline the trade			Proceed with the trade	Turn him down			1	3			2	0			96	0			1	0			12061	12062			Jewel Hunter	The jewel hunter's eyes glimmer.	Jewel Hunter	Wait... This... I will offer you everything I have for this!	The man shows immense interest in your ring and states that he is willing to trade all of his gems (Red and Blue Teardrop Pendant) for your Merlin's Jewel.	Made up your mind	Assets/Product/Texture/Image/BgStory/Bgstory405.jpg								Assets/Product/Texture/Image/RoleStory/TongyonggongzuorenyuanNormal01.png							
75	120	1207	2	Agree to the trade	Decline the trade			Proceed with the trade	Turn him down			1	3			2	0			96	0			1	0			12071	12072			Jewel Hunter	The jewel hunter is trying to change your mind.	Jewel Hunter	Still no? What if I add one more? I swear this is all the gems I have!	He frantically stops you as he sees that you are not pleased with his offer and declares that he can add in another Yellow Teardrop Pendant.	Made up your mind	Assets/Product/Texture/Image/BgStory/Bgstory405.jpg								Assets/Product/Texture/Image/RoleStory/TongyonggongzuorenyuanNormal01.png							
76	120	1208	3																													Jewel Hunter	The jewel hunter is delighted.	Jewel Hunter	Great. Wonderful. I'm glad you are up for the deal. Thank you very much.	The man in black reached a deal with you even though he is a little reluctant.	Take the Pendant	Assets/Product/Texture/Image/BgStory/Bgstory405.jpg	2	101	102	103	1	1	1	Assets/Product/Texture/Image/RoleStory/TongyonggongzuorenyuanNormal01.png							
77	120	1209	1																													Jewel Hunter	The jewel hunter breaks into a bawl.	Jewel Hunter	No, wait... Please give it another thought... Wait... Please...	You decide to turn down the man's solicitation and keep the gem.	Continue Journey	Assets/Product/Texture/Image/BgStory/Bgstory405.jpg								Assets/Product/Texture/Image/RoleStory/TongyonggongzuorenyuanNormal01.png						150005	
78	121	1211	2	Take the Cursed Antique Book	Examine the undeciphered antique book	Dismiss and leave		Take the Antique Book	Use Biomimetic Blood	Leave		3	1	3		0	2	0		0	104	0		0	1	0		12111	12112	12113		The wisdom named "Forbiddance"	You enter the hidden dungeon.	Hidden Dungeon	Only the sound of dripping water	You discover a carefully hidden dungeon deep within the tunnel. Inside, a decomposed corpse sits with its hands cuffed to the wall and an antique book—that's giving off an ominous, cursed aura—next to its feet. The text looks like a learning tool for a language long-lost.	Made up your mind	Assets/Product/Texture/Image/BgStory/Bgstory437.jpg															
79	121	1212	3																													The wisdom named "Forbiddance"	You enter the hidden dungeon.	Hidden Dungeon	You bring with you the Cursed Power.	You grab the Cursed Antique Book, but the power that the Forbidden Knowledge brings comes with a price.	Accept the Antique Book	Assets/Product/Texture/Image/BgStory/Bgstory437.jpg	2	99			1									150006	
80	121	1213	3																													The wisdom named "Forbiddance"	You enter the hidden dungeon.	Hidden Dungeon	You convert the Cursed Power	You clear your mind before you pore through the antique book until daybreak. To your surprise, the forgotten language is needed to understand the antique book the young academic has given you. You uncover its wisdom and got a glimpse of the ultimate enlightenment.	Convert the Antique Book	Assets/Product/Texture/Image/BgStory/Bgstory437.jpg	2	100			1									150006	
81	121	1214	1																													The wisdom named "Forbiddance"	You enter the hidden dungeon.	Hidden Dungeon	Only the sound of dripping water	You leave quickly, knowing all too well that there is a price to pay for stealing a peek at the Forbidden Knowledge.	Continue Journey	Assets/Product/Texture/Image/BgStory/Bgstory437.jpg															
82	122	1221	2	Confront it (Enter a difficult battle)	Avoid it							3	3			0	0			0	0			0	0			12211	12212			Executioner	You notice danger approaching from afar.	Al Grey Von the Executioner	...Searching...	Creations from the ancient civilization wander the halls of the fortress. Wielding its heavy greatsword, an intelligent machine with self-consciousness will cut down every intruder.	Made up your mind	Assets/Product/Texture/Image/BgStory/Bgstory417.jpg								Assets/Product/Texture/Image/RoleStory/WuzangNormal01.png							
83	122	1222	5																													Executioner	You decide to start a challenge.	Al Grey Von the Executioner	...Unidentified device approaching... Ready for battle...	Such a dangerous machine should not be left unchecked. It's time to put it to an end.	Prepare for battle!	Assets/Product/Texture/Image/BgStory/Bgstory417.jpg								Assets/Product/Texture/Image/RoleStory/WuzangNormal01.png					70031		
84	122	1223	1																													Executioner	You decide to avoid the fight.	Al Grey Von the Executioner	...Searching... No sign of life detected...	Best to avoid a machine as dangerous as this.	Continue Journey	Assets/Product/Texture/Image/BgStory/Bgstory417.jpg								Assets/Product/Texture/Image/RoleStory/WuzangNormal01.png							
85	123	1231	2	Use 3 Biomimetic Blood to treat him	Dismiss and leave			Heal him	Leave quickly			1	3			1	0			96120	0			3	0			12311	12312			Warrior Who Survived	You found a dying warrior.	Wounded Warrior	Please... help me...	A badly wounded soldier lies motionless in a room at the end of the tunnel. Judging from his state and attire, he must be part of the religious expedition and will not last long if he does not get treated in time.	Made up your mind	Assets/Product/Texture/Image/BgStory/Bgstory516.jpg								Assets/Product/Texture/Image/RoleStory/ShibingNormal01.png							
86	123	1232	2	Encourage him to join you	He goes back to the ground for recovery.			Proceed to recruitment	Let him go back			3	3			0	0			0	0			0	0			12321	12322			Warrior Who Survived	You saved him.	Wounded Warrior	Thank you for saving my life. I will tell you what happened earlier.	You patch up the lucky survivor and stop his bleeding. As his condition stabilizes, he begins to tell you his story. His expedition was wiped out during a battle with the Guardian, leaving him wandering alone in the tunnel. He searched continuously for a way to the core of the fortress, but to no avail. He advises you to abandon your quest because the other side of the deep sea is not what a mortal can bear.	Made up your mind	Assets/Product/Texture/Image/BgStory/Bgstory516.jpg								Assets/Product/Texture/Image/RoleStory/ShibingNormal01.png							
87	123	1233	1																													Warrior Who Survived	There's nothing you can do.	Wounded Warrior	I understand that you don't have extra supplies. Go. Don't worry about me.	The horrible state that the warrior is in shakes you to the core, but sadly, without any extra supplies, there's nothing you can do for him but leave.	Continue Journey	Assets/Product/Texture/Image/BgStory/Bgstory516.jpg								Assets/Product/Texture/Image/RoleStory/ShibingNormal01.png							
88	123	1234	3																													Warrior Who Survived	You chose him.	Wounded Warrior	Thank you for having faith in me. I will fight 'til my last breath.	You gather that an experienced warrior can provide you with a wealth of knowledge down the road and attempt once more to persuade him to follow you into the sea. He agrees without hesitation.	Recruit companion	Assets/Product/Texture/Image/BgStory/Bgstory516.jpg	4	9002			1			Assets/Product/Texture/Image/RoleStory/ShibingNormal01.png							
89	123	1235	3																													Warrior Who Survived	You chose the supplies.	Wounded Warrior	You should choose an item from the box if you insist on going. It'll come in handy.	You thank the warrior for his advice but tell him that you will not stop here. He hands you all of his equipment, hoping that it will turn the odds in your favor.	Open the box	Assets/Product/Texture/Image/BgStory/Bgstory516.jpg	3	2			1			Assets/Product/Texture/Image/RoleStory/ShibingNormal01.png							
90	124	1241	2	Medical supplies obtained	Disassemble this robot			Biomimetic Blood obtained	Disassemble it			3	3			0	0			0	0			0	0			12411	12412			Final Treatment	You meet a medic bot.	Med Bot MK-1	Hi... Do you... require... m-medical attention.	A commercial medic bot from the last century wanders up and down the tunnel. It seems to still be carrying a few sets of medical supplies. You can also disassemble and see what you can find.	Made up your mind	Assets/Product/Texture/Image/BgStory/BgStory570.jpg								Assets/Product/Texture/Image/RoleStory/BoerpuNormal04.png							
91	124	1242	3																													Final Treatment	You accept its treatment.	Med Bot MK-1	B-b-b-bat-battery... low. Shutting... down.	As the medic bot takes out medical supplies, it uses up the last bit of its power.	Accept supplies	Assets/Product/Texture/Image/BgStory/BgStory570.jpg	1	96120			3			Assets/Product/Texture/Image/RoleStory/BoerpuNormal04.png							
92	124	1243	3																													Final Treatment	You disassemble the robot.	Med Bot MK-1	...	After spending quite some time taking the robot apart, you discover its storage space.	Open the storage space	Assets/Product/Texture/Image/BgStory/BgStory570.jpg	3	1			1			Assets/Product/Texture/Image/RoleStory/BoerpuNormal04.png							
93	125	1251	2	Pick up the invitation letter				Proceed to recruitment				3				0				0				0				12511				Discarded Roundtable	You barge in somewhere you don't belong.	Roundtable Lobby	Intense and heavy atmosphere	You accidentally open a secret door in the tunnel and enter a completely different world. An elegant roundtable stands in the middle of the majestic, solemn room. This is a place every outlier dreams of for their beginning and end. On the table, the final invitation awaits.	Made up your mind	Assets/Product/Texture/Image/BgStory/Bgstory529.jpg															
94	125	1252	3																													Discarded Roundtable	You depart from where you don't belong.	Roundtable Lobby	Intense and heavy atmosphere	Neither you nor I have ever been alone, Curse Queller—reads the line on the letter.	Recruit companion	Assets/Product/Texture/Image/BgStory/Bgstory529.jpg	4	9001			1										
95	126	1261	2	Take the Tinbread Cookies	Take an Artifact			Tinbread Cookies obtained	Obtain an Artifact			3	3			0	0			0	0			0	0			12611	12612			Burnt-Out Campfire	You found a camp of another Curse Queller.	Abandoned Campground	Not even a dying ember left in the campfire.	A burnt-out campfire comes into view at one end of the tunnel. It looks abandoned, but neatly arranged in a pile beside it are some Artifacts, Tinbread Cookies, and a simple note that reads, "For the one after me, and the one after."	Made up your mind	Assets/Product/Texture/Image/BgStory/BgStory568.jpg															
96	126	1262	3																													Burnt-Out Campfire	You take the supplies.	Abandoned Campground	You feel a trace of warmth.	You respect the intention of the writer and take the supplies, but leave the Artifacts for whoever might come next.	Accept supplies	Assets/Product/Texture/Image/BgStory/BgStory568.jpg	1	96119			12										
97	126	1263	3																													Burnt-Out Campfire	You take an Artifact.	Abandoned Campground	You feel a trace of warmth.	You respect the intention of the writer and take an Artifact, but leave the supplies for whoever might come next.	Select Artifacts	Assets/Product/Texture/Image/BgStory/BgStory568.jpg	3	1			1										
98	127	1271	2	Take the Biomimetic Blood offered as a sacrifice	Take the blade offered a as sacrifice	Attempt to interpret the inscriptions (requires activation of Insight)		Biomimetic Blood obtained	Relic obtained	Relic obtained		3	3	3		0	0	0		0	0	0		0	0	0		12711	12712	12713		Crumbled Religious Monument	You discover some mysterious ruins.	Mysterious Ruins	Mysterious and Somber	A crumbling monument stands alone deep inside the tunnel, the letters on it illegible from years of corrosion. Those who would pray to it have long been lost to time, and all that remains is a few relics hidden away in this lightless corner.	Made up your mind	Assets/Product/Texture/Image/BgStory/BgStory571.jpg											1005046				
99	127	1272	3																													Crumbled Religious Monument	You take the offerings at the altar.	Mysterious Ruins	It's time to leave.	You take the Biomimetic Blood that was there as an offering as a gift from thousand years past.	Accept supplies	Assets/Product/Texture/Image/BgStory/BgStory571.jpg	1	96120			5										
100	127	1273	3																													Crumbled Religious Monument	You take the blade from the altar.	Mysterious Ruins	It's time to leave.	You take the blade that was there as an offering. Works of bladesmiths from eons ago must be unlike those from the present. Surely this blade will have its unique uses.	Select Relic	Assets/Product/Texture/Image/BgStory/BgStory571.jpg	2	108			1										
101	127	1274	3																													Crumbling Religious Monument	You take the blade from the altar.	Mysterious Ruins	It's time to leave.	You try to decipher the ancient inscriptions on the monument. The texts tell of a once-magnificent civilization brought down by a sudden catastrophe. As you read, fragmented tales of bygone eras come alive before you, and you seem to gain some insight.	Gain Insight	Assets/Product/Texture/Image/BgStory/BgStory571.jpg	7	6			1										
102	128	1281	2	Accept Branding	Refuse and leave			Curse obtained	Leave quickly			3	3			0	0			0	0			0	0			12811	12812			The Brand of Void	You discover a bizarre palace.	Bizarre Palace	A Statue of the Devil stands erect	At the end of a tunnel that's different from the one leading to the bottom of the ocean is a battered Statue of the Devil. In the Devil's hand is a branding iron, burning eternally as it awaits its next victim who will inherit the Forbidden Brand.	Make up your mind	Assets/Product/Texture/Image/BgStory/Bgstory425.jpg															
103	128	1282	3																													The Brand of Void	You accept branding.	Bizarre Palace	The statue turns crimson red.	You extend your left arm to let the ancient curse course into your body. The indelible marks that will follow you to your grave burn in your body without a moment's rest. You struggle your way out as you hold in the pain.	Absorb the Brand	Assets/Product/Texture/Image/BgStory/Bgstory425.jpg	2	94			1										
104	128	1283	1																													The Brand of Void	You refuse to be branded.	Bizarre Palace	It is unwise to stay here for long.	Cradle stops you in your tracks. This curse is much more than what someone like you can bear.	Continue Journey	Assets/Product/Texture/Image/BgStory/Bgstory425.jpg															
105	129	1291	2	Use 3 bottles of Biomimetic Blood to forcefully take the gem.	Embed Merlin's Jewel into your right eye	Leave without doing anything		Consume Biomimetic Blood	Embed the Gem	Leave quickly		1	2	3		1	2	0		96120	96	0		3	1	0		12911	12912	12913		Statue of the Crowned	You observed the Statue.	Statue of the Crowned	Stands unwavering	At the very end of a long and bleak tunnel, a statue of someone about to be crowned stands firm in front of you. Embedded in its left eye is a diamond emitting bright, violet shimmers, while the right eye looks strangely empty. After a closer look, you are certain that there are hidden mechanisms.	Make up your mind	Assets/Product/Texture/Image/BgStory/BgStory579.jpg															
106	129	1292	3																													Statue of the Crowned	You destroyed the statue	Statue of the Crowned	Stands unwavering	You smash through the statue's secret mechanisms with brute force, damaging the gem in the process.	Remove the Gem	Assets/Product/Texture/Image/BgStory/BgStory579.jpg	2	98			1										
107	129	1293	1																													Statue of the Crowned	You leave the place	Statue of the Crowned	Stands unwavering	You are not interested in the statue and decide to carry on with your journey.	Continue Journey	Assets/Product/Texture/Image/BgStory/BgStory579.jpg															
108	129	1294	2	Retrieve Merlin's Jewel	Take the Amethyst of the Indigo Waves			Retrieve the gem	Gem obtained			3	1			0	2			0	96			0	1			12941	12942			Statue of the Crowned	A hidden compartment of the statue pops out	Statue of the Crowned	A crackling noise is coming out of the hidden compartment.	After a few low rumbles, a hidden compartment on the statue pops out. You figure out the mechanisms in the statue and realize that you need to choose between the gem embedded in the right and left eye sockets.	Make up your mind	Assets/Product/Texture/Image/BgStory/BgStory579.jpg															
109	129	1295	1																													Statue of the Crowned	A hidden compartment of the statue pops back in	Statue of the Crowned	A crackling noise is coming out of the hidden compartment.	There is something about this gem that speaks to you and you decide to keep it.	Continue Journey	Assets/Product/Texture/Image/BgStory/BgStory579.jpg														150009	
110	129	1296	3																													Statue of the Crowned	A hidden compartment of the statue pops back in	Statue of the Crowned	A crackling noise is coming out of the hidden compartment.	The glimmering purple gem is more to your liking and you decide to take it.	Continue Journey	Assets/Product/Texture/Image/BgStory/BgStory579.jpg	2	97			1										
111	130	1301	2	Confront it (Enter a difficult battle)	Avoid it			Enter the Challenge	Leave quickly			3	3			0	0			0	0			0	0			13011	13012			An end named "Lunacy"	You notice danger approaching from afar.	Beelzebub the Ludicrous	Knowledge... I must find more knowledge...	Countless have fallen and lost their souls on the way in their endless search for the origin of the world. The crazed young man in front of you is only but one.	Make up your mind	Assets/Product/Texture/Image/BgStory/BgStory568.jpg								Assets/Product/Texture/Image/RoleStory/JiabailieNormal01.png							
112	130	1302	5																													An end named "Lunacy"	You decide to start a challenge.	Beelzebub the Ludicrous	You... Do you wish to become my knowledge...?	It is time to put these vile sins to an end.	Prepare for battle!	Assets/Product/Texture/Image/BgStory/BgStory568.jpg								Assets/Product/Texture/Image/RoleStory/JiabailieNormal01.png					70041		
113	130	1303	1																													An End Named "Lunacy"	You notice danger approaching from afar.	Beelzebub the Ludicrous	Knowledge... Knowledge...	The future might hold many unknown dangers. It's better not to risk it all now.	Continue Journey	Assets/Product/Texture/Image/BgStory/BgStory568.jpg								Assets/Product/Texture/Image/RoleStory/JiabailieNormal01.png							
114	131	1311	2	Place 10 Tinbread Cookies on the altar.	You are not interested in these altars.			Consume Tinbread Cookies	Leave quickly			1	3			1	0			96119	0			10	0			13111	13112			Crimson Altar	You discover a strange altar.	Blood-red Altar	It demands an offering.	A mahogany altar sits quietly in the corner of the aquarium, its surfaces a relief showing various legendary crimson creatures. The bottom of the altar is rigged with hidden mechanisms and requires a sacrifice to activate.	Make up your mind	Assets/Product/Texture/Image/BgStory/Bgstory625.jpg															
115	131	1312	3																													Crimson Altar	You present it with an offering.	Blood-red Altar	It is satisfied.	You lay a few coins onto the altar and the mechanism on the bottom pops open, showing sacrifices that were hidden out of your sight earlier.	Accept the sacrifices	Assets/Product/Texture/Image/BgStory/Bgstory625.jpg	3	2			1										
116	131	1313	1																													Crimson Altar	You leave the place	Blood-red Altar	It is empty.	You ignore this eerie altar and turn to leave.	Continue Journey	Assets/Product/Texture/Image/BgStory/Bgstory625.jpg															
117	132	1321	2	Use 3 bottles of Biomimetic Blood to complete the painting	Leave silently			Consume Biomimetic Blood	Leave quickly			1	3			1	0			96120	0			3	0			13211	13212			Another starry sky	You notice a starry sky that is missing a piece.	Starry Wall	She is incomplete.	In an open space inside the aquarium, giant murals fill the entire dome. Luminous star clusters gleam in a tranquil night sky, but the giant painting seems to be missing a piece.	Make up your mind	Assets/Product/Texture/Image/BgStory/BgStory590.jpg															
118	132	1322	3																													Another starry sky	Refill with Biomimetic Blood	Starry Wall	She is complete.	As you finish filling the missing part of the sky with Biomimetic Blood instead of paint, all the stars on the screen explode in rainbow colors. The sky cracks in half before the remains of a meteor fall from it. It is a product not of the civilizations of this world.	Relic obtained	Assets/Product/Texture/Image/BgStory/BgStory590.jpg	2	118			1										
119	132	1323	1																													Another starry sky	You leave the place	Starry Wall	She is wailing.	You don't feel qualified to participate in the restoration of such a masterpiece and leave silently.	Continue Journey	Assets/Product/Texture/Image/BgStory/BgStory590.jpg															
120	133	1331	2	Take the remaining Tinbread Cookies	Take the last invitation letter			Tinbread Cookies obtained	Proceed to recruitment			3	3			0	0			0	0			0	0			13311	13312			Crimson Saint	You discover a mysterious hall.	Mysterious Hall	Eerily silent and desolate	Deep in the aquarium is a tiny hall built by believers of an ancient forbidden faith to worship the crimson creatures. Inside the abandoned hall, a girl in a deep crimson robe rests motionlessly on a chair. This is where the last successor of this forbidden faith took her last breath.	Make up your mind	Assets/Product/Texture/Image/BgStory/Bgstory622.jpg															
121	133	1332	3																													Crimson Saint	Inheritance obtained	Mysterious Hall	Eerily silent and desolate	The church left behind a considerable amount of wealth. Though it is not rightfully yours, you can probably put it to better use.	Accept the Tinbread Cookies	Assets/Product/Texture/Image/BgStory/Bgstory622.jpg	1	96119			9										
122	133	1333	3																													Crimson Saint	Take the secret scripture	Mysterious Hall	Eerily silent and desolate	You take the scripture left by the church that contains a thorough map of the deep sea. The aquarium has a lot more passages than you thought and footsteps of the Roundtable echo through the walls. Perhaps you will be lucky enough to find survivors of the Crimson Corrosion.	Proceed to recruitment	Assets/Product/Texture/Image/BgStory/Bgstory622.jpg	4	9001			1										
123	134	1341	2	Clean up the battlefield	Scan your surroundings			Search for Artifacts	Look for your companions			3	3			0	0			0	0			0	0			13411	13412			Remnants of Gunfire	You discover a historic battlefield.	A historic battlefield	Scarred and wasted	At the end of a narrow passage is a vast expanse of space. It looks to be a historic battle site littered with countless remains of crimson creatures and bits of machines piled into heaps. Thousands of years have not washed away any signs of the ghastly, bleak devastation.	Make up your mind	Assets/Product/Texture/Image/BgStory/Bgstory341.jpg															
124	134	1342	3																													Remnants of Gunfire	You cleaned up the battlefield.	A historic battlefield	Scarred and wasted	You explore the remnants of this battle. The sky has been silent for thousands of dawns and dusks, but many of the supplies are still usable.	Choose Artifacts	Assets/Product/Texture/Image/BgStory/Bgstory341.jpg	3	1			1										
125	134	1343	3																													Remnants of Gunfire	You try to search for traces of others.	A historic battlefield	Scarred and wasted	You explore the area around the ancient battlefield. You meet a few adventurers from the Ancient Roundtable who have set up camp near the ruins, but after decades of wandering, they are happy to join your cause.	Recruit companion	Assets/Product/Texture/Image/BgStory/Bgstory341.jpg	4	9001			1										
126	135	1351	2	Explore the area to see if you can find anything				Look for supplies				3				0				0				0				13511				Dusty Memories	You discovered gigantic remains.	Hall of Remains	Filled with despair	Deep inside the aquarium, in an unusually spacy area, stand the remains of a mechanical structure built using ancient technology. It looks to be part of a giant building, but its appearance is a reminder of the ship named "Eden" in the Mythical Age that once carried the heroes. Now, however, it lies at the bottom of the world as if to seal away with it all the legends from the beginning of time.	Make up your mind	Assets/Product/Texture/Image/BgStory/Bgstory610.jpg															
127	135	1352	3																													Dusty Memories	There is nothing you can do.	Hall of Remains	Filled with despair	Unfortunately, you failed to find a way into the remains, as if it were trying to reject the visits of those after its time. You search for supplies around the remains and leave disappointed.	Collect supplies	Assets/Product/Texture/Image/BgStory/Bgstory610.jpg	1	96120			4										
128	136	1361	2	Accept the gift				Accept the gift				3				0				0				0				13611				Before the journey ends...	She returns.	Cradle	Curse Queller... your journey's end is within your reach... Please accept my gift...	The long, arduous journey is coming to an end and the girl's duty will end with it, but she still wishes to be of service to you while it lasts.	Make up your mind	Assets/Product/Texture/Image/BgStory/Bgstory624.jpg								Assets/Product/Texture/Image/RoleStory/V130mlnNormal05.png							
129	136	1362	3																													Before the journey ends...	She leaves for a short while.	Cradle	Thank you... Curse Queller...	No matter where you end up, she will be there to witness your destiny.	Accept the gift	Assets/Product/Texture/Image/BgStory/Bgstory624.jpg	3	1			1			Assets/Product/Texture/Image/RoleStory/V130mlnNormal04.png							
130	137	1371	2	Be ready and leave no regrets				Look carefully				3				0				0				0				13711				Approaching Tide	With determination in your eyes	Somber Tunnel	Water that hits the curtains over and over sounds like the rise and fall of the waves.	The end of your journey is near as the low rumbles of the tide get louder. You check your equipment to make sure you are ready for what's to come.	Make up your mind	Assets/Product/Texture/Image/BgStory/Bgstory623.jpg															
131	137	1372	3																													Approaching Tide	You are ready.	Somber Tunnel	Water that hits the curtains over and over sounds like the rise and fall of the waves.	You clear out the entire perimeter, taking anything that might be of use for what's coming.	Recruit companion	Assets/Product/Texture/Image/BgStory/Bgstory623.jpg	4	9001			1										
132	138	1381	2	Accept Branding	Refuse and leave			Blessing obtained	Leave			3	3			0	0			0	0			0	0			13811	13812			The Brand of Infinity	You discover a sacred palace.	Pristine Palace	A Statue of the Angle stands erect	At an eerie corner of the ocean bottom, you discover a sacred palace, where an ivory white angle stands in the center. With a branding iron that burns eternally in its hand, it's ready to bless the next believer with its divine prayers.	Make up your mind	Assets/Product/Texture/Image/BgStory/Bgstory506.jpg															
133	138	1382	3																													The Brand of Infinity	You accept branding.	Pristine Palace	The statue turns pure white.	You extend your right arm to let the ancient blessing trickle into your body. Golden marks that shine eternally purify every inch of your body. You enjoy feeling as light as air as you gently float out.	Absorb the Brand	Assets/Product/Texture/Image/BgStory/Bgstory506.jpg	2	95			1										
134	138	1383	1																													The Brand of Infinity	You refuse to be branded.	Pristine Palace	It's time to leave.	Cradle stops you in your tracks. This blessing may not be what it seems.	Continue Journey	Assets/Product/Texture/Image/BgStory/Bgstory506.jpg															
135	139	1391	2	Help him escape (Enter a difficult battle)	Avoid it			Enter the Challenge	Leave			3	3			0	0			0	0			0	0			13911	13912			Seduced by the Abyss	You notice danger approaching from afar.	Grey	...Who did this...	In the deep depths of the sea, wails of the lost can be heard not far away. Ghosts of war roaming the shore of the abyss yearn to be freed.	Make up your mind	Assets/Product/Texture/Image/BgStory/Bgstory626.jpg								Assets/Product/Texture/Image/RoleStory/KamuNomal01.png							
136	139	1392	5																													Seduced by the Abyss	You decide to start a challenge.	Grey	You... It's you... It's gotta be you!	You can't bear to leave him to suffer alone and decides to set him free.	Prepare for battle!	Assets/Product/Texture/Image/BgStory/Bgstory626.jpg								Assets/Product/Texture/Image/RoleStory/KamuNomal01.png					70051		
137	139	1393	1																													Abyssal Captive	You decide to avoid the fight.	Grey	I want to go back home... my real home...	Such agonizing wails must spell danger. Better make a detour.	Continue Journey	Assets/Product/Texture/Image/BgStory/Bgstory626.jpg								Assets/Product/Texture/Image/RoleStory/KamuNomal01.png							
138	140	1401	1																													Ocean Guardian	The Ocean Guardian glares at you from atop a watch tower.	Entrance to the Sea		You arrive at the end of the fortress where the underwater tunnel begins. The Guardian has been waiting for you.	Face her	Assets/Product/Texture/Image/BgStory/Bgstory399.jpg								Assets/Product/Texture/Image/RoleStory/LamiyaNormal01.png							1402
139	140	1402	1																													Ocean Guardian	The Ocean Guardian raises its spear.	Ocean Guardian	Guardian of the Ocean. Gatekeeper of Forbiddance.	The unfortunate soul destined to be trapped by ignorance.	Continue	Assets/Product/Texture/Image/BgStory/Bgstory399.jpg								Assets/Product/Texture/Image/RoleStory/LamiyaNormal01.png							1403
140	140	1403	1																													Ocean Guardian	The Ocean Guardian gives a warning.	Ocean Guardian	Guardian of the Ocean. Gatekeeper of Forbiddance.	Your wishful thinking must be quenched.	Continue	Assets/Product/Texture/Image/BgStory/Bgstory399.jpg								Assets/Product/Texture/Image/RoleStory/LamiyaNormal01.png							1404
141	140	1404	1																													Ocean Guardian	The Ocean Guardian leaps down from its towering lookout as the sky churns and dims.	Cradle	Guide	...	Continue	Assets/Product/Texture/Image/BgStory/Bgstory398.jpg								Assets/Product/Texture/Image/RoleStory/V130mlnNormal06.png							1405
142	140	1405	5																													Ocean Guardian	The Ocean Guardian prepares for battle.	Cradle	Guide	The only way through is to defeat her.	Prepare for battle!	Assets/Product/Texture/Image/BgStory/Bgstory398.jpg								Assets/Product/Texture/Image/RoleStory/V130mlnNormal03.png					30081		
143	141	1411	1																													After Clash	The Tree Guardian has been defeated.	Entrance to the Sea	Opening slowly	The last trace of the Guardian fades as the entrance to the ocean depths opens.	Continue	Assets/Product/Texture/Image/BgStory/Bgstory398.jpg															1412
144	141	1412	2	Enter the tunnel (Continue with journey)	Look around (Future choice)			Continue Journey	Look around			3	3			0	0			0	0			0	0			14121	14122			After Clash	The entrance to the sea is opening up slowly.	Cradle	Guide	Let's go. We're now one step closer to our goal.	Made up your mind	Assets/Product/Texture/Image/BgStory/Bgstory398.jpg								Assets/Product/Texture/Image/RoleStory/V130mlnNormal04.png							
145	141	1413	2	Pick up the dagger (Future choice)	Leave the dagger as is (Continue with journey)			Pick up the dagger	Leave the dagger as is			3	3			0	0			0	0			0	0			14131	14132			After Clash	Something is flickering	Entrance to the Sea	Nor too far away on the ground	You carefully scan your surroundings and notice that an exquisite dagger sits where the Guardian last took her breath.	Make up your mind	Assets/Product/Texture/Image/BgStory/Bgstory398.jpg															
146	141	1414	1																													After Clash	Tunnel Entrance	Entrance to the Sea	The entrance to the sea is now completely open.	You shake off any second thoughts and enter the underwater tunnel with Cradle.	Continue Journey	Assets/Product/Texture/Image/BgStory/Bgstory398.jpg															
147	141	1415	3																													After Clash	You pick it up.	Entrance to the Sea	You walk over.	You recall the words of the Guardian. She seems to hold an intense animosity toward Cradle. You pick up the dagger and head down the underwater tunnel as you contemplate these thoughts.	Pick up the dagger	Assets/Product/Texture/Image/BgStory/Bgstory398.jpg	2	93			1										
148	141	1416	1																													After Clash	You ignore it.	Entrance to the Sea	The entrance to the sea is now completely open.	You pick up the dagger without a second thought and enter the tunnel with Cradle.	Continue Journey	Assets/Product/Texture/Image/BgStory/Bgstory398.jpg															
149	142	1421	1																													Cursed Waves	The ending is about to begin.	Cradle	A girl who guides Curse Quellers	You have arrived at the bottom of the deep ocean, the origin of the world. A spot of eerie light shines bright. You know all too well that it is the source of all evils of the world, the instigator of the sound of the tide.	Continue	Assets/Product/Texture/Image/BgStory/BgStory627.jpg								Assets/Product/Texture/Image/RoleStory/V130mlnNormal02.png							1422
150	142	1422	2	Follow Cradle's instructions	Reject Cradle	But I have not learned the truth of this world.	I want to keep exploring (requires activation of Insight)	Obey	Decline	Inquire the truth	Explore	3	2	2	2	0	2	2	2	0	93	94	139	0	1	1	1	14221	14222	14223	14224	Cursed Waves	The ending is about to begin.	Cradle	A girl who guides Curse Quellers	Shattered lights and shadows gather into a bouquet—the cycle of doom is at its end... Touch it, for our duty ends here.	Continue	Assets/Product/Texture/Image/BgStory/BgStory627.jpg								Assets/Product/Texture/Image/RoleStory/V130mlnNormal01.png				1005046			
151	142	1423	5																													Cursed Waves	The ending is about to begin.	Cradle	A girl who guides Curse Quellers	You do as Cradle says and touch the ball of light with your hand. It is clear that this will be the last battle.	Prepare for battle!	Assets/Product/Texture/Image/BgStory/BgStory627.jpg								Assets/Product/Texture/Image/RoleStory/V130mlnNormal01.png					50071		
152	142	1424	1																													Cursed Waves	The ending is about to begin.	Cradle	A girl who guides Curse Quellers	Why was she entrusted with this duty? What is the truth of the sound of the tide? After a long and arduous journey, you have received no answer. Suspicion bubbles in your heart. It is time to take your destiny back into your hands.	Make up your mind	Assets/Product/Texture/Image/BgStory/BgStory627.jpg								Assets/Product/Texture/Image/RoleStory/V130mlnNormal01.png							1425
153	142	1425	5																													Cursed Waves	Let's begin.	Cradle	You... Why...?	You thrust your dagger into Cradle. Her blood drips from the sheath... and flows a distance before changing, evolving, and turning into another shape.	Prepare for battle!	Assets/Product/Texture/Image/BgStory/BgStory627.jpg								Assets/Product/Texture/Image/RoleStory/V130mlnNormal02.png					50072		
154	142	1426	2	I don't think so.	Think again.			Continue	Reselect			2	3			2	0			95	0			1	0			14261	14262			Cursed Waves	The ending is about to begin.	Cradle	A girl who guides Curse Quellers	The truth of the world...? There is no truth, only meaningless struggles.	Continue	Assets/Product/Texture/Image/BgStory/BgStory627.jpg								Assets/Product/Texture/Image/RoleStory/V130mlnNormal06.png							
155	142	1427	2	Keep moving.				Continue				3				0				0				0				14271				Cursed Waves	The ending is about to begin.	Cradle	Your arms... why are they flickering.	The burning sensation on your arms is telling a different story. You now know very well that Cradle did not tell the truth and you have acquired the qualifications to go further and deeper.	Keep moving.	Assets/Product/Texture/Image/BgStory/BgStory627.jpg								Assets/Product/Texture/Image/RoleStory/V130mlnNormal05.png							
156	142	1428	1																													Cursed Waves	Enter "Reality"	Cradle	Curse Queller... you...?	You pass by Cradle and thrust your hands deeper into the dark. The two brands shine with light so bright it seems to light up the entire world. When you open your eyes, a whole new world lies in front of you.	Enter reality	Assets/Product/Texture/Image/BgStory/BgStory00.png								Assets/Product/Texture/Image/RoleStory/V130mlnNormal05.png							
157	142	1429	2	I've decided				Continue				3				0				0				0				14291				Cursed Waves	Feel the "Insight"	Cradle	A girl who guides Curse Quellers	So... you've finally decided to take this step?	Keep moving.	Assets/Product/Texture/Image/BgStory/BgStory627.jpg								Assets/Product/Texture/Image/RoleStory/V130mlnNormal01.png							
158	142	14210	1																													Cursed Waves	Feel the "Insight"	Cradle	A girl who guides Curse Quellers	You take Cradle's hand, letting her guide you to the very heart of this world.	Keep moving.	Assets/Product/Texture/Image/BgStory/BgStory00.png								Assets/Product/Texture/Image/RoleStory/V130mlnNormal01.png							
159	143	1431	1																													What's Called "Reality"	Face "Reality"	Dawn Swallower	...	The barren world away from land. Look up slightly to see the sapphire planet.	Continue	Assets/Product/Texture/Image/BgStory/BgStory594.jpg								Assets/Product/Texture/Image/RoleStory/KaliebossNomal02.png							1432
160	143	1432	1																													What's Called "Reality"	Face "Reality"	Dawn Swallower	...?	You know that this is not "real." It's nothing but a passing nightmare.	Make up your mind	Assets/Product/Texture/Image/BgStory/BgStory594.jpg								Assets/Product/Texture/Image/RoleStory/KaliebossNomal02.png							1433
161	143	1433	5																													What's Called "Reality"	Face "Reality"	Dawn Swallower	...	The final trial is not far ahead. To reach "Reality", this is the last step. Defeat it to reach the real destination!	Prepare for battle!	Assets/Product/Texture/Image/BgStory/BgStory594.jpg								Assets/Product/Texture/Image/RoleStory/KaliebossNomal02.png					60031		
162	144	1441	2	Explore after drinking 2 bottles of Biomimetic Blood	Stay put without doing anything			Use Biomimetic Blood	Try to wake up			1	3			1	0			96120	0			2	0			14411	14412			Dream of Mist	Should you continue forward?	You are surrounded by mist.	...	Hit by unusual fatigue, you end your travels early. You find somewhere to rest up for the day and fall deeply asleep. When you next open your eyes, you are deep in a mist and feel nauseous. If nothing is done you will be unable to move.	Make up your mind	Assets/Product/Texture/Image/BgStory/Bgstory439.jpg															
163	144	1442	3																													Dream of Mist	Should you continue forward?	Withered Tree	...	You find a large withered tree—from whose rotten core is oozing silver-white liquid.	Collect Biomimetic Blood	Assets/Product/Texture/Image/BgStory/Bgstory446.jpg	1	96120			3										1448
164	144	1443	3																													Dream of Mist	Should you continue forward?	Tattered Shed	...	You walk into a tattered shed. It is empty except for the few coins left in a box.	Collect coins	Assets/Product/Texture/Image/BgStory/Bgstory352.jpg	1	96119			10										1448
165	144	1444	3																													Dream of Mist	Should you continue forward?	Bloody Hill	...	You arrive at a hill that has witnessed harrowing battles. Among the whitened bones scattered across the field, you find some items that can still be of use.	Collect Artifacts	Assets/Product/Texture/Image/BgStory/Bgstory346.jpg	3	2			1										1448
166	144	1445	3																													Dream of Mist	Should you continue forward?	Cracked Tombstone	...	You stop in front of a tombstone cracked in half with the top missing. The writing on it seems to state the location of friends of the deceased.	Recruit companion	Assets/Product/Texture/Image/BgStory/Bgstory359.png	4	9002			1										1448
167	144	1446	3																													Dream of Mist	It's time to wake up.	You are swallowed by mist.	It's time to wake up.	You make it through the mist only to find yourself deep within more. One slip and you are in a pool of Biomimetic Blood. You jolt awake before realizing that it was only a nightmare and that all your empty bottles have been filled with Biomimetic Blood...	Wake up	Assets/Product/Texture/Image/BgStory/BgStory00.png	1	96120			6										
168	144	1447	1																													Dream of Mist	Should you continue forward?	Mist is still thick	...	You are unable to find anything useful for the mist is too thick.	Not your lucky day.	Assets/Product/Texture/Image/BgStory/Bgstory439.jpg															1448
169	144	1448	2	Explore after drinking 2 bottles of Biomimetic Blood	Stay put without doing anything			Use Biomimetic Blood	Try to wake up			1	3			1	0			96120	0			2	0			14411	14412			Dream of Mist	Should you continue forward?	Mist is still thick	...	The mist has yet to disperse, but it looks like you can continue forward.	Make up your mind	Assets/Product/Texture/Image/BgStory/Bgstory439.jpg															
170	144	1449	1																													Dream of Mist	Time to continue your journey.	Mist disperses	It's time to wake up.	Violent winds pick up and disperse the mist. You realize you're back where you were resting earlier and it was all a bizarre dream.	Wake up	Assets/Product/Texture/Image/BgStory/BgStory00.png															
171	145	1451	2	Drop 7 Tinbread Cookies	Not worth it. Time to go			Consume Tinbread Cookies	Leave			1	3			1	0			96119	0			7	0			14511	14512			Sharky Box	Should you continue forward?	Odd Storage Box	...It might be waiting for Tinbread Cookies...	A shark-shaped box is left on the side of the road. It is a mechanism made with ancient technologies. With its mouth wide open, the shark seems to take coins in exchange for supplies.	Make up your mind	Assets/Product/Texture/Image/BgStory/BgStory627.jpg															
172	145	1452	3																													Sharky Box	Should you continue forward?	Odd Storage Box	Rumbling noises	You drop some coins into the box and close it. To your surprise, the shark spits out more coins.	Collect coins	Assets/Product/Texture/Image/BgStory/BgStory627.jpg	1	96119			10										1458
173	145	1453	3																													Sharky Box	Should you continue forward?	Odd Storage Box	Rumbling noises	You drop some coins into the box and close it. To your surprise, the shark spits out bottles of Biomimetic Blood.	Collect Biomimetic Blood	Assets/Product/Texture/Image/BgStory/BgStory627.jpg	1	96120			3										1458
174	145	1454	3																													Sharky Box	Should you continue forward?	Odd Storage Box	Loud rumbling noises	You drop some coins into the box and close it. After some violent trembles, the shark spits out a few Artifacts.	Collect Artifacts	Assets/Product/Texture/Image/BgStory/BgStory627.jpg	3	2			1										1458
175	145	1455	3																													Sharky Box	Should you continue forward?	Odd Storage Box	Loud rumbling noises	You drop some coins into the box and close it. After some violent trembles, the shark spits out an invitation letter.	Recruit companion	Assets/Product/Texture/Image/BgStory/BgStory627.jpg	4	9002			1										1458
176	145	1456	3																													Sharky Box	Should you continue forward?	Odd Storage Box	It's time to wake up.	You drop some coins into the box and close it. The shark spits out a pile of Tinbread Cookies but moves no more. You leave in disappointment.	Lucky!	Assets/Product/Texture/Image/BgStory/BgStory627.jpg	1	96119			20										
177	145	1457	1																													Sharky Box	Should you continue forward?	Odd Storage Box	It's time to wake up.	You drop some coins into the box and close it but nothing comes out of the shark's mouth...	Darn!	Assets/Product/Texture/Image/BgStory/BgStory627.jpg															1458
178	145	1458	2	Drop 7 more Tinbread Cookies	Not worth it. Time to go			Consume Tinbread Cookies	Leave			1	3			1	0			96119	0			7	0			14511	14512			Sharky Box	Should you continue forward?	Odd Storage Box	It's time to wake up.	Looks like you can drop more coins into this box.	Made up your mind	Assets/Product/Texture/Image/BgStory/BgStory627.jpg															
179	145	1459	1																													Sharky Box	Should you continue forward?	Odd Storage Box	It's time to wake up.	You put down the weird box and leave.	Continue Journey	Assets/Product/Texture/Image/BgStory/BgStory627.jpg															
180	146	1461	1																													After Clash	The Tree Guardian has been defeated.	Entrance to the Sea	Opening slowly	The last trace of the Guardian fades as the entrance to the ocean depths opens.	Continue	Assets/Product/Texture/Image/BgStory/Bgstory398.jpg															1462
181	146	1462	2	Enter the tunnel (Continue with journey)				Continue Journey				3				0				0				0				14621				After Clash	The entrance to the sea is opening up slowly.	Cradle	Guide	Let's go. We're now one step closer to our goal.	Make up your mind	Assets/Product/Texture/Image/BgStory/Bgstory398.jpg								Assets/Product/Texture/Image/RoleStory/V130mlnNormal04.png							
182	146	1463	1																													After Clash	Tunnel Entrance	Entrance to the Sea	The entrance to the sea is now completely open.	You shake off any second thoughts and enter the underwater tunnel with Cradle.	Continue Journey	Assets/Product/Texture/Image/BgStory/Bgstory398.jpg															
183	147	1471	1																													Cursed Waves	The ending is about to begin.	Cradle	Guide	You have arrived at the bottom of the deep ocean, the origin of the world. A spot of eerie light shines bright. You know all too well that it is the source of all evils of the world, the instigator of the sound of the tide.	Continue	Assets/Product/Texture/Image/BgStory/BgStory627.jpg								Assets/Product/Texture/Image/RoleStory/V130mlnNormal02.png							1472
184	147	1472	2	Follow Cradle's instructions				Obey				3				0				0				0				14721				Cursed Waves	The ending is about to begin.	Cradle	Guide	Shattered lights and shadows gather into a bouquet—the cycle of doom is at its end... Touch it, for our duty ends here.	Continue	Assets/Product/Texture/Image/BgStory/BgStory627.jpg								Assets/Product/Texture/Image/RoleStory/V130mlnNormal01.png							
185	147	1473	5																													Cursed Waves	The ending is about to begin.	Cradle	Guide	You do as Cradle says and touch the ball of light with your hand. It is clear that this will be the last battle.	Prepare for battle!	Assets/Product/Texture/Image/BgStory/BgStory627.jpg								Assets/Product/Texture/Image/RoleStory/V130mlnNormal01.png					50071		
186	148	1481	2	Investigate the surroundings.				Confirm action				3				0				0				0				14811				Lost Remains	You walk deep into the forest.	Forest Depths	The serene depths of the forest.	Deep within the forest lies a murky swamp, a grave for countless outcasts banished by the church. Those thieves and rogues that once formed a formidable syndicate are now forgotten by time.	Make up your mind	Assets/Product/Texture/Image/BgStory/Bgstory444.jpg															
187	148	1482	3																													Lost Remains	You walk deep into the swamp.	Corrupted Swamp	Relics and skeletons are scattered everywhere.	In the depths of the swamp, you find materials that might just be useful for your journey.	Collect supplies	Assets/Product/Texture/Image/BgStory/Bgstory444.jpg	3	1			1										
188	149	1491	2	Step forward and give it a try	Not interested in guessing games			Confirm action	Leave			3	3			0	0			0	0			0	0			14911	14912			Street Performer	You approach the town street.	Code Name: MC Solar	Step right up! I'm the riddle master. Who dares to challenge me?	A street performer from the next town over is setting up a stall. It seems you can spend Tinbread Cookies to play a card guessing game with him for rewards.	Make up your mind	Assets/Product/Texture/Image/BgStory/Bgstory361.png								Assets/Product/Texture/Image/RoleStory/RuritianNormal01.png							
189	149	1492	2	Bet Big	Bet Small	Think calmly (requires Insight at 30)		Confirm action	Confirm action	Inquire the truth		3	3	3		0	0	0		0	0	0		0	0	0		14921	14922	14923		Street Performer	You take a seat at the gaming table.	Code Name: MC Solar	You have a special aura about you. Today, you will be my opponent.	You eagerly sit across from the performer. After paying the entrance fee, you're asked to choose a card from the spread before you and guess its rank.	Make up your mind	Assets/Product/Texture/Image/BgStory/Bgstory361.png								Assets/Product/Texture/Image/RoleStory/RuritianNormal01.png			1005046				
190	149	1493	1																													Street Performer	You leave the place	Town Street	A corner of the town street.	You've no time for tricksters and their games, so you walk away.	Leave	Assets/Product/Texture/Image/BgStory/Bgstory361.png															
191	149	1494	3																													Street Performer	Luck's not on your side.	Code Name: MC Solar	Win some, lose some—that's how it goes! Feel free to come back for a rematch!	The cards aren't playing nice. After many losses and few wins, the performer, perhaps pitying you, hands over some finely crafted souvenirs.	Leave	Assets/Product/Texture/Image/BgStory/Bgstory361.png	3	1			1			Assets/Product/Texture/Image/RoleStory/RuritianNormal01.png							
192	149	1495	2	Win the money back	Call out his deceit loudly			Confirm action	Confirm action			3	3			0	0			0	0			0	0			14951	14952			Street Performer	You sense something's amiss.	Code Name: MC Solar	He seems to be staring hard at the backs of your cards.	Your sharp wits catch details others might miss—the performer's cheating! What are you going to do?	Make up your mind	Assets/Product/Texture/Image/BgStory/Bgstory361.png								Assets/Product/Texture/Image/RoleStory/RuritianNormal01.png							
193	149	1496	3																													Street Performer	You counter his trickery	Code Name: MC Solar	Blast it, I'm broke! Can't pay her protection money now. Time to skip town!	You counter the performer's cheats and win round after round, pocketing a day's earnings. The performer packs up and slinks away, defeated.	Leave	Assets/Product/Texture/Image/BgStory/Bgstory361.png	3	1			1			Assets/Product/Texture/Image/RoleStory/RuritianNormal02.png							
194	149	1497	3																													Street Performer	You loudly explose him.	Code Name: MC Solar	Woah, woah, woah, buddy! Take this, just take it. Let's pretend none of this ever happened, alright?	Seeing you're about to expose his tricks, the performer hastily tries to stop you. He offers you a treasured item he's always kept, hoping you'll keep his secret.	Leave	Assets/Product/Texture/Image/BgStory/Bgstory361.png	3	1			1			Assets/Product/Texture/Image/RoleStory/RuritianNormal02.png							
195	150	1501	2	Breach the blockade and investigate	Looks too sinister, better not			Confirm action	Confirm action			3	3			0	0			0	0			0	0			15011	15012			Forbidden Church	You approach the sealed-off church.	Forbidden Church	A sealed-off church.	An abandoned church lies at the town's edge, its doors sealed. Here, heretics studying Crimson creatures once gathered. Now, their knowledge is lost, precluding any research on the subject.	Make up your mind	Assets/Product/Texture/Image/BgStory/BgStory710.jpg															
196	150	1502	3																													Forbidden Church	A wave of dizziness washes over you.	Forbidden Church	A sealed-off church.	Driven by intense curiosity, you step into the abandoned church. Here, you discover an untouched fragment of a scroll.	Read it	Assets/Product/Texture/Image/BgStory/BgStory710.jpg	5														1503
197	150	1503	3																													Forbidden Church	You... feel even more...	Forbidden Church	A sealed-off church.	The words on the scroll fragment beckon you to explore the essence of the world. It seems you're now one step closer to understanding the world you're in.	Take it	Assets/Product/Texture/Image/BgStory/BgStory710.jpg	2	138			1										
198	150	1504	1																													Forbidden Church	You quickly leave the place.	Forbidden Church	A sealed-off church.	Repelled by the forbidden knowledge, you decide to leave.	Leave	Assets/Product/Texture/Image/BgStory/BgStory710.jpg															
199	151	1511	2	Land on the coast and start the cleansing	Reject the trial and defeat the Red Tide			Engage in battle	Enter Battle			3	3			0	0			0	0			0	0			15111	15112			Trial of Nothingness	The necessary path to rebirth.	Harbor with Surviving Humans	Prepare for the cleansing	Before true rebirth can begin, you must face the trials of the Crimson.	Accept the trial	Assets/Product/Texture/Image/BgStory/Bgstory612.jpg															
200	151	1512	5																													Trial of Nothingness	The necessary path to rebirth.	Harbor with Surviving Humans	Begin cleansing	The first trial is "Nothingness". All wisdom gained will return to its original form, becoming the foundation to reshape all.	Begin the trial	Assets/Product/Texture/Image/BgStory/Bgstory612.jpg													86411		
201	151	1513	5																													Trial of Nothingness	The necessary path to rebirth.	Harbor with Surviving Humans	Protect the humans	You reject the Crimson Trial. All the wisdom you have gathered so far begins to shine.	Protect the humans	Assets/Product/Texture/Image/BgStory/Bgstory612.jpg													86461		
202	152	1521	2	Break the obstacles and start the cleansing	Protect lives and face the Red Tide			Enter Battle	Enter Battle			3	3			0	0			0	0			0	0			15211	15212			Trial of Infinity	The necessary path to rebirth.	City with Surviving Humans	Prepare for the cleansing	Eradicate all remnants of will. Let the Crimson consume this doomed world.	Accept the trial	Assets/Product/Texture/Image/BgStory/Bgstory301.png										1005052					
203	152	1522	5																													Trial of Infinity	The necessary path to rebirth.	City with Surviving Humans	Begin cleansing	The second trial is "Infinity". A new life is about to emerge, and everything from the old world will meet its end.	Begin the trial	Assets/Product/Texture/Image/BgStory/Bgstory301.png													86421		
204	152	1523	5																													Trial of Infinity	The necessary path to rebirth.	City with Surviving Humans	Protect the humans	You refuse to give up everything in the old world and decide to fight for all the lives.	Protect the humans	Assets/Product/Texture/Image/BgStory/Bgstory301.png													86471		
205	153	1531	2	Eliminate everything	Stay the course and rebuild your will			Engage in battle	Enter Battle			3	3			0	0			0	0			0	0			15311	15312			Trial of Eternal Darkness	The necessary path to rebirth	The Last Human Haven	Prepare for the cleansing	The birth of the new world is just one step away. All that's left to do is eliminate the remaining obstacles.	Accept the trial	Assets/Product/Texture/Image/BgStory/Bgstory317.png										1005053					
206	153	1532	5																													Trial of Eternal Darkness	The necessary path to rebirth	The Last Human Haven	Begin cleansing	The third trial is "Eternal Darkness". Embrace the Crimson and become a part of the new world.	Begin the trial	Assets/Product/Texture/Image/BgStory/Bgstory317.png													86431		
207	153	1533	3																													Trial of Eternal Darkness	The necessary path to rebirth	The Last Human Haven	Protect the humans	The Crimson Brand now gleams with dazzling radiance.	Protect the humans	Assets/Product/Texture/Image/BgStory/Bgstory317.png	2	143			1										1534
208	153	1534	5																													Trial of Eternal Darkness	The necessary path to rebirth	The Last Human Haven	Protect the humans	You firmly hold onto your beliefs until the last moment. The will of humans has reshaped the Crimson Brand.	Protect the humans	Assets/Product/Texture/Image/BgStory/Bgstory317.png													86481		
209	154	1541	2	Enter Battle	"I shall turn myself into a blazing fire."			Enter Battle	Embrace everything			3	2			0	2			0	143			0	1			15411	15412			"New World"	Be reborn	Crimson Source	...	As the harbinger of the new world, you will draw the final curtain on this fabricated reality.	Brace yourself	Assets/Product/Texture/Image/BgStory/Bgstory425.jpg															
210	154	1542	5																													"New World"	Be reborn	Crimson Source	...?	The only obstacle left is the Crimson itself. You turn the blade, pointing it at the Crimson.	The final cleansing	Assets/Product/Texture/Image/BgStory/Bgstory425.jpg													80011		
211	154	1543	1																													"New World"	Be reborn	Crimson Source	...	You choose to ignite your will to put an end to this fake world.	Embrace the ending	Assets/Product/Texture/Image/BgStory/Bgstory425.jpg															
212	155	1551	2	Begin the Declension (requires Insight Perception)	Reject the Declension			Confirm	Confirm			3	3			0	0			0	0			0	0			15511	15512			The Other Round Table	Make your choice	Ominous Secluded Nook	Make your choice	In the deepest, most concealed corner of the fortress, a round table, corroded by the Crimson, lies toppled. It appears to be a ritual prop used by the Crimson Order to summon its followers. Beside the table, an invitation imbued with the Crimson aura waits to be opened.	Make up your mind	Assets/Product/Texture/Image/BgStory/BgStory658.jpg									1005048						
213	155	1552	3																													The Other Round Table	You accept it.	Ominous Secluded Nook	You accept it.	You pick up the crimson invitation. It grants you the power to invite your allies to join you on the quest for truth.	Undergo Declension	Assets/Product/Texture/Image/BgStory/BgStory658.jpg	6	1			1										
214	155	1553	3																													The Other Round Table	You reject it.	Ominous Secluded Nook	You reject it.	Feeling it's beyond your current capabilities to accept such a perilous invitation, you decide it's safer to collect more artifacts.	Leave	Assets/Product/Texture/Image/BgStory/BgStory658.jpg	3	2			1										
215	156	1561	2	Reject the Declension								3				0				0				0				15611				The Other Round Table	Make your choice	Ominous Secluded Nook	Make your choice	In the deepest, most concealed corner of the fortress, a round table, corroded by the Crimson, lies toppled. It appears to be a ritual prop used by the Crimson Order to summon its followers. Beside the table, an invitation imbued with the Crimson aura waits to be opened.	Make up your mind	Assets/Product/Texture/Image/BgStory/BgStory658.jpg															
216	156	1562	3																													The Other Round Table	You accept it.	Ominous Secluded Nook	You accept it.	You pick up the crimson invitation. It grants you the power to invite your allies to join you on the quest for truth.	Undergo Declension	Assets/Product/Texture/Image/BgStory/BgStory658.jpg	6	1			1										
217	156	1563	3																													The Other Round Table	You reject it.	Ominous Secluded Nook	You reject it.	Feeling it's beyond your current capabilities to accept such a perilous invitation, you decide it's safer to collect more artifacts.	Leave	Assets/Product/Texture/Image/BgStory/BgStory658.jpg	3	2			1										
218	157	1571	2	Accept the divination				Confirm				3				0				0				0				15711				Path of Fate	You approach the town street.	Mysterious Fortune Teller	I bet you're eager to know your fate.	A mysterious fortune teller blocks your path. She seems quite intrigued by you and offers a complimentary glimpse into your future.	Make up your mind	Assets/Product/Texture/Image/BgStory/Bgstory380.png								Assets/Product/Texture/Image/RoleStory/V200slnNormal02.png							
219	157	1572	2	Draw at random	Draw the "Traveler" card (requires activation of Insight)	Draw the "Chariot" card (requires activation of Insight)	Draw the "Hanged Man" card (requires activation of Insight)	Confirm	Confirm	Confirm	Confirm	3	3	3	3	0	0	0	0	0	0	0	0	0	0	0	0	15721	15722	15723	15724	Path of Fate	Time to make a choice	Mysterious Fortune Teller	Come, choose from these cards	Time to reveal your fate...	Make up your mind	Assets/Product/Texture/Image/BgStory/Bgstory380.png								Assets/Product/Texture/Image/RoleStory/V200slnNormal02.png		1005048	1005048	1005048			
220	157	1573	2	Draw at random	Draw the "Chariot" card (requires activation of Insight)	Draw the "Hanged Man" card (requires activation of Insight)	Draw the "Demon" card (requires activation of Insight)	Confirm	Confirm	Confirm	Confirm	3	3	3	3	0	0	0	0	0	0	0	0	0	0	0	0	15731	15732	15733	15734	Path of Fate	Time to make a choice	Mysterious Fortune Teller	Come, choose from these cards	Time to reveal your fate...	Make up your mind	Assets/Product/Texture/Image/BgStory/Bgstory380.png								Assets/Product/Texture/Image/RoleStory/V200slnNormal02.png		1005048	1005048	1005048			
221	157	1574	2	Draw at random	Draw the "Hanged Man" card (requires activation of Insight)	Draw the "Demon" card (requires activation of Insight)	Draw the "Traveler" card (requires activation of Insight)	Confirm	Confirm	Confirm	Confirm	3	3	3	3	0	0	0	0	0	0	0	0	0	0	0	0	15741	15742	15743	15744	Path of Fate	Time to make a choice	Mysterious Fortune Teller	Come, choose from these cards	Time to reveal your fate...	Make up your mind	Assets/Product/Texture/Image/BgStory/Bgstory380.png								Assets/Product/Texture/Image/RoleStory/V200slnNormal02.png		1005048	1005048	1005048			
222	157	1575	2	Draw at random	Draw the "Demon" card (requires activation of Insight)	Draw the "Traveler" card (requires activation of Insight)	Draw the "Chariot" card (requires activation of Insight)	Confirm	Confirm	Confirm	Confirm	3	3	3	3	0	0	0	0	0	0	0	0	0	0	0	0	15751	15752	15753	15754	Path of Fate	Time to make a choice	Mysterious Fortune Teller	Come, choose from these cards	Time to reveal your fate...	Make up your mind	Assets/Product/Texture/Image/BgStory/Bgstory380.png								Assets/Product/Texture/Image/RoleStory/V200slnNormal02.png		1005048	1005048	1005048			
223	157	1576	3																													Path of Fate	You've gained "Fate"	Mysterious Fortune Teller	Vanished without a trace	You flip the card, revealing a traveler crowned with laurel, a staff on his shoulder. As you set down the card, the fortune teller is nowhere to be found, but there seem to be additional items on the table.	Collect the items	Assets/Product/Texture/Image/BgStory/Bgstory380.png	4	9002			1										
224	157	1577	3																													Path of Fate	You've gained "Fate"	Mysterious Fortune Teller	Vanished without a trace	You flip the card, revealing an unstoppable, glittering Chariot that symbolizes "victory." As you set down the card, the fortune teller is nowhere to be found, but there seem to be additional items on the table.	Collect the items	Assets/Product/Texture/Image/BgStory/Bgstory380.png	3	2			1										
225	157	1578	3																													Path of Fate	You've gained "Fate"	Mysterious Fortune Teller	Vanished without a trace	You flip the card, revealing a prisoner hanged upside down on the gallows. As you set down the card, the fortune teller is nowhere to be found, but there seem to be additional items on the table.	Collect the items	Assets/Product/Texture/Image/BgStory/Bgstory380.png	1	96120			3										
226	157	1579	3																													Path of Fate	You've gained "Fate"	Mysterious Fortune Teller	Vanished without a trace	You flip the card, revealing a demon so hideous as if ready to devour all that exist. As you set down the card, the fortune teller is nowhere to be found, but there seem to be additional items on the table.	Collect the items	Assets/Product/Texture/Image/BgStory/Bgstory380.png	1	96119			10										
227	158	1581	2	Help the church	Help the heretic (requires activation of Insight)	Leave		Confirm	Confirm	Leave		1	1	3		1	1	0		96120	96120	0		2	2	0		15811	15812	15813		Faction Conflict	What will you choose?	Deep in the Fortress	A corner in the depths of the fortress.	Somewhere in the fortress, a church executioner is in pursuit of a heretic, vowing to hang the remnants of the malevolent Crimson Order in the town square. The executioner, seeing you pass by, asks for your assistance. What do you choose?	Make up your mind	Assets/Product/Texture/Image/BgStory/Bgstory410.jpg										1005048					
228	158	1582	3																													Faction Conflict	You choose to assist the executioner.	Deep in the Fortress	A corner in the depths of the fortress.	You help the executioner capture the frenzied heretic. The executioner expresses his gratitude and assures you that you can count on the church's support on your journey.	Accept the items	Assets/Product/Texture/Image/BgStory/Bgstory410.jpg	4	9002			1										
229	158	1583	3																													Faction Conflict	You choose to help the heretic.	Deep in the Fortress	A corner in the depths of the fortress.	You help the heretic escape the pursuit of the executioner. Although their sanity is frayed, they still offer you a treasure they've been safeguarding as a token of thanks.	Accept the items	Assets/Product/Texture/Image/BgStory/Bgstory410.jpg	3	3			1										
230	158	1584	1																													Faction Conflict	You leave in silence	Deep in the Fortress	A corner in the depths of the fortress.	Wanting no part in their conflict, you respond to neither party's request and quickly leave the place.	Leave	Assets/Product/Texture/Image/BgStory/Bgstory410.jpg															
231	159	1591	2	Read ancient folk fairy tales	Read the debunked dark history books	Read the incomprehensible theological debates (requires activation of Insight)		Confirm	Confirm	Confirm		3	3	3		0	0	0		0	0	0		0	0	0		15911	15912	15913		The Library	You decide to...	Fortress Library	The hidden library within the fortress.	Tucked away in the fortress is a library, a trove of materials and precious antique books unreachable to the outside world. With limited time, what do you choose to read?	Make up your mind	Assets/Product/Texture/Image/BgStory/Bgstory415.jpg											1005048				
232	159	1592	3																													The Library	You open a book of fairy tales	Fortress Library	The hidden library within the fortress.	You flip through several fairy tales popular centuries ago, and the intricate fables seem to hide clues. These clues lead you to a hidden treasure within the fortress.	Accept the items	Assets/Product/Texture/Image/BgStory/Bgstory415.jpg	1	96119			10										
233	159	1593	3																													The Library	You open the fabricated history book.	Fortress Library	The hidden library within the fortress.	You flip through a history book that's long proven to be a fabrication. It narrates an alternative side of the Mythic War, in which "the Chosen Ones" manipulating Crimson creatures to fight against the heroes seem to be the very entities worshipped by the Crimson Order.	Accept the items	Assets/Product/Texture/Image/BgStory/Bgstory415.jpg	4	9002			1										
234	159	1594	3																													The Library	You open a book containing heretic's debates.	Fortress Library	The hidden library within the fortress.	You peruse the debates left by a heretical philosopher. Within these seemingly illogical texts, there appears to be a wisdom you've yet to fathom.	Accept the items	Assets/Product/Texture/Image/BgStory/Bgstory415.jpg	7	6			1										
235	160	1601	2	Advance deeper (requires activation of Insight)	Explore the perimeter			Confirm	Confirm			1	3			1	0			96120	0			2	0			16011	16012			Sword Tomb	You decide to...	Scattered Remains	You discover the lost expedition.	The church's expedition team lies buried at the deepest part of the tunnels, their rusty silver swords and lances standing as their tombstones. This place has been corroded by the Crimson creatures, and it seems you can't venture any further.	Make up your mind	Assets/Product/Texture/Image/BgStory/BgStory659.jpg									1005048						
236	160	1602	3																													Sword Tomb	You stumble upon something unusual.	Scattered Remains	You avoid the Crimson and find a path.	Drawing on your knowledge of the Crimson creatures, you skillfully evade their corrosion. In the heart of the Sword Tomb, a silver lance is plunged into an expedition member's corpse. You remove the ornament on the lance as proof of witnessing their end.	Remove the lance ornament	Assets/Product/Texture/Image/BgStory/BgStory659.jpg	2	142			1										
237	160	1603	3																													Sword Tomb	You have gathered supplies in the perimeter.	Scattered Remains	You search the perimeter for supplies.	You cautiously scout the perimeter, scraping together some potentially useful supplies.	Collect supplies	Assets/Product/Texture/Image/BgStory/BgStory659.jpg	1	96119			10										
238	161	1611	2	Examine the astronomical telescope (requires activation of Insight)	Scavenge for remaining supplies here			Confirm	Confirm			3	3			0	0			0	0			0	0			16111	16112			Astronomical Wonder	You decide to...	Abandoned Observatory	You come across an abandoned observatory.	An abandoned observatory resides in a corner of the tunnels. Perhaps before the world was ravaged, this place was not submerged deep underwater, but a spot where the starry sky was visible?	Make up your mind	Assets/Product/Texture/Image/BgStory/BgStory688.jpg									1005048						
239	161	1612	3																													Astronomical Wonder	You've grasped something profound.	Abandoned Observatory	You try to use the battered telescope.	You approach the telescope with curiosity, only to find strange symbols engraved on the lens. You feel as though you've grasped something profound...	Gain Insight	Assets/Product/Texture/Image/BgStory/BgStory688.jpg	7	6			1										
240	161	1613	3																													Astronomical Wonder	You've scavenged some supplies.	Abandoned Observatory	You try to gather supplies around.	You scavenge around the observatory and find some supplies before leaving the place.	Collect supplies	Assets/Product/Texture/Image/BgStory/BgStory688.jpg	3	1			1										
241	164	1641	2	Draw hidden lines with Biomimetic Blood (requires activation of Insight)	Gently caress this wall			Confirm	Confirm			1	3			1	0			96120	0			2	0			16411	16412			Mysterious Wall	What do you decide to do?	Tunnel Wall	A strange wall.	In a corner deep within the tunnels, a wall with an indented outline catches your attention. It seems there's a way to open it, and you decide to...	Make up your mind	Assets/Product/Texture/Image/BgStory/Bgstory275.png									1005048						
242	164	1642	2	Choose the "Mark of Pride"	Choose the "Mark of Sloth"	Choose the "Mark of Greed"	Choose the "Mark of Wrath"	Confirm	Confirm	Confirm	Confirm	3	3	3	3	0	0	0	0	0	0	0	0	0	0	0	0	16421	16422	16423	16424	Mysterious Wall	You see the hidden lines.	Tunnel Wall	Numerous marks emerge.	With the aid of your Insight, you discern the hidden line patterns on the door. After smearing the lines with Biomimetic Blood, the wall dissolves... Before you, numerous mysterious emblems emerge, and you decide to...	Make up your mind	Assets/Product/Texture/Image/BgStory/Bgstory275.png															
243	164	1643	2	Choose the "Mark of Sloth"	Choose the "Mark of Greed"	Choose the "Mark of Wrath"	Choose the "Mark of Gluttony"	Confirm	Confirm	Confirm	Confirm	3	3	3	3	0	0	0	0	0	0	0	0	0	0	0	0	16431	16432	16433	16434	Mysterious Wall	You see the hidden lines.	Tunnel Wall	Numerous marks emerge.	With the aid of your Insight, you discern the hidden line patterns on the door. After smearing the lines with Biomimetic Blood, the wall dissolves... Before you, numerous mysterious emblems emerge, and you decide to...	Make up your mind	Assets/Product/Texture/Image/BgStory/Bgstory275.png															
244	164	1644	2	Choose the "Mark of Greed"	Choose the "Mark of Wrath"	Choose the "Mark of Gluttony"	Choose the "Mark of Pride"	Confirm	Confirm	Confirm	Confirm	3	3	3	3	0	0	0	0	0	0	0	0	0	0	0	0	16441	16442	16443	16444	Mysterious Wall	You see the hidden lines.	Tunnel Wall	Numerous marks emerge.	With the aid of your Insight, you discern the hidden line patterns on the door. After smearing the lines with Biomimetic Blood, the wall dissolves... Before you, numerous mysterious emblems emerge, and you decide to...	Make up your mind	Assets/Product/Texture/Image/BgStory/Bgstory275.png															
245	164	1645	2	Choose the "Mark of Wrath"	Choose the "Mark of Gluttony"	Choose the "Mark of Pride"	Choose the "Mark of Sloth"	Confirm	Confirm	Confirm	Confirm	3	3	3	3	0	0	0	0	0	0	0	0	0	0	0	0	16451	16452	16453	16454	Mysterious Wall	You see the hidden lines.	Tunnel Wall	Numerous marks emerge.	With the aid of your Insight, you discern the hidden line patterns on the door. After smearing the lines with Biomimetic Blood, the wall dissolves... Before you, numerous mysterious emblems emerge, and you decide to...	Make up your mind	Assets/Product/Texture/Image/BgStory/Bgstory275.png															
246	164	1646	2	Choose the "Mark of Gluttony"	Choose the "Mark of Pride"	Choose the "Mark of Sloth"	Choose the "Mark of Greed"	Confirm	Confirm	Confirm	Confirm	3	3	3	3	0	0	0	0	0	0	0	0	0	0	0	0	16461	16462	16463	16464	Mysterious Wall	You see the hidden lines.	Tunnel Wall	Numerous marks emerge.	With the aid of your Insight, you discern the hidden line patterns on the door. After smearing the lines with Biomimetic Blood, the wall dissolves... Before you, numerous mysterious emblems emerge, and you decide to...	Make up your mind	Assets/Product/Texture/Image/BgStory/Bgstory275.png															
247	164	1647	3																													Mysterious Wall	You take it.	Tunnel Wall	The wall returns to normal.	The moment you hold the emblem, everything else begins to dissolve. When you come back to your senses, the hidden wall has vanished without a trace, but the emblem remains in your hand.	Take the emblem.	Assets/Product/Texture/Image/BgStory/Bgstory275.png	2	122			1										
248	164	1648	3																													Mysterious Wall	You take it.	Tunnel Wall	The wall returns to normal.	The moment you hold the emblem, everything else begins to dissolve. When you come back to your senses, the hidden wall has vanished without a trace, but the emblem remains in your hand.	Take the emblem.	Assets/Product/Texture/Image/BgStory/Bgstory275.png	2	123			1										
249	164	1649	3																													Mysterious Wall	You take it.	Tunnel Wall	The wall returns to normal.	The moment you hold the emblem, everything else begins to dissolve. When you come back to your senses, the hidden wall has vanished without a trace, but the emblem remains in your hand.	Take the emblem.	Assets/Product/Texture/Image/BgStory/Bgstory275.png	2	124			1										
250	164	16410	3																													Mysterious Wall	You take it.	Tunnel Wall	The wall returns to normal.	The moment you hold the emblem, everything else begins to dissolve. When you come back to your senses, the hidden wall has vanished without a trace, but the emblem remains in your hand.	Take the emblem.	Assets/Product/Texture/Image/BgStory/Bgstory275.png	2	125			1										
251	164	16411	3																													Mysterious Wall	You take it.	Tunnel Wall	The wall returns to normal.	The moment you hold the emblem, everything else begins to dissolve. When you come back to your senses, the hidden wall has vanished without a trace, but the emblem remains in your hand.	Take the emblem.	Assets/Product/Texture/Image/BgStory/Bgstory275.png	2	126			1										
252	164	16412	3																													Mysterious Wall	You pick up the wooden crate.	Tunnel Wall	The wall collapses	As you gently touch the wall, it crumbles loudly, leaving behind only a wooden crate buried under rubble.	Open the crate	Assets/Product/Texture/Image/BgStory/Bgstory275.png	3	1			1										
253	165	1651	2	Follow the moonlight (requires activation of Insight)	Turn away from the moonlight			Confirm	Confirm			3	3			0	0			0	0			0	0			16511	16512			Crimson Moon	A chilling sensation.	Within the Undersea Fog	Rays of eerie moonlight emerge.	You find yourself enveloped in a dense fog, which seems to be an illusion created by a congregation of Crimson creatures. Above, a vague silhouette of a red moon shines down. Gazing at the eerie moonlight, you decide to...	Make up your mind	Assets/Product/Texture/Image/BgStory/Bgstory523.jpg									1005048						
254	165	1652	3																													Crimson Moon	You and it become one.	Within the Undersea Fog	You continue toward the moonlight.	Following the moonlight, the crimson moon seems to whisper to you. Acknowledging your wisdom, it decides to offer its assistance.	Accept the assistance	Assets/Product/Texture/Image/BgStory/Bgstory523.jpg	3	2			1										
255	165	1653	3																													Crimson Moon	You reject it.	Within the Undersea Fog	You resist the moonlight and leave the place.	You turn away from the moonlight, using your strong will to break free from the illusion and collecting some Biomimetic Blood.	Collect Biomimetic Blood	Assets/Product/Texture/Image/BgStory/Bgstory523.jpg	1	96120			3										
256	166	1661	2	Why not	Take note of the story silently			Confirm	Confirm			1	3			1	0			96119	0			6	0			16611	16612			The Legend of the "Demon"	A storyteller hollers.	Storyteller	Just defeated that demon, and who would've thought it... Want to know what happens next? Support me with a Tinbread Cookie!	Inside the tavern, a storyteller weaves a tale about a sea demon. It seems you can spare a few coins to hear him spin the yarn just for you.	Make up your mind	Assets/Product/Texture/Image/BgStory/Bgstory204.png								Assets/Product/Texture/Image/RoleStory/CaifaNormal01.png							
257	166	1662	3																													The Legend of the "Demon"	The storyteller shares the story with you.	Storyteller	Let me tell ya, there might be more than one of those demons. Be careful out there, very careful!	Grateful for your generosity, the storyteller shares the story of the "demon"—a mythical creature lurking in the ocean depths. The demon resembles a fierce shark and seems to be fixated on a mysterious item. Perhaps the sea fortress holds some clues, so the storyteller hopes you can accept this collectible and help prove the legend.	Bid him farewell	Assets/Product/Texture/Image/BgStory/Bgstory204.png	3	2			1			Assets/Product/Texture/Image/RoleStory/CaifaNormal01.png						150007	
258	166	1663	3																													The Legend of the "Demon"	You leave the place	Inside the Roadside Tavern	You leave the place	Feigning indifference to these stories, you turn and retell them to others in the same manner. Soon, you've earned yourself a lot of Tinbread Cookies.	Fruitful gains	Assets/Product/Texture/Image/BgStory/Bgstory204.png	1	96119			10										
259	167	1671	2	Craft the potion	Take the antique book			Confirm	Confirm			1	3			1	0			96120	0			5	0			16711	16712			The "Demon" Recipe	An antique book lies there silently.	In the Fortress's Dark Room	An antique book lies there silently.	Hidden in a room in the fortress is an antique book about the legends of a demon. The book mentions a mysterious potion that can lure the "demon" out. You could try crafting the potion using some materials, or perhaps take this seemingly valuable book.	Make up your mind	Assets/Product/Texture/Image/BgStory/Bgstory189.png															
260	167	1672	3																													The "Demon" Recipe	You've successfully concocted the "potion."	In the Fortress's Dark Room	You've successfully concocted the "potion."	You've used some materials and successfully concocted... the "potion." The weird thing is, it looks... incredibly tasty?	Carefully preserve	Assets/Product/Texture/Image/BgStory/Bgstory189.png	2	140			1									150008	
261	167	1673	3																													The "Demon" Recipe	You manage to sell off this antique book.	In the Fortress's Dark Room	You manage to sell off this antique book.	You have no interest in legends, but you know this book will fetch a good price.	Fruitful gains	Assets/Product/Texture/Image/BgStory/Bgstory189.png	1	96119			10										
262	168	1681	2	Set up the milkshake to attract the real demon	Hunker down and wait here. Maybe there's a surprise.	Not my concern. Gotta focus on the journey.		Confirm	Confirm	Confirm		2	3	3		2	0	0		140	0	0		1	0	0		16811	16812	16813		The "Demon" Appears	A strange hunting ground.	Tunnel Square	A strange hunting ground.	You seem to have stumbled upon a hunting ground. The smell of milkshake fills the air. This seems to be where the legendary "demon" was sighted. You decide to...	Make up your mind	Assets/Product/Texture/Image/BgStory/BgStory570.jpg															
263	168	1682	5																													The "Demon" Appears	They emerge from the shadows.	The True Demon	Hungry... milkshake... milkshake!!	The moment you set the milkshakes down, two demons appear beside you—Shark-speare, no less! They're eyeing your milkshake with a fierce hunger. Looks like you can't escape.	Prepare for battle	Assets/Product/Texture/Image/BgStory/BgStory570.jpg								Assets/Product/Texture/Image/RoleStory/BiancaTheatreShashibierNormal02.png					70061		
264	168	1683	5																													The "Demon" Appears	Face-to-face with the demon.	"The False Demon"	Shark-speare is waiting for prey. What are you waiting for?	While scouting for an ambush spot, you bump into a demon in hiding. It seems different from the legendary one, but there's no backing down from this encounter.	Take it down	Assets/Product/Texture/Image/BgStory/BgStory570.jpg								Assets/Product/Texture/Image/RoleStory/ShashibierNormal04.png					70071		
265	168	1684	1																													The "Demon" Appears	Better to just leave this place.	Tunnel Square	Better to just leave this place.	You couldn't care less about the stuff of legends and press on toward your journey's end.	Leave	Assets/Product/Texture/Image/BgStory/BgStory570.jpg															
266	169	1691	1																													Shark-speare's final support...	You met it again	Shark-speare	Wait...	The mysterious Shark-speare suddenly shows up, stopping you. It seems to have something to tell you..	Keep listening	Assets/Product/Texture/Image/BgStory/Bgstory614.jpg								Assets/Product/Texture/Image/RoleStory/BiancaTheatreShashibierNormal02.png							1692
267	169	1692	2	Give 15 Tinbread Cookies	Give 4 bottles of Biomimetic Blood	Bid farewell to Shark-speare and embark on the final journey		Consume Tinbread Cookies	Use Biomimetic Blood	Embark on the final journey		1	1	3		1	1	0		96119	96120	0		15	4	0		16921	16922	16923		Shark-speare's final support...	It tells you something.	Shark-speare	Very, dangerous, ahead...	Shark-speare tells you the endless Crimson Tide is right ahead. <color=#bc3e3e>Biomimetic Blood will become ineffective</color>. It can take all your remaining Biomimetic Blood and Tinbread Cookies for a final enhancement.	Make up your mind	Assets/Product/Texture/Image/BgStory/Bgstory614.jpg								Assets/Product/Texture/Image/RoleStory/BiancaTheatreShashibierNormal02.png							
268	169	1693	3																													Shark-speare's final support...	It gives you something.	Shark-speare	This is your reward...	You have made your choice. Shark-speare gives you a treasure chest in return.	Accept the items	Assets/Product/Texture/Image/BgStory/Bgstory614.jpg	3	2			1			Assets/Product/Texture/Image/RoleStory/BiancaTheatreShashibierNormal02.png							1695
269	169	1694	3																													Shark-speare's final support...	It gives you something.	Shark-speare	This is your reward...	You have made your choice. Shark-speare gives you a letter of invitation in return.	Accept the items	Assets/Product/Texture/Image/BgStory/Bgstory614.jpg	4	9002			1			Assets/Product/Texture/Image/RoleStory/BiancaTheatreShashibierNormal02.png							1695
270	169	1695	2	Give 15 Tinbread Cookies	Give 4 bottles of Biomimetic Blood	Bid farewell to Shark-speare and embark on the final journey		Consume Tinbread Cookies	Use Biomimetic Blood	Embark on the final journey		1	1	3		1	1	0		96119	96120	0		15	4	0		16951	16952	16953		Shark-speare's final support...	It seems very eager.	Shark-speare	Shark-speare is not done yet...	Shark-speare will help you until the very last moment... Would you like to continue with the trade...?	Make up your mind	Assets/Product/Texture/Image/BgStory/Bgstory614.jpg								Assets/Product/Texture/Image/RoleStory/BiancaTheatreShashibierNormal02.png							
271	169	1696	1																													Shark-speare's final support...	It seems reluctant to leave.	Shark-speare	Farewell... Curse Queller...	You bid farewell to Shark-speare and prepare to embrace your own ending...	Leave	Assets/Product/Texture/Image/BgStory/Bgstory614.jpg															
272	170	1701	1																													The Curse's End	The endless Crimson Tide is surging.	Endless Crimson Tide	.....	In front of you is the endless Crimson Tide, the "Eternal Darkness" with zero chance of winning. Are you ready to step within? (Due to the impact of Crimson Tide, you cannot use <color=#bc3e3e>Biomimetic Blood to reset</color> in this battle.)	Make up your mind	Assets/Product/Texture/Image/BgStory/Bgstory614.jpg															1702
273	170	1702	5																													The Curse's End	The endless Crimson Tide is surging.	Endless Crimson Tide	.....	Make up your mind and step inside	Embrace the ending	Assets/Product/Texture/Image/BgStory/Bgstory614.jpg													80021		
